time /s	I /mA	E /V
0.200	209.510	2.985
0.400	209.901	2.985
0.600	209.927	2.986
0.800	209.936	2.986
1.000	209.940	2.986
1.200	209.945	2.986
1.400	209.946	2.987
1.600	209.948	2.987
1.800	209.950	2.987
2.000	209.950	2.987
2.200	209.951	2.987
2.400	209.952	2.987
2.600	209.953	2.988
2.800	209.953	2.988
3.000	209.955	2.988
3.200	209.954	2.988
3.400	209.954	2.988
3.600	209.955	2.988
3.800	209.955	2.989
4.000	209.955	2.989
4.200	209.956	2.989
4.400	209.956	2.989
4.600	209.958	2.989
4.800	209.956	2.989
5.000	209.957	2.990
5.200	209.958	2.990
5.400	209.958	2.990
5.600	209.958	2.990
5.800	209.958	2.990
6.000	209.957	2.990
6.200	209.958	2.990
6.400	209.957	2.991
6.600	209.957	2.991
6.800	209.958	2.991
7.000	209.959	2.991
7.200	209.956	2.991
7.400	209.956	2.991
7.600	209.958	2.991
7.800	209.959	2.992
8.000	209.960	2.992
8.200	209.957	2.992
8.400	209.958	2.992
8.600	209.958	2.992
8.800	209.958	2.992
9.000	209.959	2.993
9.200	209.959	2.993
9.400	209.958	2.993
9.600	209.960	2.993
9.800	209.957	2.993
10.000	209.959	2.993
10.200	209.960	2.993
10.400	209.959	2.994
10.600	209.961	2.994
10.800	209.959	2.994
11.000	209.957	2.994
11.200	209.958	2.994
11.400	209.957	2.994
11.600	209.957	2.994
11.800	209.960	2.995
12.000	209.959	2.995
12.200	209.957	2.995
12.400	209.959	2.995
12.600	209.961	2.995
12.800	209.957	2.995
13.000	209.959	2.995
13.200	209.958	2.996
13.400	209.958	2.996
13.600	209.959	2.996
13.800	209.960	2.996
14.000	209.961	2.996
14.200	209.959	2.996
14.400	209.959	2.996
14.600	209.960	2.996
14.800	209.960	2.997
15.000	209.960	2.997
15.200	209.959	2.997
15.400	209.958	2.997
15.600	209.959	2.997
15.800	209.958	2.997
16.000	209.959	2.997
16.200	209.960	2.997
16.400	209.959	2.998
16.600	209.958	2.998
16.800	209.959	2.998
17.000	209.958	2.998
17.200	209.958	2.998
17.400	209.959	2.998
17.600	209.958	2.998
17.800	209.958	2.999
18.000	209.959	2.999
18.200	209.957	2.999
18.400	209.958	2.999
18.600	209.960	2.999
18.800	209.958	2.999
19.000	209.960	2.999
19.200	209.959	3.000
19.400	209.958	3.000
19.600	209.960	3.000
19.800	209.959	3.000
20.000	209.958	3.000
20.200	209.958	3.000
20.400	209.958	3.000
20.600	209.959	3.000
20.800	209.956	3.001
21.000	209.958	3.001
21.200	209.958	3.001
21.400	209.957	3.001
21.600	209.959	3.001
21.800	209.959	3.001
22.000	209.959	3.001
22.200	209.960	3.001
22.400	209.960	3.002
22.600	209.960	3.002
22.800	209.961	3.002
23.000	209.961	3.002
23.200	209.959	3.002
23.400	209.958	3.002
23.600	209.960	3.002
23.800	209.959	3.002
24.000	209.959	3.003
24.200	209.960	3.003
24.400	209.959	3.003
24.600	209.959	3.003
24.800	209.959	3.003
25.000	209.960	3.003
25.200	209.959	3.003
25.400	209.959	3.003
25.600	209.959	3.003
25.800	209.960	3.004
26.000	209.959	3.004
26.200	209.961	3.004
26.400	209.959	3.004
26.600	209.959	3.004
26.800	209.959	3.004
27.000	209.958	3.004
27.200	209.960	3.004
27.400	209.959	3.005
27.600	209.959	3.005
27.800	209.960	3.005
28.000	209.958	3.005
28.200	209.959	3.005
28.400	209.958	3.005
28.600	209.958	3.005
28.800	209.957	3.005
29.000	209.959	3.006
29.200	209.958	3.006
29.400	209.959	3.006
29.600	209.959	3.006
29.800	209.959	3.006
30.000	209.961	3.006
30.200	209.960	3.006
30.400	209.959	3.006
30.600	209.961	3.007
30.800	209.960	3.007
31.000	209.959	3.007
31.200	209.959	3.007
31.400	209.960	3.007
31.600	209.960	3.007
31.800	209.961	3.007
32.000	209.959	3.007
32.200	209.959	3.008
32.400	209.959	3.008
32.600	209.958	3.008
32.800	209.958	3.008
33.000	209.957	3.008
33.200	209.958	3.008
33.400	209.960	3.008
33.600	209.958	3.008
33.800	209.958	3.008
34.000	209.960	3.009
34.200	209.959	3.009
34.400	209.958	3.009
34.600	209.958	3.009
34.800	209.958	3.009
35.000	209.958	3.009
35.200	209.957	3.009
35.400	209.959	3.009
35.600	209.958	3.009
35.800	209.958	3.010
36.000	209.960	3.010
36.200	209.958	3.010
36.400	209.957	3.010
36.600	209.959	3.010
36.800	209.959	3.010
37.000	209.960	3.010
37.200	209.959	3.010
37.400	209.958	3.010
37.600	209.958	3.011
37.800	209.956	3.011
38.000	209.958	3.011
38.200	209.957	3.011
38.400	209.959	3.011
38.600	209.958	3.011
38.800	209.958	3.011
39.000	209.959	3.011
39.200	209.959	3.012
39.400	209.959	3.012
39.600	209.960	3.012
39.800	209.960	3.012
40.000	209.959	3.012
40.200	209.956	3.012
40.400	209.959	3.012
40.600	209.958	3.012
40.800	209.958	3.012
41.000	209.959	3.013
41.200	209.957	3.013
41.400	209.957	3.013
41.600	209.960	3.013
41.800	209.961	3.013
42.000	209.959	3.013
42.200	209.959	3.013
42.400	209.961	3.013
42.600	209.960	3.013
42.800	209.960	3.014
43.000	209.961	3.014
43.200	209.959	3.014
43.400	209.959	3.014
43.600	209.959	3.014
43.800	209.960	3.014
44.000	209.957	3.014
44.200	209.960	3.014
44.400	209.960	3.014
44.600	209.959	3.015
44.800	209.960	3.015
45.000	209.961	3.015
45.200	209.960	3.015
45.400	209.960	3.015
45.600	209.958	3.015
45.800	209.958	3.015
46.000	209.959	3.015
46.200	209.959	3.015
46.400	209.960	3.015
46.600	209.959	3.016
46.800	209.961	3.016
47.000	209.961	3.016
47.200	209.960	3.016
47.400	209.959	3.016
47.600	209.960	3.016
47.800	209.960	3.016
48.000	209.960	3.016
48.200	209.961	3.016
48.400	209.963	3.017
48.600	209.962	3.017
48.800	209.960	3.017
49.000	209.960	3.017
49.200	209.959	3.017
49.400	209.961	3.017
49.600	209.960	3.017
49.800	209.961	3.017
50.000	209.960	3.018
50.200	209.962	3.018
50.400	209.961	3.018
50.600	209.961	3.018
50.800	209.961	3.018
51.000	209.962	3.018
51.200	209.961	3.018
51.400	209.961	3.018
51.600	209.960	3.018
51.800	209.960	3.019
52.000	209.963	3.019
52.200	209.961	3.019
52.400	209.961	3.019
52.600	209.960	3.019
52.800	209.959	3.019
53.000	209.961	3.019
53.200	209.959	3.019
53.400	209.960	3.019
53.600	209.962	3.020
53.800	209.962	3.020
54.000	209.961	3.020
54.200	209.964	3.020
54.400	209.962	3.020
54.600	209.963	3.020
54.800	209.962	3.020
55.000	209.963	3.020
55.200	209.962	3.020
55.400	209.961	3.020
55.600	209.962	3.021
55.800	209.961	3.021
56.000	209.960	3.021
56.200	209.962	3.021
56.400	209.963	3.021
56.600	209.962	3.021
56.800	209.962	3.021
57.000	209.961	3.021
57.200	209.961	3.021
57.400	209.961	3.021
57.600	209.960	3.022
57.800	209.963	3.022
58.000	209.960	3.022
58.200	209.962	3.022
58.400	209.961	3.022
58.600	209.961	3.022
58.800	209.963	3.022
59.000	209.961	3.022
59.200	209.961	3.022
59.400	209.963	3.023
59.600	209.961	3.023
59.800	209.959	3.023
60.000	209.961	3.023
60.200	209.961	3.023
60.400	209.960	3.023
60.600	209.961	3.023
60.800	209.962	3.023
61.000	209.961	3.023
61.200	209.960	3.023
61.400	209.962	3.024
61.600	209.961	3.024
61.800	209.962	3.024
62.000	209.961	3.024
62.200	209.962	3.024
62.400	209.960	3.024
62.600	209.960	3.024
62.800	209.960	3.024
63.000	209.962	3.024
63.200	209.960	3.025
63.400	209.962	3.025
63.600	209.963	3.025
63.800	209.961	3.025
64.000	209.961	3.025
64.200	209.962	3.025
64.400	209.963	3.025
64.600	209.962	3.025
64.800	209.962	3.025
65.000	209.962	3.026
65.200	209.963	3.026
65.400	209.963	3.026
65.600	209.962	3.026
65.800	209.965	3.026
66.000	209.964	3.026
66.200	209.962	3.026
66.400	209.962	3.026
66.600	209.961	3.026
66.800	209.962	3.026
67.000	209.962	3.027
67.200	209.964	3.027
67.400	209.963	3.027
67.600	209.964	3.027
67.800	209.963	3.027
68.000	209.962	3.027
68.200	209.962	3.027
68.400	209.963	3.027
68.600	209.963	3.027
68.800	209.961	3.027
69.000	209.962	3.028
69.200	209.964	3.028
69.400	209.962	3.028
69.600	209.963	3.028
69.800	209.964	3.028
70.000	209.964	3.028
70.200	209.962	3.028
70.400	209.963	3.028
70.600	209.964	3.028
70.800	209.963	3.028
71.000	209.964	3.029
71.200	209.963	3.029
71.400	209.963	3.029
71.600	209.963	3.029
71.800	209.961	3.029
72.000	209.962	3.029
72.200	209.963	3.029
72.400	209.962	3.029
72.600	209.963	3.029
72.800	209.962	3.030
73.000	209.961	3.030
73.200	209.962	3.030
73.400	209.962	3.030
73.600	209.960	3.030
73.800	209.962	3.030
74.000	209.960	3.030
74.200	209.962	3.030
74.400	209.963	3.030
74.600	209.962	3.030
74.800	209.963	3.030
75.000	209.963	3.031
75.200	209.962	3.031
75.400	209.962	3.031
75.600	209.963	3.031
75.800	209.964	3.031
76.000	209.962	3.031
76.200	209.965	3.031
76.400	209.964	3.031
76.600	209.965	3.031
76.800	209.963	3.032
77.000	209.963	3.032
77.200	209.963	3.032
77.400	209.961	3.032
77.600	209.960	3.032
77.800	209.961	3.032
78.000	209.963	3.032
78.200	209.961	3.032
78.400	209.961	3.032
78.600	209.961	3.032
78.800	209.961	3.033
79.000	209.960	3.033
79.200	209.961	3.033
79.400	209.961	3.033
79.600	209.963	3.033
79.800	209.964	3.033
80.000	209.961	3.033
80.200	209.961	3.033
80.400	209.961	3.033
80.600	209.963	3.033
80.800	209.961	3.033
81.000	209.961	3.034
81.200	209.961	3.034
81.400	209.961	3.034
81.600	209.961	3.034
81.800	209.961	3.034
82.000	209.960	3.034
82.200	209.960	3.034
82.400	209.961	3.034
82.600	209.962	3.034
82.800	209.960	3.034
83.000	209.960	3.035
83.200	209.961	3.035
83.400	209.961	3.035
83.600	209.959	3.035
83.800	209.959	3.035
84.000	209.959	3.035
84.200	209.957	3.035
84.400	209.960	3.035
84.600	209.959	3.035
84.800	209.960	3.035
85.000	209.961	3.036
85.200	209.961	3.036
85.400	209.961	3.036
85.600	209.959	3.036
85.800	209.961	3.036
86.000	209.962	3.036
86.200	209.962	3.036
86.400	209.961	3.036
86.600	209.962	3.036
86.800	209.961	3.036
87.000	209.962	3.037
87.200	209.963	3.037
87.400	209.962	3.037
87.600	209.961	3.037
87.800	209.962	3.037
88.000	209.961	3.037
88.200	209.960	3.037
88.400	209.961	3.037
88.600	209.963	3.037
88.800	209.961	3.037
89.000	209.962	3.037
89.200	209.961	3.038
89.400	209.961	3.038
89.600	209.962	3.038
89.800	209.960	3.038
90.000	209.963	3.038
90.200	209.962	3.038
90.400	209.961	3.038
90.600	209.962	3.038
90.800	209.960	3.038
91.000	209.961	3.038
91.200	209.962	3.038
91.400	209.961	3.038
91.600	209.961	3.038
91.800	209.962	3.039
92.000	209.960	3.039
92.200	209.961	3.039
92.400	209.960	3.039
92.600	209.962	3.039
92.800	209.961	3.039
93.000	209.960	3.039
93.200	209.962	3.039
93.400	209.962	3.039
93.600	209.963	3.039
93.800	209.963	3.040
94.000	209.965	3.040
94.200	209.962	3.040
94.400	209.963	3.040
94.600	209.963	3.040
94.800	209.964	3.040
95.000	209.964	3.040
95.200	209.964	3.040
95.400	209.964	3.040
95.600	209.961	3.040
95.800	209.962	3.040
96.000	209.962	3.041
96.200	209.962	3.041
96.400	209.963	3.041
96.600	209.962	3.041
96.800	209.960	3.041
97.000	209.962	3.041
97.200	209.961	3.041
97.400	209.964	3.041
97.600	209.961	3.041
97.800	209.961	3.041
98.000	209.963	3.042
98.200	209.961	3.042
98.400	209.960	3.042
98.600	209.961	3.042
98.800	209.963	3.042
99.000	209.962	3.042
99.200	209.962	3.042
99.400	209.961	3.042
99.600	209.960	3.042
99.800	209.962	3.042
100.000	209.963	3.042
100.200	209.963	3.043
100.400	209.963	3.043
100.600	209.961	3.043
100.800	209.963	3.043
101.000	209.962	3.043
101.200	209.961	3.043
101.400	209.961	3.043
101.600	209.961	3.043
101.800	209.961	3.043
102.000	209.962	3.043
102.200	209.961	3.043
102.400	209.963	3.044
102.600	209.961	3.044
102.800	209.963	3.044
103.000	209.963	3.044
103.200	209.962	3.044
103.400	209.964	3.044
103.600	209.963	3.044
103.800	209.963	3.044
104.000	209.962	3.044
104.200	209.962	3.045
104.400	209.962	3.045
104.600	209.962	3.045
104.800	209.964	3.045
105.000	209.962	3.045
105.200	209.963	3.045
105.400	209.963	3.045
105.600	209.961	3.045
105.800	209.961	3.045
106.000	209.962	3.045
106.200	209.961	3.045
106.400	209.961	3.045
106.600	209.960	3.046
106.800	209.962	3.046
107.000	209.962	3.046
107.200	209.963	3.046
107.400	209.962	3.046
107.600	209.961	3.046
107.800	209.960	3.046
108.000	209.960	3.046
108.200	209.959	3.046
108.400	209.961	3.046
108.600	209.961	3.046
108.800	209.960	3.047
109.000	209.961	3.047
109.200	209.959	3.047
109.400	209.960	3.047
109.600	209.960	3.047
109.800	209.961	3.047
110.000	209.961	3.047
110.200	209.960	3.047
110.400	209.960	3.047
110.600	209.962	3.047
110.800	209.962	3.048
111.000	209.962	3.048
111.200	209.962	3.048
111.400	209.964	3.048
111.600	209.963	3.048
111.800	209.963	3.048
112.000	209.963	3.048
112.200	209.963	3.048
112.400	209.962	3.048
112.600	209.961	3.048
112.800	209.960	3.048
113.000	209.962	3.049
113.200	209.962	3.049
113.400	209.962	3.049
113.600	209.962	3.049
113.800	209.961	3.049
114.000	209.963	3.049
114.200	209.962	3.049
114.400	209.961	3.049
114.600	209.961	3.049
114.800	209.962	3.049
115.000	209.960	3.049
115.200	209.961	3.050
115.400	209.961	3.050
115.600	209.961	3.050
115.800	209.960	3.050
116.000	209.960	3.050
116.200	209.961	3.050
116.400	209.962	3.050
116.600	209.960	3.050
116.800	209.961	3.050
117.000	209.961	3.050
117.200	209.962	3.050
117.400	209.961	3.051
117.600	209.962	3.051
117.800	209.960	3.051
118.000	209.962	3.051
118.200	209.962	3.051
118.400	209.962	3.051
118.600	209.962	3.051
118.800	209.964	3.051
119.000	209.963	3.051
119.200	209.963	3.051
119.400	209.963	3.051
119.600	209.963	3.052
119.800	209.962	3.052
120.000	209.963	3.052
120.200	209.962	3.052
120.400	209.963	3.052
120.600	209.962	3.052
120.800	209.962	3.052
121.000	209.960	3.052
121.200	209.963	3.052
121.400	209.963	3.052
121.600	209.962	3.052
121.800	209.962	3.053
122.000	209.963	3.053
122.200	209.963	3.053
122.400	209.963	3.053
122.600	209.963	3.053
122.800	209.964	3.053
123.000	209.963	3.053
123.200	209.963	3.053
123.400	209.964	3.053
123.600	209.964	3.053
123.800	209.964	3.054
124.000	209.963	3.054
124.200	209.963	3.054
124.400	209.964	3.054
124.600	209.964	3.054
124.800	209.964	3.054
125.000	209.964	3.054
125.200	209.963	3.054
125.400	209.963	3.054
125.600	209.963	3.054
125.800	209.962	3.054
126.000	209.962	3.054
126.200	209.963	3.054
126.400	209.963	3.055
126.600	209.963	3.055
126.800	209.964	3.055
127.000	209.962	3.055
127.200	209.962	3.055
127.400	209.961	3.055
127.600	209.961	3.055
127.800	209.962	3.055
128.000	209.960	3.055
128.200	209.960	3.055
128.400	209.961	3.056
128.600	209.961	3.056
128.800	209.963	3.056
129.000	209.962	3.056
129.200	209.960	3.056
129.400	209.963	3.056
129.600	209.963	3.056
129.800	209.964	3.056
130.000	209.962	3.056
130.200	209.964	3.056
130.400	209.962	3.056
130.600	209.964	3.056
130.800	209.962	3.057
131.000	209.963	3.057
131.200	209.963	3.057
131.400	209.962	3.057
131.600	209.964	3.057
131.800	209.963	3.057
132.000	209.963	3.057
132.200	209.963	3.057
132.400	209.964	3.057
132.600	209.964	3.057
132.800	209.964	3.057
133.000	209.964	3.058
133.200	209.964	3.058
133.400	209.963	3.058
133.600	209.963	3.058
133.800	209.963	3.058
134.000	209.965	3.058
134.200	209.965	3.058
134.400	209.963	3.058
134.600	209.963	3.058
134.800	209.964	3.058
135.000	209.964	3.058
135.200	209.964	3.058
135.400	209.964	3.059
135.600	209.962	3.059
135.800	209.961	3.059
136.000	209.964	3.059
136.200	209.963	3.059
136.400	209.962	3.059
136.600	209.961	3.059
136.800	209.959	3.059
137.000	209.961	3.059
137.200	209.961	3.059
137.400	209.963	3.059
137.600	209.963	3.059
137.800	209.965	3.059
138.000	209.960	3.060
138.200	209.963	3.060
138.400	209.961	3.060
138.600	209.961	3.060
138.800	209.961	3.060
139.000	209.961	3.060
139.200	209.961	3.060
139.400	209.964	3.060
139.600	209.963	3.060
139.800	209.961	3.060
140.000	209.961	3.060
140.200	209.961	3.060
140.400	209.961	3.060
140.600	209.961	3.060
140.800	209.960	3.060
141.000	209.961	3.060
141.200	209.959	3.060
141.400	209.962	3.060
141.600	209.963	3.060
141.800	209.962	3.060
142.000	209.961	3.060
142.200	209.963	3.061
142.400	209.963	3.061
142.600	209.962	3.061
142.800	209.963	3.061
143.000	209.962	3.061
143.200	209.962	3.061
143.400	209.962	3.061
143.600	209.963	3.061
143.800	209.964	3.061
144.000	209.964	3.061
144.200	209.963	3.061
144.400	209.963	3.061
144.600	209.963	3.061
144.800	209.963	3.061
145.000	209.964	3.062
145.200	209.964	3.062
145.400	209.962	3.062
145.600	209.962	3.062
145.800	209.962	3.062
146.000	209.962	3.062
146.200	209.961	3.062
146.400	209.962	3.062
146.600	209.963	3.062
146.800	209.962	3.062
147.000	209.962	3.062
147.200	209.962	3.062
147.400	209.962	3.063
147.600	209.962	3.063
147.800	209.962	3.063
148.000	209.963	3.063
148.200	209.963	3.063
148.400	209.964	3.063
148.600	209.962	3.063
148.800	209.964	3.063
149.000	209.963	3.063
149.200	209.965	3.063
149.400	209.963	3.063
149.600	209.965	3.063
149.800	209.965	3.064
150.000	209.962	3.064
150.200	209.963	3.064
150.400	209.964	3.064
150.600	209.963	3.064
150.800	209.963	3.064
151.000	209.967	3.064
151.200	209.963	3.064
151.400	209.964	3.064
151.600	209.964	3.064
151.800	209.964	3.064
152.000	209.965	3.064
152.200	209.966	3.065
152.400	209.965	3.065
152.600	209.963	3.065
152.800	209.963	3.065
153.000	209.962	3.065
153.200	209.963	3.065
153.400	209.963	3.065
153.600	209.965	3.065
153.800	209.964	3.065
154.000	209.966	3.065
154.200	209.965	3.065
154.400	209.965	3.065
154.600	209.964	3.066
154.800	209.963	3.066
155.000	209.963	3.066
155.200	209.964	3.066
155.400	209.965	3.066
155.600	209.965	3.066
155.800	209.965	3.066
156.000	209.964	3.066
156.200	209.964	3.066
156.400	209.964	3.066
156.600	209.964	3.066
156.800	209.964	3.067
157.000	209.961	3.067
157.200	209.963	3.067
157.400	209.964	3.067
157.600	209.964	3.067
157.800	209.964	3.067
158.000	209.966	3.067
158.200	209.965	3.067
158.400	209.967	3.067
158.600	209.964	3.067
158.800	209.964	3.067
159.000	209.965	3.067
159.200	209.964	3.068
159.400	209.963	3.068
159.600	209.964	3.068
159.800	209.965	3.068
160.000	209.964	3.068
160.200	209.960	3.068
160.400	209.963	3.068
160.600	209.962	3.068
160.800	209.964	3.068
161.000	209.963	3.068
161.200	209.963	3.068
161.400	209.964	3.068
161.600	209.963	3.069
161.800	209.964	3.069
162.000	209.965	3.069
162.200	209.964	3.069
162.400	209.965	3.069
162.600	209.964	3.069
162.800	209.965	3.069
163.000	209.962	3.069
163.200	209.962	3.069
163.400	209.961	3.069
163.600	209.963	3.069
163.800	209.963	3.069
164.000	209.963	3.070
164.200	209.963	3.070
164.400	209.962	3.070
164.600	209.963	3.070
164.800	209.962	3.070
165.000	209.965	3.070
165.200	209.964	3.070
165.400	209.961	3.070
165.600	209.962	3.070
165.800	209.964	3.070
166.000	209.962	3.070
166.200	209.963	3.070
166.400	209.963	3.070
166.600	209.965	3.071
166.800	209.963	3.071
167.000	209.963	3.071
167.200	209.962	3.071
167.400	209.964	3.071
167.600	209.964	3.071
167.800	209.965	3.071
168.000	209.966	3.071
168.200	209.964	3.071
168.400	209.963	3.071
168.600	209.964	3.071
168.800	209.965	3.071
169.000	209.964	3.072
169.200	209.965	3.072
169.400	209.965	3.072
169.600	209.964	3.072
169.800	209.965	3.072
170.000	209.962	3.072
170.200	209.964	3.072
170.400	209.962	3.072
170.600	209.963	3.072
170.800	209.964	3.072
171.000	209.962	3.072
171.200	209.961	3.072
171.400	209.963	3.073
171.600	209.963	3.073
171.800	209.964	3.073
172.000	209.964	3.073
172.200	209.965	3.073
172.400	209.961	3.073
172.600	209.962	3.073
172.800	209.962	3.073
173.000	209.961	3.073
173.200	209.964	3.073
173.400	209.963	3.073
173.600	209.963	3.074
173.800	209.963	3.074
174.000	209.963	3.074
174.200	209.962	3.074
174.400	209.963	3.074
174.600	209.962	3.074
174.800	209.964	3.074
175.000	209.962	3.074
175.200	209.963	3.074
175.400	209.961	3.074
175.600	209.961	3.074
175.800	209.961	3.074
176.000	209.963	3.074
176.200	209.963	3.075
176.400	209.964	3.075
176.600	209.962	3.075
176.800	209.962	3.075
177.000	209.962	3.075
177.200	209.962	3.075
177.400	209.961	3.075
177.600	209.961	3.075
177.800	209.961	3.075
178.000	209.962	3.075
178.200	209.961	3.075
178.400	209.962	3.075
178.600	209.962	3.075
178.800	209.961	3.076
179.000	209.963	3.076
179.200	209.963	3.076
179.400	209.963	3.076
179.600	209.963	3.076
179.800	209.964	3.076
180.000	209.965	3.076
180.200	209.963	3.076
180.400	209.962	3.076
180.600	209.963	3.076
180.800	209.964	3.076
181.000	209.961	3.076
181.200	209.961	3.076
181.400	209.961	3.077
181.600	209.961	3.077
181.800	209.962	3.077
182.000	209.962	3.077
182.200	209.963	3.077
182.400	209.961	3.077
182.600	209.962	3.077
182.800	209.961	3.077
183.000	209.963	3.077
183.200	209.962	3.077
183.400	209.964	3.077
183.600	209.964	3.077
183.800	209.962	3.078
184.000	209.965	3.078
184.200	209.965	3.078
184.400	209.963	3.078
184.600	209.964	3.078
184.800	209.964	3.078
185.000	209.963	3.078
185.200	209.962	3.078
185.400	209.964	3.078
185.600	209.963	3.078
185.800	209.963	3.078
186.000	209.962	3.078
186.200	209.962	3.078
186.400	209.961	3.079
186.600	209.962	3.079
186.800	209.960	3.079
187.000	209.961	3.079
187.200	209.962	3.079
187.400	209.964	3.079
187.600	209.962	3.079
187.800	209.963	3.079
188.000	209.963	3.079
188.200	209.961	3.079
188.400	209.964	3.079
188.600	209.962	3.079
188.800	209.965	3.080
189.000	209.963	3.080
189.200	209.964	3.080
189.400	209.964	3.080
189.600	209.963	3.080
189.800	209.963	3.080
190.000	209.962	3.080
190.200	209.963	3.080
190.400	209.962	3.080
190.600	209.964	3.080
190.800	209.963	3.080
191.000	209.963	3.080
191.200	209.966	3.081
191.400	209.964	3.081
191.600	209.965	3.081
191.800	209.964	3.081
192.000	209.963	3.081
192.200	209.964	3.081
192.400	209.964	3.081
192.600	209.963	3.081
192.800	209.965	3.081
193.000	209.964	3.081
193.200	209.964	3.081
193.400	209.963	3.081
193.600	209.965	3.081
193.800	209.964	3.082
194.000	209.965	3.082
194.200	209.967	3.082
194.400	209.965	3.082
194.600	209.964	3.082
194.800	209.963	3.082
195.000	209.966	3.082
195.200	209.965	3.082
195.400	209.964	3.082
195.600	209.964	3.082
195.800	209.963	3.082
196.000	209.964	3.082
196.200	209.963	3.082
196.400	209.964	3.083
196.600	209.963	3.083
196.800	209.963	3.083
197.000	209.963	3.083
197.200	209.964	3.083
197.400	209.963	3.083
197.600	209.961	3.083
197.800	209.962	3.083
198.000	209.963	3.083
198.200	209.962	3.083
198.400	209.962	3.083
198.600	209.962	3.083
198.800	209.962	3.083
199.000	209.961	3.083
199.200	209.960	3.084
199.400	209.963	3.084
199.600	209.962	3.084
199.800	209.961	3.084
200.000	209.960	3.084
200.200	209.963	3.084
200.400	209.961	3.084
200.600	209.963	3.084
200.800	209.961	3.084
201.000	209.962	3.084
201.200	209.960	3.084
201.400	209.963	3.084
201.600	209.961	3.084
201.800	209.962	3.085
202.000	209.961	3.085
202.200	209.962	3.085
202.400	209.963	3.085
202.600	209.963	3.085
202.800	209.961	3.085
203.000	209.962	3.085
203.200	209.962	3.085
203.400	209.963	3.085
203.600	209.964	3.085
203.800	209.963	3.085
204.000	209.961	3.085
204.200	209.962	3.085
204.400	209.962	3.085
204.600	209.961	3.086
204.800	209.961	3.086
205.000	209.962	3.086
205.200	209.961	3.086
205.400	209.963	3.086
205.600	209.962	3.086
205.800	209.965	3.086
206.000	209.964	3.086
206.200	209.962	3.086
206.400	209.963	3.086
206.600	209.964	3.086
206.800	209.962	3.086
207.000	209.963	3.086
207.200	209.962	3.086
207.400	209.962	3.086
207.600	209.964	3.087
207.800	209.961	3.087
208.000	209.963	3.087
208.200	209.963	3.087
208.400	209.964	3.087
208.600	209.961	3.087
208.800	209.963	3.087
209.000	209.963	3.087
209.200	209.964	3.087
209.400	209.963	3.087
209.600	209.964	3.087
209.800	209.964	3.087
210.000	209.963	3.087
210.200	209.962	3.088
210.400	209.962	3.088
210.600	209.961	3.088
210.800	209.963	3.088
211.000	209.962	3.088
211.200	209.961	3.088
211.400	209.963	3.088
211.600	209.961	3.088
211.800	209.962	3.088
212.000	209.961	3.088
212.200	209.961	3.088
212.400	209.961	3.088
212.600	209.963	3.088
212.800	209.960	3.088
213.000	209.961	3.089
213.200	209.961	3.089
213.400	209.961	3.089
213.600	209.962	3.089
213.800	209.962	3.089
214.000	209.961	3.089
214.200	209.962	3.089
214.400	209.962	3.089
214.600	209.961	3.089
214.800	209.962	3.089
215.000	209.964	3.089
215.200	209.963	3.089
215.400	209.963	3.089
215.600	209.962	3.090
215.800	209.961	3.090
216.000	209.962	3.090
216.200	209.962	3.090
216.400	209.961	3.090
216.600	209.961	3.090
216.800	209.961	3.090
217.000	209.963	3.090
217.200	209.964	3.090
217.400	209.963	3.090
217.600	209.961	3.090
217.800	209.961	3.090
218.000	209.961	3.090
218.200	209.964	3.091
218.400	209.963	3.091
218.600	209.963	3.091
218.800	209.961	3.091
219.000	209.963	3.091
219.200	209.961	3.091
219.400	209.961	3.091
219.600	209.963	3.091
219.800	209.960	3.091
220.000	209.961	3.091
220.200	209.963	3.091
220.400	209.964	3.091
220.600	209.964	3.091
220.800	209.965	3.092
221.000	209.965	3.092
221.200	209.966	3.092
221.400	209.966	3.092
221.600	209.965	3.092
221.800	209.965	3.092
222.000	209.965	3.092
222.200	209.966	3.092
222.400	209.965	3.092
222.600	209.963	3.092
222.800	209.965	3.092
223.000	209.965	3.092
223.200	209.965	3.093
223.400	209.964	3.093
223.600	209.966	3.093
223.800	209.964	3.093
224.000	209.968	3.093
224.200	209.966	3.093
224.400	209.965	3.093
224.600	209.963	3.093
224.800	209.965	3.093
225.000	209.965	3.093
225.200	209.965	3.093
225.400	209.964	3.093
225.600	209.965	3.093
225.800	209.966	3.093
226.000	209.965	3.094
226.200	209.967	3.094
226.400	209.966	3.094
226.600	209.965	3.094
226.800	209.965	3.094
227.000	209.967	3.094
227.200	209.966	3.094
227.400	209.964	3.094
227.600	209.967	3.094
227.800	209.965	3.094
228.000	209.965	3.094
228.200	209.966	3.094
228.400	209.965	3.094
228.600	209.963	3.094
228.800	209.967	3.095
229.000	209.964	3.095
229.200	209.966	3.095
229.400	209.969	3.095
229.600	209.969	3.095
229.800	209.966	3.095
230.000	209.968	3.095
230.200	209.965	3.095
230.400	209.966	3.095
230.600	209.966	3.095
230.800	209.968	3.095
231.000	209.966	3.095
231.200	209.968	3.095
231.400	209.967	3.096
231.600	209.966	3.096
231.800	209.965	3.096
232.000	209.968	3.096
232.200	209.969	3.096
232.400	209.966	3.096
232.600	209.967	3.096
232.800	209.966	3.096
233.000	209.967	3.096
233.200	209.967	3.096
233.400	209.966	3.096
233.600	209.969	3.096
233.800	209.969	3.097
234.000	209.969	3.097
234.200	209.968	3.097
234.400	209.967	3.097
234.600	209.968	3.097
234.800	209.967	3.097
235.000	209.968	3.097
235.200	209.968	3.097
235.400	209.968	3.097
235.600	209.968	3.097
235.800	209.968	3.097
236.000	209.968	3.097
236.200	209.968	3.097
236.400	209.968	3.097
236.600	209.965	3.097
236.800	209.966	3.098
237.000	209.968	3.098
237.200	209.967	3.098
237.400	209.966	3.098
237.600	209.966	3.098
237.800	209.965	3.098
238.000	209.968	3.098
238.200	209.968	3.098
238.400	209.966	3.098
238.600	209.968	3.098
238.800	209.969	3.098
239.000	209.968	3.098
239.200	209.968	3.098
239.400	209.969	3.099
239.600	209.969	3.099
239.800	209.968	3.099
240.000	209.969	3.099
240.200	209.968	3.099
240.400	209.966	3.099
240.600	209.968	3.099
240.800	209.969	3.099
241.000	209.968	3.099
241.200	209.968	3.099
241.400	209.967	3.099
241.600	209.968	3.099
241.800	209.968	3.099
242.000	209.967	3.099
242.200	209.967	3.100
242.400	209.966	3.100
242.600	209.967	3.100
242.800	209.967	3.100
243.000	209.967	3.100
243.200	209.968	3.100
243.400	209.968	3.100
243.600	209.967	3.100
243.800	209.967	3.100
244.000	209.969	3.100
244.200	209.968	3.100
244.400	209.966	3.100
244.600	209.966	3.100
244.800	209.966	3.100
245.000	209.968	3.100
245.200	209.967	3.101
245.400	209.968	3.101
245.600	209.967	3.101
245.800	209.969	3.101
246.000	209.966	3.101
246.200	209.966	3.101
246.400	209.967	3.101
246.600	209.968	3.101
246.800	209.966	3.101
247.000	209.966	3.101
247.200	209.967	3.101
247.400	209.967	3.101
247.600	209.966	3.101
247.800	209.964	3.101
248.000	209.966	3.102
248.200	209.967	3.102
248.400	209.967	3.102
248.600	209.967	3.102
248.800	209.966	3.102
249.000	209.966	3.102
249.200	209.968	3.102
249.400	209.966	3.102
249.600	209.967	3.102
249.800	209.967	3.102
250.000	209.967	3.102
250.200	209.965	3.102
250.400	209.966	3.102
250.600	209.967	3.102
250.800	209.965	3.103
251.000	209.966	3.103
251.200	209.965	3.103
251.400	209.966	3.103
251.600	209.967	3.103
251.800	209.968	3.103
252.000	209.966	3.103
252.200	209.966	3.103
252.400	209.966	3.103
252.600	209.966	3.103
252.800	209.967	3.103
253.000	209.967	3.103
253.200	209.966	3.103
253.400	209.965	3.103
253.600	209.966	3.104
253.800	209.966	3.104
254.000	209.966	3.104
254.200	209.965	3.104
254.400	209.967	3.104
254.600	209.964	3.104
254.800	209.966	3.104
255.000	209.965	3.104
255.200	209.963	3.104
255.400	209.964	3.104
255.600	209.964	3.104
255.800	209.965	3.104
256.000	209.965	3.104
256.200	209.966	3.105
256.400	209.965	3.105
256.600	209.963	3.105
256.800	209.965	3.105
257.000	209.966	3.105
257.200	209.965	3.105
257.400	209.966	3.105
257.600	209.966	3.105
257.800	209.965	3.105
258.000	209.966	3.105
258.200	209.966	3.105
258.400	209.966	3.105
258.600	209.966	3.105
258.800	209.966	3.105
259.000	209.965	3.105
259.200	209.966	3.106
259.400	209.967	3.106
259.600	209.966	3.106
259.800	209.965	3.106
260.000	209.966	3.106
260.200	209.965	3.106
260.400	209.966	3.106
260.600	209.966	3.106
260.800	209.967	3.106
261.000	209.966	3.106
261.200	209.966	3.106
261.400	209.963	3.106
261.600	209.963	3.106
261.800	209.965	3.106
262.000	209.965	3.107
262.200	209.966	3.107
262.400	209.964	3.107
262.600	209.964	3.107
262.800	209.963	3.107
263.000	209.965	3.107
263.200	209.963	3.107
263.400	209.966	3.107
263.600	209.964	3.107
263.800	209.964	3.107
264.000	209.966	3.107
264.200	209.966	3.107
264.400	209.965	3.107
264.600	209.965	3.107
264.800	209.965	3.107
265.000	209.965	3.107
265.200	209.965	3.108
265.400	209.965	3.108
265.600	209.964	3.108
265.800	209.965	3.108
266.000	209.965	3.108
266.200	209.964	3.108
266.400	209.964	3.108
266.600	209.964	3.108
266.800	209.964	3.108
267.000	209.964	3.108
267.200	209.964	3.108
267.400	209.964	3.108
267.600	209.965	3.108
267.800	209.964	3.108
268.000	209.963	3.109
268.200	209.964	3.109
268.400	209.966	3.109
268.600	209.967	3.109
268.800	209.967	3.109
269.000	209.966	3.109
269.200	209.965	3.109
269.400	209.965	3.109
269.600	209.965	3.109
269.800	209.966	3.109
270.000	209.967	3.109
270.200	209.967	3.109
270.400	209.966	3.109
270.600	209.966	3.109
270.800	209.966	3.110
271.000	209.965	3.110
271.200	209.964	3.110
271.400	209.965	3.110
271.600	209.966	3.110
271.800	209.964	3.110
272.000	209.963	3.110
272.200	209.964	3.110
272.400	209.964	3.110
272.600	209.966	3.110
272.800	209.966	3.110
273.000	209.965	3.110
273.200	209.963	3.110
273.400	209.964	3.110
273.600	209.965	3.110
273.800	209.964	3.111
274.000	209.964	3.111
274.200	209.964	3.111
274.400	209.965	3.111
274.600	209.965	3.111
274.800	209.965	3.111
275.000	209.965	3.111
275.200	209.965	3.111
275.400	209.966	3.111
275.600	209.964	3.111
275.800	209.964	3.111
276.000	209.964	3.111
276.200	209.963	3.111
276.400	209.963	3.111
276.600	209.965	3.111
276.800	209.966	3.112
277.000	209.966	3.112
277.200	209.963	3.112
277.400	209.963	3.112
277.600	209.964	3.112
277.800	209.963	3.112
278.000	209.962	3.112
278.200	209.966	3.112
278.400	209.963	3.112
278.600	209.964	3.112
278.800	209.963	3.112
279.000	209.965	3.112
279.200	209.967	3.112
279.400	209.964	3.112
279.600	209.964	3.112
279.800	209.964	3.113
280.000	209.965	3.113
280.200	209.964	3.113
280.400	209.966	3.113
280.600	209.965	3.113
280.800	209.964	3.113
281.000	209.962	3.113
281.200	209.963	3.113
281.400	209.962	3.113
281.600	209.963	3.113
281.800	209.964	3.113
282.000	209.964	3.113
282.200	209.965	3.113
282.400	209.965	3.113
282.600	209.965	3.113
282.800	209.964	3.114
283.000	209.963	3.114
283.200	209.965	3.114
283.400	209.964	3.114
283.600	209.963	3.114
283.800	209.964	3.114
284.000	209.964	3.114
284.200	209.964	3.114
284.400	209.965	3.114
284.600	209.967	3.114
284.800	209.966	3.114
285.000	209.963	3.114
285.200	209.963	3.114
285.400	209.967	3.115
285.600	209.965	3.114
285.800	209.964	3.115
286.000	209.965	3.115
286.200	209.964	3.115
286.400	209.964	3.115
286.600	209.965	3.115
286.800	209.963	3.115
287.000	209.965	3.115
287.200	209.964	3.115
287.400	209.965	3.115
287.600	209.962	3.115
287.800	209.962	3.115
288.000	209.962	3.115
288.200	209.960	3.115
288.400	209.963	3.116
288.600	209.965	3.116
288.800	209.962	3.116
289.000	209.963	3.116
289.200	209.964	3.116
289.400	209.963	3.116
289.600	209.962	3.116
289.800	209.961	3.116
290.000	209.960	3.116
290.200	209.963	3.116
290.400	209.961	3.116
290.600	209.963	3.116
290.800	209.961	3.116
291.000	209.962	3.116
291.200	209.963	3.116
291.400	209.963	3.116
291.600	209.964	3.117
291.800	209.963	3.117
292.000	209.963	3.117
292.200	209.963	3.117
292.400	209.965	3.117
292.600	209.964	3.117
292.800	209.962	3.117
293.000	209.964	3.117
293.200	209.965	3.117
293.400	209.965	3.117
293.600	209.963	3.117
293.800	209.961	3.117
294.000	209.961	3.117
294.200	209.962	3.117
294.400	209.965	3.118
294.600	209.962	3.118
294.800	209.962	3.118
295.000	209.963	3.118
295.200	209.961	3.118
295.400	209.961	3.118
295.600	209.963	3.118
295.800	209.961	3.118
296.000	209.963	3.118
296.200	209.965	3.118
296.400	209.963	3.118
296.600	209.964	3.118
296.800	209.963	3.118
297.000	209.963	3.118
297.200	209.963	3.118
297.400	209.964	3.118
297.600	209.962	3.118
297.800	209.962	3.119
298.000	209.962	3.119
298.200	209.961	3.119
298.400	209.963	3.119
298.600	209.962	3.119
298.800	209.963	3.119
299.000	209.963	3.119
299.200	209.963	3.119
299.400	209.964	3.119
299.600	209.966	3.119
299.800	209.965	3.119
300.000	209.965	3.119
300.200	209.963	3.119
300.400	209.963	3.119
300.600	209.965	3.120
300.800	209.963	3.120
301.000	209.963	3.120
301.200	209.963	3.120
301.400	209.962	3.120
301.600	209.964	3.120
301.800	209.965	3.120
302.000	209.964	3.120
302.200	209.963	3.120
302.400	209.964	3.120
302.600	209.963	3.120
302.800	209.962	3.120
303.000	209.963	3.120
303.200	209.964	3.120
303.400	209.964	3.120
303.600	209.964	3.121
303.800	209.965	3.121
304.000	209.964	3.121
304.200	209.963	3.121
304.400	209.962	3.121
304.600	209.961	3.121
304.800	209.961	3.121
305.000	209.960	3.121
305.200	209.961	3.121
305.400	209.962	3.121
305.600	209.962	3.121
305.800	209.962	3.121
306.000	209.964	3.121
306.200	209.962	3.121
306.400	209.963	3.122
306.600	209.962	3.122
306.800	209.963	3.122
307.000	209.962	3.122
307.200	209.963	3.122
307.400	209.962	3.122
307.600	209.966	3.122
307.800	209.963	3.122
308.000	209.962	3.122
308.200	209.961	3.122
308.400	209.962	3.122
308.600	209.961	3.122
308.800	209.963	3.122
309.000	209.963	3.122
309.200	209.968	3.122
309.400	209.963	3.123
309.600	209.962	3.122
309.800	209.963	3.123
310.000	209.962	3.123
310.200	209.963	3.123
310.400	209.961	3.123
310.600	209.961	3.123
310.800	209.964	3.123
311.000	209.963	3.123
311.200	209.962	3.123
311.400	209.960	3.123
311.600	209.960	3.123
311.800	209.961	3.123
312.000	209.962	3.123
312.200	209.963	3.123
312.400	209.962	3.123
312.600	209.962	3.123
312.800	209.961	3.124
313.000	209.962	3.124
313.200	209.961	3.124
313.400	209.959	3.124
313.600	209.961	3.124
313.800	209.962	3.124
314.000	209.962	3.124
314.200	209.963	3.124
314.400	209.963	3.124
314.600	209.960	3.124
314.800	209.963	3.124
315.000	209.964	3.124
315.200	209.962	3.124
315.400	209.963	3.124
315.600	209.961	3.124
315.800	209.961	3.124
316.000	209.962	3.125
316.200	209.961	3.125
316.400	209.962	3.125
316.600	209.961	3.125
316.800	209.961	3.125
317.000	209.962	3.125
317.200	209.963	3.125
317.400	209.964	3.125
317.600	209.960	3.125
317.800	209.961	3.125
318.000	209.960	3.125
318.200	209.962	3.125
318.400	209.962	3.125
318.600	209.960	3.125
318.800	209.962	3.125
319.000	209.962	3.125
319.200	209.962	3.126
319.400	209.963	3.126
319.600	209.962	3.126
319.800	209.964	3.126
320.000	209.962	3.126
320.200	209.963	3.126
320.400	209.963	3.126
320.600	209.964	3.126
320.800	209.964	3.126
321.000	209.962	3.126
321.200	209.962	3.126
321.400	209.962	3.126
321.600	209.964	3.126
321.800	209.963	3.126
322.000	209.961	3.126
322.200	209.962	3.127
322.400	209.963	3.127
322.600	209.962	3.127
322.800	209.961	3.127
323.000	209.964	3.127
323.200	209.962	3.127
323.400	209.962	3.127
323.600	209.962	3.127
323.800	209.964	3.127
324.000	209.963	3.127
324.200	209.960	3.127
324.400	209.963	3.127
324.600	209.965	3.127
324.800	209.961	3.127
325.000	209.964	3.128
325.200	209.964	3.128
325.400	209.964	3.128
325.600	209.963	3.128
325.800	209.964	3.128
326.000	209.964	3.128
326.200	209.962	3.128
326.400	209.960	3.128
326.600	209.963	3.128
326.800	209.964	3.128
327.000	209.963	3.128
327.200	209.965	3.128
327.400	209.963	3.128
327.600	209.964	3.128
327.800	209.962	3.128
328.000	209.963	3.128
328.200	209.964	3.129
328.400	209.963	3.129
328.600	209.965	3.129
328.800	209.963	3.129
329.000	209.964	3.129
329.200	209.963	3.129
329.400	209.964	3.129
329.600	209.965	3.129
329.800	209.965	3.129
330.000	209.964	3.129
330.200	209.964	3.129
330.400	209.963	3.129
330.600	209.965	3.129
330.800	209.965	3.129
331.000	209.963	3.129
331.200	209.963	3.129
331.400	209.964	3.130
331.600	209.963	3.130
331.800	209.964	3.130
332.000	209.966	3.130
332.200	209.963	3.130
332.400	209.963	3.130
332.600	209.961	3.130
332.800	209.963	3.130
333.000	209.964	3.130
333.200	209.962	3.130
333.400	209.962	3.130
333.600	209.962	3.130
333.800	209.964	3.130
334.000	209.963	3.130
334.200	209.959	3.130
334.400	209.963	3.130
334.600	209.963	3.131
334.800	209.961	3.131
335.000	209.964	3.131
335.200	209.963	3.131
335.400	209.962	3.131
335.600	209.961	3.131
335.800	209.963	3.131
336.000	209.964	3.131
336.200	209.962	3.131
336.400	209.964	3.131
336.600	209.963	3.131
336.800	209.963	3.131
337.000	209.963	3.131
337.200	209.963	3.131
337.400	209.962	3.131
337.600	209.962	3.131
337.800	209.964	3.132
338.000	209.963	3.132
338.200	209.964	3.132
338.400	209.964	3.132
338.600	209.962	3.132
338.800	209.964	3.132
339.000	209.964	3.132
339.200	209.964	3.132
339.400	209.962	3.132
339.600	209.962	3.132
339.800	209.962	3.132
340.000	209.964	3.132
340.200	209.964	3.132
340.400	209.962	3.132
340.600	209.962	3.132
340.800	209.959	3.132
341.000	209.964	3.133
341.200	209.962	3.133
341.400	209.965	3.133
341.600	209.964	3.133
341.800	209.963	3.133
342.000	209.963	3.133
342.200	209.963	3.133
342.400	209.963	3.133
342.600	209.962	3.133
342.800	209.964	3.133
343.000	209.962	3.133
343.200	209.962	3.133
343.400	209.963	3.133
343.600	209.962	3.133
343.800	209.963	3.133
344.000	209.964	3.134
344.200	209.964	3.134
344.400	209.965	3.134
344.600	209.963	3.134
344.800	209.963	3.134
345.000	209.962	3.134
345.200	209.966	3.134
345.400	209.965	3.134
345.600	209.966	3.134
345.800	209.964	3.134
346.000	209.967	3.134
346.200	209.966	3.134
346.400	209.965	3.134
346.600	209.966	3.134
346.800	209.964	3.134
347.000	209.967	3.134
347.200	209.965	3.134
347.400	209.965	3.134
347.600	209.965	3.135
347.800	209.966	3.135
348.000	209.966	3.135
348.200	209.964	3.135
348.400	209.966	3.135
348.600	209.966	3.135
348.800	209.965	3.135
349.000	209.963	3.135
349.200	209.965	3.135
349.400	209.965	3.135
349.600	209.964	3.135
349.800	209.964	3.135
350.000	209.964	3.135
350.200	209.963	3.135
350.400	209.964	3.135
350.600	209.962	3.135
350.800	209.962	3.135
351.000	209.962	3.135
351.200	209.965	3.136
351.400	209.961	3.136
351.600	209.964	3.136
351.800	209.964	3.136
352.000	209.964	3.136
352.200	209.962	3.136
352.400	209.963	3.136
352.600	209.964	3.136
352.800	209.964	3.136
353.000	209.965	3.136
353.200	209.964	3.136
353.400	209.964	3.136
353.600	209.965	3.136
353.800	209.963	3.136
354.000	209.964	3.136
354.200	209.965	3.136
354.400	209.964	3.136
354.600	209.964	3.137
354.800	209.963	3.137
355.000	209.965	3.137
355.200	209.965	3.137
355.400	209.966	3.137
355.600	209.965	3.137
355.800	209.965	3.137
356.000	209.964	3.137
356.200	209.966	3.137
356.400	209.965	3.137
356.600	209.965	3.137
356.800	209.964	3.137
357.000	209.965	3.137
357.200	209.965	3.137
357.400	209.964	3.137
357.600	209.966	3.137
357.800	209.963	3.137
358.000	209.964	3.138
358.200	209.964	3.138
358.400	209.965	3.138
358.600	209.966	3.138
358.800	209.966	3.138
359.000	209.965	3.138
359.200	209.964	3.138
359.400	209.964	3.138
359.600	209.964	3.138
359.800	209.967	3.138
360.000	209.965	3.138
360.200	209.965	3.138
360.400	209.965	3.138
360.600	209.965	3.138
360.800	209.965	3.138
361.000	209.965	3.138
361.200	209.966	3.139
361.400	209.966	3.139
361.600	209.966	3.139
361.800	209.965	3.139
362.000	209.965	3.139
362.200	209.965	3.139
362.400	209.965	3.139
362.600	209.964	3.139
362.800	209.967	3.139
363.000	209.966	3.139
363.200	209.965	3.139
363.400	209.966	3.139
363.600	209.966	3.139
363.800	209.967	3.139
364.000	209.965	3.139
364.200	209.965	3.139
364.400	209.964	3.140
364.600	209.964	3.140
364.800	209.965	3.140
365.000	209.965	3.140
365.200	209.964	3.140
365.400	209.964	3.140
365.600	209.966	3.140
365.800	209.965	3.140
366.000	209.966	3.140
366.200	209.964	3.140
366.400	209.964	3.140
366.600	209.965	3.140
366.800	209.965	3.140
367.000	209.964	3.140
367.200	209.966	3.140
367.400	209.966	3.140
367.600	209.965	3.141
367.800	209.964	3.141
368.000	209.966	3.141
368.200	209.966	3.141
368.400	209.966	3.141
368.600	209.966	3.141
368.800	209.965	3.141
369.000	209.965	3.141
369.200	209.966	3.141
369.400	209.964	3.141
369.600	209.964	3.141
369.800	209.965	3.141
370.000	209.964	3.141
370.200	209.964	3.141
370.400	209.964	3.141
370.600	209.966	3.142
370.800	209.965	3.142
371.000	209.966	3.142
371.200	209.966	3.142
371.400	209.966	3.142
371.600	209.965	3.142
371.800	209.966	3.142
372.000	209.963	3.142
372.200	209.964	3.142
372.400	209.965	3.142
372.600	209.965	3.142
372.800	209.966	3.142
373.000	209.965	3.142
373.200	209.964	3.142
373.400	209.966	3.142
373.600	209.966	3.142
373.800	209.964	3.142
374.000	209.965	3.143
374.200	209.965	3.143
374.400	209.965	3.143
374.600	209.964	3.143
374.800	209.966	3.143
375.000	209.967	3.143
375.200	209.966	3.143
375.400	209.965	3.143
375.600	209.964	3.143
375.800	209.962	3.143
376.000	209.967	3.143
376.200	209.964	3.143
376.400	209.965	3.143
376.600	209.965	3.143
376.800	209.963	3.143
377.000	209.967	3.143
377.200	209.967	3.143
377.400	209.966	3.143
377.600	209.965	3.144
377.800	209.964	3.143
378.000	209.964	3.144
378.200	209.965	3.144
378.400	209.965	3.144
378.600	209.964	3.144
378.800	209.964	3.144
379.000	209.964	3.144
379.200	209.966	3.144
379.400	209.966	3.144
379.600	209.966	3.144
379.800	209.964	3.144
380.000	209.965	3.144
380.200	209.967	3.144
380.400	209.966	3.144
380.600	209.966	3.144
380.800	209.965	3.144
381.000	209.966	3.145
381.200	209.967	3.145
381.400	209.966	3.145
381.600	209.965	3.145
381.800	209.966	3.145
382.000	209.964	3.145
382.200	209.967	3.145
382.400	209.966	3.145
382.600	209.967	3.145
382.800	209.969	3.145
383.000	209.966	3.145
383.200	209.965	3.145
383.400	209.967	3.145
383.600	209.967	3.145
383.800	209.966	3.145
384.000	209.966	3.145
384.200	209.966	3.146
384.400	209.966	3.146
384.600	209.965	3.146
384.800	209.968	3.146
385.000	209.965	3.146
385.200	209.964	3.146
385.400	209.964	3.146
385.600	209.965	3.146
385.800	209.965	3.146
386.000	209.964	3.146
386.200	209.965	3.146
386.400	209.965	3.146
386.600	209.965	3.146
386.800	209.965	3.146
387.000	209.964	3.146
387.200	209.965	3.146
387.400	209.964	3.146
387.600	209.965	3.147
387.800	209.963	3.147
388.000	209.967	3.147
388.200	209.964	3.147
388.400	209.965	3.147
388.600	209.964	3.147
388.800	209.964	3.147
389.000	209.964	3.147
389.200	209.964	3.147
389.400	209.966	3.147
389.600	209.964	3.147
389.800	209.965	3.147
390.000	209.966	3.147
390.200	209.966	3.147
390.400	209.964	3.147
390.600	209.964	3.147
390.800	209.965	3.147
391.000	209.966	3.148
391.200	209.965	3.148
391.400	209.963	3.148
391.600	209.965	3.148
391.800	209.964	3.148
392.000	209.966	3.148
392.200	209.964	3.148
392.400	209.967	3.148
392.600	209.964	3.148
392.800	209.966	3.148
393.000	209.967	3.148
393.200	209.966	3.148
393.400	209.964	3.148
393.600	209.965	3.148
393.800	209.966	3.148
394.000	209.966	3.148
394.200	209.967	3.149
394.400	209.966	3.149
394.600	209.964	3.149
394.800	209.966	3.149
395.000	209.968	3.149
395.200	209.966	3.149
395.400	209.969	3.149
395.600	209.967	3.149
395.800	209.968	3.149
396.000	209.967	3.149
396.200	209.966	3.149
396.400	209.966	3.149
396.600	209.965	3.149
396.800	209.965	3.149
397.000	209.966	3.149
397.200	209.966	3.149
397.400	209.967	3.149
397.600	209.964	3.149
397.800	209.967	3.149
398.000	209.966	3.150
398.200	209.967	3.150
398.400	209.966	3.150
398.600	209.964	3.150
398.800	209.965	3.150
399.000	209.966	3.150
399.200	209.966	3.150
399.400	209.966	3.150
399.600	209.965	3.150
399.800	209.966	3.150
400.000	209.966	3.150
400.200	209.963	3.150
400.400	209.966	3.150
400.600	209.966	3.150
400.800	209.965	3.150
401.000	209.968	3.150
401.200	209.969	3.151
401.400	209.967	3.151
401.600	209.967	3.151
401.800	209.967	3.151
402.000	209.965	3.151
402.200	209.968	3.151
402.400	209.968	3.151
402.600	209.966	3.151
402.800	209.965	3.151
403.000	209.968	3.151
403.200	209.967	3.151
403.400	209.968	3.151
403.600	209.968	3.151
403.800	209.962	3.151
404.000	209.964	3.151
404.200	209.966	3.151
404.400	209.965	3.151
404.600	209.966	3.152
404.800	209.965	3.152
405.000	209.966	3.152
405.200	209.966	3.152
405.400	209.966	3.152
405.600	209.965	3.152
405.800	209.964	3.152
406.000	209.964	3.152
406.200	209.965	3.152
406.400	209.964	3.152
406.600	209.965	3.152
406.800	209.966	3.152
407.000	209.966	3.152
407.200	209.964	3.152
407.400	209.966	3.152
407.600	209.964	3.152
407.800	209.965	3.152
408.000	209.967	3.153
408.200	209.964	3.152
408.400	209.966	3.153
408.600	209.966	3.153
408.800	209.967	3.153
409.000	209.967	3.153
409.200	209.968	3.153
409.400	209.967	3.153
409.600	209.965	3.153
409.800	209.966	3.153
410.000	209.966	3.153
410.200	209.968	3.153
410.400	209.966	3.153
410.600	209.966	3.153
410.800	209.966	3.153
411.000	209.966	3.153
411.200	209.968	3.153
411.400	209.968	3.154
411.600	209.966	3.154
411.800	209.968	3.154
412.000	209.966	3.154
412.200	209.967	3.154
412.400	209.966	3.154
412.600	209.969	3.154
412.800	209.967	3.154
413.000	209.969	3.154
413.200	209.969	3.154
413.400	209.968	3.154
413.600	209.967	3.154
413.800	209.967	3.154
414.000	209.966	3.154
414.200	209.968	3.154
414.400	209.965	3.154
414.600	209.965	3.154
414.800	209.967	3.154
415.000	209.965	3.154
415.200	209.968	3.155
415.400	209.966	3.155
415.600	209.966	3.155
415.800	209.969	3.155
416.000	209.968	3.155
416.200	209.968	3.155
416.400	209.967	3.155
416.600	209.968	3.155
416.800	209.968	3.155
417.000	209.965	3.155
417.200	209.965	3.155
417.400	209.967	3.155
417.600	209.967	3.155
417.800	209.965	3.155
418.000	209.969	3.155
418.200	209.968	3.155
418.400	209.969	3.155
418.600	209.967	3.155
418.800	209.967	3.156
419.000	209.967	3.156
419.200	209.967	3.156
419.400	209.970	3.156
419.600	209.968	3.156
419.800	209.966	3.156
420.000	209.967	3.156
420.200	209.966	3.156
420.400	209.965	3.156
420.600	209.966	3.156
420.800	209.965	3.156
421.000	209.966	3.156
421.200	209.966	3.156
421.400	209.965	3.156
421.600	209.966	3.156
421.800	209.965	3.156
422.000	209.965	3.156
422.200	209.965	3.156
422.400	209.964	3.157
422.600	209.967	3.157
422.800	209.967	3.157
423.000	209.966	3.157
423.200	209.966	3.157
423.400	209.966	3.157
423.600	209.965	3.157
423.800	209.965	3.157
424.000	209.965	3.157
424.200	209.967	3.157
424.400	209.965	3.157
424.600	209.965	3.157
424.800	209.964	3.157
425.000	209.965	3.157
425.200	209.964	3.157
425.400	209.967	3.157
425.600	209.967	3.158
425.800	209.964	3.158
426.000	209.967	3.158
426.200	209.966	3.158
426.400	209.965	3.158
426.600	209.966	3.158
426.800	209.967	3.158
427.000	209.966	3.158
427.200	209.965	3.158
427.400	209.965	3.158
427.600	209.965	3.158
427.800	209.966	3.158
428.000	209.965	3.158
428.200	209.964	3.158
428.400	209.964	3.158
428.600	209.965	3.158
428.800	209.967	3.158
429.000	209.966	3.158
429.200	209.967	3.159
429.400	209.965	3.159
429.600	209.967	3.159
429.800	209.964	3.159
430.000	209.968	3.159
430.200	209.967	3.159
430.400	209.967	3.159
430.600	209.969	3.159
430.800	209.967	3.159
431.000	209.966	3.159
431.200	209.967	3.159
431.400	209.968	3.159
431.600	209.967	3.159
431.800	209.970	3.159
432.000	209.968	3.159
432.200	209.966	3.159
432.400	209.964	3.159
432.600	209.966	3.159
432.800	209.969	3.160
433.000	209.967	3.160
433.200	209.967	3.160
433.400	209.970	3.160
433.600	209.967	3.160
433.800	209.970	3.160
434.000	209.970	3.160
434.200	209.968	3.160
434.400	209.968	3.160
434.600	209.967	3.160
434.800	209.967	3.160
435.000	209.966	3.160
435.200	209.967	3.160
435.400	209.967	3.160
435.600	209.967	3.160
435.800	209.968	3.160
436.000	209.966	3.160
436.200	209.969	3.160
436.400	209.968	3.160
436.600	209.967	3.161
436.800	209.966	3.161
437.000	209.970	3.161
437.200	209.967	3.161
437.400	209.966	3.161
437.600	209.969	3.161
437.800	209.969	3.161
438.000	209.967	3.161
438.200	209.968	3.161
438.400	209.967	3.161
438.600	209.969	3.161
438.800	209.966	3.161
439.000	209.965	3.161
439.200	209.969	3.161
439.400	209.968	3.161
439.600	209.967	3.161
439.800	209.967	3.161
440.000	209.965	3.161
440.200	209.967	3.161
440.400	209.965	3.162
440.600	209.964	3.162
440.800	209.968	3.162
441.000	209.965	3.162
441.200	209.966	3.162
441.400	209.964	3.162
441.600	209.965	3.162
441.800	209.965	3.162
442.000	209.965	3.162
442.200	209.964	3.162
442.400	209.963	3.162
442.600	209.964	3.162
442.800	209.962	3.162
443.000	209.966	3.162
443.200	209.965	3.162
443.400	209.965	3.162
443.600	209.966	3.162
443.800	209.967	3.162
444.000	209.968	3.163
444.200	209.963	3.163
444.400	209.963	3.163
444.600	209.965	3.163
444.800	209.966	3.163
445.000	209.965	3.163
445.200	209.964	3.163
445.400	209.962	3.163
445.600	209.965	3.163
445.800	209.966	3.163
446.000	209.964	3.163
446.200	209.964	3.163
446.400	209.963	3.163
446.600	209.965	3.163
446.800	209.965	3.163
447.000	209.965	3.163
447.200	209.963	3.163
447.400	209.965	3.164
447.600	209.969	3.164
447.800	209.967	3.164
448.000	209.965	3.164
448.200	209.966	3.164
448.400	209.967	3.164
448.600	209.967	3.164
448.800	209.966	3.164
449.000	209.965	3.164
449.200	209.967	3.164
449.400	209.967	3.164
449.600	209.965	3.164
449.800	209.965	3.164
450.000	209.966	3.164
450.200	209.966	3.164
450.400	209.966	3.164
450.600	209.965	3.164
450.800	209.966	3.164
451.000	209.968	3.165
451.200	209.968	3.165
451.400	209.969	3.165
451.600	209.967	3.165
451.800	209.966	3.165
452.000	209.967	3.165
452.200	209.966	3.165
452.400	209.967	3.165
452.600	209.966	3.165
452.800	209.966	3.165
453.000	209.967	3.165
453.200	209.968	3.165
453.400	209.965	3.165
453.600	209.966	3.165
453.800	209.969	3.165
454.000	209.967	3.165
454.200	209.966	3.165
454.400	209.967	3.165
454.600	209.968	3.166
454.800	209.966	3.166
455.000	209.965	3.166
455.200	209.965	3.166
455.400	209.971	3.166
455.600	209.965	3.166
455.800	209.967	3.166
456.000	209.968	3.166
456.200	209.965	3.166
456.400	209.966	3.166
456.600	209.968	3.166
456.800	209.966	3.166
457.000	209.963	3.166
457.200	209.967	3.166
457.400	209.968	3.166
457.600	209.968	3.166
457.800	209.965	3.166
458.000	209.966	3.166
458.200	209.966	3.166
458.400	209.965	3.166
458.600	209.966	3.167
458.800	209.968	3.167
459.000	209.966	3.167
459.200	209.967	3.167
459.400	209.967	3.167
459.600	209.967	3.167
459.800	209.965	3.167
460.000	209.965	3.167
460.200	209.967	3.167
460.400	209.968	3.167
460.600	209.968	3.167
460.800	209.968	3.167
461.000	209.966	3.167
461.200	209.967	3.167
461.400	209.965	3.167
461.600	209.967	3.167
461.800	209.967	3.167
462.000	209.967	3.167
462.200	209.967	3.168
462.400	209.966	3.168
462.600	209.967	3.168
462.800	209.966	3.168
463.000	209.967	3.168
463.200	209.967	3.168
463.400	209.968	3.168
463.600	209.968	3.168
463.800	209.967	3.168
464.000	209.965	3.168
464.200	209.966	3.168
464.400	209.968	3.168
464.600	209.967	3.168
464.800	209.970	3.168
465.000	209.968	3.168
465.200	209.966	3.168
465.400	209.966	3.168
465.600	209.966	3.168
465.800	209.966	3.169
466.000	209.967	3.169
466.200	209.966	3.169
466.400	209.968	3.169
466.600	209.970	3.169
466.800	209.967	3.169
467.000	209.967	3.169
467.200	209.967	3.169
467.400	209.968	3.169
467.600	209.967	3.169
467.800	209.969	3.169
468.000	209.969	3.169
468.200	209.969	3.169
468.400	209.968	3.169
468.600	209.969	3.169
468.800	209.971	3.169
469.000	209.970	3.170
469.200	209.969	3.170
469.400	209.970	3.170
469.600	209.970	3.170
469.800	209.968	3.170
470.000	209.970	3.170
470.200	209.967	3.170
470.400	209.968	3.170
470.600	209.969	3.170
470.800	209.967	3.170
471.000	209.967	3.170
471.200	209.968	3.170
471.400	209.969	3.170
471.600	209.969	3.170
471.800	209.968	3.170
472.000	209.967	3.170
472.200	209.971	3.170
472.400	209.970	3.170
472.600	209.968	3.170
472.800	209.969	3.170
473.000	209.968	3.171
473.200	209.969	3.171
473.400	209.967	3.171
473.600	209.969	3.171
473.800	209.968	3.171
474.000	209.966	3.171
474.200	209.968	3.171
474.400	209.969	3.171
474.600	209.968	3.171
474.800	209.966	3.171
475.000	209.966	3.171
475.200	209.969	3.171
475.400	209.969	3.171
475.600	209.966	3.171
475.800	209.967	3.171
476.000	209.967	3.171
476.200	209.968	3.171
476.400	209.966	3.171
476.600	209.966	3.171
476.800	209.967	3.172
477.000	209.966	3.172
477.200	209.965	3.172
477.400	209.966	3.172
477.600	209.967	3.172
477.800	209.967	3.172
478.000	209.968	3.172
478.200	209.968	3.172
478.400	209.967	3.172
478.600	209.967	3.172
478.800	209.967	3.172
479.000	209.968	3.172
479.200	209.968	3.172
479.400	209.967	3.172
479.600	209.970	3.172
479.800	209.967	3.172
480.000	209.966	3.172
480.200	209.967	3.173
480.400	209.965	3.173
480.600	209.966	3.173
480.800	209.965	3.173
481.000	209.967	3.173
481.200	209.967	3.173
481.400	209.966	3.173
481.600	209.967	3.173
481.800	209.966	3.173
482.000	209.968	3.173
482.200	209.967	3.173
482.400	209.968	3.173
482.600	209.966	3.173
482.800	209.967	3.173
483.000	209.965	3.173
483.200	209.967	3.173
483.400	209.966	3.173
483.600	209.964	3.173
483.800	209.967	3.173
484.000	209.965	3.173
484.200	209.964	3.173
484.400	209.965	3.174
484.600	209.964	3.174
484.800	209.965	3.174
485.000	209.966	3.174
485.200	209.966	3.174
485.400	209.967	3.174
485.600	209.966	3.174
485.800	209.965	3.174
486.000	209.963	3.174
486.200	209.964	3.174
486.400	209.965	3.174
486.600	209.964	3.174
486.800	209.963	3.174
487.000	209.963	3.174
487.200	209.964	3.174
487.400	209.964	3.174
487.600	209.964	3.174
487.800	209.965	3.174
488.000	209.965	3.174
488.200	209.964	3.175
488.400	209.964	3.175
488.600	209.964	3.175
488.800	209.965	3.175
489.000	209.966	3.175
489.200	209.967	3.175
489.400	209.967	3.175
489.600	209.968	3.175
489.800	209.966	3.175
490.000	209.967	3.175
490.200	209.966	3.175
490.400	209.967	3.175
490.600	209.967	3.175
490.800	209.965	3.175
491.000	209.966	3.175
491.200	209.968	3.175
491.400	209.967	3.175
491.600	209.968	3.176
491.800	209.968	3.176
492.000	209.967	3.176
492.200	209.967	3.176
492.400	209.967	3.176
492.600	209.969	3.176
492.800	209.967	3.176
493.000	209.967	3.176
493.200	209.966	3.176
493.400	209.966	3.176
493.600	209.964	3.176
493.800	209.965	3.176
494.000	209.965	3.176
494.200	209.966	3.176
494.400	209.966	3.176
494.600	209.966	3.176
494.800	209.966	3.176
495.000	209.968	3.176
495.200	209.966	3.176
495.400	209.969	3.176
495.600	209.967	3.177
495.800	209.967	3.177
496.000	209.967	3.177
496.200	209.970	3.177
496.400	209.968	3.177
496.600	209.968	3.177
496.800	209.968	3.177
497.000	209.968	3.177
497.200	209.967	3.177
497.400	209.967	3.177
497.600	209.969	3.177
497.800	209.969	3.177
498.000	209.968	3.177
498.200	209.967	3.177
498.400	209.967	3.177
498.600	209.967	3.177
498.800	209.968	3.177
499.000	209.966	3.177
499.200	209.967	3.177
499.400	209.967	3.178
499.600	209.967	3.178
499.800	209.966	3.178
500.000	209.968	3.178
500.200	209.966	3.178
500.400	209.969	3.178
500.600	209.966	3.178
500.800	209.966	3.178
501.000	209.967	3.178
501.200	209.966	3.178
501.400	209.966	3.178
501.600	209.966	3.178
501.800	209.964	3.178
502.000	209.968	3.178
502.200	209.966	3.178
502.400	209.967	3.178
502.600	209.964	3.178
502.800	209.965	3.178
503.000	209.966	3.178
503.200	209.967	3.179
503.400	209.964	3.179
503.600	209.965	3.179
503.800	209.965	3.179
504.000	209.964	3.179
504.200	209.965	3.179
504.400	209.967	3.179
504.600	209.966	3.179
504.800	209.965	3.179
505.000	209.965	3.179
505.200	209.965	3.179
505.400	209.965	3.179
505.600	209.965	3.179
505.800	209.966	3.179
506.000	209.967	3.179
506.200	209.965	3.179
506.400	209.966	3.179
506.600	209.967	3.179
506.800	209.964	3.179
507.000	209.966	3.180
507.200	209.969	3.180
507.400	209.967	3.180
507.600	209.968	3.180
507.800	209.968	3.180
508.000	209.966	3.180
508.200	209.967	3.180
508.400	209.967	3.180
508.600	209.967	3.180
508.800	209.967	3.180
509.000	209.967	3.180
509.200	209.966	3.180
509.400	209.969	3.180
509.600	209.968	3.180
509.800	209.967	3.180
510.000	209.967	3.180
510.200	209.967	3.180
510.400	209.967	3.180
510.600	209.967	3.180
510.800	209.967	3.180
511.000	209.968	3.181
511.200	209.967	3.181
511.400	209.967	3.181
511.600	209.967	3.181
511.800	209.966	3.181
512.000	209.966	3.181
512.200	209.965	3.181
512.400	209.966	3.181
512.600	209.966	3.181
512.800	209.968	3.181
513.000	209.968	3.181
513.200	209.968	3.181
513.400	209.967	3.181
513.600	209.968	3.181
513.800	209.966	3.181
514.000	209.967	3.181
514.200	209.967	3.181
514.400	209.966	3.181
514.600	209.968	3.182
514.800	209.967	3.182
515.000	209.964	3.182
515.200	209.966	3.182
515.400	209.966	3.182
515.600	209.965	3.182
515.800	209.966	3.182
516.000	209.965	3.182
516.200	209.964	3.182
516.400	209.965	3.182
516.600	209.965	3.182
516.800	209.966	3.182
517.000	209.966	3.182
517.200	209.966	3.182
517.400	209.965	3.182
517.600	209.965	3.182
517.800	209.965	3.182
518.000	209.965	3.182
518.200	209.966	3.182
518.400	209.966	3.182
518.600	209.966	3.182
518.800	209.965	3.183
519.000	209.966	3.182
519.200	209.965	3.183
519.400	209.964	3.183
519.600	209.964	3.183
519.800	209.964	3.183
520.000	209.963	3.183
520.200	209.965	3.183
520.400	209.964	3.183
520.600	209.965	3.183
520.800	209.964	3.183
521.000	209.964	3.183
521.200	209.965	3.183
521.400	209.965	3.183
521.600	209.967	3.183
521.800	209.967	3.183
522.000	209.966	3.183
522.200	209.966	3.183
522.400	209.965	3.183
522.600	209.964	3.183
522.800	209.966	3.183
523.000	209.965	3.183
523.200	209.965	3.184
523.400	209.966	3.184
523.600	209.965	3.184
523.800	209.964	3.184
524.000	209.965	3.184
524.200	209.963	3.184
524.400	209.966	3.184
524.600	209.965	3.184
524.800	209.964	3.184
525.000	209.964	3.184
525.200	209.965	3.184
525.400	209.964	3.184
525.600	209.966	3.184
525.800	209.965	3.184
526.000	209.964	3.184
526.200	209.965	3.184
526.400	209.965	3.184
526.600	209.967	3.184
526.800	209.964	3.184
527.000	209.965	3.184
527.200	209.966	3.184
527.400	209.966	3.184
527.600	209.969	3.185
527.800	209.966	3.185
528.000	209.965	3.185
528.200	209.969	3.185
528.400	209.967	3.185
528.600	209.969	3.185
528.800	209.967	3.185
529.000	209.966	3.185
529.200	209.968	3.185
529.400	209.968	3.185
529.600	209.969	3.185
529.800	209.967	3.185
530.000	209.966	3.185
530.200	209.966	3.185
530.400	209.968	3.185
530.600	209.968	3.185
530.800	209.966	3.185
531.000	209.969	3.185
531.200	209.966	3.185
531.400	209.966	3.185
531.600	209.966	3.186
531.800	209.966	3.185
532.000	209.965	3.186
532.200	209.966	3.186
532.400	209.965	3.186
532.600	209.965	3.186
532.800	209.968	3.186
533.000	209.966	3.186
533.200	209.967	3.186
533.400	209.966	3.186
533.600	209.965	3.186
533.800	209.966	3.186
534.000	209.966	3.186
534.200	209.964	3.186
534.400	209.965	3.186
534.600	209.967	3.186
534.800	209.967	3.186
535.000	209.966	3.186
535.200	209.968	3.186
535.400	209.966	3.186
535.600	209.966	3.186
535.800	209.966	3.187
536.000	209.966	3.187
536.200	209.967	3.187
536.400	209.966	3.187
536.600	209.965	3.187
536.800	209.966	3.187
537.000	209.966	3.187
537.200	209.967	3.187
537.400	209.966	3.187
537.600	209.965	3.187
537.800	209.965	3.187
538.000	209.964	3.187
538.200	209.965	3.187
538.400	209.967	3.187
538.600	209.966	3.187
538.800	209.965	3.187
539.000	209.963	3.187
539.200	209.966	3.187
539.400	209.965	3.187
539.600	209.966	3.188
539.800	209.965	3.188
540.000	209.964	3.188
540.200	209.964	3.188
540.400	209.966	3.188
540.600	209.966	3.188
540.800	209.965	3.188
541.000	209.966	3.188
541.200	209.966	3.188
541.400	209.965	3.188
541.600	209.965	3.188
541.800	209.963	3.188
542.000	209.967	3.188
542.200	209.964	3.188
542.400	209.965	3.188
542.600	209.965	3.188
542.800	209.966	3.188
543.000	209.967	3.188
543.200	209.965	3.188
543.400	209.967	3.188
543.600	209.966	3.189
543.800	209.966	3.189
544.000	209.965	3.189
544.200	209.965	3.189
544.400	209.965	3.189
544.600	209.966	3.189
544.800	209.965	3.189
545.000	209.963	3.189
545.200	209.965	3.189
545.400	209.963	3.189
545.600	209.965	3.189
545.800	209.966	3.189
546.000	209.965	3.189
546.200	209.966	3.189
546.400	209.966	3.189
546.600	209.965	3.189
546.800	209.966	3.189
547.000	209.967	3.189
547.200	209.968	3.189
547.400	209.965	3.189
547.600	209.965	3.190
547.800	209.966	3.190
548.000	209.966	3.190
548.200	209.966	3.190
548.400	209.966	3.190
548.600	209.965	3.190
548.800	209.966	3.190
549.000	209.966	3.190
549.200	209.967	3.190
549.400	209.967	3.190
549.600	209.966	3.190
549.800	209.965	3.190
550.000	209.968	3.190
550.200	209.965	3.190
550.400	209.966	3.190
550.600	209.968	3.190
550.800	209.966	3.190
551.000	209.966	3.190
551.200	209.966	3.190
551.400	209.966	3.191
551.600	209.966	3.191
551.800	209.965	3.191
552.000	209.967	3.191
552.200	209.967	3.191
552.400	209.966	3.191
552.600	209.968	3.191
552.800	209.966	3.191
553.000	209.967	3.191
553.200	209.966	3.191
553.400	209.966	3.191
553.600	209.965	3.191
553.800	209.967	3.191
554.000	209.966	3.191
554.200	209.968	3.191
554.400	209.966	3.191
554.600	209.966	3.191
554.800	209.965	3.191
555.000	209.965	3.191
555.200	209.966	3.191
555.400	209.966	3.191
555.600	209.967	3.192
555.800	209.966	3.192
556.000	209.968	3.192
556.200	209.967	3.192
556.400	209.968	3.192
556.600	209.965	3.192
556.800	209.966	3.192
557.000	209.965	3.192
557.200	209.966	3.192
557.400	209.966	3.192
557.600	209.965	3.192
557.800	209.966	3.192
558.000	209.967	3.192
558.200	209.964	3.192
558.400	209.967	3.192
558.600	209.966	3.192
558.800	209.965	3.192
559.000	209.966	3.192
559.200	209.965	3.192
559.400	209.966	3.192
559.600	209.966	3.192
559.800	209.966	3.192
560.000	209.964	3.193
560.200	209.965	3.193
560.400	209.965	3.193
560.600	209.969	3.193
560.800	209.965	3.193
561.000	209.966	3.193
561.200	209.966	3.193
561.400	209.967	3.193
561.600	209.964	3.193
561.800	209.965	3.193
562.000	209.964	3.193
562.200	209.963	3.193
562.400	209.965	3.193
562.600	209.966	3.193
562.800	209.966	3.193
563.000	209.967	3.193
563.200	209.966	3.193
563.400	209.964	3.193
563.600	209.964	3.193
563.800	209.965	3.194
564.000	209.967	3.194
564.200	209.965	3.194
564.400	209.965	3.194
564.600	209.965	3.194
564.800	209.963	3.194
565.000	209.967	3.194
565.200	209.967	3.194
565.400	209.966	3.194
565.600	209.967	3.194
565.800	209.967	3.194
566.000	209.967	3.194
566.200	209.968	3.194
566.400	209.967	3.194
566.600	209.965	3.194
566.800	209.966	3.194
567.000	209.967	3.194
567.200	209.965	3.194
567.400	209.966	3.194
567.600	209.965	3.194
567.800	209.966	3.195
568.000	209.965	3.195
568.200	209.965	3.195
568.400	209.966	3.195
568.600	209.964	3.195
568.800	209.967	3.195
569.000	209.965	3.195
569.200	209.965	3.195
569.400	209.965	3.195
569.600	209.964	3.195
569.800	209.966	3.195
570.000	209.966	3.195
570.200	209.965	3.195
570.400	209.966	3.195
570.600	209.965	3.195
570.800	209.965	3.195
571.000	209.965	3.195
571.200	209.965	3.195
571.400	209.965	3.195
571.600	209.964	3.195
571.800	209.963	3.195
572.000	209.965	3.196
572.200	209.965	3.196
572.400	209.965	3.196
572.600	209.964	3.196
572.800	209.964	3.196
573.000	209.964	3.196
573.200	209.962	3.196
573.400	209.964	3.196
573.600	209.965	3.196
573.800	209.966	3.196
574.000	209.966	3.196
574.200	209.965	3.196
574.400	209.965	3.196
574.600	209.963	3.196
574.800	209.965	3.196
575.000	209.966	3.196
575.200	209.964	3.196
575.400	209.963	3.196
575.600	209.963	3.196
575.800	209.965	3.196
576.000	209.966	3.197
576.200	209.965	3.197
576.400	209.966	3.197
576.600	209.965	3.197
576.800	209.964	3.197
577.000	209.966	3.197
577.200	209.965	3.197
577.400	209.964	3.197
577.600	209.964	3.197
577.800	209.966	3.197
578.000	209.966	3.197
578.200	209.966	3.197
578.400	209.966	3.197
578.600	209.966	3.197
578.800	209.966	3.197
579.000	209.966	3.197
579.200	209.966	3.197
579.400	209.966	3.197
579.600	209.965	3.197
579.800	209.966	3.197
580.000	209.966	3.197
580.200	209.966	3.198
580.400	209.968	3.198
580.600	209.965	3.198
580.800	209.966	3.198
581.000	209.966	3.198
581.200	209.967	3.198
581.400	209.966	3.198
581.600	209.965	3.198
581.800	209.967	3.198
582.000	209.969	3.198
582.200	209.967	3.198
582.400	209.966	3.198
582.600	209.967	3.198
582.800	209.967	3.198
583.000	209.967	3.198
583.200	209.964	3.198
583.400	209.967	3.198
583.600	209.966	3.198
583.800	209.966	3.198
584.000	209.965	3.198
584.200	209.967	3.198
584.400	209.967	3.199
584.600	209.968	3.199
584.800	209.968	3.199
585.000	209.968	3.199
585.200	209.969	3.199
585.400	209.968	3.199
585.600	209.968	3.199
585.800	209.967	3.199
586.000	209.967	3.199
586.200	209.967	3.199
586.400	209.968	3.199
586.600	209.966	3.199
586.800	209.966	3.199
587.000	209.969	3.199
587.200	209.968	3.199
587.400	209.968	3.199
587.600	209.966	3.199
587.800	209.967	3.199
588.000	209.967	3.199
588.200	209.968	3.199
588.400	209.967	3.200
588.600	209.968	3.200
588.800	209.970	3.200
589.000	209.968	3.200
589.200	209.967	3.200
589.400	209.967	3.200
589.600	209.969	3.200
589.800	209.968	3.200
590.000	209.966	3.200
590.200	209.967	3.200
590.400	209.967	3.200
590.600	209.967	3.200
590.800	209.966	3.200
591.000	209.968	3.200
591.200	209.966	3.200
591.400	209.968	3.200
591.600	209.968	3.200
591.800	209.969	3.200
592.000	209.970	3.200
592.200	209.967	3.200
592.400	209.970	3.201
592.600	209.968	3.200
592.800	209.970	3.201
593.000	209.967	3.201
593.200	209.969	3.201
593.400	209.968	3.201
593.600	209.969	3.201
593.800	209.966	3.201
594.000	209.967	3.201
594.200	209.968	3.201
594.400	209.965	3.201
594.600	209.968	3.201
594.800	209.966	3.201
595.000	209.969	3.201
595.200	209.969	3.201
595.400	209.967	3.201
595.600	209.970	3.201
595.800	209.968	3.201
596.000	209.967	3.201
596.200	209.967	3.201
596.400	209.968	3.201
596.600	209.967	3.202
596.800	209.967	3.202
597.000	209.965	3.202
597.200	209.967	3.202
597.400	209.967	3.202
597.600	209.965	3.202
597.800	209.965	3.202
598.000	209.968	3.202
598.200	209.967	3.202
598.400	209.965	3.202
598.600	209.964	3.202
598.800	209.966	3.202
599.000	209.966	3.202
599.200	209.966	3.202
599.400	209.965	3.202
599.600	209.967	3.202
599.800	209.967	3.202
600.000	209.968	3.202
600.200	209.967	3.202
600.400	209.966	3.202
600.600	209.967	3.202
600.800	209.967	3.202
601.000	209.967	3.203
601.200	209.968	3.203
601.400	209.965	3.203
601.600	209.966	3.203
601.800	209.966	3.203
602.000	209.966	3.203
602.200	209.967	3.203
602.400	209.966	3.203
602.600	209.966	3.203
602.800	209.965	3.203
603.000	209.966	3.203
603.200	209.966	3.203
603.400	209.965	3.203
603.600	209.963	3.203
603.800	209.965	3.203
604.000	209.965	3.203
604.200	209.967	3.203
604.400	209.964	3.203
604.600	209.965	3.203
604.800	209.966	3.203
605.000	209.963	3.204
605.200	209.967	3.204
605.400	209.966	3.204
605.600	209.966	3.204
605.800	209.966	3.204
606.000	209.966	3.204
606.200	209.965	3.204
606.400	209.964	3.204
606.600	209.964	3.204
606.800	209.964	3.204
607.000	209.964	3.204
607.200	209.962	3.204
607.400	209.964	3.204
607.600	209.964	3.204
607.800	209.964	3.204
608.000	209.964	3.204
608.200	209.962	3.204
608.400	209.962	3.204
608.600	209.964	3.204
608.800	209.963	3.204
609.000	209.966	3.204
609.200	209.963	3.204
609.400	209.966	3.205
609.600	209.964	3.204
609.800	209.965	3.205
610.000	209.966	3.205
610.200	209.965	3.205
610.400	209.965	3.205
610.600	209.965	3.205
610.800	209.964	3.205
611.000	209.963	3.205
611.200	209.965	3.205
611.400	209.965	3.205
611.600	209.967	3.205
611.800	209.966	3.205
612.000	209.965	3.205
612.200	209.964	3.205
612.400	209.968	3.205
612.600	209.967	3.205
612.800	209.966	3.205
613.000	209.965	3.205
613.200	209.968	3.205
613.400	209.967	3.206
613.600	209.964	3.205
613.800	209.966	3.206
614.000	209.966	3.206
614.200	209.965	3.206
614.400	209.966	3.206
614.600	209.964	3.206
614.800	209.965	3.206
615.000	209.963	3.206
615.200	209.967	3.206
615.400	209.965	3.206
615.600	209.966	3.206
615.800	209.963	3.206
616.000	209.967	3.206
616.200	209.965	3.206
616.400	209.965	3.206
616.600	209.965	3.206
616.800	209.964	3.206
617.000	209.965	3.206
617.200	209.963	3.206
617.400	209.964	3.206
617.600	209.965	3.206
617.800	209.966	3.206
618.000	209.964	3.206
618.200	209.964	3.207
618.400	209.965	3.207
618.600	209.966	3.207
618.800	209.963	3.207
619.000	209.962	3.207
619.200	209.964	3.207
619.400	209.964	3.207
619.600	209.965	3.207
619.800	209.967	3.207
620.000	209.966	3.207
620.200	209.962	3.207
620.400	209.964	3.207
620.600	209.965	3.207
620.800	209.965	3.207
621.000	209.965	3.207
621.200	209.964	3.207
621.400	209.966	3.207
621.600	209.966	3.207
621.800	209.965	3.207
622.000	209.966	3.207
622.200	209.965	3.207
622.400	209.966	3.207
622.600	209.966	3.208
622.800	209.963	3.208
623.000	209.963	3.208
623.200	209.964	3.208
623.400	209.963	3.208
623.600	209.964	3.208
623.800	209.965	3.208
624.000	209.964	3.208
624.200	209.963	3.208
624.400	209.963	3.208
624.600	209.964	3.208
624.800	209.964	3.208
625.000	209.966	3.208
625.200	209.964	3.208
625.400	209.963	3.208
625.600	209.964	3.208
625.800	209.964	3.208
626.000	209.965	3.208
626.200	209.964	3.208
626.400	209.965	3.208
626.600	209.964	3.208
626.800	209.964	3.208
627.000	209.963	3.208
627.200	209.963	3.209
627.400	209.964	3.209
627.600	209.964	3.209
627.800	209.964	3.209
628.000	209.965	3.209
628.200	209.965	3.209
628.400	209.964	3.209
628.600	209.966	3.209
628.800	209.963	3.209
629.000	209.965	3.209
629.200	209.965	3.209
629.400	209.964	3.209
629.600	209.963	3.209
629.800	209.965	3.209
630.000	209.966	3.209
630.200	209.966	3.209
630.400	209.964	3.209
630.600	209.964	3.209
630.800	209.965	3.209
631.000	209.965	3.209
631.200	209.966	3.209
631.400	209.964	3.210
631.600	209.962	3.210
631.800	209.964	3.210
632.000	209.965	3.210
632.200	209.965	3.210
632.400	209.963	3.210
632.600	209.967	3.210
632.800	209.963	3.210
633.000	209.965	3.210
633.200	209.965	3.210
633.400	209.965	3.210
633.600	209.965	3.210
633.800	209.965	3.210
634.000	209.965	3.210
634.200	209.965	3.210
634.400	209.964	3.210
634.600	209.966	3.210
634.800	209.967	3.210
635.000	209.965	3.210
635.200	209.966	3.210
635.400	209.966	3.210
635.600	209.964	3.210
635.800	209.965	3.211
636.000	209.966	3.211
636.200	209.967	3.211
636.400	209.966	3.211
636.600	209.967	3.211
636.800	209.966	3.211
637.000	209.966	3.211
637.200	209.966	3.211
637.400	209.967	3.211
637.600	209.967	3.211
637.800	209.964	3.211
638.000	209.967	3.211
638.200	209.965	3.211
638.400	209.967	3.211
638.600	209.966	3.211
638.800	209.967	3.211
639.000	209.966	3.211
639.200	209.966	3.211
639.400	209.966	3.211
639.600	209.966	3.212
639.800	209.968	3.212
640.000	209.967	3.212
640.200	209.967	3.212
640.400	209.965	3.212
640.600	209.967	3.212
640.800	209.967	3.212
641.000	209.967	3.212
641.200	209.967	3.212
641.400	209.967	3.212
641.600	209.966	3.212
641.800	209.967	3.212
642.000	209.968	3.212
642.200	209.965	3.212
642.400	209.965	3.212
642.600	209.967	3.212
642.800	209.967	3.212
643.000	209.967	3.212
643.200	209.966	3.212
643.400	209.967	3.212
643.600	209.966	3.212
643.800	209.967	3.212
644.000	209.966	3.212
644.200	209.966	3.213
644.400	209.966	3.213
644.600	209.967	3.213
644.800	209.968	3.213
645.000	209.968	3.213
645.200	209.967	3.213
645.400	209.966	3.213
645.600	209.969	3.213
645.800	209.970	3.213
646.000	209.966	3.213
646.200	209.968	3.213
646.400	209.967	3.213
646.600	209.967	3.213
646.800	209.967	3.213
647.000	209.967	3.213
647.200	209.967	3.213
647.400	209.968	3.213
647.600	209.967	3.213
647.800	209.967	3.213
648.000	209.968	3.213
648.200	209.967	3.213
648.400	209.966	3.213
648.600	209.968	3.214
648.800	209.966	3.214
649.000	209.966	3.214
649.200	209.966	3.214
649.400	209.967	3.214
649.600	209.966	3.214
649.800	209.966	3.214
650.000	209.966	3.214
650.200	209.966	3.214
650.400	209.967	3.214
650.600	209.967	3.214
650.800	209.966	3.214
651.000	209.966	3.214
651.200	209.966	3.214
651.400	209.964	3.214
651.600	209.967	3.214
651.800	209.968	3.214
652.000	209.968	3.214
652.200	209.968	3.214
652.400	209.966	3.214
652.600	209.966	3.214
652.800	209.965	3.214
653.000	209.965	3.215
653.200	209.968	3.215
653.400	209.964	3.215
653.600	209.966	3.215
653.800	209.966	3.215
654.000	209.969	3.215
654.200	209.966	3.215
654.400	209.967	3.215
654.600	209.965	3.215
654.800	209.967	3.215
655.000	209.965	3.215
655.200	209.967	3.215
655.400	209.966	3.215
655.600	209.968	3.215
655.800	209.967	3.215
656.000	209.968	3.215
656.200	209.966	3.215
656.400	209.967	3.215
656.600	209.966	3.215
656.800	209.967	3.215
657.000	209.968	3.215
657.200	209.969	3.215
657.400	209.966	3.215
657.600	209.967	3.216
657.800	209.966	3.216
658.000	209.968	3.216
658.200	209.967	3.216
658.400	209.967	3.216
658.600	209.968	3.216
658.800	209.968	3.216
659.000	209.968	3.216
659.200	209.966	3.216
659.400	209.967	3.216
659.600	209.965	3.216
659.800	209.968	3.216
660.000	209.968	3.216
660.200	209.967	3.216
660.400	209.967	3.216
660.600	209.965	3.216
660.800	209.965	3.216
661.000	209.966	3.216
661.200	209.967	3.216
661.400	209.967	3.216
661.600	209.967	3.216
661.800	209.968	3.216
662.000	209.967	3.216
662.200	209.968	3.217
662.400	209.967	3.217
662.600	209.967	3.217
662.800	209.967	3.217
663.000	209.970	3.217
663.200	209.968	3.217
663.400	209.969	3.217
663.600	209.971	3.217
663.800	209.968	3.217
664.000	209.969	3.217
664.200	209.969	3.217
664.400	209.969	3.217
664.600	209.967	3.217
664.800	209.968	3.217
665.000	209.965	3.217
665.200	209.967	3.217
665.400	209.969	3.217
665.600	209.967	3.217
665.800	209.968	3.217
666.000	209.968	3.217
666.200	209.968	3.217
666.400	209.967	3.217
666.600	209.966	3.218
666.800	209.967	3.218
667.000	209.966	3.218
667.200	209.966	3.218
667.400	209.968	3.218
667.600	209.968	3.218
667.800	209.968	3.218
668.000	209.966	3.218
668.200	209.967	3.218
668.400	209.968	3.218
668.600	209.968	3.218
668.800	209.966	3.218
669.000	209.968	3.218
669.200	209.967	3.218
669.400	209.967	3.218
669.600	209.968	3.218
669.800	209.966	3.218
670.000	209.966	3.218
670.200	209.968	3.218
670.400	209.966	3.218
670.600	209.968	3.218
670.800	209.969	3.219
671.000	209.969	3.219
671.200	209.969	3.219
671.400	209.970	3.219
671.600	209.970	3.219
671.800	209.968	3.219
672.000	209.969	3.219
672.200	209.966	3.219
672.400	209.970	3.219
672.600	209.969	3.219
672.800	209.967	3.219
673.000	209.967	3.219
673.200	209.967	3.219
673.400	209.968	3.219
673.600	209.969	3.219
673.800	209.969	3.219
674.000	209.967	3.219
674.200	209.969	3.219
674.400	209.966	3.219
674.600	209.967	3.219
674.800	209.966	3.219
675.000	209.967	3.219
675.200	209.966	3.219
675.400	209.967	3.220
675.600	209.967	3.220
675.800	209.967	3.220
676.000	209.964	3.220
676.200	209.967	3.220
676.400	209.965	3.220
676.600	209.967	3.220
676.800	209.964	3.220
677.000	209.967	3.220
677.200	209.968	3.220
677.400	209.968	3.220
677.600	209.967	3.220
677.800	209.967	3.220
678.000	209.967	3.220
678.200	209.965	3.220
678.400	209.965	3.220
678.600	209.967	3.220
678.800	209.965	3.220
679.000	209.966	3.220
679.200	209.967	3.220
679.400	209.967	3.221
679.600	209.965	3.220
679.800	209.968	3.221
680.000	209.968	3.221
680.200	209.966	3.221
680.400	209.968	3.221
680.600	209.969	3.221
680.800	209.968	3.221
681.000	209.965	3.221
681.200	209.967	3.221
681.400	209.965	3.221
681.600	209.969	3.221
681.800	209.967	3.221
682.000	209.967	3.221
682.200	209.965	3.221
682.400	209.968	3.221
682.600	209.967	3.221
682.800	209.967	3.221
683.000	209.968	3.221
683.200	209.967	3.221
683.400	209.967	3.221
683.600	209.967	3.221
683.800	209.968	3.221
684.000	209.967	3.221
684.200	209.966	3.221
684.400	209.967	3.222
684.600	209.968	3.222
684.800	209.968	3.222
685.000	209.968	3.222
685.200	209.968	3.222
685.400	209.968	3.222
685.600	209.966	3.222
685.800	209.968	3.222
686.000	209.968	3.222
686.200	209.968	3.222
686.400	209.968	3.222
686.600	209.968	3.222
686.800	209.969	3.222
687.000	209.966	3.222
687.200	209.965	3.222
687.400	209.967	3.222
687.600	209.966	3.222
687.800	209.968	3.222
688.000	209.967	3.222
688.200	209.967	3.222
688.400	209.967	3.222
688.600	209.968	3.222
688.800	209.967	3.222
689.000	209.968	3.222
689.200	209.969	3.222
689.400	209.971	3.223
689.600	209.969	3.223
689.800	209.969	3.223
690.000	209.969	3.223
690.200	209.968	3.223
690.400	209.967	3.223
690.600	209.968	3.223
690.800	209.968	3.223
691.000	209.968	3.223
691.200	209.969	3.223
691.400	209.968	3.223
691.600	209.969	3.223
691.800	209.970	3.223
692.000	209.968	3.223
692.200	209.967	3.223
692.400	209.968	3.223
692.600	209.970	3.223
692.800	209.969	3.223
693.000	209.968	3.223
693.200	209.967	3.223
693.400	209.968	3.223
693.600	209.968	3.224
693.800	209.968	3.224
694.000	209.968	3.224
694.200	209.969	3.224
694.400	209.968	3.224
694.600	209.968	3.224
694.800	209.970	3.224
695.000	209.968	3.224
695.200	209.967	3.224
695.400	209.967	3.224
695.600	209.967	3.224
695.800	209.969	3.224
696.000	209.969	3.224
696.200	209.967	3.224
696.400	209.967	3.224
696.600	209.966	3.224
696.800	209.967	3.224
697.000	209.967	3.224
697.200	209.967	3.224
697.400	209.967	3.224
697.600	209.968	3.224
697.800	209.969	3.224
698.000	209.966	3.224
698.200	209.968	3.225
698.400	209.969	3.225
698.600	209.968	3.225
698.800	209.970	3.225
699.000	209.967	3.225
699.200	209.968	3.225
699.400	209.967	3.225
699.600	209.968	3.225
699.800	209.969	3.225
700.000	209.968	3.225
700.200	209.969	3.225
700.400	209.968	3.225
700.600	209.971	3.225
700.800	209.968	3.225
701.000	209.967	3.225
701.200	209.970	3.225
701.400	209.969	3.225
701.600	209.969	3.225
701.800	209.968	3.225
702.000	209.968	3.225
702.200	209.969	3.225
702.400	209.969	3.226
702.600	209.969	3.226
702.800	209.969	3.226
703.000	209.968	3.226
703.200	209.968	3.226
703.400	209.967	3.226
703.600	209.967	3.226
703.800	209.968	3.226
704.000	209.968	3.226
704.200	209.967	3.226
704.400	209.966	3.226
704.600	209.967	3.226
704.800	209.966	3.226
705.000	209.967	3.226
705.200	209.967	3.226
705.400	209.968	3.226
705.600	209.967	3.226
705.800	209.967	3.226
706.000	209.966	3.226
706.200	209.969	3.226
706.400	209.969	3.226
706.600	209.967	3.226
706.800	209.968	3.226
707.000	209.966	3.227
707.200	209.967	3.227
707.400	209.967	3.227
707.600	209.968	3.227
707.800	209.967	3.227
708.000	209.968	3.227
708.200	209.966	3.227
708.400	209.966	3.227
708.600	209.967	3.227
708.800	209.967	3.227
709.000	209.968	3.227
709.200	209.968	3.227
709.400	209.968	3.227
709.600	209.969	3.227
709.800	209.967	3.227
710.000	209.969	3.227
710.200	209.969	3.227
710.400	209.966	3.227
710.600	209.967	3.227
710.800	209.966	3.227
711.000	209.968	3.227
711.200	209.967	3.227
711.400	209.969	3.227
711.600	209.968	3.227
711.800	209.968	3.228
712.000	209.968	3.228
712.200	209.968	3.228
712.400	209.969	3.228
712.600	209.969	3.228
712.800	209.969	3.228
713.000	209.969	3.228
713.200	209.969	3.228
713.400	209.967	3.228
713.600	209.967	3.228
713.800	209.967	3.228
714.000	209.967	3.228
714.200	209.970	3.228
714.400	209.968	3.228
714.600	209.970	3.228
714.800	209.967	3.228
715.000	209.967	3.228
715.200	209.965	3.228
715.400	209.968	3.228
715.600	209.967	3.228
715.800	209.965	3.228
716.000	209.968	3.228
716.200	209.966	3.228
716.400	209.968	3.228
716.600	209.968	3.229
716.800	209.965	3.228
717.000	209.969	3.229
717.200	209.969	3.229
717.400	209.970	3.229
717.600	209.971	3.229
717.800	209.969	3.229
718.000	209.968	3.229
718.200	209.968	3.229
718.400	209.967	3.229
718.600	209.969	3.229
718.800	209.969	3.229
719.000	209.968	3.229
719.200	209.968	3.229
719.400	209.966	3.229
719.600	209.968	3.229
719.800	209.968	3.229
720.000	209.968	3.229
720.200	209.966	3.229
720.400	209.965	3.229
720.600	209.966	3.229
720.800	209.966	3.229
721.000	209.966	3.229
721.200	209.969	3.230
721.400	209.964	3.229
721.600	209.966	3.230
721.800	209.965	3.230
722.000	209.965	3.230
722.200	209.966	3.230
722.400	209.966	3.230
722.600	209.966	3.230
722.800	209.965	3.230
723.000	209.964	3.230
723.200	209.964	3.230
723.400	209.963	3.230
723.600	209.966	3.230
723.800	209.965	3.230
724.000	209.964	3.230
724.200	209.966	3.230
724.400	209.964	3.230
724.600	209.966	3.230
724.800	209.966	3.230
725.000	209.968	3.230
725.200	209.967	3.230
725.400	209.967	3.230
725.600	209.968	3.230
725.800	209.967	3.230
726.000	209.965	3.230
726.200	209.963	3.230
726.400	209.965	3.231
726.600	209.968	3.231
726.800	209.966	3.231
727.000	209.964	3.231
727.200	209.966	3.231
727.400	209.964	3.231
727.600	209.965	3.231
727.800	209.964	3.231
728.000	209.965	3.231
728.200	209.964	3.231
728.400	209.964	3.231
728.600	209.964	3.231
728.800	209.965	3.231
729.000	209.964	3.231
729.200	209.966	3.231
729.400	209.967	3.231
729.600	209.966	3.231
729.800	209.966	3.231
730.000	209.965	3.231
730.200	209.965	3.231
730.400	209.966	3.231
730.600	209.965	3.231
730.800	209.967	3.231
731.000	209.965	3.231
731.200	209.965	3.231
731.400	209.967	3.232
731.600	209.967	3.232
731.800	209.968	3.232
732.000	209.967	3.232
732.200	209.967	3.232
732.400	209.965	3.232
732.600	209.965	3.232
732.800	209.966	3.232
733.000	209.966	3.232
733.200	209.967	3.232
733.400	209.966	3.232
733.600	209.966	3.232
733.800	209.967	3.232
734.000	209.967	3.232
734.200	209.966	3.232
734.400	209.967	3.232
734.600	209.966	3.232
734.800	209.966	3.232
735.000	209.966	3.232
735.200	209.967	3.232
735.400	209.967	3.232
735.600	209.966	3.232
735.800	209.966	3.232
736.000	209.966	3.232
736.200	209.966	3.232
736.400	209.967	3.232
736.600	209.967	3.232
736.800	209.967	3.233
737.000	209.967	3.233
737.200	209.966	3.233
737.400	209.965	3.233
737.600	209.968	3.233
737.800	209.968	3.233
738.000	209.966	3.233
738.200	209.966	3.233
738.400	209.965	3.233
738.600	209.965	3.233
738.800	209.966	3.233
739.000	209.966	3.233
739.200	209.966	3.233
739.400	209.966	3.233
739.600	209.967	3.233
739.800	209.967	3.233
740.000	209.967	3.233
740.200	209.966	3.233
740.400	209.968	3.233
740.600	209.966	3.233
740.800	209.967	3.233
741.000	209.967	3.233
741.200	209.966	3.233
741.400	209.965	3.233
741.600	209.967	3.233
741.800	209.969	3.234
742.000	209.966	3.234
742.200	209.966	3.234
742.400	209.965	3.234
742.600	209.966	3.234
742.800	209.965	3.234
743.000	209.965	3.234
743.200	209.966	3.234
743.400	209.965	3.234
743.600	209.965	3.234
743.800	209.967	3.234
744.000	209.966	3.234
744.200	209.965	3.234
744.400	209.964	3.234
744.600	209.966	3.234
744.800	209.966	3.234
745.000	209.968	3.234
745.200	209.968	3.234
745.400	209.967	3.234
745.600	209.967	3.234
745.800	209.967	3.234
746.000	209.967	3.234
746.200	209.967	3.234
746.400	209.966	3.234
746.600	209.966	3.235
746.800	209.967	3.235
747.000	209.965	3.235
747.200	209.965	3.235
747.400	209.965	3.235
747.600	209.966	3.235
747.800	209.966	3.235
748.000	209.966	3.235
748.200	209.967	3.235
748.400	209.965	3.235
748.600	209.965	3.235
748.800	209.965	3.235
749.000	209.965	3.235
749.200	209.966	3.235
749.400	209.965	3.235
749.600	209.964	3.235
749.800	209.966	3.235
750.000	209.966	3.235
750.200	209.966	3.235
750.400	209.964	3.235
750.600	209.966	3.235
750.800	209.967	3.235
751.000	209.966	3.235
751.200	209.967	3.235
751.400	209.966	3.236
751.600	209.965	3.236
751.800	209.966	3.236
752.000	209.965	3.236
752.200	209.967	3.236
752.400	209.966	3.236
752.600	209.964	3.236
752.800	209.965	3.236
753.000	209.965	3.236
753.200	209.964	3.236
753.400	209.966	3.236
753.600	209.966	3.236
753.800	209.965	3.236
754.000	209.965	3.236
754.200	209.965	3.236
754.400	209.966	3.236
754.600	209.966	3.236
754.800	209.965	3.236
755.000	209.964	3.236
755.200	209.965	3.236
755.400	209.964	3.236
755.600	209.964	3.236
755.800	209.964	3.236
756.000	209.964	3.236
756.200	209.964	3.236
756.400	209.965	3.237
756.600	209.964	3.237
756.800	209.965	3.237
757.000	209.966	3.237
757.200	209.965	3.237
757.400	209.965	3.237
757.600	209.966	3.237
757.800	209.965	3.237
758.000	209.964	3.237
758.200	209.965	3.237
758.400	209.966	3.237
758.600	209.965	3.237
758.800	209.966	3.237
759.000	209.966	3.237
759.200	209.965	3.237
759.400	209.966	3.237
759.600	209.965	3.237
759.800	209.963	3.237
760.000	209.965	3.237
760.200	209.963	3.237
760.400	209.963	3.237
760.600	209.963	3.237
760.800	209.964	3.237
761.000	209.964	3.238
761.200	209.964	3.238
761.400	209.966	3.238
761.600	209.966	3.238
761.800	209.966	3.238
762.000	209.964	3.238
762.200	209.965	3.238
762.400	209.967	3.238
762.600	209.966	3.238
762.800	209.964	3.238
763.000	209.964	3.238
763.200	209.965	3.238
763.400	209.965	3.238
763.600	209.965	3.238
763.800	209.967	3.238
764.000	209.967	3.238
764.200	209.968	3.238
764.400	209.966	3.238
764.600	209.964	3.238
764.800	209.966	3.238
765.000	209.966	3.238
765.200	209.966	3.238
765.400	209.968	3.239
765.600	209.966	3.239
765.800	209.967	3.239
766.000	209.966	3.239
766.200	209.965	3.239
766.400	209.966	3.239
766.600	209.964	3.239
766.800	209.964	3.239
767.000	209.965	3.239
767.200	209.966	3.239
767.400	209.966	3.239
767.600	209.967	3.239
767.800	209.965	3.239
768.000	209.966	3.239
768.200	209.968	3.239
768.400	209.965	3.239
768.600	209.964	3.239
768.800	209.967	3.239
769.000	209.966	3.239
769.200	209.966	3.239
769.400	209.967	3.239
769.600	209.966	3.239
769.800	209.966	3.239
770.000	209.965	3.239
770.200	209.963	3.239
770.400	209.965	3.240
770.600	209.965	3.240
770.800	209.964	3.240
771.000	209.964	3.240
771.200	209.964	3.240
771.400	209.963	3.240
771.600	209.965	3.240
771.800	209.965	3.240
772.000	209.964	3.240
772.200	209.963	3.240
772.400	209.962	3.240
772.600	209.962	3.240
772.800	209.964	3.240
773.000	209.964	3.240
773.200	209.963	3.240
773.400	209.965	3.240
773.600	209.966	3.240
773.800	209.964	3.240
774.000	209.965	3.240
774.200	209.965	3.240
774.400	209.964	3.240
774.600	209.964	3.240
774.800	209.964	3.240
775.000	209.965	3.240
775.200	209.965	3.240
775.400	209.965	3.240
775.600	209.964	3.240
775.800	209.965	3.240
776.000	209.965	3.241
776.200	209.964	3.241
776.400	209.963	3.241
776.600	209.963	3.241
776.800	209.964	3.241
777.000	209.963	3.241
777.200	209.966	3.241
777.400	209.963	3.241
777.600	209.962	3.241
777.800	209.963	3.241
778.000	209.963	3.241
778.200	209.963	3.241
778.400	209.964	3.241
778.600	209.964	3.241
778.800	209.965	3.241
779.000	209.967	3.241
779.200	209.966	3.241
779.400	209.966	3.241
779.600	209.965	3.241
779.800	209.965	3.241
780.000	209.965	3.241
780.200	209.965	3.241
780.400	209.965	3.241
780.600	209.966	3.242
780.800	209.965	3.241
781.000	209.964	3.242
781.200	209.965	3.242
781.400	209.967	3.242
781.600	209.966	3.242
781.800	209.965	3.242
782.000	209.964	3.242
782.200	209.965	3.242
782.400	209.965	3.242
782.600	209.966	3.242
782.800	209.964	3.242
783.000	209.966	3.242
783.200	209.966	3.242
783.400	209.964	3.242
783.600	209.964	3.242
783.800	209.965	3.242
784.000	209.966	3.242
784.200	209.965	3.242
784.400	209.964	3.242
784.600	209.966	3.242
784.800	209.963	3.242
785.000	209.966	3.242
785.200	209.965	3.243
785.400	209.969	3.243
785.600	209.966	3.243
785.800	209.967	3.243
786.000	209.966	3.243
786.200	209.966	3.243
786.400	209.967	3.243
786.600	209.965	3.243
786.800	209.965	3.243
787.000	209.966	3.243
787.200	209.966	3.243
787.400	209.964	3.243
787.600	209.965	3.243
787.800	209.966	3.243
788.000	209.965	3.243
788.200	209.965	3.243
788.400	209.963	3.243
788.600	209.964	3.243
788.800	209.966	3.243
789.000	209.965	3.243
789.200	209.967	3.243
789.400	209.965	3.243
789.600	209.963	3.243
789.800	209.964	3.243
790.000	209.965	3.244
790.200	209.965	3.244
790.400	209.963	3.244
790.600	209.964	3.244
790.800	209.964	3.244
791.000	209.964	3.244
791.200	209.964	3.244
791.400	209.963	3.244
791.600	209.964	3.244
791.800	209.965	3.244
792.000	209.964	3.244
792.200	209.964	3.244
792.400	209.965	3.244
792.600	209.965	3.244
792.800	209.964	3.244
793.000	209.964	3.244
793.200	209.964	3.244
793.400	209.965	3.244
793.600	209.963	3.244
793.800	209.964	3.244
794.000	209.965	3.244
794.200	209.965	3.244
794.400	209.964	3.244
794.600	209.965	3.244
794.800	209.966	3.244
795.000	209.964	3.244
795.200	209.966	3.244
795.400	209.966	3.245
795.600	209.966	3.245
795.800	209.966	3.245
796.000	209.967	3.245
796.200	209.966	3.245
796.400	209.964	3.245
796.600	209.964	3.245
796.800	209.965	3.245
797.000	209.964	3.245
797.200	209.965	3.245
797.400	209.966	3.245
797.600	209.966	3.245
797.800	209.966	3.245
798.000	209.967	3.245
798.200	209.966	3.245
798.400	209.964	3.245
798.600	209.965	3.245
798.800	209.966	3.245
799.000	209.967	3.245
799.200	209.964	3.245
799.400	209.966	3.245
799.600	209.967	3.245
799.800	209.964	3.245
800.000	209.966	3.245
800.200	209.964	3.245
800.400	209.966	3.246
800.600	209.966	3.246
800.800	209.965	3.246
801.000	209.967	3.246
801.200	209.966	3.246
801.400	209.964	3.246
801.600	209.965	3.246
801.800	209.963	3.246
802.000	209.963	3.246
802.200	209.963	3.246
802.400	209.966	3.246
802.600	209.964	3.246
802.800	209.964	3.246
803.000	209.964	3.246
803.200	209.964	3.246
803.400	209.965	3.246
803.600	209.963	3.246
803.800	209.964	3.246
804.000	209.963	3.246
804.200	209.966	3.246
804.400	209.964	3.246
804.600	209.964	3.246
804.800	209.966	3.246
805.000	209.965	3.246
805.200	209.966	3.246
805.400	209.965	3.246
805.600	209.967	3.247
805.800	209.964	3.247
806.000	209.963	3.247
806.200	209.965	3.247
806.400	209.964	3.247
806.600	209.965	3.247
806.800	209.966	3.247
807.000	209.966	3.247
807.200	209.965	3.247
807.400	209.967	3.247
807.600	209.967	3.247
807.800	209.966	3.247
808.000	209.965	3.247
808.200	209.965	3.247
808.400	209.966	3.247
808.600	209.964	3.247
808.800	209.963	3.247
809.000	209.963	3.247
809.200	209.964	3.247
809.400	209.965	3.247
809.600	209.964	3.247
809.800	209.964	3.247
810.000	209.965	3.247
810.200	209.964	3.247
810.400	209.967	3.247
810.600	209.965	3.247
810.800	209.965	3.248
811.000	209.963	3.248
811.200	209.966	3.248
811.400	209.964	3.248
811.600	209.965	3.248
811.800	209.965	3.248
812.000	209.964	3.248
812.200	209.964	3.248
812.400	209.964	3.248
812.600	209.965	3.248
812.800	209.965	3.248
813.000	209.965	3.248
813.200	209.966	3.248
813.400	209.965	3.248
813.600	209.963	3.248
813.800	209.964	3.248
814.000	209.965	3.248
814.200	209.965	3.248
814.400	209.965	3.248
814.600	209.964	3.248
814.800	209.964	3.248
815.000	209.966	3.248
815.200	209.963	3.248
815.400	209.963	3.248
815.600	209.963	3.249
815.800	209.963	3.248
816.000	209.966	3.249
816.200	209.963	3.249
816.400	209.965	3.249
816.600	209.964	3.249
816.800	209.966	3.249
817.000	209.967	3.249
817.200	209.967	3.249
817.400	209.964	3.249
817.600	209.966	3.249
817.800	209.965	3.249
818.000	209.964	3.249
818.200	209.965	3.249
818.400	209.966	3.249
818.600	209.965	3.249
818.800	209.966	3.249
819.000	209.966	3.249
819.200	209.965	3.249
819.400	209.966	3.249
819.600	209.965	3.249
819.800	209.965	3.249
820.000	209.966	3.249
820.200	209.968	3.249
820.400	209.966	3.250
820.600	209.966	3.250
820.800	209.967	3.250
821.000	209.965	3.250
821.200	209.966	3.250
821.400	209.964	3.250
821.600	209.965	3.250
821.800	209.966	3.250
822.000	209.965	3.250
822.200	209.965	3.250
822.400	209.965	3.250
822.600	209.966	3.250
822.800	209.966	3.250
823.000	209.964	3.250
823.200	209.965	3.250
823.400	209.966	3.250
823.600	209.966	3.250
823.800	209.964	3.250
824.000	209.966	3.250
824.200	209.966	3.250
824.400	209.966	3.250
824.600	209.965	3.250
824.800	209.963	3.250
825.000	209.964	3.250
825.200	209.963	3.250
825.400	209.964	3.251
825.600	209.966	3.251
825.800	209.963	3.251
826.000	209.964	3.251
826.200	209.966	3.251
826.400	209.963	3.251
826.600	209.966	3.251
826.800	209.966	3.251
827.000	209.965	3.251
827.200	209.965	3.251
827.400	209.965	3.251
827.600	209.967	3.251
827.800	209.965	3.251
828.000	209.965	3.251
828.200	209.965	3.251
828.400	209.966	3.251
828.600	209.967	3.251
828.800	209.966	3.251
829.000	209.967	3.251
829.200	209.967	3.251
829.400	209.969	3.251
829.600	209.967	3.251
829.800	209.967	3.251
830.000	209.966	3.251
830.200	209.969	3.252
830.400	209.968	3.252
830.600	209.964	3.252
830.800	209.966	3.252
831.000	209.967	3.252
831.200	209.967	3.252
831.400	209.965	3.252
831.600	209.967	3.252
831.800	209.965	3.252
832.000	209.968	3.252
832.200	209.966	3.252
832.400	209.968	3.252
832.600	209.966	3.252
832.800	209.966	3.252
833.000	209.968	3.252
833.200	209.968	3.252
833.400	209.967	3.252
833.600	209.965	3.252
833.800	209.967	3.252
834.000	209.965	3.252
834.200	209.967	3.252
834.400	209.966	3.252
834.600	209.966	3.252
834.800	209.967	3.252
835.000	209.965	3.252
835.200	209.965	3.252
835.400	209.966	3.252
835.600	209.965	3.253
835.800	209.966	3.252
836.000	209.967	3.253
836.200	209.964	3.253
836.400	209.965	3.253
836.600	209.967	3.253
836.800	209.966	3.253
837.000	209.966	3.253
837.200	209.964	3.253
837.400	209.965	3.253
837.600	209.965	3.253
837.800	209.964	3.253
838.000	209.968	3.253
838.200	209.965	3.253
838.400	209.967	3.253
838.600	209.965	3.253
838.800	209.964	3.253
839.000	209.962	3.253
839.200	209.962	3.253
839.400	209.963	3.253
839.600	209.965	3.253
839.800	209.966	3.253
840.000	209.967	3.253
840.200	209.964	3.253
840.400	209.965	3.253
840.600	209.965	3.253
840.800	209.964	3.253
841.000	209.964	3.253
841.200	209.966	3.253
841.400	209.965	3.253
841.600	209.965	3.254
841.800	209.964	3.254
842.000	209.966	3.254
842.200	209.967	3.254
842.400	209.966	3.254
842.600	209.966	3.254
842.800	209.964	3.254
843.000	209.967	3.254
843.200	209.965	3.254
843.400	209.965	3.254
843.600	209.968	3.254
843.800	209.966	3.254
844.000	209.966	3.254
844.200	209.964	3.254
844.400	209.967	3.254
844.600	209.965	3.254
844.800	209.966	3.254
845.000	209.967	3.254
845.200	209.966	3.254
845.400	209.967	3.254
845.600	209.967	3.254
845.800	209.965	3.254
846.000	209.966	3.254
846.200	209.964	3.254
846.400	209.965	3.254
846.600	209.965	3.254
846.800	209.966	3.254
847.000	209.966	3.255
847.200	209.967	3.255
847.400	209.965	3.255
847.600	209.966	3.255
847.800	209.965	3.255
848.000	209.966	3.255
848.200	209.967	3.255
848.400	209.966	3.255
848.600	209.966	3.255
848.800	209.967	3.255
849.000	209.966	3.255
849.200	209.968	3.255
849.400	209.964	3.255
849.600	209.968	3.255
849.800	209.967	3.255
850.000	209.966	3.255
850.200	209.966	3.255
850.400	209.965	3.255
850.600	209.966	3.255
850.800	209.965	3.255
851.000	209.965	3.255
851.200	209.966	3.255
851.400	209.965	3.255
851.600	209.966	3.255
851.800	209.966	3.255
852.000	209.965	3.255
852.200	209.965	3.255
852.400	209.967	3.256
852.600	209.965	3.256
852.800	209.965	3.256
853.000	209.966	3.256
853.200	209.966	3.256
853.400	209.966	3.256
853.600	209.964	3.256
853.800	209.964	3.256
854.000	209.963	3.256
854.200	209.965	3.256
854.400	209.965	3.256
854.600	209.967	3.256
854.800	209.966	3.256
855.000	209.966	3.256
855.200	209.965	3.256
855.400	209.965	3.256
855.600	209.963	3.256
855.800	209.964	3.256
856.000	209.964	3.256
856.200	209.965	3.256
856.400	209.965	3.256
856.600	209.961	3.256
856.800	209.963	3.256
857.000	209.965	3.256
857.200	209.967	3.256
857.400	209.966	3.256
857.600	209.965	3.257
857.800	209.965	3.257
858.000	209.963	3.257
858.200	209.964	3.257
858.400	209.964	3.257
858.600	209.962	3.257
858.800	209.966	3.257
859.000	209.965	3.257
859.200	209.964	3.257
859.400	209.964	3.257
859.600	209.962	3.257
859.800	209.964	3.257
860.000	209.962	3.257
860.200	209.964	3.257
860.400	209.963	3.257
860.600	209.963	3.257
860.800	209.964	3.257
861.000	209.964	3.257
861.200	209.963	3.257
861.400	209.964	3.257
861.600	209.964	3.257
861.800	209.966	3.257
862.000	209.967	3.257
862.200	209.963	3.257
862.400	209.964	3.257
862.600	209.964	3.257
862.800	209.964	3.257
863.000	209.965	3.258
863.200	209.963	3.258
863.400	209.963	3.258
863.600	209.964	3.258
863.800	209.961	3.258
864.000	209.963	3.258
864.200	209.965	3.258
864.400	209.966	3.258
864.600	209.964	3.258
864.800	209.964	3.258
865.000	209.964	3.258
865.200	209.966	3.258
865.400	209.965	3.258
865.600	209.966	3.258
865.800	209.966	3.258
866.000	209.963	3.258
866.200	209.965	3.258
866.400	209.965	3.258
866.600	209.964	3.258
866.800	209.965	3.258
867.000	209.966	3.258
867.200	209.967	3.258
867.400	209.965	3.258
867.600	209.963	3.258
867.800	209.966	3.258
868.000	209.964	3.258
868.200	209.966	3.258
868.400	209.965	3.259
868.600	209.964	3.258
868.800	209.964	3.258
869.000	209.964	3.259
869.200	209.964	3.259
869.400	209.964	3.259
869.600	209.966	3.259
869.800	209.964	3.259
870.000	209.964	3.259
870.200	209.964	3.259
870.400	209.963	3.259
870.600	209.966	3.259
870.800	209.963	3.259
871.000	209.963	3.259
871.200	209.962	3.259
871.400	209.963	3.259
871.600	209.963	3.259
871.800	209.965	3.259
872.000	209.965	3.259
872.200	209.963	3.259
872.400	209.964	3.259
872.600	209.964	3.259
872.800	209.965	3.259
873.000	209.964	3.259
873.200	209.964	3.259
873.400	209.961	3.259
873.600	209.963	3.259
873.800	209.962	3.259
874.000	209.963	3.259
874.200	209.964	3.260
874.400	209.965	3.260
874.600	209.964	3.260
874.800	209.963	3.260
875.000	209.963	3.260
875.200	209.963	3.260
875.400	209.963	3.260
875.600	209.964	3.260
875.800	209.964	3.260
876.000	209.961	3.260
876.200	209.965	3.260
876.400	209.963	3.260
876.600	209.964	3.260
876.800	209.963	3.260
877.000	209.964	3.260
877.200	209.965	3.260
877.400	209.966	3.260
877.600	209.964	3.260
877.800	209.964	3.260
878.000	209.964	3.260
878.200	209.964	3.260
878.400	209.964	3.260
878.600	209.964	3.260
878.800	209.966	3.260
879.000	209.965	3.260
879.200	209.963	3.261
879.400	209.962	3.261
879.600	209.964	3.261
879.800	209.963	3.261
880.000	209.966	3.261
880.200	209.964	3.261
880.400	209.963	3.261
880.600	209.965	3.261
880.800	209.963	3.261
881.000	209.963	3.261
881.200	209.964	3.261
881.400	209.965	3.261
881.600	209.963	3.261
881.800	209.964	3.261
882.000	209.962	3.261
882.200	209.963	3.261
882.400	209.964	3.261
882.600	209.963	3.261
882.800	209.963	3.261
883.000	209.965	3.261
883.200	209.964	3.261
883.400	209.966	3.261
883.600	209.966	3.261
883.800	209.965	3.261
884.000	209.965	3.261
884.200	209.965	3.261
884.400	209.962	3.262
884.600	209.965	3.262
884.800	209.963	3.262
885.000	209.963	3.262
885.200	209.964	3.262
885.400	209.965	3.262
885.600	209.965	3.262
885.800	209.964	3.262
886.000	209.963	3.262
886.200	209.965	3.262
886.400	209.965	3.262
886.600	209.964	3.262
886.800	209.964	3.262
887.000	209.963	3.262
887.200	209.964	3.262
887.400	209.965	3.262
887.600	209.965	3.262
887.800	209.963	3.262
888.000	209.964	3.262
888.200	209.961	3.262
888.400	209.963	3.262
888.600	209.963	3.262
888.800	209.963	3.262
889.000	209.962	3.262
889.200	209.963	3.262
889.400	209.961	3.262
889.600	209.962	3.263
889.800	209.961	3.263
890.000	209.965	3.263
890.200	209.964	3.263
890.400	209.963	3.263
890.600	209.963	3.263
890.800	209.964	3.263
891.000	209.964	3.263
891.200	209.963	3.263
891.400	209.964	3.263
891.600	209.964	3.263
891.800	209.963	3.263
892.000	209.966	3.263
892.200	209.965	3.263
892.400	209.964	3.263
892.600	209.965	3.263
892.800	209.962	3.263
893.000	209.965	3.263
893.200	209.964	3.263
893.400	209.964	3.263
893.600	209.963	3.263
893.800	209.965	3.263
894.000	209.963	3.263
894.200	209.962	3.263
894.400	209.965	3.263
894.600	209.964	3.263
894.800	209.962	3.263
895.000	209.962	3.263
895.200	209.965	3.264
895.400	209.961	3.264
895.600	209.964	3.264
895.800	209.966	3.264
896.000	209.964	3.264
896.200	209.965	3.264
896.400	209.964	3.264
896.600	209.964	3.264
896.800	209.965	3.264
897.000	209.964	3.264
897.200	209.965	3.264
897.400	209.963	3.264
897.600	209.962	3.264
897.800	209.963	3.264
898.000	209.964	3.264
898.200	209.963	3.264
898.400	209.965	3.264
898.600	209.962	3.264
898.800	209.963	3.264
899.000	209.964	3.264
899.200	209.963	3.264
899.400	209.961	3.264
899.600	209.961	3.264
899.800	209.963	3.264
900.000	209.962	3.264
900.200	209.963	3.264
900.400	209.963	3.264
900.600	209.962	3.264
900.800	209.962	3.264
901.000	209.964	3.265
901.200	209.963	3.265
901.400	209.962	3.265
901.600	209.963	3.265
901.800	209.962	3.265
902.000	209.961	3.265
902.200	209.962	3.265
902.400	209.961	3.265
902.600	209.963	3.265
902.800	209.962	3.265
903.000	209.961	3.265
903.200	209.962	3.265
903.400	209.961	3.265
903.600	209.960	3.265
903.800	209.961	3.265
904.000	209.962	3.265
904.200	209.964	3.265
904.400	209.963	3.265
904.600	209.964	3.265
904.800	209.964	3.265
905.000	209.962	3.265
905.200	209.963	3.265
905.400	209.966	3.265
905.600	209.963	3.265
905.800	209.963	3.265
906.000	209.961	3.265
906.200	209.964	3.266
906.400	209.963	3.266
906.600	209.963	3.266
906.800	209.966	3.266
907.000	209.965	3.266
907.200	209.962	3.266
907.400	209.964	3.266
907.600	209.965	3.266
907.800	209.964	3.266
908.000	209.962	3.266
908.200	209.963	3.266
908.400	209.962	3.266
908.600	209.961	3.266
908.800	209.962	3.266
909.000	209.963	3.266
909.200	209.964	3.266
909.400	209.963	3.266
909.600	209.962	3.266
909.800	209.964	3.266
910.000	209.961	3.266
910.200	209.962	3.266
910.400	209.963	3.266
910.600	209.962	3.266
910.800	209.963	3.266
911.000	209.964	3.266
911.200	209.964	3.267
911.400	209.964	3.266
911.600	209.964	3.267
911.800	209.965	3.267
912.000	209.964	3.267
912.200	209.963	3.267
912.400	209.963	3.267
912.600	209.964	3.267
912.800	209.961	3.267
913.000	209.961	3.267
913.200	209.963	3.267
913.400	209.963	3.267
913.600	209.961	3.267
913.800	209.963	3.267
914.000	209.964	3.267
914.200	209.962	3.267
914.400	209.966	3.267
914.600	209.965	3.267
914.800	209.963	3.267
915.000	209.964	3.267
915.200	209.963	3.267
915.400	209.963	3.267
915.600	209.965	3.267
915.800	209.964	3.267
916.000	209.965	3.267
916.200	209.963	3.267
916.400	209.962	3.267
916.600	209.964	3.268
916.800	209.962	3.267
917.000	209.965	3.268
917.200	209.965	3.268
917.400	209.964	3.268
917.600	209.963	3.268
917.800	209.964	3.268
918.000	209.964	3.268
918.200	209.963	3.268
918.400	209.964	3.268
918.600	209.966	3.268
918.800	209.965	3.268
919.000	209.965	3.268
919.200	209.966	3.268
919.400	209.964	3.268
919.600	209.965	3.268
919.800	209.963	3.268
920.000	209.963	3.268
920.200	209.963	3.268
920.400	209.964	3.268
920.600	209.961	3.268
920.800	209.963	3.268
921.000	209.964	3.268
921.200	209.965	3.268
921.400	209.964	3.268
921.600	209.964	3.268
921.800	209.966	3.268
922.000	209.963	3.269
922.200	209.965	3.269
922.400	209.964	3.269
922.600	209.966	3.269
922.800	209.965	3.269
923.000	209.964	3.269
923.200	209.963	3.269
923.400	209.963	3.269
923.600	209.963	3.269
923.800	209.965	3.269
924.000	209.964	3.269
924.200	209.966	3.269
924.400	209.964	3.269
924.600	209.963	3.269
924.800	209.963	3.269
925.000	209.964	3.269
925.200	209.964	3.269
925.400	209.964	3.269
925.600	209.965	3.269
925.800	209.964	3.269
926.000	209.963	3.269
926.200	209.964	3.269
926.400	209.964	3.269
926.600	209.964	3.269
926.800	209.963	3.269
927.000	209.963	3.269
927.200	209.964	3.269
927.400	209.963	3.269
927.600	209.962	3.270
927.800	209.962	3.270
928.000	209.963	3.270
928.200	209.963	3.270
928.400	209.962	3.270
928.600	209.962	3.270
928.800	209.961	3.270
929.000	209.964	3.270
929.200	209.964	3.270
929.400	209.963	3.270
929.600	209.962	3.270
929.800	209.964	3.270
930.000	209.962	3.270
930.200	209.963	3.270
930.400	209.964	3.270
930.600	209.963	3.270
930.800	209.964	3.270
931.000	209.963	3.270
931.200	209.966	3.270
931.400	209.964	3.270
931.600	209.963	3.270
931.800	209.964	3.270
932.000	209.964	3.270
932.200	209.963	3.270
932.400	209.961	3.270
932.600	209.964	3.270
932.800	209.960	3.270
933.000	209.961	3.270
933.200	209.961	3.270
933.400	209.962	3.271
933.600	209.963	3.271
933.800	209.963	3.271
934.000	209.964	3.271
934.200	209.964	3.271
934.400	209.963	3.271
934.600	209.962	3.271
934.800	209.963	3.271
935.000	209.963	3.271
935.200	209.964	3.271
935.400	209.964	3.271
935.600	209.965	3.271
935.800	209.963	3.271
936.000	209.964	3.271
936.200	209.964	3.271
936.400	209.965	3.271
936.600	209.963	3.271
936.800	209.965	3.271
937.000	209.965	3.271
937.200	209.965	3.271
937.400	209.964	3.271
937.600	209.964	3.271
937.800	209.966	3.271
938.000	209.965	3.271
938.200	209.965	3.271
938.400	209.966	3.271
938.600	209.964	3.271
938.800	209.965	3.272
939.000	209.964	3.271
939.200	209.963	3.272
939.400	209.963	3.272
939.600	209.965	3.272
939.800	209.965	3.272
940.000	209.964	3.272
940.200	209.963	3.272
940.400	209.962	3.272
940.600	209.962	3.272
940.800	209.964	3.272
941.000	209.964	3.272
941.200	209.962	3.272
941.400	209.963	3.272
941.600	209.963	3.272
941.800	209.961	3.272
942.000	209.964	3.272
942.200	209.963	3.272
942.400	209.962	3.272
942.600	209.963	3.272
942.800	209.964	3.272
943.000	209.961	3.272
943.200	209.963	3.272
943.400	209.965	3.272
943.600	209.965	3.272
943.800	209.961	3.272
944.000	209.963	3.272
944.200	209.964	3.272
944.400	209.961	3.273
944.600	209.963	3.272
944.800	209.964	3.273
945.000	209.965	3.273
945.200	209.965	3.273
945.400	209.964	3.273
945.600	209.965	3.273
945.800	209.966	3.273
946.000	209.964	3.273
946.200	209.964	3.273
946.400	209.965	3.273
946.600	209.961	3.273
946.800	209.964	3.273
947.000	209.964	3.273
947.200	209.963	3.273
947.400	209.965	3.273
947.600	209.964	3.273
947.800	209.962	3.273
948.000	209.964	3.273
948.200	209.963	3.273
948.400	209.965	3.273
948.600	209.964	3.273
948.800	209.962	3.273
949.000	209.962	3.273
949.200	209.965	3.273
949.400	209.963	3.273
949.600	209.963	3.273
949.800	209.964	3.273
950.000	209.963	3.273
950.200	209.965	3.274
950.400	209.964	3.274
950.600	209.964	3.274
950.800	209.961	3.274
951.000	209.965	3.274
951.200	209.965	3.274
951.400	209.965	3.274
951.600	209.964	3.274
951.800	209.965	3.274
952.000	209.965	3.274
952.200	209.964	3.274
952.400	209.964	3.274
952.600	209.965	3.274
952.800	209.964	3.274
953.000	209.962	3.274
953.200	209.963	3.274
953.400	209.966	3.274
953.600	209.965	3.274
953.800	209.965	3.274
954.000	209.964	3.274
954.200	209.965	3.274
954.400	209.965	3.274
954.600	209.964	3.274
954.800	209.964	3.274
955.000	209.964	3.274
955.200	209.964	3.274
955.400	209.964	3.274
955.600	209.964	3.275
955.800	209.964	3.275
956.000	209.963	3.275
956.200	209.965	3.275
956.400	209.963	3.275
956.600	209.962	3.275
956.800	209.964	3.275
957.000	209.962	3.275
957.200	209.963	3.275
957.400	209.962	3.275
957.600	209.963	3.275
957.800	209.963	3.275
958.000	209.963	3.275
958.200	209.963	3.275
958.400	209.964	3.275
958.600	209.963	3.275
958.800	209.963	3.275
959.000	209.963	3.275
959.200	209.965	3.275
959.400	209.963	3.275
959.600	209.964	3.275
959.800	209.965	3.275
960.000	209.964	3.275
960.200	209.962	3.275
960.400	209.963	3.275
960.600	209.963	3.275
960.800	209.962	3.275
961.000	209.963	3.276
961.200	209.963	3.276
961.400	209.964	3.276
961.600	209.962	3.276
961.800	209.962	3.276
962.000	209.963	3.276
962.200	209.963	3.276
962.400	209.963	3.276
962.600	209.963	3.276
962.800	209.962	3.276
963.000	209.966	3.276
963.200	209.963	3.276
963.400	209.964	3.276
963.600	209.964	3.276
963.800	209.962	3.276
964.000	209.964	3.276
964.200	209.963	3.276
964.400	209.963	3.276
964.600	209.962	3.276
964.800	209.963	3.276
965.000	209.964	3.276
965.200	209.965	3.276
965.400	209.964	3.276
965.600	209.963	3.276
965.800	209.964	3.276
966.000	209.962	3.276
966.200	209.961	3.276
966.400	209.962	3.276
966.600	209.964	3.276
966.800	209.962	3.276
967.000	209.963	3.276
967.200	209.963	3.277
967.400	209.962	3.277
967.600	209.963	3.277
967.800	209.963	3.277
968.000	209.964	3.277
968.200	209.964	3.277
968.400	209.964	3.277
968.600	209.962	3.277
968.800	209.962	3.277
969.000	209.964	3.277
969.200	209.962	3.277
969.400	209.965	3.277
969.600	209.964	3.277
969.800	209.961	3.277
970.000	209.962	3.277
970.200	209.963	3.277
970.400	209.961	3.277
970.600	209.964	3.277
970.800	209.964	3.277
971.000	209.963	3.277
971.200	209.964	3.277
971.400	209.964	3.277
971.600	209.962	3.277
971.800	209.963	3.277
972.000	209.964	3.277
972.200	209.963	3.277
972.400	209.963	3.277
972.600	209.963	3.277
972.800	209.964	3.277
973.000	209.964	3.278
973.200	209.963	3.278
973.400	209.962	3.278
973.600	209.963	3.278
973.800	209.963	3.278
974.000	209.964	3.278
974.200	209.963	3.278
974.400	209.963	3.278
974.600	209.963	3.278
974.800	209.962	3.278
975.000	209.962	3.278
975.200	209.963	3.278
975.400	209.963	3.278
975.600	209.963	3.278
975.800	209.964	3.278
976.000	209.963	3.278
976.200	209.962	3.278
976.400	209.963	3.278
976.600	209.963	3.278
976.800	209.963	3.278
977.000	209.962	3.278
977.200	209.962	3.278
977.400	209.964	3.278
977.600	209.964	3.278
977.800	209.963	3.278
978.000	209.962	3.278
978.200	209.962	3.278
978.400	209.963	3.278
978.600	209.963	3.279
978.800	209.963	3.279
979.000	209.964	3.279
979.200	209.963	3.279
979.400	209.963	3.279
979.600	209.961	3.279
979.800	209.963	3.279
980.000	209.964	3.279
980.200	209.963	3.279
980.400	209.965	3.279
980.600	209.965	3.279
980.800	209.964	3.279
981.000	209.964	3.279
981.200	209.963	3.279
981.400	209.962	3.279
981.600	209.964	3.279
981.800	209.963	3.279
982.000	209.965	3.279
982.200	209.965	3.279
982.400	209.964	3.279
982.600	209.964	3.279
982.800	209.964	3.279
983.000	209.965	3.279
983.200	209.964	3.279
983.400	209.966	3.279
983.600	209.965	3.279
983.800	209.965	3.279
984.000	209.963	3.279
984.200	209.963	3.279
984.400	209.961	3.279
984.600	209.962	3.280
984.800	209.964	3.280
985.000	209.962	3.280
985.200	209.964	3.280
985.400	209.964	3.280
985.600	209.962	3.280
985.800	209.962	3.280
986.000	209.965	3.280
986.200	209.962	3.280
986.400	209.964	3.280
986.600	209.965	3.280
986.800	209.963	3.280
987.000	209.964	3.280
987.200	209.964	3.280
987.400	209.965	3.280
987.600	209.964	3.280
987.800	209.964	3.280
988.000	209.966	3.280
988.200	209.966	3.280
988.400	209.962	3.280
988.600	209.963	3.280
988.800	209.964	3.280
989.000	209.964	3.280
989.200	209.965	3.280
989.400	209.964	3.280
989.600	209.964	3.280
989.800	209.962	3.280
990.000	209.964	3.280
990.200	209.964	3.280
990.400	209.964	3.280
990.600	209.964	3.281
990.800	209.961	3.281
991.000	209.962	3.281
991.200	209.963	3.281
991.400	209.964	3.281
991.600	209.963	3.281
991.800	209.965	3.281
992.000	209.964	3.281
992.200	209.964	3.281
992.400	209.963	3.281
992.600	209.964	3.281
992.800	209.963	3.281
993.000	209.966	3.281
993.200	209.965	3.281
993.400	209.966	3.281
993.600	209.965	3.281
993.800	209.965	3.281
994.000	209.964	3.281
994.200	209.964	3.281
994.400	209.964	3.281
994.600	209.962	3.281
994.800	209.962	3.281
995.000	209.962	3.281
995.200	209.963	3.281
995.400	209.964	3.281
995.600	209.965	3.281
995.800	209.964	3.281
996.000	209.963	3.281
996.200	209.963	3.281
996.400	209.964	3.281
996.600	209.961	3.281
996.800	209.961	3.281
997.000	209.961	3.282
997.200	209.964	3.282
997.400	209.963	3.282
997.600	209.964	3.282
997.800	209.964	3.282
998.000	209.963	3.282
998.200	209.963	3.282
998.400	209.965	3.282
998.600	209.963	3.282
998.800	209.964	3.282
999.000	209.963	3.282
999.200	209.964	3.282
999.400	209.964	3.282
999.600	209.963	3.282
999.800	209.963	3.282
1000.000	209.965	3.282
1000.200	209.964	3.282
1000.400	209.962	3.282
1000.600	209.962	3.282
1000.800	209.964	3.282
1001.000	209.965	3.282
1001.200	209.964	3.282
1001.400	209.963	3.282
1001.600	209.964	3.282
1001.800	209.964	3.282
1002.000	209.963	3.282
1002.200	209.964	3.282
1002.400	209.962	3.282
1002.600	209.964	3.282
1002.800	209.964	3.282
1003.000	209.963	3.282
1003.200	209.965	3.283
1003.400	209.965	3.283
1003.600	209.965	3.283
1003.800	209.964	3.283
1004.000	209.964	3.283
1004.200	209.963	3.283
1004.400	209.966	3.283
1004.600	209.965	3.283
1004.800	209.964	3.283
1005.000	209.964	3.283
1005.200	209.963	3.283
1005.400	209.964	3.283
1005.600	209.963	3.283
1005.800	209.964	3.283
1006.000	209.964	3.283
1006.200	209.965	3.283
1006.400	209.964	3.283
1006.600	209.965	3.283
1006.800	209.965	3.283
1007.000	209.965	3.283
1007.200	209.964	3.283
1007.400	209.964	3.283
1007.600	209.962	3.283
1007.800	209.962	3.283
1008.000	209.961	3.283
1008.200	209.961	3.283
1008.400	209.962	3.283
1008.600	209.963	3.283
1008.800	209.963	3.283
1009.000	209.964	3.283
1009.200	209.963	3.284
1009.400	209.961	3.284
1009.600	209.964	3.284
1009.800	209.962	3.284
1010.000	209.963	3.284
1010.200	209.964	3.284
1010.400	209.962	3.284
1010.600	209.962	3.284
1010.800	209.961	3.284
1011.000	209.961	3.284
1011.200	209.962	3.284
1011.400	209.963	3.284
1011.600	209.963	3.284
1011.800	209.964	3.284
1012.000	209.964	3.284
1012.200	209.963	3.284
1012.400	209.963	3.284
1012.600	209.963	3.284
1012.800	209.963	3.284
1013.000	209.963	3.284
1013.200	209.962	3.284
1013.400	209.965	3.284
1013.600	209.963	3.284
1013.800	209.962	3.284
1014.000	209.965	3.284
1014.200	209.962	3.284
1014.400	209.962	3.284
1014.600	209.963	3.284
1014.800	209.963	3.284
1015.000	209.962	3.285
1015.200	209.963	3.285
1015.400	209.964	3.285
1015.600	209.961	3.285
1015.800	209.964	3.285
1016.000	209.964	3.285
1016.200	209.965	3.285
1016.400	209.962	3.285
1016.600	209.962	3.285
1016.800	209.963	3.285
1017.000	209.961	3.285
1017.200	209.961	3.285
1017.400	209.962	3.285
1017.600	209.961	3.285
1017.800	209.963	3.285
1018.000	209.965	3.285
1018.200	209.963	3.285
1018.400	209.962	3.285
1018.600	209.962	3.285
1018.800	209.961	3.285
1019.000	209.962	3.285
1019.200	209.961	3.285
1019.400	209.961	3.285
1019.600	209.963	3.285
1019.800	209.962	3.285
1020.000	209.965	3.285
1020.200	209.964	3.285
1020.400	209.963	3.285
1020.600	209.964	3.286
1020.800	209.965	3.286
1021.000	209.965	3.286
1021.200	209.964	3.286
1021.400	209.966	3.286
1021.600	209.964	3.286
1021.800	209.963	3.286
1022.000	209.966	3.286
1022.200	209.965	3.286
1022.400	209.964	3.286
1022.600	209.966	3.286
1022.800	209.964	3.286
1023.000	209.963	3.286
1023.200	209.965	3.286
1023.400	209.967	3.286
1023.600	209.966	3.286
1023.800	209.966	3.286
1024.000	209.964	3.286
1024.200	209.965	3.286
1024.400	209.964	3.286
1024.600	209.965	3.286
1024.800	209.967	3.286
1025.000	209.965	3.286
1025.200	209.965	3.286
1025.400	209.965	3.286
1025.600	209.965	3.286
1025.800	209.965	3.286
1026.000	209.965	3.286
1026.200	209.965	3.287
1026.400	209.965	3.287
1026.600	209.964	3.287
1026.800	209.964	3.287
1027.000	209.964	3.287
1027.200	209.966	3.287
1027.400	209.965	3.287
1027.600	209.963	3.287
1027.800	209.965	3.287
1028.000	209.965	3.287
1028.200	209.965	3.287
1028.400	209.964	3.287
1028.600	209.965	3.287
1028.800	209.963	3.287
1029.000	209.964	3.287
1029.200	209.964	3.287
1029.400	209.966	3.287
1029.600	209.964	3.287
1029.800	209.963	3.287
1030.000	209.964	3.287
1030.200	209.963	3.287
1030.400	209.963	3.287
1030.600	209.963	3.287
1030.800	209.962	3.287
1031.000	209.965	3.287
1031.200	209.965	3.287
1031.400	209.964	3.287
1031.600	209.964	3.287
1031.800	209.964	3.287
1032.000	209.963	3.287
1032.200	209.965	3.288
1032.400	209.966	3.288
1032.600	209.965	3.288
1032.800	209.965	3.288
1033.000	209.963	3.288
1033.200	209.964	3.288
1033.400	209.965	3.288
1033.600	209.964	3.288
1033.800	209.963	3.288
1034.000	209.964	3.288
1034.200	209.965	3.288
1034.400	209.965	3.288
1034.600	209.965	3.288
1034.800	209.965	3.288
1035.000	209.965	3.288
1035.200	209.965	3.288
1035.400	209.965	3.288
1035.600	209.964	3.288
1035.800	209.965	3.288
1036.000	209.966	3.288
1036.200	209.965	3.288
1036.400	209.964	3.288
1036.600	209.965	3.288
1036.800	209.965	3.288
1037.000	209.963	3.288
1037.200	209.962	3.288
1037.400	209.964	3.288
1037.600	209.965	3.288
1037.800	209.964	3.288
1038.000	209.963	3.288
1038.200	209.964	3.288
1038.400	209.962	3.289
1038.600	209.963	3.289
1038.800	209.962	3.289
1039.000	209.961	3.289
1039.200	209.962	3.289
1039.400	209.962	3.289
1039.600	209.963	3.289
1039.800	209.964	3.289
1040.000	209.961	3.289
1040.200	209.964	3.289
1040.400	209.962	3.289
1040.600	209.964	3.289
1040.800	209.964	3.289
1041.000	209.963	3.289
1041.200	209.963	3.289
1041.400	209.964	3.289
1041.600	209.964	3.289
1041.800	209.964	3.289
1042.000	209.964	3.289
1042.200	209.965	3.289
1042.400	209.964	3.289
1042.600	209.964	3.289
1042.800	209.965	3.289
1043.000	209.963	3.289
1043.200	209.964	3.289
1043.400	209.965	3.289
1043.600	209.964	3.289
1043.800	209.966	3.289
1044.000	209.965	3.289
1044.200	209.965	3.290
1044.400	209.964	3.290
1044.600	209.965	3.290
1044.800	209.964	3.290
1045.000	209.965	3.290
1045.200	209.964	3.290
1045.400	209.966	3.290
1045.600	209.964	3.290
1045.800	209.964	3.290
1046.000	209.967	3.290
1046.200	209.966	3.290
1046.400	209.965	3.290
1046.600	209.965	3.290
1046.800	209.965	3.290
1047.000	209.964	3.290
1047.200	209.965	3.290
1047.400	209.965	3.290
1047.600	209.963	3.290
1047.800	209.965	3.290
1048.000	209.963	3.290
1048.200	209.964	3.290
1048.400	209.964	3.290
1048.600	209.962	3.290
1048.800	209.964	3.290
1049.000	209.965	3.290
1049.200	209.967	3.290
1049.400	209.964	3.290
1049.600	209.962	3.290
1049.800	209.964	3.291
1050.000	209.965	3.290
1050.200	209.963	3.291
1050.400	209.964	3.291
1050.600	209.962	3.291
1050.800	209.963	3.291
1051.000	209.962	3.291
1051.200	209.963	3.291
1051.400	209.963	3.291
1051.600	209.964	3.291
1051.800	209.963	3.291
1052.000	209.963	3.291
1052.200	209.963	3.291
1052.400	209.965	3.291
1052.600	209.965	3.291
1052.800	209.965	3.291
1053.000	209.963	3.291
1053.200	209.964	3.291
1053.400	209.964	3.291
1053.600	209.962	3.291
1053.800	209.963	3.291
1054.000	209.964	3.291
1054.200	209.965	3.291
1054.400	209.964	3.291
1054.600	209.964	3.291
1054.800	209.964	3.291
1055.000	209.963	3.291
1055.200	209.963	3.291
1055.400	209.964	3.291
1055.600	209.964	3.291
1055.800	209.964	3.291
1056.000	209.964	3.291
1056.200	209.965	3.292
1056.400	209.965	3.292
1056.600	209.963	3.292
1056.800	209.963	3.292
1057.000	209.965	3.292
1057.200	209.963	3.292
1057.400	209.964	3.292
1057.600	209.963	3.292
1057.800	209.963	3.292
1058.000	209.965	3.292
1058.200	209.967	3.292
1058.400	209.965	3.292
1058.600	209.965	3.292
1058.800	209.965	3.292
1059.000	209.964	3.292
1059.200	209.966	3.292
1059.400	209.963	3.292
1059.600	209.964	3.292
1059.800	209.964	3.292
1060.000	209.964	3.292
1060.200	209.964	3.292
1060.400	209.964	3.292
1060.600	209.965	3.292
1060.800	209.964	3.292
1061.000	209.964	3.292
1061.200	209.965	3.292
1061.400	209.964	3.292
1061.600	209.965	3.292
1061.800	209.965	3.292
1062.000	209.963	3.292
1062.200	209.964	3.292
1062.400	209.964	3.293
1062.600	209.965	3.293
1062.800	209.967	3.293
1063.000	209.965	3.293
1063.200	209.966	3.293
1063.400	209.965	3.293
1063.600	209.964	3.293
1063.800	209.964	3.293
1064.000	209.965	3.293
1064.200	209.965	3.293
1064.400	209.965	3.293
1064.600	209.963	3.293
1064.800	209.965	3.293
1065.000	209.965	3.293
1065.200	209.965	3.293
1065.400	209.963	3.293
1065.600	209.965	3.293
1065.800	209.964	3.293
1066.000	209.965	3.293
1066.200	209.964	3.293
1066.400	209.966	3.293
1066.600	209.964	3.293
1066.800	209.966	3.293
1067.000	209.965	3.293
1067.200	209.963	3.293
1067.400	209.963	3.293
1067.600	209.963	3.293
1067.800	209.964	3.293
1068.000	209.964	3.293
1068.200	209.964	3.293
1068.400	209.963	3.293
1068.600	209.964	3.293
1068.800	209.965	3.294
1069.000	209.967	3.294
1069.200	209.964	3.294
1069.400	209.965	3.294
1069.600	209.964	3.294
1069.800	209.967	3.294
1070.000	209.969	3.294
1070.200	209.965	3.294
1070.400	209.964	3.294
1070.600	209.967	3.294
1070.800	209.966	3.294
1071.000	209.966	3.294
1071.200	209.964	3.294
1071.400	209.962	3.294
1071.600	209.964	3.294
1071.800	209.966	3.294
1072.000	209.964	3.294
1072.200	209.965	3.294
1072.400	209.963	3.294
1072.600	209.965	3.294
1072.800	209.964	3.294
1073.000	209.965	3.294
1073.200	209.964	3.294
1073.400	209.962	3.294
1073.600	209.965	3.294
1073.800	209.964	3.294
1074.000	209.964	3.294
1074.200	209.965	3.294
1074.400	209.966	3.295
1074.600	209.968	3.295
1074.800	209.965	3.295
1075.000	209.966	3.295
1075.200	209.965	3.295
1075.400	209.965	3.295
1075.600	209.964	3.295
1075.800	209.962	3.295
1076.000	209.963	3.295
1076.200	209.963	3.295
1076.400	209.964	3.295
1076.600	209.966	3.295
1076.800	209.965	3.295
1077.000	209.963	3.295
1077.200	209.967	3.295
1077.400	209.967	3.295
1077.600	209.967	3.295
1077.800	209.966	3.295
1078.000	209.965	3.295
1078.200	209.965	3.295
1078.400	209.966	3.295
1078.600	209.965	3.295
1078.800	209.964	3.295
1079.000	209.964	3.295
1079.200	209.966	3.295
1079.400	209.966	3.295
1079.600	209.967	3.295
1079.800	209.967	3.295
1080.000	209.966	3.295
1080.200	209.964	3.295
1080.400	209.965	3.295
1080.600	209.964	3.295
1080.800	209.965	3.295
1081.000	209.967	3.296
1081.200	209.964	3.296
1081.400	209.963	3.296
1081.600	209.967	3.296
1081.800	209.965	3.296
1082.000	209.965	3.296
1082.200	209.966	3.296
1082.400	209.965	3.296
1082.600	209.965	3.296
1082.800	209.965	3.296
1083.000	209.965	3.296
1083.200	209.963	3.296
1083.400	209.962	3.296
1083.600	209.964	3.296
1083.800	209.963	3.296
1084.000	209.963	3.296
1084.200	209.963	3.296
1084.400	209.964	3.296
1084.600	209.964	3.296
1084.800	209.963	3.296
1085.000	209.964	3.296
1085.200	209.965	3.296
1085.400	209.964	3.296
1085.600	209.964	3.296
1085.800	209.965	3.296
1086.000	209.963	3.296
1086.200	209.961	3.296
1086.400	209.962	3.296
1086.600	209.963	3.296
1086.800	209.965	3.296
1087.000	209.966	3.297
1087.200	209.966	3.297
1087.400	209.964	3.297
1087.600	209.963	3.297
1087.800	209.966	3.297
1088.000	209.964	3.297
1088.200	209.965	3.297
1088.400	209.966	3.297
1088.600	209.965	3.297
1088.800	209.966	3.297
1089.000	209.965	3.297
1089.200	209.963	3.297
1089.400	209.964	3.297
1089.600	209.964	3.297
1089.800	209.963	3.297
1090.000	209.965	3.297
1090.200	209.965	3.297
1090.400	209.964	3.297
1090.600	209.964	3.297
1090.800	209.964	3.297
1091.000	209.961	3.297
1091.200	209.963	3.297
1091.400	209.963	3.297
1091.600	209.962	3.297
1091.800	209.963	3.297
1092.000	209.961	3.297
1092.200	209.962	3.297
1092.400	209.963	3.297
1092.600	209.963	3.297
1092.800	209.961	3.297
1093.000	209.963	3.297
1093.200	209.962	3.297
1093.400	209.963	3.298
1093.600	209.963	3.298
1093.800	209.962	3.298
1094.000	209.962	3.298
1094.200	209.964	3.298
1094.400	209.964	3.298
1094.600	209.964	3.298
1094.800	209.962	3.298
1095.000	209.962	3.298
1095.200	209.963	3.298
1095.400	209.963	3.298
1095.600	209.964	3.298
1095.800	209.961	3.298
1096.000	209.962	3.298
1096.200	209.963	3.298
1096.400	209.963	3.298
1096.600	209.962	3.298
1096.800	209.963	3.298
1097.000	209.962	3.298
1097.200	209.963	3.298
1097.400	209.962	3.298
1097.600	209.964	3.298
1097.800	209.965	3.298
1098.000	209.965	3.298
1098.200	209.963	3.298
1098.400	209.962	3.298
1098.600	209.963	3.298
1098.800	209.965	3.298
1099.000	209.966	3.299
1099.200	209.966	3.299
1099.400	209.966	3.299
1099.600	209.964	3.299
1099.800	209.964	3.299
1100.000	209.962	3.299
1100.200	209.965	3.299
1100.400	209.964	3.299
1100.600	209.966	3.299
1100.800	209.964	3.299
1101.000	209.965	3.299
1101.200	209.968	3.299
1101.400	209.963	3.299
1101.600	209.965	3.299
1101.800	209.963	3.299
1102.000	209.964	3.299
1102.200	209.965	3.299
1102.400	209.965	3.299
1102.600	209.964	3.299
1102.800	209.964	3.299
1103.000	209.965	3.299
1103.200	209.963	3.299
1103.400	209.966	3.299
1103.600	209.965	3.299
1103.800	209.964	3.299
1104.000	209.965	3.299
1104.200	209.964	3.299
1104.400	209.964	3.299
1104.600	209.963	3.299
1104.800	209.963	3.299
1105.000	209.964	3.300
1105.200	209.963	3.300
1105.400	209.962	3.300
1105.600	209.965	3.300
1105.800	209.964	3.300
1106.000	209.964	3.300
1106.200	209.962	3.300
1106.400	209.961	3.300
1106.600	209.964	3.300
1106.800	209.962	3.300
1107.000	209.963	3.300
1107.200	209.964	3.300
1107.400	209.964	3.300
1107.600	209.964	3.300
1107.800	209.964	3.300
1108.000	209.963	3.300
1108.200	209.965	3.300
1108.400	209.964	3.300
1108.600	209.964	3.300
1108.800	209.964	3.300
1109.000	209.964	3.300
1109.200	209.964	3.300
1109.400	209.963	3.300
1109.600	209.965	3.300
1109.800	209.966	3.300
1110.000	209.965	3.300
1110.200	209.964	3.300
1110.400	209.965	3.300
1110.600	209.963	3.300
1110.800	209.965	3.300
1111.000	209.965	3.300
1111.200	209.964	3.300
1111.400	209.964	3.300
1111.600	209.964	3.301
1111.800	209.964	3.301
1112.000	209.963	3.301
1112.200	209.966	3.301
1112.400	209.964	3.301
1112.600	209.964	3.301
1112.800	209.963	3.301
1113.000	209.963	3.301
1113.200	209.965	3.301
1113.400	209.964	3.301
1113.600	209.961	3.301
1113.800	209.961	3.301
1114.000	209.963	3.301
1114.200	209.965	3.301
1114.400	209.963	3.301
1114.600	209.966	3.301
1114.800	209.965	3.301
1115.000	209.964	3.301
1115.200	209.965	3.301
1115.400	209.963	3.301
1115.600	209.962	3.301
1115.800	209.963	3.301
1116.000	209.961	3.301
1116.200	209.963	3.301
1116.400	209.965	3.301
1116.600	209.966	3.301
1116.800	209.965	3.301
1117.000	209.965	3.301
1117.200	209.965	3.301
1117.400	209.962	3.301
1117.600	209.965	3.301
1117.800	209.964	3.301
1118.000	209.963	3.302
1118.200	209.965	3.302
1118.400	209.963	3.302
1118.600	209.964	3.302
1118.800	209.964	3.302
1119.000	209.965	3.302
1119.200	209.964	3.302
1119.400	209.965	3.302
1119.600	209.966	3.302
1119.800	209.963	3.302
1120.000	209.964	3.302
1120.200	209.967	3.302
1120.400	209.964	3.302
1120.600	209.965	3.302
1120.800	209.966	3.302
1121.000	209.965	3.302
1121.200	209.967	3.302
1121.400	209.965	3.302
1121.600	209.965	3.302
1121.800	209.966	3.302
1122.000	209.965	3.302
1122.200	209.966	3.302
1122.400	209.964	3.302
1122.600	209.965	3.302
1122.800	209.965	3.302
1123.000	209.966	3.302
1123.200	209.967	3.302
1123.400	209.968	3.302
1123.600	209.967	3.302
1123.800	209.966	3.302
1124.000	209.968	3.303
1124.200	209.964	3.303
1124.400	209.967	3.303
1124.600	209.966	3.303
1124.800	209.967	3.303
1125.000	209.967	3.303
1125.200	209.966	3.303
1125.400	209.966	3.303
1125.600	209.966	3.303
1125.800	209.968	3.303
1126.000	209.967	3.303
1126.200	209.966	3.303
1126.400	209.966	3.303
1126.600	209.967	3.303
1126.800	209.966	3.303
1127.000	209.966	3.303
1127.200	209.966	3.303
1127.400	209.966	3.303
1127.600	209.967	3.303
1127.800	209.966	3.303
1128.000	209.965	3.303
1128.200	209.967	3.303
1128.400	209.968	3.303
1128.600	209.968	3.303
1128.800	209.968	3.303
1129.000	209.968	3.303
1129.200	209.967	3.303
1129.400	209.965	3.303
1129.600	209.968	3.303
1129.800	209.966	3.303
1130.000	209.967	3.303
1130.200	209.968	3.304
1130.400	209.967	3.304
1130.600	209.965	3.304
1130.800	209.967	3.304
1131.000	209.967	3.304
1131.200	209.965	3.304
1131.400	209.967	3.304
1131.600	209.967	3.304
1131.800	209.967	3.304
1132.000	209.968	3.304
1132.200	209.969	3.304
1132.400	209.968	3.304
1132.600	209.969	3.304
1132.800	209.967	3.304
1133.000	209.966	3.304
1133.200	209.967	3.304
1133.400	209.967	3.304
1133.600	209.967	3.304
1133.800	209.965	3.304
1134.000	209.967	3.304
1134.200	209.966	3.304
1134.400	209.967	3.304
1134.600	209.966	3.304
1134.800	209.967	3.304
1135.000	209.968	3.304
1135.200	209.968	3.304
1135.400	209.965	3.304
1135.600	209.967	3.304
1135.800	209.968	3.304
1136.000	209.968	3.304
1136.200	209.967	3.304
1136.400	209.966	3.304
1136.600	209.967	3.304
1136.800	209.966	3.304
1137.000	209.964	3.305
1137.200	209.967	3.305
1137.400	209.965	3.305
1137.600	209.966	3.305
1137.800	209.965	3.305
1138.000	209.965	3.305
1138.200	209.966	3.305
1138.400	209.967	3.305
1138.600	209.966	3.305
1138.800	209.965	3.305
1139.000	209.967	3.305
1139.200	209.967	3.305
1139.400	209.966	3.305
1139.600	209.967	3.305
1139.800	209.968	3.305
1140.000	209.967	3.305
1140.200	209.967	3.305
1140.400	209.967	3.305
1140.600	209.968	3.305
1140.800	209.967	3.305
1141.000	209.967	3.305
1141.200	209.968	3.305
1141.400	209.966	3.305
1141.600	209.967	3.305
1141.800	209.969	3.305
1142.000	209.969	3.305
1142.200	209.966	3.305
1142.400	209.970	3.305
1142.600	209.967	3.305
1142.800	209.967	3.305
1143.000	209.969	3.305
1143.200	209.968	3.305
1143.400	209.970	3.305
1143.600	209.969	3.306
1143.800	209.969	3.306
1144.000	209.970	3.306
1144.200	209.970	3.306
1144.400	209.970	3.306
1144.600	209.971	3.306
1144.800	209.972	3.306
1145.000	209.971	3.306
1145.200	209.969	3.306
1145.400	209.969	3.306
1145.600	209.971	3.306
1145.800	209.970	3.306
1146.000	209.968	3.306
1146.200	209.969	3.306
1146.400	209.969	3.306
1146.600	209.968	3.306
1146.800	209.969	3.306
1147.000	209.968	3.306
1147.200	209.970	3.306
1147.400	209.970	3.306
1147.600	209.972	3.306
1147.800	209.970	3.306
1148.000	209.968	3.306
1148.200	209.966	3.306
1148.400	209.967	3.306
1148.600	209.965	3.306
1148.800	209.968	3.306
1149.000	209.969	3.306
1149.200	209.968	3.306
1149.400	209.969	3.306
1149.600	209.967	3.306
1149.800	209.968	3.307
1150.000	209.970	3.307
1150.200	209.969	3.307
1150.400	209.968	3.307
1150.600	209.968	3.307
1150.800	209.967	3.307
1151.000	209.967	3.307
1151.200	209.968	3.307
1151.400	209.967	3.307
1151.600	209.967	3.307
1151.800	209.968	3.307
1152.000	209.969	3.307
1152.200	209.968	3.307
1152.400	209.966	3.307
1152.600	209.967	3.307
1152.800	209.966	3.307
1153.000	209.966	3.307
1153.200	209.966	3.307
1153.400	209.968	3.307
1153.600	209.967	3.307
1153.800	209.966	3.307
1154.000	209.966	3.307
1154.200	209.966	3.307
1154.400	209.965	3.307
1154.600	209.967	3.307
1154.800	209.967	3.307
1155.000	209.966	3.307
1155.200	209.968	3.307
1155.400	209.967	3.307
1155.600	209.967	3.307
1155.800	209.967	3.307
1156.000	209.965	3.307
1156.200	209.965	3.307
1156.400	209.965	3.307
1156.600	209.967	3.307
1156.800	209.967	3.307
1157.000	209.968	3.307
1157.200	209.964	3.307
1157.400	209.968	3.308
1157.600	209.969	3.308
1157.800	209.966	3.308
1158.000	209.967	3.308
1158.200	209.966	3.308
1158.400	209.965	3.308
1158.600	209.966	3.308
1158.800	209.965	3.308
1159.000	209.964	3.308
1159.200	209.965	3.308
1159.400	209.965	3.308
1159.600	209.965	3.308
1159.800	209.965	3.308
1160.000	209.966	3.308
1160.200	209.966	3.308
1160.400	209.963	3.308
1160.600	209.964	3.308
1160.800	209.964	3.308
1161.000	209.965	3.308
1161.200	209.966	3.308
1161.400	209.964	3.308
1161.600	209.966	3.308
1161.800	209.965	3.308
1162.000	209.964	3.308
1162.200	209.966	3.308
1162.400	209.965	3.308
1162.600	209.965	3.308
1162.800	209.965	3.308
1163.000	209.964	3.308
1163.200	209.964	3.308
1163.400	209.963	3.308
1163.600	209.965	3.308
1163.800	209.965	3.309
1164.000	209.964	3.309
1164.200	209.964	3.309
1164.400	209.965	3.309
1164.600	209.965	3.309
1164.800	209.965	3.309
1165.000	209.965	3.309
1165.200	209.966	3.309
1165.400	209.966	3.309
1165.600	209.964	3.309
1165.800	209.965	3.309
1166.000	209.964	3.309
1166.200	209.964	3.309
1166.400	209.967	3.309
1166.600	209.965	3.309
1166.800	209.965	3.309
1167.000	209.964	3.309
1167.200	209.963	3.309
1167.400	209.963	3.309
1167.600	209.962	3.309
1167.800	209.964	3.309
1168.000	209.963	3.309
1168.200	209.964	3.309
1168.400	209.964	3.309
1168.600	209.963	3.309
1168.800	209.963	3.309
1169.000	209.964	3.309
1169.200	209.962	3.309
1169.400	209.961	3.309
1169.600	209.963	3.309
1169.800	209.963	3.310
1170.000	209.963	3.309
1170.200	209.962	3.310
1170.400	209.964	3.310
1170.600	209.963	3.310
1170.800	209.965	3.310
1171.000	209.964	3.310
1171.200	209.964	3.310
1171.400	209.963	3.310
1171.600	209.963	3.310
1171.800	209.963	3.310
1172.000	209.963	3.310
1172.200	209.962	3.310
1172.400	209.962	3.310
1172.600	209.965	3.310
1172.800	209.963	3.310
1173.000	209.963	3.310
1173.200	209.962	3.310
1173.400	209.962	3.310
1173.600	209.962	3.310
1173.800	209.964	3.310
1174.000	209.963	3.310
1174.200	209.962	3.310
1174.400	209.964	3.310
1174.600	209.964	3.310
1174.800	209.963	3.310
1175.000	209.963	3.310
1175.200	209.963	3.310
1175.400	209.964	3.310
1175.600	209.965	3.310
1175.800	209.965	3.310
1176.000	209.962	3.310
1176.200	209.962	3.310
1176.400	209.962	3.310
1176.600	209.964	3.311
1176.800	209.963	3.311
1177.000	209.963	3.311
1177.200	209.962	3.311
1177.400	209.962	3.311
1177.600	209.964	3.311
1177.800	209.960	3.311
1178.000	209.962	3.311
1178.200	209.961	3.311
1178.400	209.962	3.311
1178.600	209.963	3.311
1178.800	209.962	3.311
1179.000	209.962	3.311
1179.200	209.960	3.311
1179.400	209.959	3.311
1179.600	209.962	3.311
1179.800	209.962	3.311
1180.000	209.962	3.311
1180.200	209.960	3.311
1180.400	209.959	3.311
1180.600	209.960	3.311
1180.800	209.962	3.311
1181.000	209.961	3.311
1181.200	209.960	3.311
1181.400	209.963	3.311
1181.600	209.961	3.311
1181.800	209.962	3.311
1182.000	209.959	3.311
1182.200	209.959	3.311
1182.400	209.959	3.311
1182.600	209.960	3.311
1182.800	209.961	3.311
1183.000	209.961	3.311
1183.200	209.961	3.312
1183.400	209.961	3.312
1183.600	209.960	3.312
1183.800	209.961	3.312
1184.000	209.959	3.312
1184.200	209.959	3.312
1184.400	209.961	3.312
1184.600	209.962	3.312
1184.800	209.962	3.312
1185.000	209.962	3.312
1185.200	209.962	3.312
1185.400	209.962	3.312
1185.600	209.964	3.312
1185.800	209.962	3.312
1186.000	209.964	3.312
1186.200	209.964	3.312
1186.400	209.963	3.312
1186.600	209.965	3.312
1186.800	209.963	3.312
1187.000	209.963	3.312
1187.200	209.963	3.312
1187.400	209.962	3.312
1187.600	209.963	3.312
1187.800	209.962	3.312
1188.000	209.964	3.312
1188.200	209.964	3.312
1188.400	209.962	3.312
1188.600	209.965	3.312
1188.800	209.964	3.312
1189.000	209.966	3.312
1189.200	209.964	3.312
1189.400	209.965	3.313
1189.600	209.963	3.312
1189.800	209.965	3.313
1190.000	209.966	3.313
1190.200	209.962	3.313
1190.400	209.963	3.313
1190.600	209.963	3.313
1190.800	209.963	3.313
1191.000	209.963	3.313
1191.200	209.965	3.313
1191.400	209.963	3.313
1191.600	209.966	3.313
1191.800	209.964	3.313
1192.000	209.965	3.313
1192.200	209.966	3.313
1192.400	209.963	3.313
1192.600	209.963	3.313
1192.800	209.963	3.313
1193.000	209.964	3.313
1193.200	209.962	3.313
1193.400	209.962	3.313
1193.600	209.962	3.313
1193.800	209.963	3.313
1194.000	209.963	3.313
1194.200	209.963	3.313
1194.400	209.964	3.313
1194.600	209.964	3.313
1194.800	209.965	3.313
1195.000	209.965	3.313
1195.200	209.965	3.313
1195.400	209.964	3.313
1195.600	209.964	3.313
1195.800	209.963	3.313
1196.000	209.965	3.313
1196.200	209.963	3.313
1196.400	209.963	3.313
1196.600	209.965	3.313
1196.800	209.963	3.313
1197.000	209.962	3.313
1197.200	209.961	3.314
1197.400	209.963	3.314
1197.600	209.964	3.314
1197.800	209.965	3.314
1198.000	209.964	3.314
1198.200	209.961	3.314
1198.400	209.962	3.314
1198.600	209.964	3.314
1198.800	209.963	3.314
1199.000	209.963	3.314
1199.200	209.964	3.314
1199.400	209.963	3.314
1199.600	209.963	3.314
1199.800	209.963	3.314
1200.000	209.963	3.314
1200.200	209.964	3.314
1200.400	209.963	3.314
1200.600	209.965	3.314
1200.800	209.963	3.314
1201.000	209.963	3.314
1201.200	209.962	3.314
1201.400	209.962	3.314
1201.600	209.965	3.314
1201.800	209.966	3.314
1202.000	209.964	3.314
1202.200	209.964	3.314
1202.400	209.965	3.314
1202.600	209.963	3.314
1202.800	209.965	3.315
1203.000	209.965	3.315
1203.200	209.963	3.314
1203.400	209.965	3.315
1203.600	209.966	3.315
1203.800	209.965	3.315
1204.000	209.963	3.315
1204.200	209.965	3.315
1204.400	209.965	3.315
1204.600	209.965	3.315
1204.800	209.967	3.315
1205.000	209.966	3.315
1205.200	209.964	3.315
1205.400	209.965	3.315
1205.600	209.966	3.315
1205.800	209.965	3.315
1206.000	209.967	3.315
1206.200	209.968	3.315
1206.400	209.965	3.315
1206.600	209.966	3.315
1206.800	209.966	3.315
1207.000	209.967	3.315
1207.200	209.966	3.315
1207.400	209.966	3.315
1207.600	209.966	3.315
1207.800	209.965	3.315
1208.000	209.967	3.315
1208.200	209.967	3.315
1208.400	209.966	3.315
1208.600	209.966	3.315
1208.800	209.966	3.315
1209.000	209.965	3.315
1209.200	209.966	3.315
1209.400	209.964	3.315
1209.600	209.964	3.315
1209.800	209.964	3.316
1210.000	209.965	3.316
1210.200	209.965	3.316
1210.400	209.966	3.316
1210.600	209.965	3.316
1210.800	209.964	3.316
1211.000	209.964	3.316
1211.200	209.962	3.316
1211.400	209.964	3.316
1211.600	209.964	3.316
1211.800	209.965	3.316
1212.000	209.962	3.316
1212.200	209.964	3.316
1212.400	209.966	3.316
1212.600	209.966	3.316
1212.800	209.965	3.316
1213.000	209.966	3.316
1213.200	209.964	3.316
1213.400	209.965	3.316
1213.600	209.966	3.316
1213.800	209.965	3.316
1214.000	209.964	3.316
1214.200	209.965	3.316
1214.400	209.964	3.316
1214.600	209.965	3.316
1214.800	209.966	3.316
1215.000	209.966	3.316
1215.200	209.966	3.316
1215.400	209.966	3.316
1215.600	209.966	3.316
1215.800	209.966	3.316
1216.000	209.962	3.316
1216.200	209.966	3.317
1216.400	209.964	3.317
1216.600	209.965	3.317
1216.800	209.966	3.317
1217.000	209.966	3.317
1217.200	209.966	3.317
1217.400	209.966	3.317
1217.600	209.966	3.317
1217.800	209.965	3.317
1218.000	209.965	3.317
1218.200	209.966	3.317
1218.400	209.967	3.317
1218.600	209.966	3.317
1218.800	209.967	3.317
1219.000	209.966	3.317
1219.200	209.966	3.317
1219.400	209.967	3.317
1219.600	209.965	3.317
1219.800	209.968	3.317
1220.000	209.968	3.317
1220.200	209.969	3.317
1220.400	209.969	3.317
1220.600	209.967	3.317
1220.800	209.968	3.317
1221.000	209.966	3.317
1221.200	209.966	3.317
1221.400	209.968	3.317
1221.600	209.966	3.317
1221.800	209.967	3.317
1222.000	209.966	3.317
1222.200	209.968	3.317
1222.400	209.969	3.317
1222.600	209.970	3.318
1222.800	209.968	3.318
1223.000	209.969	3.318
1223.200	209.969	3.318
1223.400	209.968	3.318
1223.600	209.968	3.318
1223.800	209.968	3.318
1224.000	209.968	3.318
1224.200	209.967	3.318
1224.400	209.965	3.318
1224.600	209.966	3.318
1224.800	209.965	3.318
1225.000	209.966	3.318
1225.200	209.964	3.318
1225.400	209.966	3.318
1225.600	209.968	3.318
1225.800	209.967	3.318
1226.000	209.968	3.318
1226.200	209.968	3.318
1226.400	209.969	3.318
1226.600	209.968	3.318
1226.800	209.968	3.318
1227.000	209.968	3.318
1227.200	209.967	3.318
1227.400	209.967	3.318
1227.600	209.967	3.318
1227.800	209.967	3.318
1228.000	209.966	3.318
1228.200	209.967	3.318
1228.400	209.967	3.318
1228.600	209.967	3.318
1228.800	209.967	3.318
1229.000	209.968	3.318
1229.200	209.966	3.318
1229.400	209.966	3.318
1229.600	209.966	3.319
1229.800	209.967	3.319
1230.000	209.966	3.319
1230.200	209.968	3.319
1230.400	209.966	3.319
1230.600	209.967	3.319
1230.800	209.966	3.319
1231.000	209.967	3.319
1231.200	209.967	3.319
1231.400	209.966	3.319
1231.600	209.969	3.319
1231.800	209.967	3.319
1232.000	209.967	3.319
1232.200	209.966	3.319
1232.400	209.966	3.319
1232.600	209.966	3.319
1232.800	209.966	3.319
1233.000	209.966	3.319
1233.200	209.967	3.319
1233.400	209.966	3.319
1233.600	209.968	3.319
1233.800	209.968	3.319
1234.000	209.967	3.319
1234.200	209.969	3.319
1234.400	209.965	3.319
1234.600	209.965	3.319
1234.800	209.965	3.319
1235.000	209.964	3.319
1235.200	209.966	3.319
1235.400	209.965	3.319
1235.600	209.965	3.319
1235.800	209.965	3.319
1236.000	209.966	3.319
1236.200	209.966	3.319
1236.400	209.964	3.319
1236.600	209.964	3.319
1236.800	209.965	3.319
1237.000	209.966	3.320
1237.200	209.964	3.320
1237.400	209.966	3.320
1237.600	209.965	3.320
1237.800	209.964	3.320
1238.000	209.967	3.320
1238.200	209.965	3.320
1238.400	209.967	3.320
1238.600	209.966	3.320
1238.800	209.967	3.320
1239.000	209.965	3.320
1239.200	209.966	3.320
1239.400	209.965	3.320
1239.600	209.967	3.320
1239.800	209.964	3.320
1240.000	209.965	3.320
1240.200	209.964	3.320
1240.400	209.965	3.320
1240.600	209.963	3.320
1240.800	209.965	3.320
1241.000	209.964	3.320
1241.200	209.966	3.320
1241.400	209.966	3.320
1241.600	209.964	3.320
1241.800	209.966	3.320
1242.000	209.966	3.320
1242.200	209.964	3.320
1242.400	209.964	3.320
1242.600	209.965	3.320
1242.800	209.966	3.320
1243.000	209.965	3.320
1243.200	209.967	3.320
1243.400	209.965	3.320
1243.600	209.967	3.320
1243.800	209.964	3.320
1244.000	209.964	3.320
1244.200	209.965	3.321
1244.400	209.965	3.321
1244.600	209.966	3.321
1244.800	209.965	3.321
1245.000	209.965	3.321
1245.200	209.965	3.321
1245.400	209.964	3.321
1245.600	209.964	3.321
1245.800	209.964	3.321
1246.000	209.965	3.321
1246.200	209.964	3.321
1246.400	209.965	3.321
1246.600	209.965	3.321
1246.800	209.966	3.321
1247.000	209.965	3.321
1247.200	209.964	3.321
1247.400	209.964	3.321
1247.600	209.964	3.321
1247.800	209.966	3.321
1248.000	209.965	3.321
1248.200	209.965	3.321
1248.400	209.964	3.321
1248.600	209.963	3.321
1248.800	209.965	3.321
1249.000	209.966	3.321
1249.200	209.967	3.321
1249.400	209.967	3.321
1249.600	209.966	3.321
1249.800	209.967	3.321
1250.000	209.967	3.321
1250.200	209.966	3.321
1250.400	209.966	3.322
1250.600	209.964	3.321
1250.800	209.966	3.322
1251.000	209.965	3.322
1251.200	209.965	3.322
1251.400	209.965	3.322
1251.600	209.964	3.322
1251.800	209.963	3.322
1252.000	209.964	3.322
1252.200	209.964	3.322
1252.400	209.964	3.322
1252.600	209.965	3.322
1252.800	209.965	3.322
1253.000	209.965	3.322
1253.200	209.967	3.322
1253.400	209.966	3.322
1253.600	209.965	3.322
1253.800	209.967	3.322
1254.000	209.967	3.322
1254.200	209.966	3.322
1254.400	209.967	3.322
1254.600	209.965	3.322
1254.800	209.966	3.322
1255.000	209.965	3.322
1255.200	209.966	3.322
1255.400	209.965	3.322
1255.600	209.965	3.322
1255.800	209.965	3.322
1256.000	209.967	3.322
1256.200	209.967	3.322
1256.400	209.965	3.322
1256.600	209.965	3.322
1256.800	209.965	3.322
1257.000	209.965	3.322
1257.200	209.966	3.322
1257.400	209.966	3.322
1257.600	209.965	3.322
1257.800	209.965	3.323
1258.000	209.965	3.323
1258.200	209.964	3.323
1258.400	209.966	3.323
1258.600	209.967	3.323
1258.800	209.967	3.323
1259.000	209.967	3.323
1259.200	209.966	3.323
1259.400	209.965	3.323
1259.600	209.966	3.323
1259.800	209.966	3.323
1260.000	209.964	3.323
1260.200	209.964	3.323
1260.400	209.964	3.323
1260.600	209.965	3.323
1260.800	209.963	3.323
1261.000	209.966	3.323
1261.200	209.965	3.323
1261.400	209.965	3.323
1261.600	209.965	3.323
1261.800	209.966	3.323
1262.000	209.965	3.323
1262.200	209.964	3.323
1262.400	209.964	3.323
1262.600	209.964	3.323
1262.800	209.963	3.323
1263.000	209.964	3.323
1263.200	209.965	3.323
1263.400	209.965	3.323
1263.600	209.967	3.323
1263.800	209.967	3.324
1264.000	209.967	3.324
1264.200	209.968	3.324
1264.400	209.965	3.324
1264.600	209.965	3.324
1264.800	209.964	3.324
1265.000	209.965	3.324
1265.200	209.966	3.324
1265.400	209.967	3.324
1265.600	209.964	3.324
1265.800	209.963	3.324
1266.000	209.965	3.324
1266.200	209.963	3.324
1266.400	209.966	3.324
1266.600	209.963	3.324
1266.800	209.965	3.324
1267.000	209.965	3.324
1267.200	209.965	3.324
1267.400	209.966	3.324
1267.600	209.966	3.324
1267.800	209.967	3.324
1268.000	209.966	3.324
1268.200	209.963	3.324
1268.400	209.964	3.324
1268.600	209.966	3.324
1268.800	209.964	3.324
1269.000	209.964	3.324
1269.200	209.963	3.324
1269.400	209.965	3.324
1269.600	209.967	3.324
1269.800	209.965	3.324
1270.000	209.966	3.324
1270.200	209.964	3.324
1270.400	209.965	3.324
1270.600	209.966	3.324
1270.800	209.964	3.324
1271.000	209.963	3.324
1271.200	209.964	3.324
1271.400	209.966	3.325
1271.600	209.964	3.325
1271.800	209.964	3.325
1272.000	209.966	3.325
1272.200	209.965	3.325
1272.400	209.964	3.325
1272.600	209.966	3.325
1272.800	209.964	3.325
1273.000	209.964	3.325
1273.200	209.966	3.325
1273.400	209.964	3.325
1273.600	209.962	3.325
1273.800	209.963	3.325
1274.000	209.964	3.325
1274.200	209.966	3.325
1274.400	209.967	3.325
1274.600	209.964	3.325
1274.800	209.965	3.325
1275.000	209.964	3.325
1275.200	209.966	3.325
1275.400	209.967	3.325
1275.600	209.968	3.325
1275.800	209.965	3.325
1276.000	209.965	3.325
1276.200	209.965	3.325
1276.400	209.965	3.325
1276.600	209.963	3.325
1276.800	209.965	3.325
1277.000	209.965	3.325
1277.200	209.967	3.325
1277.400	209.964	3.325
1277.600	209.965	3.325
1277.800	209.965	3.325
1278.000	209.964	3.325
1278.200	209.965	3.325
1278.400	209.965	3.325
1278.600	209.965	3.325
1278.800	209.964	3.326
1279.000	209.965	3.326
1279.200	209.965	3.326
1279.400	209.967	3.326
1279.600	209.967	3.326
1279.800	209.965	3.326
1280.000	209.968	3.326
1280.200	209.968	3.326
1280.400	209.967	3.326
1280.600	209.966	3.326
1280.800	209.966	3.326
1281.000	209.965	3.326
1281.200	209.964	3.326
1281.400	209.965	3.326
1281.600	209.964	3.326
1281.800	209.967	3.326
1282.000	209.965	3.326
1282.200	209.964	3.326
1282.400	209.966	3.326
1282.600	209.966	3.326
1282.800	209.966	3.326
1283.000	209.968	3.326
1283.200	209.966	3.326
1283.400	209.968	3.326
1283.600	209.964	3.326
1283.800	209.964	3.326
1284.000	209.965	3.326
1284.200	209.965	3.326
1284.400	209.966	3.326
1284.600	209.965	3.326
1284.800	209.965	3.326
1285.000	209.964	3.326
1285.200	209.964	3.326
1285.400	209.964	3.326
1285.600	209.963	3.326
1285.800	209.965	3.327
1286.000	209.962	3.326
1286.200	209.963	3.327
1286.400	209.962	3.327
1286.600	209.964	3.327
1286.800	209.967	3.327
1287.000	209.966	3.327
1287.200	209.964	3.327
1287.400	209.964	3.327
1287.600	209.966	3.327
1287.800	209.965	3.327
1288.000	209.965	3.327
1288.200	209.966	3.327
1288.400	209.964	3.327
1288.600	209.965	3.327
1288.800	209.964	3.327
1289.000	209.963	3.327
1289.200	209.963	3.327
1289.400	209.967	3.327
1289.600	209.962	3.327
1289.800	209.964	3.327
1290.000	209.962	3.327
1290.200	209.963	3.327
1290.400	209.966	3.327
1290.600	209.962	3.327
1290.800	209.965	3.327
1291.000	209.965	3.327
1291.200	209.963	3.327
1291.400	209.963	3.327
1291.600	209.965	3.327
1291.800	209.966	3.327
1292.000	209.964	3.327
1292.200	209.966	3.327
1292.400	209.966	3.328
1292.600	209.964	3.327
1292.800	209.963	3.327
1293.000	209.965	3.328
1293.200	209.963	3.328
1293.400	209.963	3.328
1293.600	209.962	3.328
1293.800	209.964	3.328
1294.000	209.963	3.328
1294.200	209.963	3.328
1294.400	209.964	3.328
1294.600	209.964	3.328
1294.800	209.965	3.328
1295.000	209.965	3.328
1295.200	209.962	3.328
1295.400	209.960	3.328
1295.600	209.962	3.328
1295.800	209.960	3.328
1296.000	209.962	3.328
1296.200	209.962	3.328
1296.400	209.962	3.328
1296.600	209.963	3.328
1296.800	209.965	3.328
1297.000	209.962	3.328
1297.200	209.964	3.328
1297.400	209.961	3.328
1297.600	209.964	3.328
1297.800	209.963	3.328
1298.000	209.964	3.328
1298.200	209.963	3.328
1298.400	209.963	3.328
1298.600	209.965	3.328
1298.800	209.966	3.328
1299.000	209.965	3.328
1299.200	209.963	3.328
1299.400	209.965	3.328
1299.600	209.966	3.328
1299.800	209.963	3.328
1300.000	209.964	3.328
1300.200	209.963	3.328
1300.400	209.964	3.328
1300.600	209.963	3.328
1300.800	209.964	3.329
1301.000	209.963	3.329
1301.200	209.964	3.329
1301.400	209.965	3.329
1301.600	209.964	3.329
1301.800	209.965	3.329
1302.000	209.965	3.329
1302.200	209.966	3.329
1302.400	209.964	3.329
1302.600	209.966	3.329
1302.800	209.966	3.329
1303.000	209.965	3.329
1303.200	209.964	3.329
1303.400	209.964	3.329
1303.600	209.966	3.329
1303.800	209.965	3.329
1304.000	209.965	3.329
1304.200	209.966	3.329
1304.400	209.965	3.329
1304.600	209.962	3.329
1304.800	209.964	3.329
1305.000	209.965	3.329
1305.200	209.965	3.329
1305.400	209.964	3.329
1305.600	209.963	3.329
1305.800	209.963	3.329
1306.000	209.966	3.329
1306.200	209.964	3.329
1306.400	209.963	3.329
1306.600	209.964	3.329
1306.800	209.965	3.329
1307.000	209.964	3.329
1307.200	209.965	3.329
1307.400	209.965	3.329
1307.600	209.965	3.329
1307.800	209.965	3.329
1308.000	209.964	3.329
1308.200	209.963	3.329
1308.400	209.964	3.329
1308.600	209.967	3.329
1308.800	209.965	3.329
1309.000	209.964	3.329
1309.200	209.964	3.330
1309.400	209.964	3.330
1309.600	209.963	3.330
1309.800	209.965	3.330
1310.000	209.964	3.330
1310.200	209.965	3.330
1310.400	209.964	3.330
1310.600	209.966	3.330
1310.800	209.967	3.330
1311.000	209.966	3.330
1311.200	209.966	3.330
1311.400	209.965	3.330
1311.600	209.965	3.330
1311.800	209.966	3.330
1312.000	209.967	3.330
1312.200	209.964	3.330
1312.400	209.967	3.330
1312.600	209.965	3.330
1312.800	209.965	3.330
1313.000	209.963	3.330
1313.200	209.965	3.330
1313.400	209.965	3.330
1313.600	209.966	3.330
1313.800	209.965	3.330
1314.000	209.965	3.330
1314.200	209.965	3.330
1314.400	209.964	3.330
1314.600	209.967	3.330
1314.800	209.965	3.330
1315.000	209.965	3.330
1315.200	209.965	3.330
1315.400	209.964	3.330
1315.600	209.967	3.330
1315.800	209.966	3.330
1316.000	209.966	3.330
1316.200	209.966	3.331
1316.400	209.968	3.331
1316.600	209.967	3.331
1316.800	209.965	3.331
1317.000	209.963	3.331
1317.200	209.966	3.331
1317.400	209.967	3.331
1317.600	209.967	3.331
1317.800	209.968	3.331
1318.000	209.966	3.331
1318.200	209.964	3.331
1318.400	209.966	3.331
1318.600	209.965	3.331
1318.800	209.964	3.331
1319.000	209.967	3.331
1319.200	209.967	3.331
1319.400	209.966	3.331
1319.600	209.966	3.331
1319.800	209.965	3.331
1320.000	209.965	3.331
1320.200	209.964	3.331
1320.400	209.965	3.331
1320.600	209.965	3.331
1320.800	209.966	3.331
1321.000	209.965	3.331
1321.200	209.965	3.331
1321.400	209.967	3.331
1321.600	209.968	3.331
1321.800	209.968	3.331
1322.000	209.966	3.331
1322.200	209.966	3.331
1322.400	209.966	3.331
1322.600	209.967	3.331
1322.800	209.966	3.331
1323.000	209.967	3.331
1323.200	209.967	3.332
1323.400	209.966	3.332
1323.600	209.966	3.332
1323.800	209.967	3.332
1324.000	209.968	3.332
1324.200	209.967	3.332
1324.400	209.967	3.332
1324.600	209.968	3.332
1324.800	209.968	3.332
1325.000	209.967	3.332
1325.200	209.968	3.332
1325.400	209.967	3.332
1325.600	209.965	3.332
1325.800	209.968	3.332
1326.000	209.968	3.332
1326.200	209.968	3.332
1326.400	209.968	3.332
1326.600	209.968	3.332
1326.800	209.968	3.332
1327.000	209.968	3.332
1327.200	209.966	3.332
1327.400	209.969	3.332
1327.600	209.969	3.332
1327.800	209.968	3.332
1328.000	209.967	3.332
1328.200	209.970	3.332
1328.400	209.968	3.332
1328.600	209.968	3.332
1328.800	209.967	3.332
1329.000	209.968	3.332
1329.200	209.970	3.332
1329.400	209.969	3.332
1329.600	209.969	3.332
1329.800	209.969	3.332
1330.000	209.970	3.332
1330.200	209.970	3.332
1330.400	209.970	3.333
1330.600	209.971	3.333
1330.800	209.970	3.333
1331.000	209.971	3.333
1331.200	209.970	3.333
1331.400	209.969	3.333
1331.600	209.970	3.333
1331.800	209.969	3.333
1332.000	209.971	3.333
1332.200	209.970	3.333
1332.400	209.969	3.333
1332.600	209.970	3.333
1332.800	209.968	3.333
1333.000	209.968	3.333
1333.200	209.968	3.333
1333.400	209.969	3.333
1333.600	209.968	3.333
1333.800	209.966	3.333
1334.000	209.967	3.333
1334.200	209.970	3.333
1334.400	209.967	3.333
1334.600	209.967	3.333
1334.800	209.967	3.333
1335.000	209.968	3.333
1335.200	209.967	3.333
1335.400	209.967	3.333
1335.600	209.968	3.333
1335.800	209.969	3.333
1336.000	209.966	3.333
1336.200	209.968	3.333
1336.400	209.967	3.333
1336.600	209.967	3.333
1336.800	209.969	3.333
1337.000	209.966	3.333
1337.200	209.965	3.333
1337.400	209.967	3.333
1337.600	209.968	3.333
1337.800	209.965	3.333
1338.000	209.966	3.333
1338.200	209.966	3.334
1338.400	209.967	3.334
1338.600	209.967	3.334
1338.800	209.967	3.334
1339.000	209.965	3.334
1339.200	209.969	3.334
1339.400	209.967	3.334
1339.600	209.968	3.334
1339.800	209.968	3.334
1340.000	209.968	3.334
1340.200	209.967	3.334
1340.400	209.967	3.334
1340.600	209.967	3.334
1340.800	209.968	3.334
1341.000	209.967	3.334
1341.200	209.967	3.334
1341.400	209.966	3.334
1341.600	209.967	3.334
1341.800	209.967	3.334
1342.000	209.966	3.334
1342.200	209.965	3.334
1342.400	209.965	3.334
1342.600	209.966	3.334
1342.800	209.967	3.334
1343.000	209.966	3.334
1343.200	209.966	3.334
1343.400	209.966	3.334
1343.600	209.965	3.334
1343.800	209.966	3.334
1344.000	209.967	3.334
1344.200	209.964	3.334
1344.400	209.965	3.334
1344.600	209.966	3.334
1344.800	209.966	3.334
1345.000	209.965	3.334
1345.200	209.965	3.335
1345.400	209.966	3.334
1345.600	209.967	3.335
1345.800	209.966	3.335
1346.000	209.967	3.335
1346.200	209.967	3.335
1346.400	209.970	3.335
1346.600	209.968	3.335
1346.800	209.969	3.335
1347.000	209.968	3.335
1347.200	209.968	3.335
1347.400	209.968	3.335
1347.600	209.968	3.335
1347.800	209.967	3.335
1348.000	209.967	3.335
1348.200	209.968	3.335
1348.400	209.968	3.335
1348.600	209.967	3.335
1348.800	209.966	3.335
1349.000	209.967	3.335
1349.200	209.967	3.335
1349.400	209.967	3.335
1349.600	209.967	3.335
1349.800	209.968	3.335
1350.000	209.966	3.335
1350.200	209.968	3.335
1350.400	209.969	3.335
1350.600	209.967	3.335
1350.800	209.965	3.335
1351.000	209.968	3.335
1351.200	209.968	3.335
1351.400	209.966	3.335
1351.600	209.967	3.335
1351.800	209.966	3.335
1352.000	209.967	3.336
1352.200	209.966	3.335
1352.400	209.964	3.335
1352.600	209.966	3.336
1352.800	209.967	3.336
1353.000	209.965	3.336
1353.200	209.966	3.336
1353.400	209.965	3.336
1353.600	209.964	3.336
1353.800	209.964	3.336
1354.000	209.965	3.336
1354.200	209.962	3.336
1354.400	209.964	3.336
1354.600	209.966	3.336
1354.800	209.965	3.336
1355.000	209.964	3.336
1355.200	209.964	3.336
1355.400	209.964	3.336
1355.600	209.967	3.336
1355.800	209.964	3.336
1356.000	209.964	3.336
1356.200	209.963	3.336
1356.400	209.964	3.336
1356.600	209.965	3.336
1356.800	209.965	3.336
1357.000	209.964	3.336
1357.200	209.964	3.336
1357.400	209.964	3.336
1357.600	209.966	3.336
1357.800	209.965	3.336
1358.000	209.964	3.336
1358.200	209.966	3.336
1358.400	209.965	3.336
1358.600	209.966	3.336
1358.800	209.964	3.336
1359.000	209.965	3.336
1359.200	209.965	3.336
1359.400	209.965	3.336
1359.600	209.966	3.336
1359.800	209.964	3.336
1360.000	209.964	3.337
1360.200	209.963	3.337
1360.400	209.963	3.337
1360.600	209.965	3.337
1360.800	209.965	3.337
1361.000	209.966	3.337
1361.200	209.965	3.337
1361.400	209.965	3.337
1361.600	209.967	3.337
1361.800	209.965	3.337
1362.000	209.964	3.337
1362.200	209.963	3.337
1362.400	209.965	3.337
1362.600	209.966	3.337
1362.800	209.963	3.337
1363.000	209.966	3.337
1363.200	209.966	3.337
1363.400	209.964	3.337
1363.600	209.963	3.337
1363.800	209.962	3.337
1364.000	209.965	3.337
1364.200	209.964	3.337
1364.400	209.964	3.337
1364.600	209.963	3.337
1364.800	209.962	3.337
1365.000	209.962	3.337
1365.200	209.964	3.337
1365.400	209.963	3.337
1365.600	209.963	3.337
1365.800	209.962	3.337
1366.000	209.963	3.337
1366.200	209.964	3.337
1366.400	209.962	3.337
1366.600	209.962	3.337
1366.800	209.963	3.337
1367.000	209.965	3.337
1367.200	209.960	3.337
1367.400	209.962	3.337
1367.600	209.963	3.337
1367.800	209.963	3.337
1368.000	209.962	3.337
1368.200	209.961	3.337
1368.400	209.962	3.338
1368.600	209.962	3.338
1368.800	209.961	3.338
1369.000	209.962	3.338
1369.200	209.960	3.338
1369.400	209.963	3.338
1369.600	209.965	3.338
1369.800	209.963	3.338
1370.000	209.962	3.338
1370.200	209.962	3.338
1370.400	209.961	3.338
1370.600	209.962	3.338
1370.800	209.961	3.338
1371.000	209.963	3.338
1371.200	209.962	3.338
1371.400	209.961	3.338
1371.600	209.962	3.338
1371.800	209.963	3.338
1372.000	209.963	3.338
1372.200	209.964	3.338
1372.400	209.964	3.338
1372.600	209.963	3.338
1372.800	209.965	3.338
1373.000	209.964	3.338
1373.200	209.964	3.338
1373.400	209.963	3.338
1373.600	209.964	3.338
1373.800	209.964	3.338
1374.000	209.964	3.338
1374.200	209.963	3.338
1374.400	209.962	3.338
1374.600	209.963	3.338
1374.800	209.964	3.338
1375.000	209.964	3.338
1375.200	209.965	3.338
1375.400	209.963	3.338
1375.600	209.963	3.338
1375.800	209.963	3.339
1376.000	209.964	3.339
1376.200	209.962	3.339
1376.400	209.962	3.339
1376.600	209.963	3.339
1376.800	209.963	3.339
1377.000	209.964	3.339
1377.200	209.963	3.339
1377.400	209.963	3.339
1377.600	209.962	3.339
1377.800	209.963	3.339
1378.000	209.962	3.339
1378.200	209.964	3.339
1378.400	209.966	3.339
1378.600	209.965	3.339
1378.800	209.964	3.339
1379.000	209.963	3.339
1379.200	209.963	3.339
1379.400	209.965	3.339
1379.600	209.965	3.339
1379.800	209.966	3.339
1380.000	209.963	3.339
1380.200	209.964	3.339
1380.400	209.966	3.339
1380.600	209.966	3.339
1380.800	209.966	3.339
1381.000	209.966	3.339
1381.200	209.965	3.339
1381.400	209.965	3.339
1381.600	209.966	3.339
1381.800	209.965	3.339
1382.000	209.967	3.339
1382.200	209.968	3.339
1382.400	209.966	3.339
1382.600	209.964	3.339
1382.800	209.967	3.340
1383.000	209.966	3.340
1383.200	209.967	3.340
1383.400	209.966	3.340
1383.600	209.963	3.340
1383.800	209.966	3.340
1384.000	209.964	3.340
1384.200	209.966	3.340
1384.400	209.965	3.340
1384.600	209.966	3.340
1384.800	209.967	3.340
1385.000	209.965	3.340
1385.200	209.966	3.340
1385.400	209.967	3.340
1385.600	209.969	3.340
1385.800	209.968	3.340
1386.000	209.966	3.340
1386.200	209.968	3.340
1386.400	209.965	3.340
1386.600	209.965	3.340
1386.800	209.965	3.340
1387.000	209.965	3.340
1387.200	209.964	3.340
1387.400	209.967	3.340
1387.600	209.967	3.340
1387.800	209.964	3.340
1388.000	209.966	3.340
1388.200	209.964	3.340
1388.400	209.965	3.340
1388.600	209.963	3.340
1388.800	209.965	3.340
1389.000	209.966	3.340
1389.200	209.965	3.340
1389.400	209.965	3.340
1389.600	209.964	3.340
1389.800	209.964	3.340
1390.000	209.965	3.340
1390.200	209.965	3.341
1390.400	209.962	3.340
1390.600	209.966	3.340
1390.800	209.965	3.341
1391.000	209.964	3.341
1391.200	209.967	3.341
1391.400	209.965	3.341
1391.600	209.965	3.341
1391.800	209.964	3.341
1392.000	209.965	3.341
1392.200	209.963	3.341
1392.400	209.963	3.341
1392.600	209.962	3.341
1392.800	209.965	3.341
1393.000	209.965	3.341
1393.200	209.965	3.341
1393.400	209.964	3.341
1393.600	209.964	3.341
1393.800	209.964	3.341
1394.000	209.963	3.341
1394.200	209.966	3.341
1394.400	209.965	3.341
1394.600	209.963	3.341
1394.800	209.965	3.341
1395.000	209.962	3.341
1395.200	209.961	3.341
1395.400	209.962	3.341
1395.600	209.965	3.341
1395.800	209.965	3.341
1396.000	209.966	3.341
1396.200	209.963	3.341
1396.400	209.964	3.341
1396.600	209.966	3.341
1396.800	209.966	3.341
1397.000	209.965	3.341
1397.200	209.964	3.341
1397.400	209.964	3.341
1397.600	209.965	3.342
1397.800	209.964	3.342
1398.000	209.965	3.342
1398.200	209.963	3.342
1398.400	209.965	3.342
1398.600	209.966	3.342
1398.800	209.964	3.342
1399.000	209.966	3.342
1399.200	209.967	3.342
1399.400	209.965	3.342
1399.600	209.965	3.342
1399.800	209.964	3.342
1400.000	209.965	3.342
1400.200	209.964	3.342
1400.400	209.966	3.342
1400.600	209.965	3.342
1400.800	209.965	3.342
1401.000	209.967	3.342
1401.200	209.965	3.342
1401.400	209.967	3.342
1401.600	209.967	3.342
1401.800	209.965	3.342
1402.000	209.966	3.342
1402.200	209.965	3.342
1402.400	209.966	3.342
1402.600	209.965	3.342
1402.800	209.966	3.342
1403.000	209.965	3.342
1403.200	209.966	3.342
1403.400	209.966	3.342
1403.600	209.967	3.342
1403.800	209.964	3.342
1404.000	209.964	3.342
1404.200	209.964	3.342
1404.400	209.965	3.342
1404.600	209.964	3.342
1404.800	209.963	3.342
1405.000	209.964	3.343
1405.200	209.964	3.342
1405.400	209.965	3.343
1405.600	209.964	3.343
1405.800	209.963	3.343
1406.000	209.965	3.343
1406.200	209.963	3.343
1406.400	209.965	3.343
1406.600	209.963	3.343
1406.800	209.963	3.343
1407.000	209.965	3.343
1407.200	209.965	3.343
1407.400	209.965	3.343
1407.600	209.964	3.343
1407.800	209.965	3.343
1408.000	209.963	3.343
1408.200	209.963	3.343
1408.400	209.964	3.343
1408.600	209.965	3.343
1408.800	209.965	3.343
1409.000	209.965	3.343
1409.200	209.965	3.343
1409.400	209.966	3.343
1409.600	209.965	3.343
1409.800	209.965	3.343
1410.000	209.963	3.343
1410.200	209.964	3.343
1410.400	209.965	3.343
1410.600	209.967	3.343
1410.800	209.965	3.343
1411.000	209.966	3.343
1411.200	209.965	3.343
1411.400	209.964	3.343
1411.600	209.966	3.343
1411.800	209.966	3.343
1412.000	209.965	3.343
1412.200	209.963	3.343
1412.400	209.964	3.343
1412.600	209.963	3.343
1412.800	209.965	3.343
1413.000	209.964	3.343
1413.200	209.965	3.343
1413.400	209.964	3.344
1413.600	209.964	3.344
1413.800	209.966	3.344
1414.000	209.964	3.344
1414.200	209.963	3.344
1414.400	209.966	3.344
1414.600	209.966	3.344
1414.800	209.965	3.344
1415.000	209.963	3.344
1415.200	209.962	3.344
1415.400	209.963	3.344
1415.600	209.965	3.344
1415.800	209.964	3.344
1416.000	209.962	3.344
1416.200	209.963	3.344
1416.400	209.962	3.344
1416.600	209.963	3.344
1416.800	209.964	3.344
1417.000	209.964	3.344
1417.200	209.965	3.344
1417.400	209.965	3.344
1417.600	209.963	3.344
1417.800	209.964	3.344
1418.000	209.965	3.344
1418.200	209.964	3.344
1418.400	209.965	3.344
1418.600	209.963	3.344
1418.800	209.963	3.344
1419.000	209.963	3.344
1419.200	209.964	3.344
1419.400	209.962	3.344
1419.600	209.963	3.344
1419.800	209.965	3.344
1420.000	209.964	3.344
1420.200	209.964	3.344
1420.400	209.964	3.344
1420.600	209.964	3.344
1420.800	209.962	3.344
1421.000	209.965	3.344
1421.200	209.965	3.345
1421.400	209.962	3.344
1421.600	209.964	3.345
1421.800	209.965	3.345
1422.000	209.964	3.345
1422.200	209.964	3.345
1422.400	209.961	3.345
1422.600	209.964	3.345
1422.800	209.964	3.345
1423.000	209.964	3.345
1423.200	209.964	3.345
1423.400	209.963	3.345
1423.600	209.964	3.345
1423.800	209.965	3.345
1424.000	209.965	3.345
1424.200	209.966	3.345
1424.400	209.964	3.345
1424.600	209.964	3.345
1424.800	209.965	3.345
1425.000	209.966	3.345
1425.200	209.966	3.345
1425.400	209.966	3.345
1425.600	209.964	3.345
1425.800	209.965	3.345
1426.000	209.962	3.345
1426.200	209.963	3.345
1426.400	209.962	3.345
1426.600	209.962	3.345
1426.800	209.964	3.345
1427.000	209.962	3.345
1427.200	209.963	3.345
1427.400	209.963	3.345
1427.600	209.963	3.345
1427.800	209.961	3.345
1428.000	209.960	3.345
1428.200	209.963	3.345
1428.400	209.963	3.345
1428.600	209.961	3.345
1428.800	209.962	3.346
1429.000	209.962	3.346
1429.200	209.961	3.346
1429.400	209.961	3.346
1429.600	209.962	3.346
1429.800	209.961	3.346
1430.000	209.963	3.346
1430.200	209.962	3.346
1430.400	209.961	3.346
1430.600	209.962	3.346
1430.800	209.962	3.346
1431.000	209.962	3.346
1431.200	209.961	3.346
1431.400	209.963	3.346
1431.600	209.960	3.346
1431.800	209.962	3.346
1432.000	209.963	3.346
1432.200	209.962	3.346
1432.400	209.962	3.346
1432.600	209.961	3.346
1432.800	209.961	3.346
1433.000	209.962	3.346
1433.200	209.961	3.346
1433.400	209.962	3.346
1433.600	209.964	3.346
1433.800	209.962	3.346
1434.000	209.962	3.346
1434.200	209.963	3.346
1434.400	209.961	3.346
1434.600	209.963	3.346
1434.800	209.961	3.346
1435.000	209.965	3.346
1435.200	209.965	3.346
1435.400	209.964	3.346
1435.600	209.964	3.346
1435.800	209.963	3.346
1436.000	209.963	3.346
1436.200	209.964	3.347
1436.400	209.962	3.347
1436.600	209.963	3.347
1436.800	209.962	3.347
1437.000	209.964	3.347
1437.200	209.963	3.347
1437.400	209.960	3.347
1437.600	209.960	3.347
1437.800	209.960	3.347
1438.000	209.962	3.347
1438.200	209.962	3.347
1438.400	209.961	3.347
1438.600	209.960	3.347
1438.800	209.961	3.347
1439.000	209.959	3.347
1439.200	209.959	3.347
1439.400	209.960	3.347
1439.600	209.960	3.347
1439.800	209.962	3.347
1440.000	209.962	3.347
1440.200	209.963	3.347
1440.400	209.962	3.347
1440.600	209.961	3.347
1440.800	209.962	3.347
1441.000	209.964	3.347
1441.200	209.965	3.347
1441.400	209.962	3.347
1441.600	209.963	3.347
1441.800	209.966	3.347
1442.000	209.964	3.347
1442.200	209.963	3.347
1442.400	209.964	3.347
1442.600	209.965	3.347
1442.800	209.963	3.347
1443.000	209.963	3.347
1443.200	209.962	3.347
1443.400	209.965	3.347
1443.600	209.963	3.347
1443.800	209.963	3.347
1444.000	209.963	3.347
1444.200	209.963	3.347
1444.400	209.964	3.348
1444.600	209.962	3.348
1444.800	209.965	3.348
1445.000	209.963	3.348
1445.200	209.965	3.348
1445.400	209.962	3.348
1445.600	209.963	3.348
1445.800	209.961	3.348
1446.000	209.964	3.348
1446.200	209.964	3.348
1446.400	209.964	3.348
1446.600	209.963	3.348
1446.800	209.963	3.348
1447.000	209.963	3.348
1447.200	209.966	3.348
1447.400	209.967	3.348
1447.600	209.964	3.348
1447.800	209.963	3.348
1448.000	209.964	3.348
1448.200	209.965	3.348
1448.400	209.963	3.348
1448.600	209.963	3.348
1448.800	209.964	3.348
1449.000	209.962	3.348
1449.200	209.965	3.348
1449.400	209.963	3.348
1449.600	209.964	3.348
1449.800	209.963	3.348
1450.000	209.963	3.348
1450.200	209.962	3.348
1450.400	209.961	3.348
1450.600	209.962	3.348
1450.800	209.963	3.348
1451.000	209.964	3.348
1451.200	209.965	3.348
1451.400	209.965	3.348
1451.600	209.965	3.348
1451.800	209.963	3.348
1452.000	209.963	3.348
1452.200	209.965	3.349
1452.400	209.964	3.349
1452.600	209.963	3.349
1452.800	209.962	3.349
1453.000	209.964	3.349
1453.200	209.965	3.349
1453.400	209.965	3.349
1453.600	209.965	3.349
1453.800	209.963	3.349
1454.000	209.965	3.349
1454.200	209.964	3.349
1454.400	209.963	3.349
1454.600	209.963	3.349
1454.800	209.963	3.349
1455.000	209.964	3.349
1455.200	209.964	3.349
1455.400	209.962	3.349
1455.600	209.963	3.349
1455.800	209.964	3.349
1456.000	209.965	3.349
1456.200	209.965	3.349
1456.400	209.964	3.349
1456.600	209.964	3.349
1456.800	209.962	3.349
1457.000	209.963	3.349
1457.200	209.963	3.349
1457.400	209.964	3.349
1457.600	209.965	3.349
1457.800	209.963	3.349
1458.000	209.964	3.349
1458.200	209.963	3.349
1458.400	209.966	3.349
1458.600	209.965	3.349
1458.800	209.964	3.349
1459.000	209.965	3.349
1459.200	209.965	3.349
1459.400	209.964	3.349
1459.600	209.963	3.349
1459.800	209.964	3.349
1460.000	209.963	3.349
1460.200	209.964	3.349
1460.400	209.961	3.349
1460.600	209.965	3.350
1460.800	209.963	3.350
1461.000	209.965	3.350
1461.200	209.964	3.350
1461.400	209.964	3.350
1461.600	209.962	3.350
1461.800	209.964	3.350
1462.000	209.966	3.350
1462.200	209.965	3.350
1462.400	209.965	3.350
1462.600	209.965	3.350
1462.800	209.963	3.350
1463.000	209.966	3.350
1463.200	209.966	3.350
1463.400	209.967	3.350
1463.600	209.963	3.350
1463.800	209.965	3.350
1464.000	209.965	3.350
1464.200	209.965	3.350
1464.400	209.965	3.350
1464.600	209.964	3.350
1464.800	209.966	3.350
1465.000	209.965	3.350
1465.200	209.964	3.350
1465.400	209.966	3.350
1465.600	209.968	3.350
1465.800	209.966	3.350
1466.000	209.966	3.350
1466.200	209.965	3.350
1466.400	209.965	3.350
1466.600	209.966	3.350
1466.800	209.964	3.350
1467.000	209.967	3.350
1467.200	209.966	3.350
1467.400	209.965	3.350
1467.600	209.964	3.350
1467.800	209.967	3.350
1468.000	209.966	3.350
1468.200	209.966	3.350
1468.400	209.966	3.350
1468.600	209.964	3.350
1468.800	209.966	3.350
1469.000	209.965	3.350
1469.200	209.964	3.351
1469.400	209.966	3.351
1469.600	209.965	3.351
1469.800	209.965	3.351
1470.000	209.966	3.351
1470.200	209.966	3.351
1470.400	209.963	3.351
1470.600	209.965	3.351
1470.800	209.965	3.351
1471.000	209.964	3.351
1471.200	209.964	3.351
1471.400	209.963	3.351
1471.600	209.963	3.351
1471.800	209.964	3.351
1472.000	209.964	3.351
1472.200	209.966	3.351
1472.400	209.963	3.351
1472.600	209.966	3.351
1472.800	209.964	3.351
1473.000	209.965	3.351
1473.200	209.964	3.351
1473.400	209.965	3.351
1473.600	209.967	3.351
1473.800	209.964	3.351
1474.000	209.965	3.351
1474.200	209.965	3.351
1474.400	209.964	3.351
1474.600	209.964	3.351
1474.800	209.964	3.351
1475.000	209.964	3.351
1475.200	209.965	3.351
1475.400	209.965	3.351
1475.600	209.965	3.351
1475.800	209.967	3.351
1476.000	209.965	3.352
1476.200	209.966	3.351
1476.400	209.964	3.352
1476.600	209.964	3.352
1476.800	209.965	3.352
1477.000	209.965	3.352
1477.200	209.965	3.352
1477.400	209.963	3.352
1477.600	209.964	3.352
1477.800	209.966	3.352
1478.000	209.967	3.352
1478.200	209.964	3.352
1478.400	209.964	3.352
1478.600	209.965	3.352
1478.800	209.965	3.352
1479.000	209.965	3.352
1479.200	209.964	3.352
1479.400	209.967	3.352
1479.600	209.963	3.352
1479.800	209.965	3.352
1480.000	209.966	3.352
1480.200	209.966	3.352
1480.400	209.966	3.352
1480.600	209.966	3.352
1480.800	209.964	3.352
1481.000	209.966	3.352
1481.200	209.963	3.352
1481.400	209.965	3.352
1481.600	209.965	3.352
1481.800	209.967	3.352
1482.000	209.966	3.352
1482.200	209.967	3.352
1482.400	209.967	3.352
1482.600	209.965	3.352
1482.800	209.966	3.352
1483.000	209.967	3.352
1483.200	209.965	3.352
1483.400	209.965	3.352
1483.600	209.965	3.352
1483.800	209.964	3.352
1484.000	209.967	3.353
1484.200	209.967	3.352
1484.400	209.964	3.352
1484.600	209.966	3.353
1484.800	209.967	3.353
1485.000	209.966	3.353
1485.200	209.967	3.353
1485.400	209.965	3.353
1485.600	209.966	3.353
1485.800	209.966	3.353
1486.000	209.965	3.353
1486.200	209.966	3.353
1486.400	209.965	3.353
1486.600	209.968	3.353
1486.800	209.965	3.353
1487.000	209.967	3.353
1487.200	209.966	3.353
1487.400	209.967	3.353
1487.600	209.967	3.353
1487.800	209.966	3.353
1488.000	209.965	3.353
1488.200	209.967	3.353
1488.400	209.966	3.353
1488.600	209.965	3.353
1488.800	209.966	3.353
1489.000	209.965	3.353
1489.200	209.965	3.353
1489.400	209.965	3.353
1489.600	209.964	3.353
1489.800	209.964	3.353
1490.000	209.964	3.353
1490.200	209.964	3.353
1490.400	209.964	3.353
1490.600	209.964	3.353
1490.800	209.965	3.353
1491.000	209.963	3.353
1491.200	209.962	3.353
1491.400	209.965	3.353
1491.600	209.963	3.353
1491.800	209.963	3.353
1492.000	209.963	3.353
1492.200	209.963	3.353
1492.400	209.962	3.353
1492.600	209.961	3.353
1492.800	209.964	3.353
1493.000	209.962	3.353
1493.200	209.962	3.353
1493.400	209.963	3.354
1493.600	209.963	3.354
1493.800	209.964	3.354
1494.000	209.963	3.354
1494.200	209.965	3.354
1494.400	209.965	3.354
1494.600	209.964	3.354
1494.800	209.965	3.354
1495.000	209.964	3.354
1495.200	209.963	3.354
1495.400	209.965	3.354
1495.600	209.965	3.354
1495.800	209.965	3.354
1496.000	209.963	3.354
1496.200	209.964	3.354
1496.400	209.964	3.354
1496.600	209.964	3.354
1496.800	209.964	3.354
1497.000	209.964	3.354
1497.200	209.965	3.354
1497.400	209.964	3.354
1497.600	209.964	3.354
1497.800	209.965	3.354
1498.000	209.962	3.354
1498.200	209.962	3.354
1498.400	209.963	3.354
1498.600	209.966	3.354
1498.800	209.963	3.354
1499.000	209.963	3.354
1499.200	209.964	3.354
1499.400	209.965	3.354
1499.600	209.963	3.354
1499.800	209.963	3.354
1500.000	209.964	3.354
1500.200	209.962	3.354
1500.400	209.963	3.354
1500.600	209.961	3.354
1500.800	209.963	3.354
1501.000	209.963	3.354
1501.200	209.961	3.354
1501.400	209.962	3.354
1501.600	209.964	3.354
1501.800	209.965	3.355
1502.000	209.964	3.355
1502.200	209.963	3.355
1502.400	209.964	3.355
1502.600	209.964	3.355
1502.800	209.963	3.355
1503.000	209.963	3.355
1503.200	209.963	3.355
1503.400	209.961	3.355
1503.600	209.963	3.355
1503.800	209.961	3.355
1504.000	209.963	3.355
1504.200	209.960	3.355
1504.400	209.963	3.355
1504.600	209.963	3.355
1504.800	209.964	3.355
1505.000	209.964	3.355
1505.200	209.963	3.355
1505.400	209.963	3.355
1505.600	209.962	3.355
1505.800	209.962	3.355
1506.000	209.964	3.355
1506.200	209.963	3.355
1506.400	209.962	3.355
1506.600	209.964	3.355
1506.800	209.966	3.355
1507.000	209.964	3.355
1507.200	209.966	3.355
1507.400	209.963	3.355
1507.600	209.963	3.355
1507.800	209.964	3.355
1508.000	209.963	3.355
1508.200	209.965	3.355
1508.400	209.966	3.355
1508.600	209.965	3.355
1508.800	209.963	3.355
1509.000	209.963	3.355
1509.200	209.965	3.355
1509.400	209.963	3.355
1509.600	209.963	3.355
1509.800	209.963	3.355
1510.000	209.964	3.355
1510.200	209.963	3.355
1510.400	209.962	3.356
1510.600	209.964	3.356
1510.800	209.964	3.356
1511.000	209.965	3.356
1511.200	209.963	3.356
1511.400	209.960	3.356
1511.600	209.962	3.356
1511.800	209.960	3.356
1512.000	209.959	3.356
1512.200	209.962	3.356
1512.400	209.962	3.356
1512.600	209.960	3.356
1512.800	209.962	3.356
1513.000	209.963	3.356
1513.200	209.963	3.356
1513.400	209.963	3.356
1513.600	209.963	3.356
1513.800	209.962	3.356
1514.000	209.963	3.356
1514.200	209.963	3.356
1514.400	209.960	3.356
1514.600	209.962	3.356
1514.800	209.961	3.356
1515.000	209.961	3.356
1515.200	209.960	3.356
1515.400	209.961	3.356
1515.600	209.961	3.356
1515.800	209.962	3.356
1516.000	209.962	3.356
1516.200	209.962	3.356
1516.400	209.963	3.356
1516.600	209.962	3.356
1516.800	209.960	3.356
1517.000	209.962	3.356
1517.200	209.962	3.356
1517.400	209.962	3.356
1517.600	209.963	3.356
1517.800	209.964	3.356
1518.000	209.962	3.356
1518.200	209.962	3.356
1518.400	209.961	3.356
1518.600	209.962	3.356
1518.800	209.963	3.356
1519.000	209.961	3.356
1519.200	209.962	3.357
1519.400	209.960	3.357
1519.600	209.960	3.357
1519.800	209.960	3.357
1520.000	209.961	3.357
1520.200	209.960	3.357
1520.400	209.962	3.357
1520.600	209.962	3.357
1520.800	209.961	3.357
1521.000	209.960	3.357
1521.200	209.960	3.357
1521.400	209.962	3.357
1521.600	209.962	3.357
1521.800	209.960	3.357
1522.000	209.962	3.357
1522.200	209.960	3.357
1522.400	209.962	3.357
1522.600	209.960	3.357
1522.800	209.960	3.357
1523.000	209.962	3.357
1523.200	209.962	3.357
1523.400	209.961	3.357
1523.600	209.963	3.357
1523.800	209.962	3.357
1524.000	209.963	3.357
1524.200	209.962	3.357
1524.400	209.963	3.357
1524.600	209.963	3.357
1524.800	209.961	3.357
1525.000	209.962	3.357
1525.200	209.963	3.357
1525.400	209.963	3.357
1525.600	209.961	3.357
1525.800	209.962	3.357
1526.000	209.961	3.357
1526.200	209.960	3.357
1526.400	209.962	3.357
1526.600	209.961	3.357
1526.800	209.961	3.357
1527.000	209.963	3.358
1527.200	209.962	3.358
1527.400	209.962	3.358
1527.600	209.962	3.358
1527.800	209.963	3.358
1528.000	209.962	3.358
1528.200	209.961	3.358
1528.400	209.962	3.358
1528.600	209.960	3.358
1528.800	209.960	3.358
1529.000	209.961	3.358
1529.200	209.961	3.358
1529.400	209.961	3.358
1529.600	209.961	3.358
1529.800	209.960	3.358
1530.000	209.961	3.358
1530.200	209.962	3.358
1530.400	209.960	3.358
1530.600	209.962	3.358
1530.800	209.961	3.358
1531.000	209.961	3.358
1531.200	209.961	3.358
1531.400	209.961	3.358
1531.600	209.961	3.358
1531.800	209.961	3.358
1532.000	209.962	3.358
1532.200	209.962	3.358
1532.400	209.963	3.358
1532.600	209.963	3.358
1532.800	209.962	3.358
1533.000	209.965	3.358
1533.200	209.962	3.358
1533.400	209.962	3.358
1533.600	209.962	3.358
1533.800	209.960	3.358
1534.000	209.961	3.358
1534.200	209.961	3.358
1534.400	209.963	3.358
1534.600	209.961	3.358
1534.800	209.962	3.358
1535.000	209.962	3.358
1535.200	209.961	3.358
1535.400	209.962	3.359
1535.600	209.963	3.359
1535.800	209.963	3.359
1536.000	209.962	3.359
1536.200	209.962	3.359
1536.400	209.961	3.359
1536.600	209.962	3.359
1536.800	209.959	3.359
1537.000	209.960	3.359
1537.200	209.962	3.359
1537.400	209.958	3.359
1537.600	209.959	3.359
1537.800	209.962	3.359
1538.000	209.962	3.359
1538.200	209.960	3.359
1538.400	209.960	3.359
1538.600	209.961	3.359
1538.800	209.960	3.359
1539.000	209.960	3.359
1539.200	209.960	3.359
1539.400	209.959	3.359
1539.600	209.961	3.359
1539.800	209.961	3.359
1540.000	209.959	3.359
1540.200	209.962	3.359
1540.400	209.959	3.359
1540.600	209.960	3.359
1540.800	209.962	3.359
1541.000	209.961	3.359
1541.200	209.961	3.359
1541.400	209.960	3.359
1541.600	209.959	3.359
1541.800	209.961	3.359
1542.000	209.960	3.359
1542.200	209.960	3.359
1542.400	209.959	3.359
1542.600	209.960	3.359
1542.800	209.960	3.359
1543.000	209.961	3.359
1543.200	209.958	3.359
1543.400	209.960	3.359
1543.600	209.960	3.359
1543.800	209.961	3.359
1544.000	209.962	3.359
1544.200	209.961	3.359
1544.400	209.960	3.360
1544.600	209.962	3.360
1544.800	209.961	3.360
1545.000	209.964	3.360
1545.200	209.961	3.360
1545.400	209.959	3.360
1545.600	209.959	3.360
1545.800	209.961	3.360
1546.000	209.960	3.360
1546.200	209.959	3.360
1546.400	209.960	3.360
1546.600	209.962	3.360
1546.800	209.962	3.360
1547.000	209.961	3.360
1547.200	209.961	3.360
1547.400	209.959	3.360
1547.600	209.960	3.360
1547.800	209.960	3.360
1548.000	209.959	3.360
1548.200	209.960	3.360
1548.400	209.961	3.360
1548.600	209.961	3.360
1548.800	209.960	3.360
1549.000	209.961	3.360
1549.200	209.962	3.360
1549.400	209.962	3.360
1549.600	209.963	3.360
1549.800	209.961	3.360
1550.000	209.960	3.360
1550.200	209.962	3.360
1550.400	209.963	3.360
1550.600	209.963	3.360
1550.800	209.962	3.360
1551.000	209.960	3.360
1551.200	209.960	3.360
1551.400	209.961	3.360
1551.600	209.961	3.360
1551.800	209.962	3.360
1552.000	209.960	3.360
1552.200	209.961	3.360
1552.400	209.962	3.361
1552.600	209.964	3.361
1552.800	209.962	3.361
1553.000	209.962	3.361
1553.200	209.962	3.361
1553.400	209.961	3.361
1553.600	209.961	3.361
1553.800	209.963	3.361
1554.000	209.962	3.361
1554.200	209.961	3.361
1554.400	209.962	3.361
1554.600	209.962	3.361
1554.800	209.965	3.361
1555.000	209.961	3.361
1555.200	209.964	3.361
1555.400	209.962	3.361
1555.600	209.962	3.361
1555.800	209.963	3.361
1556.000	209.962	3.361
1556.200	209.963	3.361
1556.400	209.962	3.361
1556.600	209.961	3.361
1556.800	209.961	3.361
1557.000	209.962	3.361
1557.200	209.962	3.361
1557.400	209.963	3.361
1557.600	209.961	3.361
1557.800	209.961	3.361
1558.000	209.962	3.361
1558.200	209.960	3.361
1558.400	209.963	3.361
1558.600	209.962	3.361
1558.800	209.961	3.361
1559.000	209.961	3.361
1559.200	209.962	3.361
1559.400	209.959	3.361
1559.600	209.962	3.361
1559.800	209.961	3.361
1560.000	209.962	3.361
1560.200	209.963	3.361
1560.400	209.960	3.361
1560.600	209.961	3.361
1560.800	209.962	3.362
1561.000	209.960	3.362
1561.200	209.963	3.362
1561.400	209.961	3.362
1561.600	209.961	3.362
1561.800	209.961	3.362
1562.000	209.962	3.362
1562.200	209.962	3.362
1562.400	209.963	3.362
1562.600	209.964	3.362
1562.800	209.962	3.362
1563.000	209.963	3.362
1563.200	209.964	3.362
1563.400	209.965	3.362
1563.600	209.961	3.362
1563.800	209.962	3.362
1564.000	209.962	3.362
1564.200	209.961	3.362
1564.400	209.961	3.362
1564.600	209.963	3.362
1564.800	209.962	3.362
1565.000	209.964	3.362
1565.200	209.965	3.362
1565.400	209.964	3.362
1565.600	209.963	3.362
1565.800	209.964	3.362
1566.000	209.964	3.362
1566.200	209.963	3.362
1566.400	209.964	3.362
1566.600	209.961	3.362
1566.800	209.963	3.362
1567.000	209.964	3.362
1567.200	209.962	3.362
1567.400	209.962	3.362
1567.600	209.964	3.362
1567.800	209.964	3.362
1568.000	209.965	3.362
1568.200	209.965	3.362
1568.400	209.963	3.362
1568.600	209.963	3.362
1568.800	209.962	3.362
1569.000	209.965	3.362
1569.200	209.964	3.363
1569.400	209.964	3.362
1569.600	209.964	3.362
1569.800	209.964	3.363
1570.000	209.964	3.363
1570.200	209.963	3.363
1570.400	209.965	3.363
1570.600	209.963	3.363
1570.800	209.964	3.363
1571.000	209.963	3.363
1571.200	209.963	3.363
1571.400	209.962	3.363
1571.600	209.963	3.363
1571.800	209.962	3.363
1572.000	209.963	3.363
1572.200	209.964	3.363
1572.400	209.964	3.363
1572.600	209.964	3.363
1572.800	209.962	3.363
1573.000	209.963	3.363
1573.200	209.962	3.363
1573.400	209.964	3.363
1573.600	209.964	3.363
1573.800	209.963	3.363
1574.000	209.964	3.363
1574.200	209.963	3.363
1574.400	209.965	3.363
1574.600	209.965	3.363
1574.800	209.965	3.363
1575.000	209.965	3.363
1575.200	209.965	3.363
1575.400	209.965	3.363
1575.600	209.967	3.363
1575.800	209.965	3.363
1576.000	209.965	3.363
1576.200	209.964	3.363
1576.400	209.965	3.363
1576.600	209.963	3.363
1576.800	209.965	3.363
1577.000	209.965	3.363
1577.200	209.962	3.363
1577.400	209.964	3.363
1577.600	209.965	3.364
1577.800	209.965	3.364
1578.000	209.966	3.364
1578.200	209.964	3.364
1578.400	209.965	3.364
1578.600	209.965	3.364
1578.800	209.964	3.364
1579.000	209.965	3.364
1579.200	209.966	3.364
1579.400	209.965	3.364
1579.600	209.965	3.364
1579.800	209.967	3.364
1580.000	209.965	3.364
1580.200	209.966	3.364
1580.400	209.964	3.364
1580.600	209.965	3.364
1580.800	209.965	3.364
1581.000	209.964	3.364
1581.200	209.964	3.364
1581.400	209.965	3.364
1581.600	209.966	3.364
1581.800	209.965	3.364
1582.000	209.966	3.364
1582.200	209.966	3.364
1582.400	209.965	3.364
1582.600	209.965	3.364
1582.800	209.963	3.364
1583.000	209.965	3.364
1583.200	209.964	3.364
1583.400	209.962	3.364
1583.600	209.965	3.364
1583.800	209.964	3.364
1584.000	209.964	3.364
1584.200	209.963	3.364
1584.400	209.963	3.364
1584.600	209.965	3.364
1584.800	209.964	3.364
1585.000	209.967	3.364
1585.200	209.964	3.364
1585.400	209.965	3.364
1585.600	209.966	3.364
1585.800	209.966	3.364
1586.000	209.965	3.364
1586.200	209.966	3.365
1586.400	209.967	3.365
1586.600	209.965	3.364
1586.800	209.964	3.365
1587.000	209.966	3.365
1587.200	209.965	3.365
1587.400	209.964	3.365
1587.600	209.964	3.365
1587.800	209.964	3.365
1588.000	209.963	3.365
1588.200	209.963	3.365
1588.400	209.962	3.365
1588.600	209.962	3.365
1588.800	209.961	3.365
1589.000	209.963	3.365
1589.200	209.963	3.365
1589.400	209.962	3.365
1589.600	209.962	3.365
1589.800	209.963	3.365
1590.000	209.961	3.365
1590.200	209.963	3.365
1590.400	209.963	3.365
1590.600	209.963	3.365
1590.800	209.963	3.365
1591.000	209.962	3.365
1591.200	209.960	3.365
1591.400	209.961	3.365
1591.600	209.963	3.365
1591.800	209.964	3.365
1592.000	209.964	3.365
1592.200	209.963	3.365
1592.400	209.963	3.365
1592.600	209.963	3.365
1592.800	209.964	3.365
1593.000	209.962	3.365
1593.200	209.962	3.365
1593.400	209.962	3.365
1593.600	209.962	3.365
1593.800	209.962	3.365
1594.000	209.963	3.365
1594.200	209.963	3.365
1594.400	209.963	3.365
1594.600	209.963	3.365
1594.800	209.963	3.365
1595.000	209.964	3.365
1595.200	209.962	3.365
1595.400	209.964	3.366
1595.600	209.964	3.366
1595.800	209.963	3.366
1596.000	209.961	3.366
1596.200	209.963	3.366
1596.400	209.963	3.366
1596.600	209.965	3.366
1596.800	209.964	3.366
1597.000	209.965	3.366
1597.200	209.966	3.366
1597.400	209.964	3.366
1597.600	209.963	3.366
1597.800	209.964	3.366
1598.000	209.964	3.366
1598.200	209.962	3.366
1598.400	209.963	3.366
1598.600	209.964	3.366
1598.800	209.963	3.366
1599.000	209.962	3.366
1599.200	209.963	3.366
1599.400	209.964	3.366
1599.600	209.963	3.366
1599.800	209.964	3.366
1600.000	209.963	3.366
1600.200	209.961	3.366
1600.400	209.964	3.366
1600.600	209.963	3.366
1600.800	209.963	3.366
1601.000	209.963	3.366
1601.200	209.964	3.366
1601.400	209.964	3.366
1601.600	209.963	3.366
1601.800	209.965	3.366
1602.000	209.962	3.366
1602.200	209.964	3.366
1602.400	209.964	3.366
1602.600	209.964	3.366
1602.800	209.963	3.366
1603.000	209.964	3.366
1603.200	209.964	3.366
1603.400	209.963	3.366
1603.600	209.962	3.366
1603.800	209.964	3.367
1604.000	209.964	3.367
1604.200	209.964	3.367
1604.400	209.966	3.367
1604.600	209.964	3.367
1604.800	209.964	3.367
1605.000	209.963	3.367
1605.200	209.962	3.367
1605.400	209.964	3.367
1605.600	209.965	3.367
1605.800	209.963	3.367
1606.000	209.965	3.367
1606.200	209.963	3.367
1606.400	209.963	3.367
1606.600	209.964	3.367
1606.800	209.963	3.367
1607.000	209.963	3.367
1607.200	209.963	3.367
1607.400	209.963	3.367
1607.600	209.962	3.367
1607.800	209.964	3.367
1608.000	209.964	3.367
1608.200	209.964	3.367
1608.400	209.967	3.367
1608.600	209.966	3.367
1608.800	209.965	3.367
1609.000	209.966	3.367
1609.200	209.962	3.367
1609.400	209.963	3.367
1609.600	209.963	3.367
1609.800	209.966	3.367
1610.000	209.966	3.367
1610.200	209.968	3.367
1610.400	209.963	3.367
1610.600	209.965	3.367
1610.800	209.965	3.367
1611.000	209.963	3.367
1611.200	209.965	3.367
1611.400	209.966	3.367
1611.600	209.966	3.367
1611.800	209.966	3.367
1612.000	209.965	3.367
1612.200	209.966	3.367
1612.400	209.965	3.367
1612.600	209.965	3.367
1612.800	209.965	3.368
1613.000	209.965	3.368
1613.200	209.966	3.368
1613.400	209.964	3.368
1613.600	209.964	3.368
1613.800	209.964	3.368
1614.000	209.966	3.368
1614.200	209.965	3.368
1614.400	209.963	3.368
1614.600	209.966	3.368
1614.800	209.966	3.368
1615.000	209.964	3.368
1615.200	209.965	3.368
1615.400	209.964	3.368
1615.600	209.967	3.368
1615.800	209.966	3.368
1616.000	209.965	3.368
1616.200	209.965	3.368
1616.400	209.964	3.368
1616.600	209.964	3.368
1616.800	209.964	3.368
1617.000	209.966	3.368
1617.200	209.968	3.368
1617.400	209.966	3.368
1617.600	209.965	3.368
1617.800	209.965	3.368
1618.000	209.965	3.368
1618.200	209.965	3.368
1618.400	209.966	3.368
1618.600	209.967	3.368
1618.800	209.965	3.368
1619.000	209.964	3.368
1619.200	209.966	3.368
1619.400	209.966	3.368
1619.600	209.967	3.368
1619.800	209.968	3.368
1620.000	209.966	3.368
1620.200	209.967	3.368
1620.400	209.966	3.368
1620.600	209.968	3.368
1620.800	209.966	3.368
1621.000	209.964	3.368
1621.200	209.965	3.368
1621.400	209.965	3.368
1621.600	209.965	3.368
1621.800	209.963	3.368
1622.000	209.965	3.369
1622.200	209.966	3.368
1622.400	209.966	3.369
1622.600	209.965	3.369
1622.800	209.965	3.369
1623.000	209.965	3.369
1623.200	209.965	3.369
1623.400	209.968	3.369
1623.600	209.965	3.369
1623.800	209.966	3.369
1624.000	209.967	3.369
1624.200	209.965	3.369
1624.400	209.963	3.369
1624.600	209.966	3.369
1624.800	209.967	3.369
1625.000	209.966	3.369
1625.200	209.965	3.369
1625.400	209.966	3.369
1625.600	209.966	3.369
1625.800	209.965	3.369
1626.000	209.963	3.369
1626.200	209.965	3.369
1626.400	209.964	3.369
1626.600	209.965	3.369
1626.800	209.964	3.369
1627.000	209.965	3.369
1627.200	209.966	3.369
1627.400	209.965	3.369
1627.600	209.965	3.369
1627.800	209.965	3.369
1628.000	209.965	3.369
1628.200	209.964	3.369
1628.400	209.964	3.369
1628.600	209.963	3.369
1628.800	209.966	3.369
1629.000	209.965	3.369
1629.200	209.966	3.369
1629.400	209.965	3.369
1629.600	209.964	3.369
1629.800	209.965	3.369
1630.000	209.965	3.369
1630.200	209.965	3.369
1630.400	209.965	3.369
1630.600	209.965	3.369
1630.800	209.964	3.369
1631.000	209.965	3.369
1631.200	209.965	3.370
1631.400	209.965	3.370
1631.600	209.964	3.370
1631.800	209.966	3.370
1632.000	209.966	3.370
1632.200	209.965	3.370
1632.400	209.965	3.370
1632.600	209.965	3.370
1632.800	209.966	3.370
1633.000	209.965	3.370
1633.200	209.965	3.370
1633.400	209.963	3.370
1633.600	209.965	3.370
1633.800	209.967	3.370
1634.000	209.965	3.370
1634.200	209.964	3.370
1634.400	209.964	3.370
1634.600	209.963	3.370
1634.800	209.965	3.370
1635.000	209.965	3.370
1635.200	209.963	3.370
1635.400	209.963	3.370
1635.600	209.964	3.370
1635.800	209.964	3.370
1636.000	209.964	3.370
1636.200	209.963	3.370
1636.400	209.965	3.370
1636.600	209.965	3.370
1636.800	209.963	3.370
1637.000	209.964	3.370
1637.200	209.964	3.370
1637.400	209.963	3.370
1637.600	209.966	3.370
1637.800	209.964	3.370
1638.000	209.964	3.370
1638.200	209.965	3.370
1638.400	209.964	3.370
1638.600	209.965	3.370
1638.800	209.964	3.370
1639.000	209.964	3.370
1639.200	209.965	3.371
1639.400	209.965	3.370
1639.600	209.966	3.371
1639.800	209.966	3.371
1640.000	209.967	3.371
1640.200	209.966	3.371
1640.400	209.968	3.371
1640.600	209.967	3.371
1640.800	209.966	3.371
1641.000	209.967	3.371
1641.200	209.968	3.371
1641.400	209.966	3.371
1641.600	209.966	3.371
1641.800	209.966	3.371
1642.000	209.966	3.371
1642.200	209.962	3.371
1642.400	209.966	3.371
1642.600	209.965	3.371
1642.800	209.966	3.371
1643.000	209.966	3.371
1643.200	209.965	3.371
1643.400	209.966	3.371
1643.600	209.967	3.371
1643.800	209.966	3.371
1644.000	209.967	3.371
1644.200	209.967	3.371
1644.400	209.965	3.371
1644.600	209.966	3.371
1644.800	209.965	3.371
1645.000	209.968	3.371
1645.200	209.965	3.371
1645.400	209.965	3.371
1645.600	209.965	3.371
1645.800	209.964	3.371
1646.000	209.966	3.371
1646.200	209.965	3.371
1646.400	209.965	3.371
1646.600	209.964	3.371
1646.800	209.965	3.371
1647.000	209.964	3.371
1647.200	209.964	3.371
1647.400	209.964	3.371
1647.600	209.964	3.371
1647.800	209.965	3.371
1648.000	209.965	3.371
1648.200	209.965	3.371
1648.400	209.966	3.372
1648.600	209.965	3.372
1648.800	209.966	3.372
1649.000	209.963	3.371
1649.200	209.966	3.372
1649.400	209.967	3.372
1649.600	209.966	3.372
1649.800	209.965	3.372
1650.000	209.965	3.372
1650.200	209.963	3.372
1650.400	209.964	3.372
1650.600	209.964	3.372
1650.800	209.966	3.372
1651.000	209.964	3.372
1651.200	209.964	3.372
1651.400	209.965	3.372
1651.600	209.966	3.372
1651.800	209.965	3.372
1652.000	209.967	3.372
1652.200	209.966	3.372
1652.400	209.965	3.372
1652.600	209.965	3.372
1652.800	209.966	3.372
1653.000	209.966	3.372
1653.200	209.965	3.372
1653.400	209.965	3.372
1653.600	209.966	3.372
1653.800	209.965	3.372
1654.000	209.967	3.372
1654.200	209.966	3.372
1654.400	209.965	3.372
1654.600	209.967	3.372
1654.800	209.966	3.372
1655.000	209.967	3.372
1655.200	209.965	3.372
1655.400	209.965	3.372
1655.600	209.967	3.372
1655.800	209.966	3.372
1656.000	209.964	3.372
1656.200	209.964	3.372
1656.400	209.965	3.372
1656.600	209.963	3.372
1656.800	209.964	3.372
1657.000	209.965	3.372
1657.200	209.965	3.373
1657.400	209.966	3.373
1657.600	209.965	3.373
1657.800	209.966	3.373
1658.000	209.965	3.373
1658.200	209.966	3.373
1658.400	209.965	3.373
1658.600	209.964	3.373
1658.800	209.966	3.373
1659.000	209.966	3.373
1659.200	209.967	3.373
1659.400	209.965	3.373
1659.600	209.967	3.373
1659.800	209.967	3.373
1660.000	209.966	3.373
1660.200	209.966	3.373
1660.400	209.965	3.373
1660.600	209.965	3.373
1660.800	209.964	3.373
1661.000	209.964	3.373
1661.200	209.965	3.373
1661.400	209.964	3.373
1661.600	209.965	3.373
1661.800	209.964	3.373
1662.000	209.965	3.373
1662.200	209.967	3.373
1662.400	209.966	3.373
1662.600	209.967	3.373
1662.800	209.965	3.373
1663.000	209.968	3.373
1663.200	209.965	3.373
1663.400	209.965	3.373
1663.600	209.965	3.373
1663.800	209.964	3.373
1664.000	209.965	3.373
1664.200	209.965	3.373
1664.400	209.965	3.373
1664.600	209.965	3.373
1664.800	209.964	3.373
1665.000	209.965	3.373
1665.200	209.964	3.373
1665.400	209.966	3.373
1665.600	209.965	3.373
1665.800	209.967	3.373
1666.000	209.966	3.373
1666.200	209.968	3.373
1666.400	209.968	3.373
1666.600	209.968	3.373
1666.800	209.967	3.374
1667.000	209.967	3.374
1667.200	209.967	3.374
1667.400	209.967	3.374
1667.600	209.967	3.374
1667.800	209.967	3.374
1668.000	209.966	3.374
1668.200	209.966	3.374
1668.400	209.968	3.374
1668.600	209.966	3.374
1668.800	209.965	3.374
1669.000	209.966	3.374
1669.200	209.966	3.374
1669.400	209.966	3.374
1669.600	209.967	3.374
1669.800	209.967	3.374
1670.000	209.966	3.374
1670.200	209.966	3.374
1670.400	209.967	3.374
1670.600	209.967	3.374
1670.800	209.966	3.374
1671.000	209.966	3.374
1671.200	209.967	3.374
1671.400	209.967	3.374
1671.600	209.966	3.374
1671.800	209.966	3.374
1672.000	209.966	3.374
1672.200	209.965	3.374
1672.400	209.967	3.374
1672.600	209.967	3.374
1672.800	209.968	3.374
1673.000	209.968	3.374
1673.200	209.967	3.374
1673.400	209.966	3.374
1673.600	209.966	3.374
1673.800	209.965	3.374
1674.000	209.964	3.374
1674.200	209.966	3.374
1674.400	209.966	3.374
1674.600	209.967	3.374
1674.800	209.967	3.374
1675.000	209.967	3.374
1675.200	209.966	3.374
1675.400	209.965	3.374
1675.600	209.967	3.374
1675.800	209.966	3.374
1676.000	209.966	3.374
1676.200	209.968	3.374
1676.400	209.967	3.375
1676.600	209.967	3.375
1676.800	209.965	3.375
1677.000	209.966	3.375
1677.200	209.965	3.375
1677.400	209.964	3.375
1677.600	209.966	3.375
1677.800	209.966	3.375
1678.000	209.964	3.375
1678.200	209.964	3.375
1678.400	209.965	3.375
1678.600	209.966	3.375
1678.800	209.966	3.375
1679.000	209.967	3.375
1679.200	209.967	3.375
1679.400	209.968	3.375
1679.600	209.968	3.375
1679.800	209.968	3.375
1680.000	209.967	3.375
1680.200	209.967	3.375
1680.400	209.965	3.375
1680.600	209.968	3.375
1680.800	209.968	3.375
1681.000	209.968	3.375
1681.200	209.968	3.375
1681.400	209.968	3.375
1681.600	209.966	3.375
1681.800	209.966	3.375
1682.000	209.967	3.375
1682.200	209.967	3.375
1682.400	209.967	3.375
1682.600	209.967	3.375
1682.800	209.968	3.375
1683.000	209.965	3.375
1683.200	209.966	3.375
1683.400	209.969	3.375
1683.600	209.967	3.375
1683.800	209.969	3.375
1684.000	209.967	3.375
1684.200	209.969	3.375
1684.400	209.966	3.375
1684.600	209.969	3.375
1684.800	209.967	3.375
1685.000	209.967	3.375
1685.200	209.966	3.375
1685.400	209.967	3.375
1685.600	209.966	3.375
1685.800	209.967	3.376
1686.000	209.967	3.376
1686.200	209.967	3.376
1686.400	209.968	3.376
1686.600	209.966	3.376
1686.800	209.967	3.376
1687.000	209.967	3.376
1687.200	209.966	3.376
1687.400	209.967	3.376
1687.600	209.964	3.376
1687.800	209.967	3.376
1688.000	209.968	3.376
1688.200	209.968	3.376
1688.400	209.967	3.376
1688.600	209.969	3.376
1688.800	209.968	3.376
1689.000	209.967	3.376
1689.200	209.966	3.376
1689.400	209.965	3.376
1689.600	209.969	3.376
1689.800	209.970	3.376
1690.000	209.968	3.376
1690.200	209.968	3.376
1690.400	209.970	3.376
1690.600	209.968	3.376
1690.800	209.970	3.376
1691.000	209.969	3.376
1691.200	209.969	3.376
1691.400	209.968	3.376
1691.600	209.969	3.376
1691.800	209.967	3.376
1692.000	209.967	3.376
1692.200	209.968	3.376
1692.400	209.966	3.376
1692.600	209.966	3.376
1692.800	209.966	3.376
1693.000	209.968	3.376
1693.200	209.965	3.376
1693.400	209.968	3.376
1693.600	209.970	3.376
1693.800	209.967	3.376
1694.000	209.966	3.376
1694.200	209.966	3.376
1694.400	209.968	3.376
1694.600	209.965	3.376
1694.800	209.967	3.376
1695.000	209.964	3.376
1695.200	209.966	3.376
1695.400	209.965	3.376
1695.600	209.966	3.376
1695.800	209.965	3.377
1696.000	209.967	3.377
1696.200	209.967	3.377
1696.400	209.966	3.377
1696.600	209.967	3.377
1696.800	209.965	3.377
1697.000	209.966	3.377
1697.200	209.967	3.377
1697.400	209.965	3.377
1697.600	209.965	3.377
1697.800	209.967	3.377
1698.000	209.966	3.377
1698.200	209.966	3.377
1698.400	209.967	3.377
1698.600	209.967	3.377
1698.800	209.966	3.377
1699.000	209.965	3.377
1699.200	209.964	3.377
1699.400	209.965	3.377
1699.600	209.965	3.377
1699.800	209.965	3.377
1700.000	209.965	3.377
1700.200	209.964	3.377
1700.400	209.964	3.377
1700.600	209.964	3.377
1700.800	209.963	3.377
1701.000	209.964	3.377
1701.200	209.964	3.377
1701.400	209.964	3.377
1701.600	209.964	3.377
1701.800	209.964	3.377
1702.000	209.967	3.377
1702.200	209.964	3.377
1702.400	209.965	3.377
1702.600	209.965	3.377
1702.800	209.965	3.377
1703.000	209.964	3.377
1703.200	209.964	3.377
1703.400	209.966	3.377
1703.600	209.965	3.377
1703.800	209.965	3.377
1704.000	209.966	3.377
1704.200	209.966	3.377
1704.400	209.965	3.377
1704.600	209.965	3.377
1704.800	209.965	3.377
1705.000	209.965	3.377
1705.200	209.965	3.377
1705.400	209.964	3.377
1705.600	209.964	3.377
1705.800	209.964	3.377
1706.000	209.965	3.377
1706.200	209.967	3.378
1706.400	209.965	3.378
1706.600	209.964	3.378
1706.800	209.964	3.378
1707.000	209.966	3.378
1707.200	209.967	3.378
1707.400	209.966	3.378
1707.600	209.965	3.378
1707.800	209.964	3.378
1708.000	209.964	3.378
1708.200	209.966	3.378
1708.400	209.967	3.378
1708.600	209.966	3.378
1708.800	209.966	3.378
1709.000	209.966	3.378
1709.200	209.966	3.378
1709.400	209.966	3.378
1709.600	209.965	3.378
1709.800	209.965	3.378
1710.000	209.967	3.378
1710.200	209.967	3.378
1710.400	209.966	3.378
1710.600	209.967	3.378
1710.800	209.966	3.378
1711.000	209.967	3.378
1711.200	209.967	3.378
1711.400	209.967	3.378
1711.600	209.968	3.378
1711.800	209.967	3.378
1712.000	209.967	3.378
1712.200	209.966	3.378
1712.400	209.967	3.378
1712.600	209.966	3.378
1712.800	209.969	3.378
1713.000	209.967	3.378
1713.200	209.967	3.378
1713.400	209.968	3.378
1713.600	209.966	3.378
1713.800	209.968	3.378
1714.000	209.969	3.378
1714.200	209.969	3.378
1714.400	209.970	3.378
1714.600	209.969	3.378
1714.800	209.970	3.378
1715.000	209.968	3.378
1715.200	209.967	3.378
1715.400	209.967	3.378
1715.600	209.967	3.378
1715.800	209.967	3.378
1716.000	209.967	3.379
1716.200	209.965	3.379
1716.400	209.965	3.378
1716.600	209.966	3.379
1716.800	209.967	3.379
1717.000	209.966	3.379
1717.200	209.966	3.379
1717.400	209.967	3.379
1717.600	209.966	3.379
1717.800	209.967	3.379
1718.000	209.966	3.379
1718.200	209.965	3.379
1718.400	209.966	3.379
1718.600	209.967	3.379
1718.800	209.967	3.379
1719.000	209.966	3.379
1719.200	209.965	3.379
1719.400	209.966	3.379
1719.600	209.966	3.379
1719.800	209.966	3.379
1720.000	209.966	3.379
1720.200	209.967	3.379
1720.400	209.965	3.379
1720.600	209.967	3.379
1720.800	209.968	3.379
1721.000	209.966	3.379
1721.200	209.965	3.379
1721.400	209.967	3.379
1721.600	209.967	3.379
1721.800	209.967	3.379
1722.000	209.967	3.379
1722.200	209.967	3.379
1722.400	209.967	3.379
1722.600	209.967	3.379
1722.800	209.967	3.379
1723.000	209.968	3.379
1723.200	209.967	3.379
1723.400	209.968	3.379
1723.600	209.969	3.379
1723.800	209.970	3.379
1724.000	209.967	3.379
1724.200	209.967	3.379
1724.400	209.968	3.379
1724.600	209.967	3.379
1724.800	209.967	3.379
1725.000	209.965	3.379
1725.200	209.968	3.379
1725.400	209.968	3.379
1725.600	209.968	3.379
1725.800	209.966	3.379
1726.000	209.968	3.380
1726.200	209.967	3.380
1726.400	209.969	3.380
1726.600	209.967	3.380
1726.800	209.968	3.380
1727.000	209.966	3.380
1727.200	209.968	3.380
1727.400	209.966	3.380
1727.600	209.967	3.380
1727.800	209.966	3.380
1728.000	209.967	3.380
1728.200	209.968	3.380
1728.400	209.969	3.380
1728.600	209.968	3.380
1728.800	209.968	3.380
1729.000	209.970	3.380
1729.200	209.967	3.380
1729.400	209.967	3.380
1729.600	209.968	3.380
1729.800	209.969	3.380
1730.000	209.966	3.380
1730.200	209.966	3.380
1730.400	209.968	3.380
1730.600	209.968	3.380
1730.800	209.968	3.380
1731.000	209.967	3.380
1731.200	209.966	3.380
1731.400	209.966	3.380
1731.600	209.967	3.380
1731.800	209.968	3.380
1732.000	209.968	3.380
1732.200	209.966	3.380
1732.400	209.967	3.380
1732.600	209.968	3.380
1732.800	209.966	3.380
1733.000	209.966	3.380
1733.200	209.968	3.380
1733.400	209.966	3.380
1733.600	209.968	3.380
1733.800	209.967	3.380
1734.000	209.968	3.380
1734.200	209.967	3.380
1734.400	209.965	3.380
1734.600	209.968	3.380
1734.800	209.966	3.380
1735.000	209.966	3.380
1735.200	209.965	3.380
1735.400	209.967	3.380
1735.600	209.966	3.380
1735.800	209.966	3.380
1736.000	209.967	3.381
1736.200	209.965	3.381
1736.400	209.966	3.381
1736.600	209.966	3.381
1736.800	209.967	3.381
1737.000	209.966	3.381
1737.200	209.965	3.381
1737.400	209.965	3.381
1737.600	209.965	3.381
1737.800	209.965	3.381
1738.000	209.965	3.381
1738.200	209.967	3.381
1738.400	209.969	3.381
1738.600	209.966	3.381
1738.800	209.966	3.381
1739.000	209.967	3.381
1739.200	209.967	3.381
1739.400	209.965	3.381
1739.600	209.967	3.381
1739.800	209.969	3.381
1740.000	209.966	3.381
1740.200	209.967	3.381
1740.400	209.966	3.381
1740.600	209.967	3.381
1740.800	209.967	3.381
1741.000	209.966	3.381
1741.200	209.969	3.381
1741.400	209.965	3.381
1741.600	209.967	3.381
1741.800	209.966	3.381
1742.000	209.965	3.381
1742.200	209.966	3.381
1742.400	209.968	3.381
1742.600	209.967	3.381
1742.800	209.969	3.381
1743.000	209.966	3.381
1743.200	209.966	3.381
1743.400	209.967	3.381
1743.600	209.965	3.381
1743.800	209.966	3.381
1744.000	209.967	3.381
1744.200	209.967	3.381
1744.400	209.965	3.381
1744.600	209.968	3.381
1744.800	209.967	3.381
1745.000	209.966	3.381
1745.200	209.965	3.381
1745.400	209.967	3.381
1745.600	209.966	3.381
1745.800	209.966	3.381
1746.000	209.964	3.382
1746.200	209.967	3.382
1746.400	209.968	3.382
1746.600	209.966	3.382
1746.800	209.967	3.382
1747.000	209.967	3.382
1747.200	209.966	3.382
1747.400	209.966	3.382
1747.600	209.966	3.382
1747.800	209.970	3.382
1748.000	209.969	3.382
1748.200	209.967	3.382
1748.400	209.969	3.382
1748.600	209.969	3.382
1748.800	209.967	3.382
1749.000	209.967	3.382
1749.200	209.969	3.382
1749.400	209.968	3.382
1749.600	209.967	3.382
1749.800	209.967	3.382
1750.000	209.969	3.382
1750.200	209.969	3.382
1750.400	209.967	3.382
1750.600	209.970	3.382
1750.800	209.969	3.382
1751.000	209.970	3.382
1751.200	209.970	3.382
1751.400	209.969	3.382
1751.600	209.970	3.382
1751.800	209.971	3.382
1752.000	209.967	3.382
1752.200	209.968	3.382
1752.400	209.968	3.382
1752.600	209.968	3.382
1752.800	209.969	3.382
1753.000	209.970	3.382
1753.200	209.969	3.382
1753.400	209.969	3.382
1753.600	209.968	3.382
1753.800	209.968	3.382
1754.000	209.967	3.382
1754.200	209.967	3.382
1754.400	209.969	3.382
1754.600	209.969	3.382
1754.800	209.968	3.382
1755.000	209.969	3.383
1755.200	209.966	3.382
1755.400	209.969	3.383
1755.600	209.966	3.383
1755.800	209.966	3.383
1756.000	209.967	3.383
1756.200	209.967	3.383
1756.400	209.968	3.383
1756.600	209.966	3.383
1756.800	209.966	3.383
1757.000	209.966	3.383
1757.200	209.967	3.383
1757.400	209.966	3.383
1757.600	209.967	3.383
1757.800	209.966	3.383
1758.000	209.969	3.383
1758.200	209.970	3.383
1758.400	209.969	3.383
1758.600	209.966	3.383
1758.800	209.966	3.383
1759.000	209.967	3.383
1759.200	209.969	3.383
1759.400	209.968	3.383
1759.600	209.969	3.383
1759.800	209.972	3.383
1760.000	209.969	3.383
1760.200	209.971	3.383
1760.400	209.970	3.383
1760.600	209.967	3.383
1760.800	209.968	3.383
1761.000	209.968	3.383
1761.200	209.967	3.383
1761.400	209.969	3.383
1761.600	209.969	3.383
1761.800	209.967	3.383
1762.000	209.969	3.383
1762.200	209.967	3.383
1762.400	209.967	3.383
1762.600	209.969	3.383
1762.800	209.969	3.383
1763.000	209.969	3.383
1763.200	209.970	3.383
1763.400	209.969	3.383
1763.600	209.969	3.383
1763.800	209.968	3.383
1764.000	209.967	3.383
1764.200	209.967	3.383
1764.400	209.967	3.383
1764.600	209.968	3.383
1764.800	209.969	3.384
1765.000	209.969	3.383
1765.200	209.969	3.383
1765.400	209.966	3.384
1765.600	209.969	3.384
1765.800	209.969	3.384
1766.000	209.968	3.384
1766.200	209.969	3.384
1766.400	209.967	3.384
1766.600	209.970	3.384
1766.800	209.969	3.384
1767.000	209.970	3.384
1767.200	209.969	3.384
1767.400	209.969	3.384
1767.600	209.970	3.384
1767.800	209.967	3.384
1768.000	209.968	3.384
1768.200	209.969	3.384
1768.400	209.969	3.384
1768.600	209.969	3.384
1768.800	209.971	3.384
1769.000	209.970	3.384
1769.200	209.968	3.384
1769.400	209.968	3.384
1769.600	209.968	3.384
1769.800	209.973	3.384
1770.000	209.970	3.384
1770.200	209.969	3.384
1770.400	209.969	3.384
1770.600	209.969	3.384
1770.800	209.970	3.384
1771.000	209.968	3.384
1771.200	209.969	3.384
1771.400	209.968	3.384
1771.600	209.968	3.384
1771.800	209.970	3.384
1772.000	209.971	3.384
1772.200	209.970	3.384
1772.400	209.970	3.384
1772.600	209.971	3.384
1772.800	209.968	3.384
1773.000	209.968	3.384
1773.200	209.970	3.384
1773.400	209.971	3.384
1773.600	209.968	3.384
1773.800	209.967	3.384
1774.000	209.967	3.384
1774.200	209.967	3.384
1774.400	209.967	3.384
1774.600	209.968	3.385
1774.800	209.968	3.385
1775.000	209.968	3.385
1775.200	209.968	3.385
1775.400	209.970	3.385
1775.600	209.970	3.385
1775.800	209.971	3.385
1776.000	209.969	3.385
1776.200	209.967	3.385
1776.400	209.967	3.385
1776.600	209.969	3.385
1776.800	209.970	3.385
1777.000	209.969	3.385
1777.200	209.967	3.385
1777.400	209.970	3.385
1777.600	209.969	3.385
1777.800	209.970	3.385
1778.000	209.970	3.385
1778.200	209.968	3.385
1778.400	209.969	3.385
1778.600	209.969	3.385
1778.800	209.967	3.385
1779.000	209.968	3.385
1779.200	209.969	3.385
1779.400	209.970	3.385
1779.600	209.970	3.385
1779.800	209.970	3.385
1780.000	209.969	3.385
1780.200	209.967	3.385
1780.400	209.968	3.385
1780.600	209.969	3.385
1780.800	209.968	3.385
1781.000	209.969	3.385
1781.200	209.969	3.385
1781.400	209.970	3.385
1781.600	209.970	3.385
1781.800	209.968	3.385
1782.000	209.968	3.385
1782.200	209.969	3.385
1782.400	209.970	3.385
1782.600	209.969	3.385
1782.800	209.968	3.385
1783.000	209.970	3.385
1783.200	209.972	3.385
1783.400	209.970	3.385
1783.600	209.967	3.385
1783.800	209.968	3.385
1784.000	209.968	3.385
1784.200	209.971	3.385
1784.400	209.967	3.385
1784.600	209.970	3.385
1784.800	209.969	3.385
1785.000	209.970	3.385
1785.200	209.970	3.386
1785.400	209.970	3.386
1785.600	209.970	3.386
1785.800	209.970	3.386
1786.000	209.970	3.386
1786.200	209.971	3.386
1786.400	209.969	3.386
1786.600	209.970	3.386
1786.800	209.969	3.386
1787.000	209.971	3.386
1787.200	209.969	3.386
1787.400	209.970	3.386
1787.600	209.970	3.386
1787.800	209.969	3.386
1788.000	209.970	3.386
1788.200	209.970	3.386
1788.400	209.969	3.386
1788.600	209.972	3.386
1788.800	209.969	3.386
1789.000	209.971	3.386
1789.200	209.970	3.386
1789.400	209.971	3.386
1789.600	209.972	3.386
1789.800	209.972	3.386
1790.000	209.970	3.386
1790.200	209.971	3.386
1790.400	209.968	3.386
1790.600	209.969	3.386
1790.800	209.970	3.386
1791.000	209.969	3.386
1791.200	209.969	3.386
1791.400	209.969	3.386
1791.600	209.968	3.386
1791.800	209.969	3.386
1792.000	209.967	3.386
1792.200	209.967	3.386
1792.400	209.966	3.386
1792.600	209.967	3.386
1792.800	209.967	3.386
1793.000	209.969	3.386
1793.200	209.967	3.386
1793.400	209.970	3.386
1793.600	209.968	3.386
1793.800	209.968	3.386
1794.000	209.964	3.386
1794.200	209.967	3.386
1794.400	209.969	3.386
1794.600	209.967	3.386
1794.800	209.968	3.386
1795.000	209.966	3.386
1795.200	209.969	3.386
1795.400	209.968	3.386
1795.600	209.968	3.386
1795.800	209.966	3.386
1796.000	209.966	3.386
1796.200	209.966	3.386
1796.400	209.968	3.387
1796.600	209.966	3.387
1796.800	209.966	3.387
1797.000	209.966	3.387
1797.200	209.968	3.387
1797.400	209.969	3.387
1797.600	209.966	3.387
1797.800	209.968	3.387
1798.000	209.967	3.387
1798.200	209.968	3.387
1798.400	209.968	3.387
1798.600	209.966	3.387
1798.800	209.966	3.387
1799.000	209.967	3.387
1799.200	209.967	3.387
1799.400	209.966	3.387
1799.600	209.969	3.387
1799.800	209.968	3.387
1800.000	209.969	3.387
1800.200	0.167	3.377
1800.400	0.095	3.377
1800.600	0.078	3.377
1800.800	0.067	3.377
1801.000	0.062	3.377
1801.200	0.061	3.377
1801.400	0.057	3.377
1801.600	0.056	3.377
1801.800	0.054	3.377
1802.000	0.053	3.377
1802.200	0.053	3.377
1802.400	0.052	3.377
1802.600	0.051	3.377
1802.800	0.050	3.376
1803.000	0.049	3.376
1803.200	0.049	3.376
1803.400	0.048	3.376
1803.600	0.048	3.376
1803.800	0.048	3.376
1804.000	0.048	3.376
1804.200	0.046	3.376
1804.400	0.046	3.376
1804.600	0.048	3.376
1804.800	0.047	3.376
1805.000	0.046	3.376
1805.200	0.046	3.376
1805.400	0.045	3.376
1805.600	0.047	3.376
1805.800	0.047	3.376
1806.000	0.048	3.376
1806.200	0.047	3.376
1806.400	0.047	3.376
1806.600	0.045	3.376
1806.800	0.045	3.376
1807.000	0.046	3.376
1807.200	0.045	3.376
1807.400	0.047	3.375
1807.600	0.046	3.375
1807.800	0.044	3.375
1808.000	0.047	3.375
1808.200	0.047	3.375
1808.400	0.046	3.375
1808.600	0.044	3.375
1808.800	0.046	3.375
1809.000	0.044	3.375
1809.200	0.046	3.375
1809.400	0.045	3.375
1809.600	0.045	3.375
1809.800	0.044	3.375
1810.000	0.042	3.375
1810.200	0.044	3.375
1810.400	0.044	3.375
1810.600	0.043	3.375
1810.800	0.043	3.375
1811.000	0.043	3.375
1811.200	0.045	3.375
1811.400	0.044	3.375
1811.600	0.047	3.375
1811.800	0.044	3.375
1812.000	0.046	3.375
1812.200	0.044	3.375
1812.400	0.045	3.375
1812.600	0.043	3.375
1812.800	0.044	3.375
1813.000	0.043	3.375
1813.200	0.044	3.375
1813.400	0.045	3.375
1813.600	0.044	3.375
1813.800	0.045	3.375
1814.000	0.044	3.375
1814.200	0.046	3.375
1814.400	0.044	3.375
1814.600	0.044	3.374
1814.800	0.045	3.374
1815.000	0.045	3.374
1815.200	0.044	3.374
1815.400	0.044	3.374
1815.600	0.045	3.374
1815.800	0.043	3.374
1816.000	0.045	3.374
1816.200	0.045	3.374
1816.400	0.045	3.374
1816.600	0.043	3.374
1816.800	0.043	3.374
1817.000	0.043	3.374
1817.200	0.044	3.374
1817.400	0.044	3.374
1817.600	0.043	3.374
1817.800	0.044	3.374
1818.000	0.042	3.374
1818.200	0.043	3.374
1818.400	0.044	3.374
1818.600	0.044	3.374
1818.800	0.045	3.374
1819.000	0.043	3.374
1819.200	0.043	3.374
1819.400	0.043	3.374
1819.600	0.044	3.374
1819.800	0.045	3.374
1820.000	0.044	3.374
1820.200	0.044	3.374
1820.400	0.044	3.374
1820.600	0.043	3.374
1820.800	0.043	3.374
1821.000	0.044	3.374
1821.200	0.042	3.374
1821.400	0.043	3.374
1821.600	0.044	3.374
1821.800	0.043	3.374
1822.000	0.043	3.374
1822.200	0.044	3.374
1822.400	0.043	3.374
1822.600	0.043	3.374
1822.800	0.044	3.374
1823.000	0.043	3.374
1823.200	0.041	3.374
1823.400	0.043	3.374
1823.600	0.041	3.374
1823.800	0.043	3.374
1824.000	0.043	3.374
1824.200	0.043	3.374
1824.400	0.044	3.374
1824.600	0.043	3.374
1824.800	0.044	3.373
1825.000	0.043	3.373
1825.200	0.042	3.373
1825.400	0.043	3.373
1825.600	0.043	3.373
1825.800	0.044	3.373
1826.000	0.043	3.373
1826.200	0.044	3.373
1826.400	0.043	3.373
1826.600	0.043	3.373
1826.800	0.043	3.373
1827.000	0.044	3.373
1827.200	0.045	3.373
1827.400	0.044	3.373
1827.600	0.043	3.373
1827.800	0.044	3.373
1828.000	0.043	3.373
1828.200	0.042	3.373
1828.400	0.041	3.373
1828.600	0.041	3.373
1828.800	0.043	3.373
1829.000	0.045	3.373
1829.200	0.045	3.373
1829.400	0.043	3.373
1829.600	0.042	3.373
1829.800	0.042	3.373
1830.000	0.042	3.373
1830.200	0.043	3.373
1830.400	0.042	3.373
1830.600	0.045	3.373
1830.800	0.044	3.373
1831.000	0.043	3.373
1831.200	0.043	3.373
1831.400	0.044	3.373
1831.600	0.043	3.373
1831.800	0.043	3.373
1832.000	0.043	3.373
1832.200	0.043	3.373
1832.400	0.043	3.373
1832.600	0.044	3.373
1832.800	0.043	3.373
1833.000	0.043	3.373
1833.200	0.043	3.373
1833.400	0.041	3.373
1833.600	0.042	3.373
1833.800	0.042	3.373
1834.000	0.043	3.373
1834.200	0.042	3.373
1834.400	0.041	3.373
1834.600	0.043	3.373
1834.800	0.043	3.373
1835.000	0.043	3.373
1835.200	0.043	3.373
1835.400	0.043	3.373
1835.600	0.044	3.373
1835.800	0.043	3.373
1836.000	0.043	3.373
1836.200	0.045	3.373
1836.400	0.044	3.373
1836.600	0.044	3.373
1836.800	0.044	3.373
1837.000	0.043	3.373
1837.200	0.043	3.373
1837.400	0.041	3.373
1837.600	0.043	3.373
1837.800	0.042	3.372
1838.000	0.044	3.373
1838.200	0.042	3.372
1838.400	0.043	3.372
1838.600	0.042	3.372
1838.800	0.040	3.372
1839.000	0.042	3.372
1839.200	0.041	3.372
1839.400	0.041	3.372
1839.600	0.041	3.372
1839.800	0.040	3.372
1840.000	0.039	3.372
1840.200	0.041	3.372
1840.400	0.041	3.372
1840.600	0.041	3.372
1840.800	0.040	3.372
1841.000	0.042	3.372
1841.200	0.045	3.372
1841.400	0.042	3.372
1841.600	0.041	3.372
1841.800	0.041	3.372
1842.000	0.040	3.372
1842.200	0.041	3.372
1842.400	0.043	3.372
1842.600	0.042	3.372
1842.800	0.041	3.372
1843.000	0.042	3.372
1843.200	0.042	3.372
1843.400	0.043	3.372
1843.600	0.042	3.372
1843.800	0.040	3.372
1844.000	0.042	3.372
1844.200	0.042	3.372
1844.400	0.043	3.372
1844.600	0.043	3.372
1844.800	0.042	3.372
1845.000	0.042	3.372
1845.200	0.041	3.372
1845.400	0.042	3.372
1845.600	0.042	3.372
1845.800	0.041	3.372
1846.000	0.040	3.372
1846.200	0.040	3.372
1846.400	0.041	3.372
1846.600	0.043	3.372
1846.800	0.042	3.372
1847.000	0.044	3.372
1847.200	0.041	3.372
1847.400	0.043	3.372
1847.600	0.042	3.372
1847.800	0.042	3.372
1848.000	0.041	3.372
1848.200	0.041	3.372
1848.400	0.041	3.372
1848.600	0.042	3.372
1848.800	0.043	3.372
1849.000	0.042	3.372
1849.200	0.042	3.372
1849.400	0.044	3.372
1849.600	0.042	3.372
1849.800	0.043	3.372
1850.000	0.043	3.372
1850.200	0.042	3.372
1850.400	0.043	3.372
1850.600	0.043	3.372
1850.800	0.043	3.372
1851.000	0.042	3.372
1851.200	0.042	3.372
1851.400	0.044	3.372
1851.600	0.042	3.372
1851.800	0.043	3.372
1852.000	0.042	3.372
1852.200	0.043	3.372
1852.400	0.042	3.372
1852.600	0.043	3.372
1852.800	0.044	3.372
1853.000	0.042	3.372
1853.200	0.042	3.372
1853.400	0.042	3.372
1853.600	0.044	3.372
1853.800	0.041	3.372
1854.000	0.043	3.372
1854.200	0.043	3.372
1854.400	0.046	3.372
1854.600	0.040	3.372
1854.800	0.042	3.372
1855.000	0.041	3.372
1855.200	0.043	3.372
1855.400	0.044	3.372
1855.600	0.045	3.372
1855.800	0.044	3.371
1856.000	0.044	3.371
1856.200	0.042	3.372
1856.400	0.042	3.371
1856.600	0.042	3.371
1856.800	0.042	3.371
1857.000	0.042	3.371
1857.200	0.044	3.371
1857.400	0.043	3.371
1857.600	0.043	3.371
1857.800	0.046	3.371
1858.000	0.045	3.371
1858.200	0.043	3.371
1858.400	0.042	3.371
1858.600	0.044	3.371
1858.800	0.045	3.371
1859.000	0.042	3.371
1859.200	0.044	3.371
1859.400	0.044	3.371
1859.600	0.045	3.371
1859.800	0.043	3.371
1860.000	0.043	3.371
1860.200	0.041	3.371
1860.400	0.043	3.371
1860.600	0.043	3.371
1860.800	0.044	3.371
1861.000	0.042	3.371
1861.200	0.044	3.371
1861.400	0.044	3.371
1861.600	0.042	3.371
1861.800	0.043	3.371
1862.000	0.042	3.371
1862.200	0.044	3.371
1862.400	0.042	3.371
1862.600	0.044	3.371
1862.800	0.042	3.371
1863.000	0.044	3.371
1863.200	0.043	3.371
1863.400	0.044	3.371
1863.600	0.040	3.371
1863.800	0.042	3.371
1864.000	0.045	3.371
1864.200	0.043	3.371
1864.400	0.045	3.371
1864.600	0.043	3.371
1864.800	0.043	3.371
1865.000	0.043	3.371
1865.200	0.043	3.371
1865.400	0.043	3.371
1865.600	0.042	3.371
1865.800	0.042	3.371
1866.000	0.043	3.371
1866.200	0.042	3.371
1866.400	0.043	3.371
1866.600	0.042	3.371
1866.800	0.042	3.371
1867.000	0.042	3.371
1867.200	0.041	3.371
1867.400	0.041	3.371
1867.600	0.044	3.371
1867.800	0.043	3.371
1868.000	0.041	3.371
1868.200	0.041	3.371
1868.400	0.042	3.371
1868.600	0.040	3.371
1868.800	0.042	3.371
1869.000	0.043	3.371
1869.200	0.042	3.371
1869.400	0.043	3.371
1869.600	0.042	3.371
1869.800	0.043	3.371
1870.000	0.042	3.371
1870.200	0.043	3.371
1870.400	0.042	3.371
1870.600	0.043	3.371
1870.800	0.044	3.371
1871.000	0.041	3.371
1871.200	0.044	3.371
1871.400	0.042	3.371
1871.600	0.041	3.371
1871.800	0.041	3.371
1872.000	0.041	3.371
1872.200	0.042	3.371
1872.400	0.041	3.371
1872.600	0.041	3.371
1872.800	0.042	3.371
1873.000	0.042	3.371
1873.200	0.044	3.371
1873.400	0.041	3.371
1873.600	0.043	3.371
1873.800	0.041	3.371
1874.000	0.040	3.371
1874.200	0.039	3.371
1874.400	0.042	3.371
1874.600	0.043	3.371
1874.800	0.042	3.371
1875.000	0.042	3.371
1875.200	0.042	3.371
1875.400	0.040	3.371
1875.600	0.041	3.371
1875.800	0.043	3.371
1876.000	0.042	3.371
1876.200	0.043	3.371
1876.400	0.043	3.371
1876.600	0.042	3.371
1876.800	0.042	3.371
1877.000	0.043	3.371
1877.200	0.043	3.371
1877.400	0.042	3.371
1877.600	0.042	3.371
1877.800	0.041	3.371
1878.000	0.043	3.371
1878.200	0.041	3.370
1878.400	0.043	3.370
1878.600	0.043	3.371
1878.800	0.041	3.371
1879.000	0.043	3.371
1879.200	0.041	3.370
1879.400	0.040	3.370
1879.600	0.041	3.371
1879.800	0.040	3.370
1880.000	0.041	3.371
1880.200	0.040	3.370
1880.400	0.040	3.370
1880.600	0.040	3.370
1880.800	0.042	3.370
1881.000	0.042	3.370
1881.200	0.040	3.370
1881.400	0.044	3.370
1881.600	0.042	3.370
1881.800	0.041	3.370
1882.000	0.043	3.370
1882.200	0.042	3.370
1882.400	0.041	3.370
1882.600	0.041	3.370
1882.800	0.043	3.370
1883.000	0.040	3.370
1883.200	0.040	3.370
1883.400	0.042	3.370
1883.600	0.040	3.370
1883.800	0.042	3.370
1884.000	0.041	3.370
1884.200	0.040	3.370
1884.400	0.042	3.370
1884.600	0.040	3.370
1884.800	0.041	3.370
1885.000	0.042	3.370
1885.200	0.042	3.370
1885.400	0.042	3.370
1885.600	0.042	3.370
1885.800	0.043	3.370
1886.000	0.043	3.370
1886.200	0.041	3.370
1886.400	0.042	3.370
1886.600	0.043	3.370
1886.800	0.041	3.370
1887.000	0.041	3.370
1887.200	0.042	3.370
1887.400	0.042	3.370
1887.600	0.041	3.370
1887.800	0.041	3.370
1888.000	0.043	3.370
1888.200	0.040	3.370
1888.400	0.040	3.370
1888.600	0.041	3.370
1888.800	0.043	3.370
1889.000	0.044	3.370
1889.200	0.045	3.370
1889.400	0.042	3.370
1889.600	0.042	3.370
1889.800	0.043	3.370
1890.000	0.043	3.370
1890.200	0.042	3.370
1890.400	0.042	3.370
1890.600	0.042	3.370
1890.800	0.043	3.370
1891.000	0.044	3.370
1891.200	0.043	3.370
1891.400	0.043	3.370
1891.600	0.044	3.370
1891.800	0.043	3.370
1892.000	0.044	3.370
1892.200	0.043	3.370
1892.400	0.042	3.370
1892.600	0.044	3.370
1892.800	0.043	3.370
1893.000	0.043	3.370
1893.200	0.042	3.370
1893.400	0.043	3.370
1893.600	0.041	3.370
1893.800	0.042	3.370
1894.000	0.043	3.370
1894.200	0.043	3.370
1894.400	0.042	3.370
1894.600	0.043	3.370
1894.800	0.041	3.370
1895.000	0.044	3.370
1895.200	0.041	3.370
1895.400	0.044	3.370
1895.600	0.044	3.370
1895.800	0.043	3.370
1896.000	0.042	3.370
1896.200	0.043	3.370
1896.400	0.042	3.370
1896.600	0.041	3.370
1896.800	0.043	3.370
1897.000	0.042	3.370
1897.200	0.041	3.370
1897.400	0.042	3.370
1897.600	0.042	3.370
1897.800	0.042	3.370
1898.000	0.041	3.370
1898.200	0.042	3.370
1898.400	0.043	3.370
1898.600	0.042	3.370
1898.800	0.042	3.370
1899.000	0.044	3.370
1899.200	0.041	3.370
1899.400	0.040	3.370
1899.600	0.042	3.370
1899.800	0.042	3.370
1900.000	0.041	3.370
1900.200	0.040	3.370
1900.400	0.043	3.370
1900.600	0.042	3.370
1900.800	0.039	3.370
1901.000	0.045	3.370
1901.200	0.041	3.370
1901.400	0.041	3.370
1901.600	0.041	3.370
1901.800	0.042	3.370
1902.000	0.041	3.370
1902.200	0.041	3.370
1902.400	0.041	3.370
1902.600	0.042	3.370
1902.800	0.042	3.370
1903.000	0.042	3.370
1903.200	0.042	3.370
1903.400	0.044	3.370
1903.600	0.042	3.370
1903.800	0.041	3.370
1904.000	0.043	3.370
1904.200	0.042	3.370
1904.400	0.043	3.370
1904.600	0.042	3.370
1904.800	0.042	3.370
1905.000	0.042	3.370
1905.200	0.044	3.370
1905.400	0.044	3.370
1905.600	0.043	3.370
1905.800	0.043	3.370
1906.000	0.043	3.370
1906.200	0.044	3.370
1906.400	0.043	3.370
1906.600	0.041	3.370
1906.800	0.042	3.370
1907.000	0.043	3.370
1907.200	0.043	3.370
1907.400	0.044	3.370
1907.600	0.042	3.370
1907.800	0.042	3.370
1908.000	0.043	3.370
1908.200	0.042	3.370
1908.400	0.043	3.370
1908.600	0.042	3.370
1908.800	0.043	3.370
1909.000	0.042	3.370
1909.200	0.044	3.370
1909.400	0.043	3.370
1909.600	0.043	3.370
1909.800	0.042	3.370
1910.000	0.041	3.370
1910.200	0.042	3.370
1910.400	0.041	3.369
1910.600	0.044	3.370
1910.800	0.043	3.370
1911.000	0.041	3.370
1911.200	0.042	3.369
1911.400	0.042	3.370
1911.600	0.041	3.370
1911.800	0.041	3.369
1912.000	0.041	3.369
1912.200	0.041	3.369
1912.400	0.041	3.369
1912.600	0.041	3.369
1912.800	0.040	3.369
1913.000	0.040	3.369
1913.200	0.041	3.369
1913.400	0.041	3.369
1913.600	0.041	3.369
1913.800	0.041	3.369
1914.000	0.040	3.369
1914.200	0.039	3.369
1914.400	0.040	3.369
1914.600	0.041	3.369
1914.800	0.041	3.369
1915.000	0.041	3.369
1915.200	0.040	3.369
1915.400	0.041	3.369
1915.600	0.042	3.369
1915.800	0.041	3.369
1916.000	0.042	3.369
1916.200	0.041	3.369
1916.400	0.041	3.369
1916.600	0.041	3.369
1916.800	0.041	3.369
1917.000	0.039	3.369
1917.200	0.041	3.369
1917.400	0.041	3.369
1917.600	0.041	3.369
1917.800	0.042	3.369
1918.000	0.041	3.369
1918.200	0.040	3.369
1918.400	0.040	3.369
1918.600	0.042	3.369
1918.800	0.041	3.369
1919.000	0.042	3.369
1919.200	0.042	3.369
1919.400	0.041	3.369
1919.600	0.040	3.369
1919.800	0.042	3.369
1920.000	0.040	3.369
1920.200	0.041	3.369
1920.400	0.042	3.369
1920.600	0.044	3.369
1920.800	0.043	3.369
1921.000	0.040	3.369
1921.200	0.043	3.369
1921.400	0.041	3.369
1921.600	0.044	3.369
1921.800	0.043	3.369
1922.000	0.043	3.369
1922.200	0.042	3.369
1922.400	0.041	3.369
1922.600	0.040	3.369
1922.800	0.039	3.369
1923.000	0.043	3.369
1923.200	0.041	3.369
1923.400	0.041	3.369
1923.600	0.043	3.369
1923.800	0.043	3.369
1924.000	0.042	3.369
1924.200	0.041	3.369
1924.400	0.039	3.369
1924.600	0.045	3.369
1924.800	0.042	3.369
1925.000	0.041	3.369
1925.200	0.041	3.369
1925.400	0.040	3.369
1925.600	0.042	3.369
1925.800	0.040	3.369
1926.000	0.042	3.369
1926.200	0.043	3.369
1926.400	0.042	3.369
1926.600	0.042	3.369
1926.800	0.041	3.369
1927.000	0.040	3.369
1927.200	0.043	3.369
1927.400	0.042	3.369
1927.600	0.041	3.369
1927.800	0.041	3.369
1928.000	0.042	3.369
1928.200	0.044	3.369
1928.400	0.042	3.369
1928.600	0.042	3.369
1928.800	0.039	3.369
1929.000	0.042	3.369
1929.200	0.041	3.369
1929.400	0.041	3.369
1929.600	0.044	3.369
1929.800	0.042	3.369
1930.000	0.043	3.369
1930.200	0.043	3.369
1930.400	0.042	3.369
1930.600	0.042	3.369
1930.800	0.042	3.369
1931.000	0.040	3.369
1931.200	0.042	3.369
1931.400	0.040	3.369
1931.600	0.040	3.369
1931.800	0.041	3.369
1932.000	0.041	3.369
1932.200	0.042	3.369
1932.400	0.041	3.369
1932.600	0.040	3.369
1932.800	0.039	3.369
1933.000	0.041	3.369
1933.200	0.042	3.369
1933.400	0.043	3.369
1933.600	0.041	3.369
1933.800	0.041	3.369
1934.000	0.041	3.369
1934.200	0.040	3.369
1934.400	0.041	3.369
1934.600	0.041	3.369
1934.800	0.041	3.369
1935.000	0.041	3.369
1935.200	0.042	3.369
1935.400	0.040	3.369
1935.600	0.039	3.369
1935.800	0.041	3.369
1936.000	0.040	3.369
1936.200	0.040	3.369
1936.400	0.040	3.369
1936.600	0.039	3.369
1936.800	0.041	3.369
1937.000	0.039	3.369
1937.200	0.041	3.369
1937.400	0.042	3.369
1937.600	0.042	3.369
1937.800	0.041	3.369
1938.000	0.042	3.369
1938.200	0.041	3.369
1938.400	0.040	3.369
1938.600	0.041	3.369
1938.800	0.042	3.369
1939.000	0.041	3.369
1939.200	0.042	3.369
1939.400	0.042	3.369
1939.600	0.043	3.369
1939.800	0.042	3.369
1940.000	0.041	3.369
1940.200	0.041	3.369
1940.400	0.042	3.369
1940.600	0.040	3.369
1940.800	0.041	3.369
1941.000	0.040	3.369
1941.200	0.040	3.369
1941.400	0.041	3.369
1941.600	0.039	3.369
1941.800	0.039	3.369
1942.000	0.040	3.369
1942.200	0.040	3.369
1942.400	0.039	3.369
1942.600	0.039	3.369
1942.800	0.039	3.369
1943.000	0.040	3.369
1943.200	0.040	3.369
1943.400	0.039	3.369
1943.600	0.039	3.369
1943.800	0.039	3.369
1944.000	0.039	3.369
1944.200	0.040	3.369
1944.400	0.038	3.369
1944.600	0.037	3.369
1944.800	0.040	3.369
1945.000	0.038	3.369
1945.200	0.039	3.369
1945.400	0.040	3.369
1945.600	0.039	3.369
1945.800	0.039	3.369
1946.000	0.040	3.369
1946.200	0.040	3.369
1946.400	0.038	3.369
1946.600	0.036	3.369
1946.800	0.040	3.369
1947.000	0.039	3.369
1947.200	0.039	3.369
1947.400	0.038	3.369
1947.600	0.037	3.369
1947.800	0.040	3.369
1948.000	0.040	3.369
1948.200	0.041	3.369
1948.400	0.040	3.369
1948.600	0.039	3.369
1948.800	0.041	3.369
1949.000	0.040	3.369
1949.200	0.041	3.369
1949.400	0.041	3.369
1949.600	0.040	3.369
1949.800	0.040	3.369
1950.000	0.039	3.369
1950.200	0.041	3.369
1950.400	0.041	3.369
1950.600	0.041	3.369
1950.800	0.041	3.369
1951.000	0.040	3.369
1951.200	0.040	3.369
1951.400	0.039	3.369
1951.600	0.040	3.369
1951.800	0.040	3.369
1952.000	0.042	3.369
1952.200	0.043	3.369
1952.400	0.039	3.368
1952.600	0.040	3.368
1952.800	0.038	3.369
1953.000	0.040	3.369
1953.200	0.040	3.368
1953.400	0.040	3.368
1953.600	0.038	3.368
1953.800	0.040	3.368
1954.000	0.041	3.368
1954.200	0.040	3.368
1954.400	0.041	3.368
1954.600	0.040	3.368
1954.800	0.040	3.368
1955.000	0.040	3.368
1955.200	0.039	3.368
1955.400	0.039	3.368
1955.600	0.038	3.368
1955.800	0.040	3.368
1956.000	0.040	3.368
1956.200	0.042	3.368
1956.400	0.038	3.368
1956.600	0.040	3.368
1956.800	0.039	3.368
1957.000	0.040	3.368
1957.200	0.040	3.368
1957.400	0.039	3.368
1957.600	0.040	3.368
1957.800	0.042	3.368
1958.000	0.040	3.368
1958.200	0.042	3.368
1958.400	0.042	3.368
1958.600	0.041	3.368
1958.800	0.039	3.368
1959.000	0.041	3.368
1959.200	0.039	3.368
1959.400	0.039	3.368
1959.600	0.039	3.368
1959.800	0.041	3.368
1960.000	0.039	3.368
1960.200	0.040	3.368
1960.400	0.040	3.368
1960.600	0.040	3.368
1960.800	0.040	3.368
1961.000	0.040	3.368
1961.200	0.041	3.368
1961.400	0.042	3.368
1961.600	0.040	3.368
1961.800	0.038	3.368
1962.000	0.037	3.368
1962.200	0.040	3.368
1962.400	0.038	3.368
1962.600	0.039	3.368
1962.800	0.039	3.368
1963.000	0.041	3.368
1963.200	0.039	3.368
1963.400	0.039	3.368
1963.600	0.041	3.368
1963.800	0.042	3.368
1964.000	0.039	3.368
1964.200	0.041	3.368
1964.400	0.041	3.368
1964.600	0.039	3.368
1964.800	0.039	3.368
1965.000	0.037	3.368
1965.200	0.037	3.368
1965.400	0.038	3.368
1965.600	0.040	3.368
1965.800	0.040	3.368
1966.000	0.039	3.368
1966.200	0.038	3.368
1966.400	0.042	3.368
1966.600	0.039	3.368
1966.800	0.040	3.368
1967.000	0.038	3.368
1967.200	0.039	3.368
1967.400	0.040	3.368
1967.600	0.039	3.368
1967.800	0.040	3.368
1968.000	0.039	3.368
1968.200	0.041	3.368
1968.400	0.040	3.368
1968.600	0.038	3.368
1968.800	0.040	3.368
1969.000	0.040	3.368
1969.200	0.039	3.368
1969.400	0.038	3.368
1969.600	0.039	3.368
1969.800	0.038	3.368
1970.000	0.039	3.368
1970.200	0.042	3.368
1970.400	0.039	3.368
1970.600	0.042	3.368
1970.800	0.039	3.368
1971.000	0.039	3.368
1971.200	0.040	3.368
1971.400	0.041	3.368
1971.600	0.040	3.368
1971.800	0.039	3.368
1972.000	0.040	3.368
1972.200	0.040	3.368
1972.400	0.040	3.368
1972.600	0.039	3.368
1972.800	0.040	3.368
1973.000	0.039	3.368
1973.200	0.040	3.368
1973.400	0.040	3.368
1973.600	0.037	3.368
1973.800	0.037	3.368
1974.000	0.039	3.368
1974.200	0.040	3.368
1974.400	0.041	3.368
1974.600	0.038	3.368
1974.800	0.041	3.368
1975.000	0.041	3.368
1975.200	0.040	3.368
1975.400	0.042	3.368
1975.600	0.041	3.368
1975.800	0.042	3.368
1976.000	0.041	3.368
1976.200	0.039	3.368
1976.400	0.040	3.368
1976.600	0.040	3.368
1976.800	0.038	3.368
1977.000	0.040	3.368
1977.200	0.039	3.368
1977.400	0.040	3.368
1977.600	0.039	3.368
1977.800	0.041	3.368
1978.000	0.041	3.368
1978.200	0.041	3.368
1978.400	0.040	3.368
1978.600	0.042	3.368
1978.800	0.043	3.368
1979.000	0.042	3.368
1979.200	0.042	3.368
1979.400	0.041	3.368
1979.600	0.043	3.368
1979.800	0.042	3.368
1980.000	0.044	3.368
1980.200	0.042	3.368
1980.400	0.040	3.368
1980.600	0.041	3.368
1980.800	0.042	3.368
1981.000	0.042	3.368
1981.200	0.044	3.368
1981.400	0.040	3.368
1981.600	0.043	3.368
1981.800	0.040	3.368
1982.000	0.042	3.368
1982.200	0.041	3.368
1982.400	0.040	3.368
1982.600	0.042	3.368
1982.800	0.040	3.368
1983.000	0.040	3.368
1983.200	0.040	3.368
1983.400	0.042	3.368
1983.600	0.042	3.368
1983.800	0.042	3.368
1984.000	0.038	3.368
1984.200	0.042	3.368
1984.400	0.041	3.368
1984.600	0.040	3.368
1984.800	0.040	3.368
1985.000	0.039	3.368
1985.200	0.040	3.368
1985.400	0.040	3.368
1985.600	0.041	3.368
1985.800	0.039	3.368
1986.000	0.040	3.368
1986.200	0.040	3.368
1986.400	0.041	3.368
1986.600	0.041	3.368
1986.800	0.042	3.368
1987.000	0.041	3.368
1987.200	0.040	3.368
1987.400	0.041	3.368
1987.600	0.040	3.368
1987.800	0.039	3.368
1988.000	0.039	3.368
1988.200	0.041	3.368
1988.400	0.038	3.368
1988.600	0.040	3.368
1988.800	0.038	3.368
1989.000	0.039	3.368
1989.200	0.039	3.368
1989.400	0.039	3.368
1989.600	0.040	3.368
1989.800	0.039	3.368
1990.000	0.038	3.368
1990.200	0.037	3.368
1990.400	0.039	3.368
1990.600	0.038	3.368
1990.800	0.039	3.368
1991.000	0.039	3.368
1991.200	0.038	3.368
1991.400	0.038	3.368
1991.600	0.038	3.368
1991.800	0.040	3.368
1992.000	0.039	3.368
1992.200	0.040	3.368
1992.400	0.039	3.368
1992.600	0.038	3.368
1992.800	0.038	3.368
1993.000	0.037	3.368
1993.200	0.040	3.368
1993.400	0.039	3.368
1993.600	0.036	3.368
1993.800	0.039	3.368
1994.000	0.037	3.368
1994.200	0.041	3.368
1994.400	0.038	3.368
1994.600	0.039	3.368
1994.800	0.040	3.368
1995.000	0.039	3.368
1995.200	0.039	3.368
1995.400	0.038	3.368
1995.600	0.038	3.368
1995.800	0.038	3.368
1996.000	0.036	3.368
1996.200	0.038	3.368
1996.400	0.038	3.368
1996.600	0.037	3.368
1996.800	0.038	3.368
1997.000	0.041	3.368
1997.200	0.039	3.368
1997.400	0.037	3.368
1997.600	0.037	3.368
1997.800	0.037	3.368
1998.000	0.039	3.368
1998.200	0.039	3.368
1998.400	0.039	3.368
1998.600	0.039	3.368
1998.800	0.040	3.368
1999.000	0.037	3.368
1999.200	0.039	3.368
1999.400	0.037	3.368
1999.600	0.040	3.368
1999.800	0.042	3.368
2000.000	0.039	3.368
2000.200	0.041	3.368
2000.400	0.040	3.368
2000.600	0.040	3.368
2000.800	0.039	3.368
2001.000	0.041	3.368
2001.200	0.038	3.368
2001.400	0.041	3.368
2001.600	0.041	3.368
2001.800	0.040	3.368
2002.000	0.042	3.368
2002.200	0.039	3.368
2002.400	0.039	3.368
2002.600	0.039	3.368
2002.800	0.040	3.368
2003.000	0.039	3.368
2003.200	0.040	3.368
2003.400	0.039	3.368
2003.600	0.041	3.368
2003.800	0.041	3.368
2004.000	0.039	3.368
2004.200	0.040	3.368
2004.400	0.041	3.368
2004.600	0.039	3.368
2004.800	0.041	3.368
2005.000	0.038	3.368
2005.200	0.040	3.368
2005.400	0.039	3.368
2005.600	0.038	3.368
2005.800	0.038	3.368
2006.000	0.039	3.368
2006.200	0.039	3.367
2006.400	0.039	3.368
2006.600	0.041	3.368
2006.800	0.040	3.368
2007.000	0.040	3.368
2007.200	0.040	3.368
2007.400	0.039	3.367
2007.600	0.042	3.368
2007.800	0.041	3.368
2008.000	0.040	3.368
2008.200	0.040	3.368
2008.400	0.039	3.367
2008.600	0.039	3.367
2008.800	0.039	3.368
2009.000	0.042	3.368
2009.200	0.041	3.368
2009.400	0.040	3.368
2009.600	0.039	3.368
2009.800	0.039	3.367
2010.000	0.039	3.368
2010.200	0.038	3.368
2010.400	0.038	3.368
2010.600	0.038	3.368
2010.800	0.040	3.367
2011.000	0.041	3.367
2011.200	0.039	3.367
2011.400	0.040	3.368
2011.600	0.039	3.367
2011.800	0.038	3.367
2012.000	0.040	3.368
2012.200	0.039	3.368
2012.400	0.039	3.368
2012.600	0.038	3.367
2012.800	0.039	3.367
2013.000	0.038	3.367
2013.200	0.038	3.367
2013.400	0.040	3.367
2013.600	0.039	3.367
2013.800	0.038	3.367
2014.000	0.039	3.367
2014.200	0.039	3.367
2014.400	0.039	3.367
2014.600	0.036	3.367
2014.800	0.040	3.367
2015.000	0.038	3.367
2015.200	0.039	3.367
2015.400	0.039	3.367
2015.600	0.038	3.367
2015.800	0.039	3.367
2016.000	0.039	3.367
2016.200	0.036	3.367
2016.400	0.039	3.367
2016.600	0.039	3.367
2016.800	0.038	3.367
2017.000	0.040	3.367
2017.200	0.040	3.367
2017.400	0.039	3.367
2017.600	0.038	3.367
2017.800	0.039	3.367
2018.000	0.039	3.367
2018.200	0.039	3.367
2018.400	0.040	3.367
2018.600	0.039	3.367
2018.800	0.040	3.367
2019.000	0.039	3.367
2019.200	0.040	3.367
2019.400	0.040	3.367
2019.600	0.039	3.367
2019.800	0.041	3.367
2020.000	0.038	3.367
2020.200	0.039	3.367
2020.400	0.038	3.367
2020.600	0.038	3.367
2020.800	0.040	3.367
2021.000	0.038	3.367
2021.200	0.039	3.367
2021.400	0.038	3.367
2021.600	0.038	3.367
2021.800	0.038	3.367
2022.000	0.039	3.367
2022.200	0.039	3.367
2022.400	0.038	3.367
2022.600	0.040	3.367
2022.800	0.039	3.367
2023.000	0.039	3.367
2023.200	0.041	3.367
2023.400	0.039	3.367
2023.600	0.037	3.367
2023.800	0.038	3.367
2024.000	0.039	3.367
2024.200	0.039	3.367
2024.400	0.039	3.367
2024.600	0.039	3.367
2024.800	0.040	3.367
2025.000	0.039	3.367
2025.200	0.038	3.367
2025.400	0.038	3.367
2025.600	0.039	3.367
2025.800	0.039	3.367
2026.000	0.040	3.367
2026.200	0.042	3.367
2026.400	0.040	3.367
2026.600	0.041	3.367
2026.800	0.040	3.367
2027.000	0.041	3.367
2027.200	0.040	3.367
2027.400	0.041	3.367
2027.600	0.040	3.367
2027.800	0.038	3.367
2028.000	0.041	3.367
2028.200	0.038	3.367
2028.400	0.039	3.367
2028.600	0.040	3.367
2028.800	0.036	3.367
2029.000	0.039	3.367
2029.200	0.037	3.367
2029.400	0.039	3.367
2029.600	0.038	3.367
2029.800	0.036	3.367
2030.000	0.038	3.367
2030.200	0.040	3.367
2030.400	0.040	3.367
2030.600	0.039	3.367
2030.800	0.040	3.367
2031.000	0.037	3.367
2031.200	0.039	3.367
2031.400	0.039	3.367
2031.600	0.038	3.367
2031.800	0.039	3.367
2032.000	0.038	3.367
2032.200	0.039	3.367
2032.400	0.039	3.367
2032.600	0.038	3.367
2032.800	0.038	3.367
2033.000	0.039	3.367
2033.200	0.040	3.367
2033.400	0.038	3.367
2033.600	0.040	3.367
2033.800	0.039	3.367
2034.000	0.039	3.367
2034.200	0.039	3.367
2034.400	0.039	3.367
2034.600	0.039	3.367
2034.800	0.039	3.367
2035.000	0.039	3.367
2035.200	0.040	3.367
2035.400	0.037	3.367
2035.600	0.037	3.367
2035.800	0.039	3.367
2036.000	0.038	3.367
2036.200	0.039	3.367
2036.400	0.040	3.367
2036.600	0.039	3.367
2036.800	0.040	3.367
2037.000	0.041	3.367
2037.200	0.041	3.367
2037.400	0.040	3.367
2037.600	0.040	3.367
2037.800	0.040	3.367
2038.000	0.038	3.367
2038.200	0.040	3.367
2038.400	0.040	3.367
2038.600	0.040	3.367
2038.800	0.039	3.367
2039.000	0.038	3.367
2039.200	0.039	3.367
2039.400	0.040	3.367
2039.600	0.040	3.367
2039.800	0.040	3.367
2040.000	0.040	3.367
2040.200	0.038	3.367
2040.400	0.039	3.367
2040.600	0.040	3.367
2040.800	0.040	3.367
2041.000	0.038	3.367
2041.200	0.040	3.367
2041.400	0.040	3.367
2041.600	0.039	3.367
2041.800	0.038	3.367
2042.000	0.041	3.367
2042.200	0.041	3.367
2042.400	0.040	3.367
2042.600	0.039	3.367
2042.800	0.040	3.367
2043.000	0.039	3.367
2043.200	0.039	3.367
2043.400	0.038	3.367
2043.600	0.038	3.367
2043.800	0.040	3.367
2044.000	0.039	3.367
2044.200	0.040	3.367
2044.400	0.038	3.367
2044.600	0.038	3.367
2044.800	0.039	3.367
2045.000	0.039	3.367
2045.200	0.040	3.367
2045.400	0.037	3.367
2045.600	0.039	3.367
2045.800	0.040	3.367
2046.000	0.038	3.367
2046.200	0.038	3.367
2046.400	0.041	3.367
2046.600	0.040	3.367
2046.800	0.039	3.367
2047.000	0.038	3.367
2047.200	0.038	3.367
2047.400	0.039	3.367
2047.600	0.040	3.367
2047.800	0.041	3.367
2048.000	0.041	3.367
2048.200	0.040	3.367
2048.400	0.039	3.367
2048.600	0.040	3.367
2048.800	0.037	3.367
2049.000	0.038	3.367
2049.200	0.039	3.367
2049.400	0.038	3.367
2049.600	0.040	3.367
2049.800	0.038	3.367
2050.000	0.040	3.367
2050.200	0.038	3.367
2050.400	0.040	3.367
2050.600	0.039	3.367
2050.800	0.038	3.367
2051.000	0.039	3.367
2051.200	0.038	3.367
2051.400	0.039	3.367
2051.600	0.038	3.367
2051.800	0.038	3.367
2052.000	0.038	3.367
2052.200	0.038	3.367
2052.400	0.038	3.367
2052.600	0.037	3.367
2052.800	0.040	3.367
2053.000	0.039	3.367
2053.200	0.037	3.367
2053.400	0.038	3.367
2053.600	0.041	3.367
2053.800	0.041	3.367
2054.000	0.040	3.367
2054.200	0.039	3.367
2054.400	0.039	3.367
2054.600	0.039	3.367
2054.800	0.040	3.367
2055.000	0.038	3.367
2055.200	0.037	3.367
2055.400	0.041	3.367
2055.600	0.040	3.367
2055.800	0.041	3.367
2056.000	0.040	3.367
2056.200	0.042	3.367
2056.400	0.038	3.367
2056.600	0.040	3.367
2056.800	0.040	3.367
2057.000	0.039	3.367
2057.200	0.041	3.367
2057.400	0.043	3.367
2057.600	0.041	3.367
2057.800	0.041	3.367
2058.000	0.041	3.367
2058.200	0.039	3.367
2058.400	0.039	3.367
2058.600	0.041	3.367
2058.800	0.040	3.367
2059.000	0.039	3.367
2059.200	0.039	3.367
2059.400	0.042	3.367
2059.600	0.042	3.367
2059.800	0.041	3.367
2060.000	0.039	3.367
2060.200	0.042	3.367
2060.400	0.042	3.367
2060.600	0.043	3.367
2060.800	0.041	3.367
2061.000	0.040	3.367
2061.200	0.043	3.367
2061.400	0.041	3.367
2061.600	0.040	3.367
2061.800	0.042	3.367
2062.000	0.041	3.367
2062.200	0.041	3.367
2062.400	0.041	3.367
2062.600	0.041	3.367
2062.800	0.039	3.367
2063.000	0.040	3.367
2063.200	0.039	3.367
2063.400	0.039	3.367
2063.600	0.041	3.367
2063.800	0.041	3.367
2064.000	0.040	3.367
2064.200	0.040	3.367
2064.400	0.040	3.367
2064.600	0.042	3.367
2064.800	0.041	3.367
2065.000	0.040	3.367
2065.200	0.039	3.367
2065.400	0.041	3.367
2065.600	0.042	3.367
2065.800	0.041	3.367
2066.000	0.041	3.367
2066.200	0.040	3.367
2066.400	0.040	3.367
2066.600	0.041	3.367
2066.800	0.040	3.367
2067.000	0.040	3.367
2067.200	0.039	3.367
2067.400	0.039	3.367
2067.600	0.041	3.367
2067.800	0.041	3.367
2068.000	0.039	3.367
2068.200	0.041	3.367
2068.400	0.039	3.367
2068.600	0.041	3.367
2068.800	0.042	3.367
2069.000	0.041	3.367
2069.200	0.040	3.367
2069.400	0.039	3.367
2069.600	0.038	3.367
2069.800	0.041	3.367
2070.000	0.040	3.367
2070.200	0.040	3.367
2070.400	0.041	3.367
2070.600	0.040	3.367
2070.800	0.038	3.367
2071.000	0.038	3.367
2071.200	0.037	3.367
2071.400	0.039	3.367
2071.600	0.037	3.367
2071.800	0.038	3.367
2072.000	0.040	3.367
2072.200	0.040	3.367
2072.400	0.038	3.367
2072.600	0.039	3.367
2072.800	0.039	3.367
2073.000	0.039	3.367
2073.200	0.038	3.367
2073.400	0.036	3.367
2073.600	0.037	3.367
2073.800	0.037	3.367
2074.000	0.037	3.367
2074.200	0.038	3.367
2074.400	0.040	3.367
2074.600	0.039	3.367
2074.800	0.041	3.367
2075.000	0.040	3.367
2075.200	0.042	3.367
2075.400	0.041	3.367
2075.600	0.040	3.367
2075.800	0.042	3.367
2076.000	0.040	3.367
2076.200	0.039	3.367
2076.400	0.041	3.367
2076.600	0.043	3.367
2076.800	0.043	3.367
2077.000	0.041	3.367
2077.200	0.041	3.367
2077.400	0.041	3.367
2077.600	0.040	3.367
2077.800	0.041	3.367
2078.000	0.040	3.367
2078.200	0.040	3.367
2078.400	0.040	3.367
2078.600	0.040	3.367
2078.800	0.042	3.367
2079.000	0.040	3.367
2079.200	0.041	3.367
2079.400	0.041	3.367
2079.600	0.039	3.367
2079.800	0.040	3.367
2080.000	0.040	3.367
2080.200	0.039	3.367
2080.400	0.038	3.367
2080.600	0.042	3.367
2080.800	0.039	3.367
2081.000	0.040	3.367
2081.200	0.039	3.367
2081.400	0.040	3.367
2081.600	0.039	3.367
2081.800	0.038	3.367
2082.000	0.039	3.367
2082.200	0.041	3.367
2082.400	0.039	3.367
2082.600	0.041	3.367
2082.800	0.040	3.367
2083.000	0.040	3.367
2083.200	0.041	3.367
2083.400	0.042	3.367
2083.600	0.040	3.367
2083.800	0.040	3.367
2084.000	0.042	3.367
2084.200	0.042	3.367
2084.400	0.042	3.367
2084.600	0.041	3.367
2084.800	0.040	3.367
2085.000	0.041	3.367
2085.200	0.041	3.367
2085.400	0.042	3.367
2085.600	0.041	3.367
2085.800	0.040	3.367
2086.000	0.041	3.367
2086.200	0.038	3.367
2086.400	0.039	3.367
2086.600	0.040	3.367
2086.800	0.040	3.367
2087.000	0.039	3.367
2087.200	0.040	3.367
2087.400	0.040	3.367
2087.600	0.042	3.367
2087.800	0.039	3.366
2088.000	0.039	3.366
2088.200	0.041	3.366
2088.400	0.041	3.366
2088.600	0.039	3.366
2088.800	0.041	3.366
2089.000	0.040	3.366
2089.200	0.038	3.367
2089.400	0.039	3.366
2089.600	0.041	3.366
2089.800	0.039	3.366
2090.000	0.040	3.366
2090.200	0.039	3.366
2090.400	0.040	3.366
2090.600	0.041	3.366
2090.800	0.041	3.366
2091.000	0.041	3.366
2091.200	0.040	3.366
2091.400	0.042	3.366
2091.600	0.041	3.366
2091.800	0.041	3.366
2092.000	0.042	3.366
2092.200	0.042	3.366
2092.400	0.042	3.366
2092.600	0.041	3.366
2092.800	0.042	3.366
2093.000	0.042	3.366
2093.200	0.043	3.366
2093.400	0.040	3.366
2093.600	0.041	3.366
2093.800	0.040	3.366
2094.000	0.041	3.366
2094.200	0.041	3.366
2094.400	0.040	3.366
2094.600	0.039	3.366
2094.800	0.041	3.366
2095.000	0.041	3.366
2095.200	0.042	3.366
2095.400	0.041	3.366
2095.600	0.042	3.366
2095.800	0.040	3.366
2096.000	0.042	3.366
2096.200	0.042	3.366
2096.400	0.040	3.366
2096.600	0.041	3.366
2096.800	0.040	3.366
2097.000	0.041	3.366
2097.200	0.040	3.366
2097.400	0.039	3.366
2097.600	0.040	3.366
2097.800	0.041	3.366
2098.000	0.041	3.366
2098.200	0.040	3.366
2098.400	0.042	3.366
2098.600	0.041	3.366
2098.800	0.042	3.366
2099.000	0.042	3.366
2099.200	0.043	3.366
2099.400	0.040	3.366
2099.600	0.042	3.366
2099.800	0.040	3.366
2100.000	0.042	3.366
2100.200	0.041	3.366
2100.400	0.041	3.366
2100.600	0.042	3.366
2100.800	0.040	3.366
2101.000	0.041	3.366
2101.200	0.041	3.366
2101.400	0.041	3.366
2101.600	0.042	3.366
2101.800	0.042	3.366
2102.000	0.042	3.366
2102.200	0.043	3.366
2102.400	0.042	3.366
2102.600	0.042	3.366
2102.800	0.043	3.366
2103.000	0.044	3.366
2103.200	0.042	3.366
2103.400	0.042	3.366
2103.600	0.040	3.366
2103.800	0.041	3.366
2104.000	0.042	3.366
2104.200	0.043	3.366
2104.400	0.044	3.366
2104.600	0.043	3.366
2104.800	0.042	3.366
2105.000	0.043	3.366
2105.200	0.045	3.366
2105.400	0.046	3.366
2105.600	0.042	3.366
2105.800	0.042	3.366
2106.000	0.043	3.366
2106.200	0.042	3.366
2106.400	0.045	3.366
2106.600	0.042	3.366
2106.800	0.044	3.366
2107.000	0.044	3.366
2107.200	0.045	3.366
2107.400	0.045	3.366
2107.600	0.043	3.366
2107.800	0.045	3.366
2108.000	0.043	3.366
2108.200	0.043	3.366
2108.400	0.044	3.366
2108.600	0.044	3.366
2108.800	0.043	3.366
2109.000	0.042	3.366
2109.200	0.044	3.366
2109.400	0.042	3.366
2109.600	0.043	3.366
2109.800	0.042	3.366
2110.000	0.043	3.366
2110.200	0.043	3.366
2110.400	0.044	3.366
2110.600	0.042	3.366
2110.800	0.044	3.366
2111.000	0.042	3.366
2111.200	0.042	3.366
2111.400	0.041	3.366
2111.600	0.042	3.366
2111.800	0.044	3.366
2112.000	0.042	3.366
2112.200	0.043	3.366
2112.400	0.042	3.366
2112.600	0.042	3.366
2112.800	0.042	3.366
2113.000	0.042	3.366
2113.200	0.043	3.366
2113.400	0.042	3.366
2113.600	0.043	3.366
2113.800	0.040	3.366
2114.000	0.043	3.366
2114.200	0.043	3.366
2114.400	0.043	3.366
2114.600	0.044	3.366
2114.800	0.041	3.366
2115.000	0.043	3.366
2115.200	0.042	3.366
2115.400	0.042	3.366
2115.600	0.042	3.366
2115.800	0.043	3.366
2116.000	0.042	3.366
2116.200	0.045	3.366
2116.400	0.043	3.366
2116.600	0.045	3.366
2116.800	0.042	3.366
2117.000	0.043	3.366
2117.200	0.042	3.366
2117.400	0.043	3.366
2117.600	0.044	3.366
2117.800	0.041	3.366
2118.000	0.043	3.366
2118.200	0.044	3.366
2118.400	0.043	3.366
2118.600	0.040	3.366
2118.800	0.041	3.366
2119.000	0.041	3.366
2119.200	0.042	3.366
2119.400	0.041	3.366
2119.600	0.040	3.366
2119.800	0.041	3.366
2120.000	0.042	3.366
2120.200	0.043	3.366
2120.400	0.042	3.366
2120.600	0.040	3.366
2120.800	0.041	3.366
2121.000	0.042	3.366
2121.200	0.043	3.366
2121.400	0.041	3.366
2121.600	0.040	3.366
2121.800	0.041	3.366
2122.000	0.040	3.366
2122.200	0.043	3.366
2122.400	0.041	3.366
2122.600	0.042	3.366
2122.800	0.042	3.366
2123.000	0.042	3.366
2123.200	0.043	3.366
2123.400	0.045	3.366
2123.600	0.044	3.366
2123.800	0.043	3.366
2124.000	0.043	3.366
2124.200	0.041	3.366
2124.400	0.041	3.366
2124.600	0.041	3.366
2124.800	0.042	3.366
2125.000	0.044	3.366
2125.200	0.044	3.366
2125.400	0.043	3.366
2125.600	0.043	3.366
2125.800	0.042	3.366
2126.000	0.042	3.366
2126.200	0.043	3.366
2126.400	0.042	3.366
2126.600	0.043	3.366
2126.800	0.042	3.366
2127.000	0.042	3.366
2127.200	0.042	3.366
2127.400	0.040	3.366
2127.600	0.040	3.366
2127.800	0.043	3.366
2128.000	0.043	3.366
2128.200	0.044	3.366
2128.400	0.042	3.366
2128.600	0.042	3.366
2128.800	0.044	3.366
2129.000	0.041	3.366
2129.200	0.044	3.366
2129.400	0.042	3.366
2129.600	0.043	3.366
2129.800	0.042	3.366
2130.000	0.043	3.366
2130.200	0.043	3.366
2130.400	0.043	3.366
2130.600	0.043	3.366
2130.800	0.043	3.366
2131.000	0.042	3.366
2131.200	0.041	3.366
2131.400	0.042	3.366
2131.600	0.043	3.366
2131.800	0.043	3.366
2132.000	0.042	3.366
2132.200	0.042	3.366
2132.400	0.042	3.366
2132.600	0.043	3.366
2132.800	0.042	3.366
2133.000	0.044	3.366
2133.200	0.043	3.366
2133.400	0.042	3.366
2133.600	0.042	3.366
2133.800	0.042	3.366
2134.000	0.041	3.366
2134.200	0.042	3.366
2134.400	0.042	3.366
2134.600	0.043	3.366
2134.800	0.042	3.366
2135.000	0.044	3.366
2135.200	0.042	3.366
2135.400	0.042	3.366
2135.600	0.041	3.366
2135.800	0.042	3.366
2136.000	0.041	3.366
2136.200	0.043	3.366
2136.400	0.043	3.366
2136.600	0.042	3.366
2136.800	0.042	3.366
2137.000	0.043	3.366
2137.200	0.042	3.366
2137.400	0.043	3.366
2137.600	0.041	3.366
2137.800	0.041	3.366
2138.000	0.043	3.366
2138.200	0.043	3.366
2138.400	0.042	3.366
2138.600	0.043	3.366
2138.800	0.041	3.366
2139.000	0.042	3.366
2139.200	0.040	3.366
2139.400	0.040	3.366
2139.600	0.041	3.366
2139.800	0.041	3.366
2140.000	0.040	3.366
2140.200	0.041	3.366
2140.400	0.040	3.366
2140.600	0.040	3.366
2140.800	0.042	3.366
2141.000	0.040	3.366
2141.200	0.041	3.366
2141.400	0.042	3.366
2141.600	0.043	3.366
2141.800	0.042	3.366
2142.000	0.042	3.366
2142.200	0.042	3.366
2142.400	0.042	3.366
2142.600	0.044	3.366
2142.800	0.041	3.366
2143.000	0.041	3.366
2143.200	0.041	3.366
2143.400	0.042	3.366
2143.600	0.041	3.366
2143.800	0.042	3.366
2144.000	0.041	3.366
2144.200	0.042	3.366
2144.400	0.044	3.366
2144.600	0.042	3.366
2144.800	0.042	3.366
2145.000	0.041	3.366
2145.200	0.043	3.366
2145.400	0.042	3.366
2145.600	0.044	3.366
2145.800	0.043	3.366
2146.000	0.044	3.366
2146.200	0.042	3.366
2146.400	0.043	3.366
2146.600	0.042	3.366
2146.800	0.043	3.366
2147.000	0.042	3.366
2147.200	0.043	3.366
2147.400	0.041	3.366
2147.600	0.042	3.366
2147.800	0.042	3.366
2148.000	0.042	3.366
2148.200	0.043	3.366
2148.400	0.042	3.366
2148.600	0.043	3.366
2148.800	0.042	3.366
2149.000	0.041	3.366
2149.200	0.041	3.366
2149.400	0.041	3.366
2149.600	0.041	3.366
2149.800	0.040	3.366
2150.000	0.042	3.366
2150.200	0.043	3.366
2150.400	0.042	3.366
2150.600	0.040	3.366
2150.800	0.041	3.366
2151.000	0.043	3.366
2151.200	0.043	3.366
2151.400	0.043	3.366
2151.600	0.043	3.366
2151.800	0.042	3.366
2152.000	0.043	3.366
2152.200	0.041	3.366
2152.400	0.040	3.366
2152.600	0.041	3.366
2152.800	0.043	3.366
2153.000	0.040	3.366
2153.200	0.042	3.366
2153.400	0.042	3.366
2153.600	0.043	3.366
2153.800	0.040	3.366
2154.000	0.041	3.366
2154.200	0.042	3.366
2154.400	0.041	3.366
2154.600	0.042	3.366
2154.800	0.041	3.366
2155.000	0.041	3.366
2155.200	0.040	3.366
2155.400	0.041	3.366
2155.600	0.042	3.366
2155.800	0.042	3.366
2156.000	0.040	3.366
2156.200	0.041	3.366
2156.400	0.041	3.366
2156.600	0.040	3.366
2156.800	0.040	3.366
2157.000	0.041	3.366
2157.200	0.042	3.366
2157.400	0.043	3.366
2157.600	0.042	3.366
2157.800	0.042	3.366
2158.000	0.039	3.366
2158.200	0.041	3.366
2158.400	0.040	3.366
2158.600	0.040	3.366
2158.800	0.041	3.366
2159.000	0.040	3.366
2159.200	0.040	3.366
2159.400	0.043	3.366
2159.600	0.041	3.366
2159.800	0.040	3.366
2160.000	0.040	3.366
2160.200	0.042	3.366
2160.400	0.040	3.366
2160.600	0.041	3.366
2160.800	0.042	3.366
2161.000	0.041	3.366
2161.200	0.041	3.366
2161.400	0.042	3.366
2161.600	0.044	3.366
2161.800	0.041	3.366
2162.000	0.043	3.366
2162.200	0.040	3.366
2162.400	0.041	3.366
2162.600	0.041	3.366
2162.800	0.041	3.366
2163.000	0.040	3.366
2163.200	0.040	3.366
2163.400	0.041	3.366
2163.600	0.041	3.366
2163.800	0.044	3.366
2164.000	0.042	3.366
2164.200	0.042	3.366
2164.400	0.041	3.366
2164.600	0.041	3.366
2164.800	0.041	3.366
2165.000	0.044	3.366
2165.200	0.043	3.366
2165.400	0.041	3.366
2165.600	0.042	3.366
2165.800	0.041	3.366
2166.000	0.041	3.366
2166.200	0.042	3.366
2166.400	0.041	3.366
2166.600	0.041	3.366
2166.800	0.041	3.366
2167.000	0.041	3.366
2167.200	0.041	3.366
2167.400	0.042	3.366
2167.600	0.041	3.366
2167.800	0.043	3.366
2168.000	0.040	3.366
2168.200	0.041	3.366
2168.400	0.041	3.366
2168.600	0.042	3.366
2168.800	0.042	3.366
2169.000	0.043	3.366
2169.200	0.042	3.366
2169.400	0.043	3.366
2169.600	0.042	3.366
2169.800	0.043	3.366
2170.000	0.042	3.366
2170.200	0.043	3.366
2170.400	0.042	3.366
2170.600	0.042	3.366
2170.800	0.043	3.366
2171.000	0.042	3.366
2171.200	0.043	3.366
2171.400	0.043	3.366
2171.600	0.041	3.366
2171.800	0.043	3.366
2172.000	0.043	3.366
2172.200	0.040	3.366
2172.400	0.041	3.366
2172.600	0.039	3.366
2172.800	0.042	3.366
2173.000	0.042	3.366
2173.200	0.041	3.366
2173.400	0.043	3.366
2173.600	0.042	3.366
2173.800	0.043	3.366
2174.000	0.040	3.366
2174.200	0.041	3.366
2174.400	0.041	3.366
2174.600	0.042	3.366
2174.800	0.043	3.366
2175.000	0.042	3.366
2175.200	0.043	3.366
2175.400	0.043	3.366
2175.600	0.042	3.366
2175.800	0.041	3.366
2176.000	0.042	3.366
2176.200	0.042	3.366
2176.400	0.041	3.366
2176.600	0.041	3.366
2176.800	0.043	3.366
2177.000	0.041	3.366
2177.200	0.039	3.366
2177.400	0.041	3.366
2177.600	0.042	3.366
2177.800	0.040	3.366
2178.000	0.041	3.366
2178.200	0.039	3.366
2178.400	0.042	3.366
2178.600	0.042	3.366
2178.800	0.043	3.366
2179.000	0.043	3.366
2179.200	0.042	3.366
2179.400	0.043	3.366
2179.600	0.043	3.366
2179.800	0.043	3.366
2180.000	0.043	3.366
2180.200	0.044	3.366
2180.400	0.042	3.366
2180.600	0.043	3.366
2180.800	0.041	3.366
2181.000	0.043	3.366
2181.200	0.043	3.366
2181.400	0.042	3.366
2181.600	0.045	3.366
2181.800	0.045	3.366
2182.000	0.040	3.366
2182.200	0.041	3.366
2182.400	0.043	3.366
2182.600	0.042	3.366
2182.800	0.040	3.366
2183.000	0.042	3.366
2183.200	0.043	3.366
2183.400	0.043	3.366
2183.600	0.042	3.366
2183.800	0.042	3.366
2184.000	0.041	3.366
2184.200	0.040	3.366
2184.400	0.042	3.366
2184.600	0.041	3.366
2184.800	0.042	3.366
2185.000	0.040	3.366
2185.200	0.042	3.366
2185.400	0.043	3.366
2185.600	0.041	3.366
2185.800	0.043	3.366
2186.000	0.043	3.366
2186.200	0.041	3.365
2186.400	0.042	3.366
2186.600	0.043	3.366
2186.800	0.043	3.366
2187.000	0.043	3.366
2187.200	0.044	3.366
2187.400	0.043	3.366
2187.600	0.042	3.366
2187.800	0.043	3.366
2188.000	0.041	3.366
2188.200	0.043	3.366
2188.400	0.042	3.366
2188.600	0.044	3.366
2188.800	0.044	3.366
2189.000	0.042	3.366
2189.200	0.043	3.366
2189.400	0.044	3.366
2189.600	0.042	3.366
2189.800	0.043	3.366
2190.000	0.044	3.366
2190.200	0.044	3.366
2190.400	0.044	3.365
2190.600	0.043	3.365
2190.800	0.041	3.365
2191.000	0.044	3.366
2191.200	0.043	3.366
2191.400	0.040	3.365
2191.600	0.042	3.365
2191.800	0.043	3.366
2192.000	0.042	3.366
2192.200	0.039	3.365
2192.400	0.041	3.365
2192.600	0.041	3.366
2192.800	0.040	3.365
2193.000	0.043	3.366
2193.200	0.041	3.366
2193.400	0.040	3.365
2193.600	0.039	3.365
2193.800	0.041	3.365
2194.000	0.042	3.365
2194.200	0.042	3.365
2194.400	0.040	3.365
2194.600	0.042	3.365
2194.800	0.041	3.365
2195.000	0.041	3.365
2195.200	0.042	3.365
2195.400	0.041	3.365
2195.600	0.042	3.365
2195.800	0.042	3.365
2196.000	0.041	3.365
2196.200	0.039	3.365
2196.400	0.041	3.365
2196.600	0.039	3.365
2196.800	0.041	3.365
2197.000	0.039	3.365
2197.200	0.042	3.365
2197.400	0.040	3.365
2197.600	0.042	3.365
2197.800	0.040	3.365
2198.000	0.042	3.365
2198.200	0.041	3.365
2198.400	0.040	3.365
2198.600	0.041	3.365
2198.800	0.041	3.365
2199.000	0.041	3.365
2199.200	0.041	3.365
2199.400	0.040	3.365
2199.600	0.041	3.365
2199.800	0.042	3.365
2200.000	0.041	3.365
2200.200	0.041	3.365
2200.400	0.042	3.365
2200.600	0.042	3.365
2200.800	0.040	3.365
2201.000	0.041	3.365
2201.200	0.043	3.365
2201.400	0.042	3.365
2201.600	0.041	3.365
2201.800	0.042	3.365
2202.000	0.041	3.365
2202.200	0.043	3.365
2202.400	0.043	3.365
2202.600	0.042	3.365
2202.800	0.043	3.365
2203.000	0.042	3.365
2203.200	0.042	3.365
2203.400	0.041	3.365
2203.600	0.043	3.365
2203.800	0.041	3.365
2204.000	0.040	3.365
2204.200	0.040	3.365
2204.400	0.039	3.365
2204.600	0.041	3.365
2204.800	0.040	3.365
2205.000	0.042	3.365
2205.200	0.041	3.365
2205.400	0.041	3.365
2205.600	0.042	3.365
2205.800	0.040	3.365
2206.000	0.042	3.365
2206.200	0.042	3.365
2206.400	0.041	3.365
2206.600	0.043	3.365
2206.800	0.041	3.365
2207.000	0.042	3.365
2207.200	0.045	3.365
2207.400	0.041	3.365
2207.600	0.042	3.365
2207.800	0.040	3.365
2208.000	0.040	3.365
2208.200	0.040	3.365
2208.400	0.041	3.365
2208.600	0.042	3.365
2208.800	0.041	3.365
2209.000	0.040	3.365
2209.200	0.040	3.365
2209.400	0.040	3.365
2209.600	0.041	3.365
2209.800	0.041	3.365
2210.000	0.042	3.365
2210.200	0.041	3.365
2210.400	0.041	3.365
2210.600	0.042	3.365
2210.800	0.040	3.365
2211.000	0.041	3.365
2211.200	0.040	3.365
2211.400	0.040	3.365
2211.600	0.040	3.365
2211.800	0.041	3.365
2212.000	0.041	3.365
2212.200	0.042	3.365
2212.400	0.040	3.365
2212.600	0.040	3.365
2212.800	0.042	3.365
2213.000	0.042	3.365
2213.200	0.039	3.365
2213.400	0.041	3.365
2213.600	0.039	3.365
2213.800	0.040	3.365
2214.000	0.040	3.365
2214.200	0.042	3.365
2214.400	0.040	3.365
2214.600	0.040	3.365
2214.800	0.039	3.365
2215.000	0.038	3.365
2215.200	0.040	3.365
2215.400	0.037	3.365
2215.600	0.039	3.365
2215.800	0.040	3.365
2216.000	0.042	3.365
2216.200	0.040	3.365
2216.400	0.039	3.365
2216.600	0.041	3.365
2216.800	0.040	3.365
2217.000	0.038	3.365
2217.200	0.040	3.365
2217.400	0.039	3.365
2217.600	0.040	3.365
2217.800	0.039	3.365
2218.000	0.038	3.365
2218.200	0.039	3.365
2218.400	0.038	3.365
2218.600	0.040	3.365
2218.800	0.037	3.365
2219.000	0.038	3.365
2219.200	0.039	3.365
2219.400	0.038	3.365
2219.600	0.039	3.365
2219.800	0.039	3.365
2220.000	0.038	3.365
2220.200	0.039	3.365
2220.400	0.038	3.365
2220.600	0.038	3.365
2220.800	0.038	3.365
2221.000	0.041	3.365
2221.200	0.040	3.365
2221.400	0.038	3.365
2221.600	0.039	3.365
2221.800	0.038	3.365
2222.000	0.039	3.365
2222.200	0.040	3.365
2222.400	0.038	3.365
2222.600	0.042	3.365
2222.800	0.042	3.365
2223.000	0.038	3.365
2223.200	0.039	3.365
2223.400	0.040	3.365
2223.600	0.040	3.365
2223.800	0.039	3.365
2224.000	0.037	3.365
2224.200	0.040	3.365
2224.400	0.038	3.365
2224.600	0.040	3.365
2224.800	0.038	3.365
2225.000	0.039	3.365
2225.200	0.040	3.365
2225.400	0.039	3.365
2225.600	0.041	3.365
2225.800	0.040	3.365
2226.000	0.041	3.365
2226.200	0.039	3.365
2226.400	0.039	3.365
2226.600	0.040	3.365
2226.800	0.039	3.365
2227.000	0.038	3.365
2227.200	0.039	3.365
2227.400	0.038	3.365
2227.600	0.038	3.365
2227.800	0.038	3.365
2228.000	0.040	3.365
2228.200	0.040	3.365
2228.400	0.039	3.365
2228.600	0.039	3.365
2228.800	0.040	3.365
2229.000	0.039	3.365
2229.200	0.039	3.365
2229.400	0.037	3.365
2229.600	0.038	3.365
2229.800	0.039	3.365
2230.000	0.038	3.365
2230.200	0.038	3.365
2230.400	0.038	3.365
2230.600	0.038	3.365
2230.800	0.039	3.365
2231.000	0.038	3.365
2231.200	0.038	3.365
2231.400	0.038	3.365
2231.600	0.040	3.365
2231.800	0.040	3.365
2232.000	0.039	3.365
2232.200	0.040	3.365
2232.400	0.040	3.365
2232.600	0.040	3.365
2232.800	0.040	3.365
2233.000	0.039	3.365
2233.200	0.040	3.365
2233.400	0.041	3.365
2233.600	0.038	3.365
2233.800	0.039	3.365
2234.000	0.038	3.365
2234.200	0.036	3.365
2234.400	0.037	3.365
2234.600	0.037	3.365
2234.800	0.037	3.365
2235.000	0.037	3.365
2235.200	0.037	3.365
2235.400	0.039	3.365
2235.600	0.040	3.365
2235.800	0.040	3.365
2236.000	0.039	3.365
2236.200	0.038	3.365
2236.400	0.038	3.365
2236.600	0.041	3.365
2236.800	0.039	3.365
2237.000	0.042	3.365
2237.200	0.039	3.365
2237.400	0.039	3.365
2237.600	0.041	3.365
2237.800	0.039	3.365
2238.000	0.040	3.365
2238.200	0.039	3.365
2238.400	0.040	3.365
2238.600	0.042	3.365
2238.800	0.039	3.365
2239.000	0.040	3.365
2239.200	0.040	3.365
2239.400	0.043	3.365
2239.600	0.040	3.365
2239.800	0.040	3.365
2240.000	0.039	3.365
2240.200	0.039	3.365
2240.400	0.041	3.365
2240.600	0.040	3.365
2240.800	0.040	3.365
2241.000	0.040	3.365
2241.200	0.042	3.365
2241.400	0.041	3.365
2241.600	0.041	3.365
2241.800	0.039	3.365
2242.000	0.039	3.365
2242.200	0.038	3.365
2242.400	0.038	3.365
2242.600	0.040	3.365
2242.800	0.041	3.365
2243.000	0.039	3.365
2243.200	0.040	3.365
2243.400	0.037	3.365
2243.600	0.037	3.365
2243.800	0.037	3.365
2244.000	0.038	3.365
2244.200	0.037	3.365
2244.400	0.038	3.365
2244.600	0.040	3.365
2244.800	0.038	3.365
2245.000	0.039	3.365
2245.200	0.039	3.365
2245.400	0.040	3.365
2245.600	0.038	3.365
2245.800	0.038	3.365
2246.000	0.039	3.365
2246.200	0.040	3.365
2246.400	0.039	3.365
2246.600	0.040	3.365
2246.800	0.038	3.365
2247.000	0.040	3.365
2247.200	0.039	3.365
2247.400	0.039	3.365
2247.600	0.040	3.365
2247.800	0.040	3.365
2248.000	0.039	3.365
2248.200	0.040	3.365
2248.400	0.039	3.365
2248.600	0.040	3.365
2248.800	0.040	3.365
2249.000	0.041	3.365
2249.200	0.039	3.365
2249.400	0.040	3.365
2249.600	0.041	3.365
2249.800	0.040	3.365
2250.000	0.038	3.365
2250.200	0.040	3.365
2250.400	0.040	3.365
2250.600	0.040	3.365
2250.800	0.040	3.365
2251.000	0.039	3.365
2251.200	0.039	3.365
2251.400	0.039	3.365
2251.600	0.039	3.365
2251.800	0.039	3.365
2252.000	0.038	3.365
2252.200	0.039	3.365
2252.400	0.038	3.365
2252.600	0.037	3.365
2252.800	0.038	3.365
2253.000	0.036	3.365
2253.200	0.039	3.365
2253.400	0.040	3.365
2253.600	0.039	3.365
2253.800	0.041	3.365
2254.000	0.040	3.365
2254.200	0.041	3.365
2254.400	0.037	3.365
2254.600	0.040	3.365
2254.800	0.040	3.365
2255.000	0.040	3.365
2255.200	0.040	3.365
2255.400	0.043	3.365
2255.600	0.042	3.365
2255.800	0.040	3.365
2256.000	0.040	3.365
2256.200	0.041	3.365
2256.400	0.041	3.365
2256.600	0.040	3.365
2256.800	0.041	3.365
2257.000	0.040	3.365
2257.200	0.039	3.365
2257.400	0.039	3.365
2257.600	0.038	3.365
2257.800	0.039	3.365
2258.000	0.038	3.365
2258.200	0.038	3.365
2258.400	0.040	3.365
2258.600	0.038	3.365
2258.800	0.037	3.365
2259.000	0.038	3.365
2259.200	0.038	3.365
2259.400	0.037	3.365
2259.600	0.039	3.365
2259.800	0.037	3.365
2260.000	0.038	3.365
2260.200	0.038	3.365
2260.400	0.039	3.365
2260.600	0.041	3.365
2260.800	0.038	3.365
2261.000	0.037	3.365
2261.200	0.037	3.365
2261.400	0.038	3.365
2261.600	0.038	3.365
2261.800	0.040	3.365
2262.000	0.039	3.365
2262.200	0.038	3.365
2262.400	0.037	3.365
2262.600	0.038	3.365
2262.800	0.039	3.365
2263.000	0.039	3.365
2263.200	0.039	3.365
2263.400	0.039	3.365
2263.600	0.040	3.365
2263.800	0.041	3.365
2264.000	0.038	3.365
2264.200	0.040	3.365
2264.400	0.041	3.365
2264.600	0.038	3.365
2264.800	0.040	3.365
2265.000	0.038	3.365
2265.200	0.039	3.365
2265.400	0.038	3.365
2265.600	0.039	3.365
2265.800	0.040	3.365
2266.000	0.038	3.365
2266.200	0.037	3.365
2266.400	0.038	3.365
2266.600	0.038	3.365
2266.800	0.038	3.365
2267.000	0.040	3.365
2267.200	0.041	3.365
2267.400	0.040	3.365
2267.600	0.040	3.365
2267.800	0.039	3.365
2268.000	0.038	3.365
2268.200	0.040	3.365
2268.400	0.040	3.365
2268.600	0.041	3.365
2268.800	0.041	3.365
2269.000	0.039	3.365
2269.200	0.040	3.365
2269.400	0.039	3.365
2269.600	0.040	3.365
2269.800	0.038	3.365
2270.000	0.040	3.365
2270.200	0.038	3.365
2270.400	0.036	3.365
2270.600	0.038	3.365
2270.800	0.040	3.365
2271.000	0.039	3.365
2271.200	0.039	3.365
2271.400	0.041	3.365
2271.600	0.038	3.365
2271.800	0.039	3.365
2272.000	0.038	3.365
2272.200	0.036	3.365
2272.400	0.037	3.365
2272.600	0.037	3.365
2272.800	0.040	3.365
2273.000	0.040	3.365
2273.200	0.039	3.365
2273.400	0.038	3.365
2273.600	0.037	3.365
2273.800	0.038	3.365
2274.000	0.037	3.365
2274.200	0.037	3.365
2274.400	0.037	3.365
2274.600	0.037	3.365
2274.800	0.038	3.365
2275.000	0.039	3.365
2275.200	0.038	3.365
2275.400	0.039	3.365
2275.600	0.037	3.365
2275.800	0.039	3.365
2276.000	0.038	3.365
2276.200	0.037	3.365
2276.400	0.039	3.365
2276.600	0.039	3.365
2276.800	0.039	3.365
2277.000	0.038	3.365
2277.200	0.039	3.365
2277.400	0.038	3.365
2277.600	0.039	3.365
2277.800	0.037	3.365
2278.000	0.037	3.365
2278.200	0.038	3.365
2278.400	0.039	3.365
2278.600	0.039	3.365
2278.800	0.040	3.365
2279.000	0.038	3.365
2279.200	0.038	3.365
2279.400	0.039	3.365
2279.600	0.038	3.365
2279.800	0.040	3.365
2280.000	0.040	3.365
2280.200	0.039	3.365
2280.400	0.038	3.365
2280.600	0.039	3.365
2280.800	0.037	3.365
2281.000	0.038	3.365
2281.200	0.038	3.365
2281.400	0.036	3.365
2281.600	0.037	3.365
2281.800	0.039	3.365
2282.000	0.039	3.365
2282.200	0.037	3.365
2282.400	0.038	3.365
2282.600	0.039	3.365
2282.800	0.039	3.365
2283.000	0.037	3.365
2283.200	0.038	3.365
2283.400	0.039	3.365
2283.600	0.040	3.365
2283.800	0.037	3.365
2284.000	0.039	3.365
2284.200	0.039	3.365
2284.400	0.038	3.365
2284.600	0.041	3.365
2284.800	0.040	3.365
2285.000	0.038	3.365
2285.200	0.039	3.365
2285.400	0.039	3.365
2285.600	0.038	3.365
2285.800	0.038	3.365
2286.000	0.041	3.365
2286.200	0.041	3.365
2286.400	0.038	3.365
2286.600	0.040	3.365
2286.800	0.038	3.365
2287.000	0.037	3.365
2287.200	0.039	3.365
2287.400	0.037	3.365
2287.600	0.039	3.365
2287.800	0.038	3.365
2288.000	0.038	3.365
2288.200	0.037	3.365
2288.400	0.038	3.365
2288.600	0.038	3.365
2288.800	0.039	3.365
2289.000	0.038	3.365
2289.200	0.036	3.365
2289.400	0.037	3.365
2289.600	0.036	3.365
2289.800	0.037	3.365
2290.000	0.037	3.365
2290.200	0.038	3.365
2290.400	0.038	3.365
2290.600	0.037	3.365
2290.800	0.038	3.365
2291.000	0.038	3.365
2291.200	0.038	3.365
2291.400	0.041	3.365
2291.600	0.036	3.365
2291.800	0.038	3.365
2292.000	0.037	3.365
2292.200	0.039	3.365
2292.400	0.038	3.365
2292.600	0.039	3.365
2292.800	0.039	3.365
2293.000	0.039	3.365
2293.200	0.038	3.365
2293.400	0.040	3.365
2293.600	0.038	3.365
2293.800	0.038	3.365
2294.000	0.038	3.365
2294.200	0.039	3.365
2294.400	0.038	3.365
2294.600	0.037	3.365
2294.800	0.040	3.365
2295.000	0.040	3.365
2295.200	0.039	3.365
2295.400	0.040	3.365
2295.600	0.038	3.365
2295.800	0.038	3.365
2296.000	0.040	3.365
2296.200	0.038	3.365
2296.400	0.038	3.365
2296.600	0.039	3.365
2296.800	0.038	3.365
2297.000	0.039	3.365
2297.200	0.040	3.365
2297.400	0.037	3.365
2297.600	0.038	3.365
2297.800	0.039	3.365
2298.000	0.038	3.365
2298.200	0.037	3.365
2298.400	0.040	3.365
2298.600	0.038	3.365
2298.800	0.038	3.365
2299.000	0.038	3.365
2299.200	0.039	3.365
2299.400	0.037	3.365
2299.600	0.039	3.365
2299.800	0.038	3.365
2300.000	0.037	3.365
2300.200	0.039	3.365
2300.400	0.038	3.365
2300.600	0.038	3.365
2300.800	0.039	3.365
2301.000	0.040	3.365
2301.200	0.039	3.365
2301.400	0.038	3.365
2301.600	0.038	3.365
2301.800	0.040	3.365
2302.000	0.039	3.365
2302.200	0.039	3.365
2302.400	0.039	3.365
2302.600	0.039	3.365
2302.800	0.038	3.365
2303.000	0.041	3.365
2303.200	0.039	3.365
2303.400	0.038	3.365
2303.600	0.039	3.365
2303.800	0.038	3.365
2304.000	0.036	3.365
2304.200	0.037	3.364
2304.400	0.037	3.364
2304.600	0.038	3.364
2304.800	0.038	3.365
2305.000	0.039	3.365
2305.200	0.039	3.365
2305.400	0.038	3.364
2305.600	0.038	3.364
2305.800	0.038	3.364
2306.000	0.038	3.365
2306.200	0.038	3.364
2306.400	0.039	3.364
2306.600	0.037	3.364
2306.800	0.039	3.365
2307.000	0.039	3.365
2307.200	0.039	3.365
2307.400	0.038	3.365
2307.600	0.038	3.364
2307.800	0.038	3.365
2308.000	0.038	3.364
2308.200	0.038	3.364
2308.400	0.038	3.365
2308.600	0.038	3.365
2308.800	0.039	3.364
2309.000	0.037	3.364
2309.200	0.040	3.364
2309.400	0.039	3.364
2309.600	0.039	3.365
2309.800	0.037	3.364
2310.000	0.036	3.364
2310.200	0.037	3.364
2310.400	0.037	3.364
2310.600	0.038	3.365
2310.800	0.038	3.364
2311.000	0.037	3.365
2311.200	0.038	3.364
2311.400	0.036	3.364
2311.600	0.036	3.364
2311.800	0.037	3.364
2312.000	0.038	3.364
2312.200	0.039	3.364
2312.400	0.037	3.364
2312.600	0.037	3.364
2312.800	0.038	3.364
2313.000	0.039	3.364
2313.200	0.037	3.364
2313.400	0.037	3.364
2313.600	0.039	3.364
2313.800	0.038	3.364
2314.000	0.038	3.364
2314.200	0.038	3.364
2314.400	0.038	3.364
2314.600	0.038	3.364
2314.800	0.039	3.364
2315.000	0.039	3.364
2315.200	0.038	3.364
2315.400	0.039	3.364
2315.600	0.037	3.364
2315.800	0.039	3.364
2316.000	0.038	3.364
2316.200	0.039	3.364
2316.400	0.040	3.364
2316.600	0.038	3.364
2316.800	0.037	3.364
2317.000	0.039	3.365
2317.200	0.038	3.364
2317.400	0.037	3.364
2317.600	0.038	3.364
2317.800	0.037	3.364
2318.000	0.039	3.364
2318.200	0.037	3.364
2318.400	0.041	3.364
2318.600	0.038	3.364
2318.800	0.038	3.364
2319.000	0.040	3.364
2319.200	0.040	3.364
2319.400	0.040	3.364
2319.600	0.040	3.364
2319.800	0.038	3.364
2320.000	0.037	3.364
2320.200	0.039	3.364
2320.400	0.040	3.365
2320.600	0.039	3.364
2320.800	0.039	3.364
2321.000	0.038	3.364
2321.200	0.039	3.364
2321.400	0.041	3.365
2321.600	0.040	3.364
2321.800	0.040	3.364
2322.000	0.041	3.364
2322.200	0.041	3.364
2322.400	0.041	3.364
2322.600	0.040	3.364
2322.800	0.039	3.364
2323.000	0.040	3.364
2323.200	0.039	3.364
2323.400	0.039	3.364
2323.600	0.038	3.364
2323.800	0.041	3.364
2324.000	0.040	3.364
2324.200	0.040	3.364
2324.400	0.040	3.364
2324.600	0.039	3.364
2324.800	0.039	3.364
2325.000	0.041	3.364
2325.200	0.039	3.364
2325.400	0.041	3.364
2325.600	0.041	3.364
2325.800	0.040	3.364
2326.000	0.040	3.364
2326.200	0.040	3.364
2326.400	0.040	3.364
2326.600	0.040	3.364
2326.800	0.038	3.364
2327.000	0.041	3.364
2327.200	0.041	3.364
2327.400	0.040	3.364
2327.600	0.039	3.364
2327.800	0.038	3.364
2328.000	0.040	3.364
2328.200	0.039	3.364
2328.400	0.041	3.364
2328.600	0.039	3.364
2328.800	0.040	3.364
2329.000	0.041	3.364
2329.200	0.040	3.364
2329.400	0.041	3.364
2329.600	0.039	3.364
2329.800	0.040	3.364
2330.000	0.040	3.364
2330.200	0.040	3.364
2330.400	0.040	3.364
2330.600	0.037	3.364
2330.800	0.037	3.364
2331.000	0.038	3.364
2331.200	0.039	3.364
2331.400	0.039	3.364
2331.600	0.038	3.364
2331.800	0.040	3.364
2332.000	0.041	3.364
2332.200	0.039	3.364
2332.400	0.039	3.364
2332.600	0.040	3.364
2332.800	0.039	3.364
2333.000	0.039	3.364
2333.200	0.037	3.364
2333.400	0.038	3.364
2333.600	0.041	3.364
2333.800	0.038	3.364
2334.000	0.039	3.364
2334.200	0.039	3.364
2334.400	0.038	3.364
2334.600	0.038	3.364
2334.800	0.037	3.364
2335.000	0.040	3.364
2335.200	0.036	3.364
2335.400	0.037	3.364
2335.600	0.038	3.364
2335.800	0.039	3.364
2336.000	0.039	3.364
2336.200	0.039	3.364
2336.400	0.038	3.364
2336.600	0.037	3.364
2336.800	0.038	3.364
2337.000	0.038	3.364
2337.200	0.037	3.364
2337.400	0.036	3.364
2337.600	0.037	3.364
2337.800	0.038	3.364
2338.000	0.039	3.364
2338.200	0.037	3.364
2338.400	0.039	3.364
2338.600	0.038	3.364
2338.800	0.037	3.364
2339.000	0.037	3.364
2339.200	0.036	3.364
2339.400	0.038	3.364
2339.600	0.038	3.364
2339.800	0.038	3.364
2340.000	0.038	3.364
2340.200	0.038	3.364
2340.400	0.038	3.364
2340.600	0.039	3.364
2340.800	0.037	3.364
2341.000	0.037	3.364
2341.200	0.038	3.364
2341.400	0.039	3.364
2341.600	0.039	3.364
2341.800	0.039	3.364
2342.000	0.038	3.364
2342.200	0.038	3.364
2342.400	0.038	3.364
2342.600	0.038	3.364
2342.800	0.038	3.364
2343.000	0.034	3.364
2343.200	0.037	3.364
2343.400	0.037	3.364
2343.600	0.037	3.364
2343.800	0.038	3.364
2344.000	0.037	3.364
2344.200	0.036	3.364
2344.400	0.036	3.364
2344.600	0.036	3.364
2344.800	0.037	3.364
2345.000	0.037	3.364
2345.200	0.038	3.364
2345.400	0.038	3.364
2345.600	0.036	3.364
2345.800	0.036	3.364
2346.000	0.035	3.364
2346.200	0.038	3.364
2346.400	0.037	3.364
2346.600	0.037	3.364
2346.800	0.040	3.364
2347.000	0.040	3.364
2347.200	0.036	3.364
2347.400	0.038	3.364
2347.600	0.039	3.364
2347.800	0.039	3.364
2348.000	0.038	3.364
2348.200	0.038	3.364
2348.400	0.039	3.364
2348.600	0.037	3.364
2348.800	0.036	3.364
2349.000	0.038	3.364
2349.200	0.039	3.364
2349.400	0.036	3.364
2349.600	0.036	3.364
2349.800	0.039	3.364
2350.000	0.038	3.364
2350.200	0.038	3.364
2350.400	0.038	3.364
2350.600	0.039	3.364
2350.800	0.038	3.364
2351.000	0.038	3.364
2351.200	0.036	3.364
2351.400	0.039	3.364
2351.600	0.037	3.364
2351.800	0.038	3.364
2352.000	0.039	3.364
2352.200	0.037	3.364
2352.400	0.038	3.364
2352.600	0.037	3.364
2352.800	0.037	3.364
2353.000	0.037	3.364
2353.200	0.037	3.364
2353.400	0.037	3.364
2353.600	0.037	3.364
2353.800	0.036	3.364
2354.000	0.038	3.364
2354.200	0.038	3.364
2354.400	0.039	3.364
2354.600	0.036	3.364
2354.800	0.037	3.364
2355.000	0.037	3.364
2355.200	0.038	3.364
2355.400	0.036	3.364
2355.600	0.038	3.364
2355.800	0.036	3.364
2356.000	0.037	3.364
2356.200	0.038	3.364
2356.400	0.038	3.364
2356.600	0.038	3.364
2356.800	0.039	3.364
2357.000	0.040	3.364
2357.200	0.037	3.364
2357.400	0.037	3.364
2357.600	0.039	3.364
2357.800	0.039	3.364
2358.000	0.039	3.364
2358.200	0.038	3.364
2358.400	0.039	3.364
2358.600	0.039	3.364
2358.800	0.039	3.364
2359.000	0.039	3.364
2359.200	0.038	3.364
2359.400	0.040	3.364
2359.600	0.038	3.364
2359.800	0.039	3.364
2360.000	0.038	3.364
2360.200	0.038	3.364
2360.400	0.039	3.364
2360.600	0.037	3.364
2360.800	0.037	3.364
2361.000	0.037	3.364
2361.200	0.038	3.364
2361.400	0.038	3.364
2361.600	0.039	3.364
2361.800	0.038	3.364
2362.000	0.038	3.364
2362.200	0.036	3.364
2362.400	0.036	3.364
2362.600	0.037	3.364
2362.800	0.038	3.364
2363.000	0.037	3.364
2363.200	0.038	3.364
2363.400	0.036	3.364
2363.600	0.038	3.364
2363.800	0.038	3.364
2364.000	0.038	3.364
2364.200	0.038	3.364
2364.400	0.037	3.364
2364.600	0.038	3.364
2364.800	0.038	3.364
2365.000	0.037	3.364
2365.200	0.038	3.364
2365.400	0.037	3.364
2365.600	0.038	3.364
2365.800	0.040	3.364
2366.000	0.038	3.364
2366.200	0.039	3.364
2366.400	0.037	3.364
2366.600	0.037	3.364
2366.800	0.037	3.364
2367.000	0.038	3.364
2367.200	0.036	3.364
2367.400	0.038	3.364
2367.600	0.036	3.364
2367.800	0.037	3.364
2368.000	0.036	3.364
2368.200	0.038	3.364
2368.400	0.036	3.364
2368.600	0.038	3.364
2368.800	0.038	3.364
2369.000	0.038	3.364
2369.200	0.038	3.364
2369.400	0.036	3.364
2369.600	0.038	3.364
2369.800	0.037	3.364
2370.000	0.038	3.364
2370.200	0.039	3.364
2370.400	0.039	3.364
2370.600	0.038	3.364
2370.800	0.037	3.364
2371.000	0.039	3.364
2371.200	0.040	3.364
2371.400	0.040	3.364
2371.600	0.038	3.364
2371.800	0.038	3.364
2372.000	0.037	3.364
2372.200	0.038	3.364
2372.400	0.041	3.364
2372.600	0.040	3.364
2372.800	0.040	3.364
2373.000	0.039	3.364
2373.200	0.041	3.364
2373.400	0.038	3.364
2373.600	0.040	3.364
2373.800	0.040	3.364
2374.000	0.040	3.364
2374.200	0.039	3.364
2374.400	0.038	3.364
2374.600	0.039	3.364
2374.800	0.040	3.364
2375.000	0.038	3.364
2375.200	0.039	3.364
2375.400	0.039	3.364
2375.600	0.039	3.364
2375.800	0.041	3.364
2376.000	0.038	3.364
2376.200	0.041	3.364
2376.400	0.040	3.364
2376.600	0.039	3.364
2376.800	0.039	3.364
2377.000	0.039	3.364
2377.200	0.040	3.364
2377.400	0.039	3.364
2377.600	0.040	3.364
2377.800	0.040	3.364
2378.000	0.040	3.364
2378.200	0.038	3.364
2378.400	0.040	3.364
2378.600	0.039	3.364
2378.800	0.040	3.364
2379.000	0.040	3.364
2379.200	0.042	3.364
2379.400	0.041	3.364
2379.600	0.042	3.364
2379.800	0.041	3.364
2380.000	0.041	3.364
2380.200	0.040	3.364
2380.400	0.041	3.364
2380.600	0.039	3.364
2380.800	0.040	3.364
2381.000	0.041	3.364
2381.200	0.040	3.364
2381.400	0.041	3.364
2381.600	0.041	3.364
2381.800	0.041	3.364
2382.000	0.041	3.364
2382.200	0.041	3.364
2382.400	0.042	3.364
2382.600	0.043	3.364
2382.800	0.041	3.364
2383.000	0.041	3.364
2383.200	0.041	3.364
2383.400	0.040	3.364
2383.600	0.041	3.364
2383.800	0.042	3.364
2384.000	0.040	3.364
2384.200	0.040	3.364
2384.400	0.041	3.364
2384.600	0.040	3.364
2384.800	0.039	3.364
2385.000	0.039	3.364
2385.200	0.038	3.364
2385.400	0.038	3.364
2385.600	0.040	3.364
2385.800	0.039	3.364
2386.000	0.039	3.364
2386.200	0.040	3.364
2386.400	0.040	3.364
2386.600	0.039	3.364
2386.800	0.041	3.364
2387.000	0.040	3.364
2387.200	0.039	3.364
2387.400	0.039	3.364
2387.600	0.041	3.364
2387.800	0.037	3.364
2388.000	0.039	3.364
2388.200	0.039	3.364
2388.400	0.039	3.364
2388.600	0.039	3.364
2388.800	0.037	3.364
2389.000	0.038	3.364
2389.200	0.037	3.364
2389.400	0.038	3.364
2389.600	0.038	3.364
2389.800	0.038	3.364
2390.000	0.039	3.364
2390.200	0.039	3.364
2390.400	0.039	3.364
2390.600	0.039	3.364
2390.800	0.039	3.364
2391.000	0.038	3.364
2391.200	0.041	3.364
2391.400	0.038	3.364
2391.600	0.040	3.364
2391.800	0.041	3.364
2392.000	0.040	3.364
2392.200	0.041	3.364
2392.400	0.039	3.364
2392.600	0.039	3.364
2392.800	0.040	3.364
2393.000	0.039	3.364
2393.200	0.038	3.364
2393.400	0.039	3.364
2393.600	0.038	3.364
2393.800	0.039	3.364
2394.000	0.039	3.364
2394.200	0.037	3.364
2394.400	0.041	3.364
2394.600	0.038	3.364
2394.800	0.039	3.364
2395.000	0.038	3.364
2395.200	0.039	3.364
2395.400	0.037	3.364
2395.600	0.038	3.364
2395.800	0.038	3.364
2396.000	0.037	3.364
2396.200	0.036	3.364
2396.400	0.037	3.364
2396.600	0.038	3.364
2396.800	0.039	3.364
2397.000	0.037	3.364
2397.200	0.037	3.364
2397.400	0.039	3.364
2397.600	0.038	3.364
2397.800	0.040	3.364
2398.000	0.039	3.364
2398.200	0.041	3.364
2398.400	0.040	3.364
2398.600	0.042	3.364
2398.800	0.040	3.364
2399.000	0.039	3.364
2399.200	0.039	3.364
2399.400	0.039	3.364
2399.600	0.038	3.364
2399.800	0.040	3.364
2400.000	0.039	3.364
2400.200	0.041	3.364
2400.400	0.040	3.364
2400.600	0.040	3.364
2400.800	0.041	3.364
2401.000	0.040	3.364
2401.200	0.038	3.364
2401.400	0.042	3.364
2401.600	0.040	3.364
2401.800	0.037	3.364
2402.000	0.040	3.364
2402.200	0.038	3.364
2402.400	0.041	3.364
2402.600	0.039	3.364
2402.800	0.038	3.364
2403.000	0.038	3.364
2403.200	0.039	3.364
2403.400	0.039	3.364
2403.600	0.039	3.364
2403.800	0.038	3.364
2404.000	0.039	3.364
2404.200	0.040	3.364
2404.400	0.039	3.364
2404.600	0.039	3.364
2404.800	0.039	3.364
2405.000	0.037	3.364
2405.200	0.039	3.364
2405.400	0.038	3.364
2405.600	0.039	3.364
2405.800	0.039	3.364
2406.000	0.040	3.364
2406.200	0.037	3.364
2406.400	0.039	3.364
2406.600	0.038	3.364
2406.800	0.041	3.364
2407.000	0.038	3.364
2407.200	0.039	3.364
2407.400	0.039	3.364
2407.600	0.040	3.364
2407.800	0.040	3.364
2408.000	0.039	3.364
2408.200	0.040	3.364
2408.400	0.037	3.364
2408.600	0.037	3.364
2408.800	0.038	3.364
2409.000	0.036	3.364
2409.200	0.038	3.364
2409.400	0.039	3.364
2409.600	0.040	3.364
2409.800	0.039	3.364
2410.000	0.041	3.364
2410.200	0.037	3.364
2410.400	0.037	3.364
2410.600	0.038	3.364
2410.800	0.039	3.364
2411.000	0.040	3.364
2411.200	0.038	3.364
2411.400	0.039	3.364
2411.600	0.040	3.364
2411.800	0.040	3.364
2412.000	0.038	3.364
2412.200	0.039	3.364
2412.400	0.037	3.364
2412.600	0.039	3.364
2412.800	0.039	3.364
2413.000	0.038	3.364
2413.200	0.038	3.364
2413.400	0.037	3.364
2413.600	0.038	3.364
2413.800	0.039	3.364
2414.000	0.037	3.364
2414.200	0.039	3.364
2414.400	0.036	3.364
2414.600	0.036	3.364
2414.800	0.037	3.364
2415.000	0.038	3.364
2415.200	0.038	3.364
2415.400	0.038	3.364
2415.600	0.038	3.364
2415.800	0.039	3.364
2416.000	0.039	3.364
2416.200	0.039	3.364
2416.400	0.040	3.364
2416.600	0.038	3.364
2416.800	0.037	3.364
2417.000	0.039	3.364
2417.200	0.037	3.364
2417.400	0.037	3.364
2417.600	0.040	3.364
2417.800	0.038	3.364
2418.000	0.038	3.364
2418.200	0.037	3.364
2418.400	0.038	3.364
2418.600	0.037	3.364
2418.800	0.038	3.364
2419.000	0.039	3.364
2419.200	0.038	3.364
2419.400	0.038	3.364
2419.600	0.040	3.364
2419.800	0.039	3.364
2420.000	0.037	3.364
2420.200	0.038	3.364
2420.400	0.037	3.364
2420.600	0.037	3.364
2420.800	0.037	3.364
2421.000	0.036	3.364
2421.200	0.038	3.364
2421.400	0.038	3.364
2421.600	0.036	3.364
2421.800	0.038	3.364
2422.000	0.036	3.364
2422.200	0.036	3.364
2422.400	0.036	3.364
2422.600	0.037	3.364
2422.800	0.038	3.364
2423.000	0.037	3.364
2423.200	0.037	3.364
2423.400	0.038	3.364
2423.600	0.040	3.364
2423.800	0.038	3.364
2424.000	0.037	3.364
2424.200	0.040	3.364
2424.400	0.038	3.364
2424.600	0.037	3.364
2424.800	0.038	3.364
2425.000	0.038	3.364
2425.200	0.038	3.364
2425.400	0.038	3.364
2425.600	0.038	3.364
2425.800	0.038	3.364
2426.000	0.038	3.364
2426.200	0.039	3.364
2426.400	0.038	3.364
2426.600	0.038	3.364
2426.800	0.040	3.364
2427.000	0.038	3.364
2427.200	0.037	3.364
2427.400	0.038	3.364
2427.600	0.037	3.364
2427.800	0.038	3.364
2428.000	0.038	3.364
2428.200	0.037	3.364
2428.400	0.038	3.364
2428.600	0.038	3.364
2428.800	0.038	3.364
2429.000	0.039	3.364
2429.200	0.038	3.364
2429.400	0.038	3.364
2429.600	0.036	3.364
2429.800	0.036	3.364
2430.000	0.036	3.364
2430.200	0.037	3.364
2430.400	0.038	3.364
2430.600	0.038	3.364
2430.800	0.039	3.364
2431.000	0.039	3.364
2431.200	0.039	3.364
2431.400	0.038	3.364
2431.600	0.038	3.364
2431.800	0.038	3.364
2432.000	0.037	3.364
2432.200	0.038	3.364
2432.400	0.037	3.364
2432.600	0.038	3.364
2432.800	0.038	3.364
2433.000	0.038	3.364
2433.200	0.038	3.364
2433.400	0.040	3.364
2433.600	0.039	3.364
2433.800	0.039	3.364
2434.000	0.039	3.364
2434.200	0.038	3.364
2434.400	0.038	3.364
2434.600	0.040	3.364
2434.800	0.038	3.364
2435.000	0.037	3.364
2435.200	0.039	3.364
2435.400	0.039	3.364
2435.600	0.039	3.364
2435.800	0.038	3.364
2436.000	0.039	3.364
2436.200	0.038	3.364
2436.400	0.038	3.364
2436.600	0.039	3.364
2436.800	0.036	3.364
2437.000	0.038	3.364
2437.200	0.040	3.364
2437.400	0.036	3.364
2437.600	0.039	3.364
2437.800	0.038	3.364
2438.000	0.037	3.364
2438.200	0.038	3.364
2438.400	0.038	3.364
2438.600	0.039	3.364
2438.800	0.039	3.364
2439.000	0.039	3.364
2439.200	0.039	3.364
2439.400	0.039	3.364
2439.600	0.039	3.364
2439.800	0.040	3.364
2440.000	0.040	3.364
2440.200	0.041	3.364
2440.400	0.040	3.364
2440.600	0.040	3.364
2440.800	0.039	3.364
2441.000	0.039	3.364
2441.200	0.039	3.364
2441.400	0.040	3.364
2441.600	0.040	3.364
2441.800	0.039	3.364
2442.000	0.040	3.364
2442.200	0.038	3.364
2442.400	0.039	3.364
2442.600	0.039	3.364
2442.800	0.038	3.364
2443.000	0.039	3.364
2443.200	0.041	3.364
2443.400	0.041	3.364
2443.600	0.040	3.364
2443.800	0.041	3.364
2444.000	0.041	3.364
2444.200	0.039	3.364
2444.400	0.039	3.364
2444.600	0.041	3.364
2444.800	0.039	3.364
2445.000	0.039	3.364
2445.200	0.040	3.364
2445.400	0.039	3.364
2445.600	0.037	3.364
2445.800	0.039	3.364
2446.000	0.038	3.364
2446.200	0.038	3.364
2446.400	0.041	3.364
2446.600	0.037	3.364
2446.800	0.038	3.364
2447.000	0.040	3.364
2447.200	0.039	3.364
2447.400	0.039	3.364
2447.600	0.039	3.364
2447.800	0.039	3.364
2448.000	0.037	3.364
2448.200	0.039	3.364
2448.400	0.039	3.364
2448.600	0.039	3.364
2448.800	0.037	3.364
2449.000	0.039	3.364
2449.200	0.040	3.364
2449.400	0.038	3.364
2449.600	0.039	3.364
2449.800	0.041	3.364
2450.000	0.040	3.364
2450.200	0.041	3.364
2450.400	0.039	3.364
2450.600	0.039	3.364
2450.800	0.040	3.364
2451.000	0.039	3.364
2451.200	0.039	3.364
2451.400	0.039	3.364
2451.600	0.038	3.364
2451.800	0.035	3.364
2452.000	0.036	3.364
2452.200	0.039	3.364
2452.400	0.038	3.364
2452.600	0.036	3.364
2452.800	0.039	3.364
2453.000	0.039	3.364
2453.200	0.037	3.364
2453.400	0.038	3.364
2453.600	0.040	3.364
2453.800	0.037	3.364
2454.000	0.039	3.364
2454.200	0.039	3.364
2454.400	0.038	3.364
2454.600	0.040	3.364
2454.800	0.040	3.364
2455.000	0.039	3.364
2455.200	0.040	3.364
2455.400	0.039	3.364
2455.600	0.038	3.364
2455.800	0.038	3.364
2456.000	0.040	3.364
2456.200	0.039	3.364
2456.400	0.039	3.364
2456.600	0.039	3.364
2456.800	0.039	3.364
2457.000	0.037	3.364
2457.200	0.037	3.364
2457.400	0.040	3.364
2457.600	0.038	3.364
2457.800	0.038	3.364
2458.000	0.038	3.364
2458.200	0.039	3.364
2458.400	0.039	3.364
2458.600	0.038	3.364
2458.800	0.036	3.364
2459.000	0.038	3.364
2459.200	0.039	3.364
2459.400	0.038	3.364
2459.600	0.039	3.364
2459.800	0.039	3.364
2460.000	0.038	3.364
2460.200	0.039	3.364
2460.400	0.038	3.364
2460.600	0.039	3.364
2460.800	0.037	3.364
2461.000	0.041	3.364
2461.200	0.040	3.364
2461.400	0.040	3.364
2461.600	0.040	3.364
2461.800	0.039	3.364
2462.000	0.040	3.364
2462.200	0.039	3.364
2462.400	0.041	3.364
2462.600	0.040	3.364
2462.800	0.040	3.364
2463.000	0.039	3.364
2463.200	0.039	3.364
2463.400	0.039	3.364
2463.600	0.039	3.364
2463.800	0.041	3.364
2464.000	0.040	3.364
2464.200	0.039	3.364
2464.400	0.039	3.364
2464.600	0.039	3.364
2464.800	0.039	3.364
2465.000	0.041	3.364
2465.200	0.038	3.364
2465.400	0.039	3.364
2465.600	0.038	3.364
2465.800	0.040	3.364
2466.000	0.039	3.364
2466.200	0.039	3.364
2466.400	0.038	3.364
2466.600	0.037	3.364
2466.800	0.038	3.364
2467.000	0.040	3.364
2467.200	0.038	3.364
2467.400	0.039	3.364
2467.600	0.039	3.364
2467.800	0.040	3.364
2468.000	0.039	3.364
2468.200	0.037	3.364
2468.400	0.036	3.364
2468.600	0.037	3.364
2468.800	0.036	3.364
2469.000	0.036	3.364
2469.200	0.037	3.364
2469.400	0.038	3.364
2469.600	0.038	3.364
2469.800	0.037	3.364
2470.000	0.036	3.364
2470.200	0.038	3.364
2470.400	0.039	3.364
2470.600	0.039	3.364
2470.800	0.037	3.364
2471.000	0.036	3.364
2471.200	0.038	3.364
2471.400	0.038	3.364
2471.600	0.037	3.364
2471.800	0.037	3.364
2472.000	0.038	3.364
2472.200	0.038	3.364
2472.400	0.037	3.364
2472.600	0.038	3.364
2472.800	0.038	3.364
2473.000	0.037	3.364
2473.200	0.037	3.364
2473.400	0.037	3.364
2473.600	0.038	3.364
2473.800	0.038	3.364
2474.000	0.039	3.364
2474.200	0.039	3.364
2474.400	0.039	3.364
2474.600	0.037	3.364
2474.800	0.038	3.364
2475.000	0.037	3.364
2475.200	0.037	3.364
2475.400	0.038	3.364
2475.600	0.037	3.364
2475.800	0.037	3.364
2476.000	0.037	3.364
2476.200	0.037	3.364
2476.400	0.034	3.363
2476.600	0.036	3.364
2476.800	0.038	3.364
2477.000	0.037	3.364
2477.200	0.038	3.364
2477.400	0.037	3.363
2477.600	0.037	3.363
2477.800	0.038	3.364
2478.000	0.040	3.364
2478.200	0.038	3.364
2478.400	0.039	3.363
2478.600	0.037	3.364
2478.800	0.037	3.364
2479.000	0.037	3.363
2479.200	0.038	3.364
2479.400	0.039	3.364
2479.600	0.039	3.363
2479.800	0.036	3.364
2480.000	0.038	3.364
2480.200	0.040	3.364
2480.400	0.039	3.363
2480.600	0.039	3.364
2480.800	0.039	3.364
2481.000	0.038	3.364
2481.200	0.039	3.364
2481.400	0.038	3.364
2481.600	0.038	3.364
2481.800	0.039	3.364
2482.000	0.038	3.364
2482.200	0.038	3.364
2482.400	0.039	3.364
2482.600	0.040	3.364
2482.800	0.040	3.364
2483.000	0.038	3.364
2483.200	0.039	3.364
2483.400	0.038	3.364
2483.600	0.039	3.364
2483.800	0.038	3.364
2484.000	0.037	3.364
2484.200	0.037	3.364
2484.400	0.037	3.364
2484.600	0.039	3.364
2484.800	0.038	3.364
2485.000	0.038	3.364
2485.200	0.036	3.363
2485.400	0.037	3.363
2485.600	0.039	3.364
2485.800	0.038	3.363
2486.000	0.039	3.364
2486.200	0.039	3.364
2486.400	0.039	3.364
2486.600	0.040	3.364
2486.800	0.039	3.363
2487.000	0.041	3.364
2487.200	0.041	3.363
2487.400	0.040	3.363
2487.600	0.039	3.364
2487.800	0.039	3.363
2488.000	0.038	3.363
2488.200	0.040	3.363
2488.400	0.038	3.363
2488.600	0.039	3.363
2488.800	0.039	3.363
2489.000	0.041	3.364
2489.200	0.039	3.363
2489.400	0.041	3.363
2489.600	0.039	3.363
2489.800	0.040	3.363
2490.000	0.038	3.363
2490.200	0.039	3.363
2490.400	0.038	3.363
2490.600	0.038	3.363
2490.800	0.038	3.363
2491.000	0.040	3.363
2491.200	0.037	3.363
2491.400	0.039	3.363
2491.600	0.040	3.363
2491.800	0.040	3.363
2492.000	0.040	3.363
2492.200	0.040	3.363
2492.400	0.040	3.363
2492.600	0.040	3.363
2492.800	0.039	3.363
2493.000	0.040	3.363
2493.200	0.040	3.363
2493.400	0.040	3.363
2493.600	0.040	3.363
2493.800	0.042	3.363
2494.000	0.041	3.363
2494.200	0.039	3.363
2494.400	0.039	3.363
2494.600	0.041	3.364
2494.800	0.042	3.364
2495.000	0.039	3.363
2495.200	0.039	3.363
2495.400	0.039	3.363
2495.600	0.041	3.363
2495.800	0.039	3.363
2496.000	0.042	3.363
2496.200	0.038	3.363
2496.400	0.039	3.363
2496.600	0.040	3.363
2496.800	0.038	3.363
2497.000	0.040	3.363
2497.200	0.039	3.363
2497.400	0.040	3.363
2497.600	0.039	3.363
2497.800	0.039	3.363
2498.000	0.039	3.363
2498.200	0.040	3.363
2498.400	0.039	3.363
2498.600	0.039	3.363
2498.800	0.039	3.363
2499.000	0.041	3.363
2499.200	0.040	3.363
2499.400	0.040	3.363
2499.600	0.041	3.363
2499.800	0.040	3.364
2500.000	0.042	3.364
2500.200	0.040	3.363
2500.400	0.040	3.363
2500.600	0.042	3.363
2500.800	0.041	3.363
2501.000	0.040	3.363
2501.200	0.040	3.363
2501.400	0.041	3.363
2501.600	0.041	3.363
2501.800	0.040	3.363
2502.000	0.040	3.363
2502.200	0.041	3.363
2502.400	0.041	3.363
2502.600	0.040	3.364
2502.800	0.041	3.364
2503.000	0.039	3.363
2503.200	0.037	3.363
2503.400	0.039	3.363
2503.600	0.041	3.363
2503.800	0.041	3.363
2504.000	0.040	3.363
2504.200	0.041	3.363
2504.400	0.042	3.363
2504.600	0.039	3.363
2504.800	0.041	3.363
2505.000	0.042	3.363
2505.200	0.043	3.363
2505.400	0.041	3.363
2505.600	0.042	3.363
2505.800	0.041	3.363
2506.000	0.041	3.363
2506.200	0.041	3.363
2506.400	0.039	3.363
2506.600	0.039	3.363
2506.800	0.042	3.364
2507.000	0.040	3.363
2507.200	0.040	3.363
2507.400	0.040	3.363
2507.600	0.039	3.363
2507.800	0.041	3.363
2508.000	0.042	3.363
2508.200	0.041	3.363
2508.400	0.039	3.363
2508.600	0.040	3.363
2508.800	0.039	3.363
2509.000	0.041	3.363
2509.200	0.041	3.363
2509.400	0.039	3.363
2509.600	0.041	3.363
2509.800	0.041	3.363
2510.000	0.040	3.363
2510.200	0.041	3.363
2510.400	0.040	3.363
2510.600	0.041	3.363
2510.800	0.040	3.363
2511.000	0.040	3.363
2511.200	0.040	3.363
2511.400	0.041	3.363
2511.600	0.038	3.363
2511.800	0.040	3.363
2512.000	0.042	3.363
2512.200	0.041	3.363
2512.400	0.040	3.363
2512.600	0.040	3.363
2512.800	0.039	3.363
2513.000	0.041	3.363
2513.200	0.041	3.363
2513.400	0.040	3.363
2513.600	0.041	3.363
2513.800	0.041	3.363
2514.000	0.041	3.363
2514.200	0.040	3.363
2514.400	0.042	3.363
2514.600	0.040	3.363
2514.800	0.041	3.363
2515.000	0.040	3.363
2515.200	0.039	3.363
2515.400	0.039	3.363
2515.600	0.038	3.363
2515.800	0.039	3.363
2516.000	0.040	3.363
2516.200	0.037	3.363
2516.400	0.042	3.363
2516.600	0.039	3.363
2516.800	0.039	3.363
2517.000	0.040	3.363
2517.200	0.039	3.363
2517.400	0.039	3.363
2517.600	0.039	3.363
2517.800	0.039	3.363
2518.000	0.038	3.363
2518.200	0.040	3.363
2518.400	0.039	3.363
2518.600	0.041	3.363
2518.800	0.040	3.363
2519.000	0.038	3.363
2519.200	0.040	3.363
2519.400	0.040	3.363
2519.600	0.040	3.363
2519.800	0.041	3.363
2520.000	0.041	3.363
2520.200	0.040	3.363
2520.400	0.039	3.363
2520.600	0.040	3.363
2520.800	0.038	3.363
2521.000	0.039	3.363
2521.200	0.038	3.363
2521.400	0.038	3.363
2521.600	0.039	3.363
2521.800	0.040	3.363
2522.000	0.039	3.363
2522.200	0.040	3.363
2522.400	0.039	3.363
2522.600	0.041	3.363
2522.800	0.040	3.363
2523.000	0.038	3.363
2523.200	0.038	3.363
2523.400	0.040	3.363
2523.600	0.039	3.363
2523.800	0.039	3.363
2524.000	0.040	3.363
2524.200	0.039	3.363
2524.400	0.039	3.363
2524.600	0.040	3.363
2524.800	0.042	3.363
2525.000	0.039	3.363
2525.200	0.039	3.363
2525.400	0.038	3.363
2525.600	0.038	3.363
2525.800	0.038	3.363
2526.000	0.041	3.363
2526.200	0.040	3.363
2526.400	0.041	3.363
2526.600	0.041	3.363
2526.800	0.040	3.363
2527.000	0.039	3.363
2527.200	0.039	3.363
2527.400	0.040	3.363
2527.600	0.038	3.363
2527.800	0.038	3.363
2528.000	0.039	3.363
2528.200	0.037	3.363
2528.400	0.040	3.363
2528.600	0.039	3.363
2528.800	0.039	3.363
2529.000	0.039	3.363
2529.200	0.040	3.363
2529.400	0.040	3.363
2529.600	0.039	3.363
2529.800	0.040	3.363
2530.000	0.040	3.363
2530.200	0.041	3.363
2530.400	0.041	3.363
2530.600	0.041	3.363
2530.800	0.040	3.363
2531.000	0.041	3.363
2531.200	0.040	3.363
2531.400	0.041	3.363
2531.600	0.042	3.363
2531.800	0.042	3.363
2532.000	0.041	3.363
2532.200	0.041	3.363
2532.400	0.042	3.363
2532.600	0.041	3.363
2532.800	0.040	3.363
2533.000	0.042	3.363
2533.200	0.040	3.363
2533.400	0.041	3.363
2533.600	0.041	3.363
2533.800	0.040	3.363
2534.000	0.040	3.363
2534.200	0.040	3.363
2534.400	0.040	3.363
2534.600	0.042	3.363
2534.800	0.041	3.363
2535.000	0.041	3.363
2535.200	0.041	3.363
2535.400	0.042	3.363
2535.600	0.042	3.363
2535.800	0.043	3.363
2536.000	0.041	3.363
2536.200	0.040	3.363
2536.400	0.042	3.363
2536.600	0.041	3.363
2536.800	0.041	3.363
2537.000	0.041	3.363
2537.200	0.040	3.363
2537.400	0.040	3.363
2537.600	0.040	3.363
2537.800	0.042	3.363
2538.000	0.041	3.363
2538.200	0.040	3.363
2538.400	0.040	3.363
2538.600	0.041	3.363
2538.800	0.040	3.363
2539.000	0.039	3.363
2539.200	0.041	3.363
2539.400	0.041	3.363
2539.600	0.042	3.363
2539.800	0.041	3.363
2540.000	0.041	3.363
2540.200	0.041	3.363
2540.400	0.040	3.363
2540.600	0.042	3.363
2540.800	0.040	3.363
2541.000	0.040	3.363
2541.200	0.041	3.363
2541.400	0.039	3.363
2541.600	0.041	3.363
2541.800	0.041	3.363
2542.000	0.041	3.363
2542.200	0.042	3.363
2542.400	0.042	3.363
2542.600	0.041	3.363
2542.800	0.042	3.363
2543.000	0.041	3.363
2543.200	0.041	3.363
2543.400	0.043	3.363
2543.600	0.043	3.363
2543.800	0.042	3.363
2544.000	0.041	3.363
2544.200	0.041	3.363
2544.400	0.040	3.363
2544.600	0.041	3.363
2544.800	0.043	3.363
2545.000	0.041	3.363
2545.200	0.042	3.363
2545.400	0.041	3.363
2545.600	0.040	3.363
2545.800	0.041	3.363
2546.000	0.043	3.363
2546.200	0.042	3.363
2546.400	0.043	3.363
2546.600	0.041	3.363
2546.800	0.042	3.363
2547.000	0.042	3.363
2547.200	0.043	3.363
2547.400	0.044	3.363
2547.600	0.042	3.363
2547.800	0.041	3.363
2548.000	0.041	3.363
2548.200	0.041	3.363
2548.400	0.042	3.363
2548.600	0.043	3.363
2548.800	0.042	3.363
2549.000	0.041	3.363
2549.200	0.040	3.363
2549.400	0.041	3.363
2549.600	0.042	3.363
2549.800	0.041	3.363
2550.000	0.041	3.363
2550.200	0.042	3.363
2550.400	0.042	3.363
2550.600	0.043	3.363
2550.800	0.042	3.363
2551.000	0.041	3.363
2551.200	0.041	3.363
2551.400	0.041	3.363
2551.600	0.042	3.363
2551.800	0.042	3.363
2552.000	0.041	3.363
2552.200	0.041	3.363
2552.400	0.042	3.363
2552.600	0.041	3.363
2552.800	0.042	3.363
2553.000	0.042	3.363
2553.200	0.041	3.363
2553.400	0.041	3.363
2553.600	0.043	3.363
2553.800	0.039	3.363
2554.000	0.038	3.363
2554.200	0.043	3.363
2554.400	0.039	3.363
2554.600	0.040	3.363
2554.800	0.040	3.363
2555.000	0.040	3.363
2555.200	0.039	3.363
2555.400	0.039	3.363
2555.600	0.040	3.363
2555.800	0.041	3.363
2556.000	0.041	3.363
2556.200	0.043	3.363
2556.400	0.043	3.363
2556.600	0.042	3.363
2556.800	0.041	3.363
2557.000	0.042	3.363
2557.200	0.041	3.363
2557.400	0.042	3.363
2557.600	0.041	3.363
2557.800	0.040	3.363
2558.000	0.041	3.363
2558.200	0.042	3.363
2558.400	0.042	3.363
2558.600	0.040	3.363
2558.800	0.042	3.363
2559.000	0.044	3.363
2559.200	0.043	3.363
2559.400	0.040	3.363
2559.600	0.040	3.363
2559.800	0.041	3.363
2560.000	0.040	3.363
2560.200	0.042	3.363
2560.400	0.039	3.363
2560.600	0.040	3.363
2560.800	0.041	3.363
2561.000	0.040	3.363
2561.200	0.040	3.363
2561.400	0.040	3.363
2561.600	0.041	3.363
2561.800	0.041	3.363
2562.000	0.040	3.363
2562.200	0.040	3.363
2562.400	0.042	3.363
2562.600	0.041	3.363
2562.800	0.040	3.363
2563.000	0.041	3.363
2563.200	0.039	3.363
2563.400	0.041	3.363
2563.600	0.040	3.363
2563.800	0.040	3.363
2564.000	0.039	3.363
2564.200	0.039	3.363
2564.400	0.040	3.363
2564.600	0.040	3.363
2564.800	0.040	3.363
2565.000	0.040	3.363
2565.200	0.040	3.363
2565.400	0.041	3.363
2565.600	0.040	3.363
2565.800	0.040	3.363
2566.000	0.041	3.363
2566.200	0.040	3.363
2566.400	0.038	3.363
2566.600	0.039	3.363
2566.800	0.040	3.363
2567.000	0.040	3.363
2567.200	0.041	3.363
2567.400	0.039	3.363
2567.600	0.040	3.363
2567.800	0.040	3.363
2568.000	0.040	3.363
2568.200	0.041	3.363
2568.400	0.042	3.363
2568.600	0.041	3.363
2568.800	0.042	3.363
2569.000	0.041	3.363
2569.200	0.040	3.363
2569.400	0.041	3.363
2569.600	0.043	3.363
2569.800	0.040	3.363
2570.000	0.040	3.363
2570.200	0.039	3.363
2570.400	0.040	3.363
2570.600	0.039	3.363
2570.800	0.040	3.363
2571.000	0.039	3.363
2571.200	0.041	3.363
2571.400	0.042	3.363
2571.600	0.040	3.363
2571.800	0.041	3.363
2572.000	0.041	3.363
2572.200	0.040	3.363
2572.400	0.040	3.363
2572.600	0.040	3.363
2572.800	0.041	3.363
2573.000	0.041	3.363
2573.200	0.041	3.363
2573.400	0.039	3.363
2573.600	0.040	3.363
2573.800	0.040	3.363
2574.000	0.040	3.363
2574.200	0.039	3.363
2574.400	0.040	3.363
2574.600	0.041	3.363
2574.800	0.040	3.363
2575.000	0.041	3.363
2575.200	0.040	3.363
2575.400	0.039	3.363
2575.600	0.040	3.363
2575.800	0.040	3.363
2576.000	0.042	3.363
2576.200	0.042	3.363
2576.400	0.042	3.363
2576.600	0.042	3.363
2576.800	0.041	3.363
2577.000	0.040	3.363
2577.200	0.040	3.363
2577.400	0.041	3.363
2577.600	0.041	3.363
2577.800	0.040	3.363
2578.000	0.042	3.363
2578.200	0.040	3.363
2578.400	0.042	3.363
2578.600	0.041	3.363
2578.800	0.041	3.363
2579.000	0.042	3.363
2579.200	0.042	3.363
2579.400	0.040	3.363
2579.600	0.043	3.363
2579.800	0.041	3.363
2580.000	0.042	3.363
2580.200	0.041	3.363
2580.400	0.041	3.363
2580.600	0.040	3.363
2580.800	0.041	3.363
2581.000	0.040	3.363
2581.200	0.041	3.363
2581.400	0.040	3.363
2581.600	0.040	3.363
2581.800	0.040	3.363
2582.000	0.041	3.363
2582.200	0.042	3.363
2582.400	0.041	3.363
2582.600	0.041	3.363
2582.800	0.041	3.363
2583.000	0.042	3.363
2583.200	0.043	3.363
2583.400	0.041	3.363
2583.600	0.040	3.363
2583.800	0.039	3.363
2584.000	0.040	3.363
2584.200	0.040	3.363
2584.400	0.040	3.363
2584.600	0.042	3.363
2584.800	0.041	3.363
2585.000	0.040	3.363
2585.200	0.041	3.363
2585.400	0.043	3.363
2585.600	0.041	3.363
2585.800	0.041	3.363
2586.000	0.042	3.363
2586.200	0.039	3.363
2586.400	0.040	3.363
2586.600	0.040	3.363
2586.800	0.041	3.363
2587.000	0.040	3.363
2587.200	0.040	3.363
2587.400	0.040	3.363
2587.600	0.040	3.363
2587.800	0.040	3.363
2588.000	0.040	3.363
2588.200	0.041	3.363
2588.400	0.040	3.363
2588.600	0.041	3.363
2588.800	0.041	3.363
2589.000	0.041	3.363
2589.200	0.040	3.363
2589.400	0.039	3.363
2589.600	0.042	3.363
2589.800	0.040	3.363
2590.000	0.041	3.363
2590.200	0.042	3.363
2590.400	0.040	3.363
2590.600	0.042	3.363
2590.800	0.042	3.363
2591.000	0.041	3.363
2591.200	0.042	3.363
2591.400	0.041	3.363
2591.600	0.041	3.363
2591.800	0.040	3.363
2592.000	0.041	3.363
2592.200	0.042	3.363
2592.400	0.043	3.363
2592.600	0.041	3.363
2592.800	0.042	3.363
2593.000	0.042	3.363
2593.200	0.041	3.363
2593.400	0.040	3.363
2593.600	0.041	3.363
2593.800	0.041	3.363
2594.000	0.040	3.363
2594.200	0.042	3.363
2594.400	0.041	3.363
2594.600	0.042	3.363
2594.800	0.041	3.363
2595.000	0.042	3.363
2595.200	0.041	3.363
2595.400	0.043	3.363
2595.600	0.040	3.363
2595.800	0.041	3.363
2596.000	0.042	3.363
2596.200	0.041	3.363
2596.400	0.041	3.363
2596.600	0.041	3.363
2596.800	0.043	3.363
2597.000	0.040	3.363
2597.200	0.041	3.363
2597.400	0.042	3.363
2597.600	0.042	3.363
2597.800	0.042	3.363
2598.000	0.043	3.363
2598.200	0.042	3.363
2598.400	0.042	3.363
2598.600	0.043	3.363
2598.800	0.042	3.363
2599.000	0.040	3.363
2599.200	0.040	3.363
2599.400	0.039	3.363
2599.600	0.043	3.363
2599.800	0.041	3.363
2600.000	0.041	3.363
2600.200	0.041	3.363
2600.400	0.040	3.363
2600.600	0.040	3.363
2600.800	0.041	3.363
2601.000	0.041	3.363
2601.200	0.042	3.363
2601.400	0.041	3.363
2601.600	0.042	3.363
2601.800	0.043	3.363
2602.000	0.042	3.363
2602.200	0.040	3.363
2602.400	0.043	3.363
2602.600	0.041	3.363
2602.800	0.042	3.363
2603.000	0.041	3.363
2603.200	0.042	3.363
2603.400	0.041	3.363
2603.600	0.041	3.363
2603.800	0.041	3.363
2604.000	0.042	3.363
2604.200	0.043	3.363
2604.400	0.041	3.363
2604.600	0.040	3.363
2604.800	0.040	3.363
2605.000	0.041	3.363
2605.200	0.040	3.363
2605.400	0.040	3.363
2605.600	0.042	3.363
2605.800	0.040	3.363
2606.000	0.041	3.363
2606.200	0.041	3.363
2606.400	0.041	3.363
2606.600	0.041	3.363
2606.800	0.041	3.363
2607.000	0.040	3.363
2607.200	0.042	3.363
2607.400	0.043	3.363
2607.600	0.043	3.363
2607.800	0.041	3.363
2608.000	0.040	3.363
2608.200	0.042	3.363
2608.400	0.041	3.363
2608.600	0.041	3.363
2608.800	0.041	3.363
2609.000	0.040	3.363
2609.200	0.040	3.363
2609.400	0.041	3.363
2609.600	0.042	3.363
2609.800	0.041	3.363
2610.000	0.042	3.363
2610.200	0.041	3.363
2610.400	0.042	3.363
2610.600	0.040	3.363
2610.800	0.041	3.363
2611.000	0.039	3.363
2611.200	0.039	3.363
2611.400	0.041	3.363
2611.600	0.041	3.363
2611.800	0.043	3.363
2612.000	0.042	3.363
2612.200	0.040	3.363
2612.400	0.040	3.363
2612.600	0.040	3.363
2612.800	0.041	3.363
2613.000	0.041	3.363
2613.200	0.042	3.363
2613.400	0.042	3.363
2613.600	0.041	3.363
2613.800	0.039	3.363
2614.000	0.039	3.363
2614.200	0.040	3.363
2614.400	0.041	3.363
2614.600	0.041	3.363
2614.800	0.041	3.363
2615.000	0.042	3.363
2615.200	0.042	3.363
2615.400	0.041	3.363
2615.600	0.041	3.363
2615.800	0.042	3.363
2616.000	0.042	3.363
2616.200	0.041	3.363
2616.400	0.042	3.363
2616.600	0.042	3.363
2616.800	0.041	3.363
2617.000	0.041	3.363
2617.200	0.041	3.363
2617.400	0.041	3.363
2617.600	0.042	3.363
2617.800	0.041	3.363
2618.000	0.041	3.363
2618.200	0.042	3.363
2618.400	0.043	3.363
2618.600	0.043	3.363
2618.800	0.042	3.363
2619.000	0.041	3.363
2619.200	0.041	3.363
2619.400	0.041	3.363
2619.600	0.042	3.363
2619.800	0.042	3.363
2620.000	0.042	3.363
2620.200	0.043	3.363
2620.400	0.042	3.363
2620.600	0.039	3.363
2620.800	0.043	3.363
2621.000	0.043	3.363
2621.200	0.043	3.363
2621.400	0.043	3.363
2621.600	0.040	3.363
2621.800	0.042	3.363
2622.000	0.041	3.363
2622.200	0.041	3.363
2622.400	0.040	3.363
2622.600	0.041	3.363
2622.800	0.041	3.363
2623.000	0.040	3.363
2623.200	0.042	3.363
2623.400	0.041	3.363
2623.600	0.040	3.363
2623.800	0.040	3.363
2624.000	0.040	3.363
2624.200	0.040	3.363
2624.400	0.042	3.363
2624.600	0.041	3.363
2624.800	0.042	3.363
2625.000	0.041	3.363
2625.200	0.042	3.363
2625.400	0.042	3.363
2625.600	0.041	3.363
2625.800	0.042	3.363
2626.000	0.040	3.363
2626.200	0.043	3.363
2626.400	0.041	3.363
2626.600	0.041	3.363
2626.800	0.040	3.363
2627.000	0.041	3.363
2627.200	0.041	3.363
2627.400	0.042	3.363
2627.600	0.042	3.363
2627.800	0.041	3.363
2628.000	0.040	3.363
2628.200	0.041	3.363
2628.400	0.040	3.363
2628.600	0.040	3.363
2628.800	0.040	3.363
2629.000	0.043	3.363
2629.200	0.042	3.363
2629.400	0.043	3.363
2629.600	0.039	3.363
2629.800	0.040	3.363
2630.000	0.039	3.363
2630.200	0.040	3.363
2630.400	0.040	3.363
2630.600	0.040	3.363
2630.800	0.042	3.363
2631.000	0.041	3.363
2631.200	0.039	3.363
2631.400	0.040	3.363
2631.600	0.042	3.363
2631.800	0.043	3.363
2632.000	0.042	3.363
2632.200	0.040	3.363
2632.400	0.039	3.363
2632.600	0.040	3.363
2632.800	0.040	3.363
2633.000	0.041	3.363
2633.200	0.042	3.363
2633.400	0.039	3.363
2633.600	0.038	3.363
2633.800	0.039	3.363
2634.000	0.040	3.363
2634.200	0.039	3.363
2634.400	0.038	3.363
2634.600	0.040	3.363
2634.800	0.040	3.363
2635.000	0.041	3.363
2635.200	0.043	3.363
2635.400	0.041	3.363
2635.600	0.039	3.363
2635.800	0.040	3.363
2636.000	0.041	3.363
2636.200	0.040	3.363
2636.400	0.041	3.363
2636.600	0.041	3.363
2636.800	0.040	3.363
2637.000	0.041	3.363
2637.200	0.042	3.363
2637.400	0.040	3.363
2637.600	0.040	3.363
2637.800	0.042	3.363
2638.000	0.042	3.363
2638.200	0.041	3.363
2638.400	0.039	3.363
2638.600	0.039	3.363
2638.800	0.042	3.363
2639.000	0.042	3.363
2639.200	0.041	3.363
2639.400	0.040	3.363
2639.600	0.040	3.363
2639.800	0.041	3.363
2640.000	0.040	3.363
2640.200	0.041	3.363
2640.400	0.041	3.363
2640.600	0.041	3.363
2640.800	0.041	3.363
2641.000	0.039	3.363
2641.200	0.039	3.363
2641.400	0.040	3.363
2641.600	0.038	3.363
2641.800	0.042	3.363
2642.000	0.040	3.363
2642.200	0.039	3.363
2642.400	0.039	3.363
2642.600	0.042	3.363
2642.800	0.040	3.363
2643.000	0.040	3.363
2643.200	0.037	3.363
2643.400	0.039	3.363
2643.600	0.039	3.363
2643.800	0.040	3.363
2644.000	0.040	3.363
2644.200	0.041	3.363
2644.400	0.038	3.363
2644.600	0.038	3.363
2644.800	0.037	3.363
2645.000	0.039	3.363
2645.200	0.038	3.363
2645.400	0.038	3.363
2645.600	0.039	3.363
2645.800	0.039	3.363
2646.000	0.040	3.363
2646.200	0.039	3.363
2646.400	0.040	3.363
2646.600	0.039	3.363
2646.800	0.039	3.363
2647.000	0.040	3.363
2647.200	0.041	3.363
2647.400	0.039	3.363
2647.600	0.040	3.363
2647.800	0.040	3.363
2648.000	0.039	3.363
2648.200	0.037	3.363
2648.400	0.038	3.363
2648.600	0.039	3.363
2648.800	0.041	3.363
2649.000	0.038	3.363
2649.200	0.037	3.363
2649.400	0.040	3.363
2649.600	0.040	3.363
2649.800	0.039	3.363
2650.000	0.040	3.363
2650.200	0.039	3.363
2650.400	0.041	3.363
2650.600	0.040	3.363
2650.800	0.039	3.363
2651.000	0.041	3.363
2651.200	0.040	3.363
2651.400	0.039	3.363
2651.600	0.040	3.363
2651.800	0.040	3.363
2652.000	0.041	3.363
2652.200	0.041	3.363
2652.400	0.039	3.363
2652.600	0.041	3.363
2652.800	0.038	3.363
2653.000	0.041	3.363
2653.200	0.039	3.363
2653.400	0.041	3.363
2653.600	0.039	3.363
2653.800	0.039	3.363
2654.000	0.040	3.363
2654.200	0.038	3.363
2654.400	0.039	3.363
2654.600	0.039	3.363
2654.800	0.040	3.363
2655.000	0.040	3.363
2655.200	0.039	3.363
2655.400	0.038	3.363
2655.600	0.039	3.363
2655.800	0.041	3.363
2656.000	0.038	3.363
2656.200	0.040	3.363
2656.400	0.039	3.363
2656.600	0.038	3.363
2656.800	0.042	3.363
2657.000	0.039	3.363
2657.200	0.037	3.363
2657.400	0.037	3.363
2657.600	0.039	3.363
2657.800	0.039	3.363
2658.000	0.039	3.363
2658.200	0.040	3.363
2658.400	0.039	3.363
2658.600	0.039	3.363
2658.800	0.040	3.363
2659.000	0.038	3.363
2659.200	0.041	3.363
2659.400	0.039	3.363
2659.600	0.037	3.363
2659.800	0.039	3.363
2660.000	0.041	3.363
2660.200	0.035	3.363
2660.400	0.039	3.363
2660.600	0.038	3.363
2660.800	0.038	3.363
2661.000	0.039	3.363
2661.200	0.039	3.363
2661.400	0.039	3.363
2661.600	0.040	3.363
2661.800	0.043	3.363
2662.000	0.039	3.363
2662.200	0.039	3.363
2662.400	0.040	3.363
2662.600	0.038	3.363
2662.800	0.039	3.363
2663.000	0.042	3.363
2663.200	0.040	3.363
2663.400	0.041	3.363
2663.600	0.040	3.363
2663.800	0.039	3.363
2664.000	0.040	3.363
2664.200	0.039	3.363
2664.400	0.037	3.363
2664.600	0.042	3.363
2664.800	0.041	3.363
2665.000	0.040	3.363
2665.200	0.037	3.363
2665.400	0.038	3.363
2665.600	0.038	3.363
2665.800	0.040	3.363
2666.000	0.040	3.363
2666.200	0.038	3.363
2666.400	0.039	3.363
2666.600	0.038	3.363
2666.800	0.039	3.363
2667.000	0.041	3.363
2667.200	0.041	3.363
2667.400	0.040	3.363
2667.600	0.041	3.363
2667.800	0.041	3.363
2668.000	0.040	3.363
2668.200	0.039	3.363
2668.400	0.040	3.363
2668.600	0.040	3.363
2668.800	0.040	3.363
2669.000	0.039	3.363
2669.200	0.040	3.363
2669.400	0.040	3.363
2669.600	0.038	3.363
2669.800	0.038	3.363
2670.000	0.039	3.363
2670.200	0.041	3.363
2670.400	0.040	3.363
2670.600	0.040	3.363
2670.800	0.042	3.363
2671.000	0.041	3.363
2671.200	0.041	3.363
2671.400	0.041	3.363
2671.600	0.040	3.363
2671.800	0.039	3.363
2672.000	0.041	3.363
2672.200	0.040	3.363
2672.400	0.040	3.363
2672.600	0.039	3.363
2672.800	0.039	3.363
2673.000	0.039	3.363
2673.200	0.042	3.363
2673.400	0.038	3.363
2673.600	0.039	3.363
2673.800	0.038	3.363
2674.000	0.039	3.363
2674.200	0.041	3.363
2674.400	0.041	3.363
2674.600	0.039	3.363
2674.800	0.039	3.363
2675.000	0.039	3.363
2675.200	0.039	3.363
2675.400	0.038	3.363
2675.600	0.039	3.363
2675.800	0.039	3.363
2676.000	0.041	3.363
2676.200	0.040	3.363
2676.400	0.038	3.363
2676.600	0.038	3.363
2676.800	0.037	3.363
2677.000	0.038	3.363
2677.200	0.038	3.363
2677.400	0.038	3.363
2677.600	0.036	3.363
2677.800	0.037	3.363
2678.000	0.039	3.363
2678.200	0.039	3.363
2678.400	0.039	3.363
2678.600	0.039	3.363
2678.800	0.038	3.363
2679.000	0.039	3.363
2679.200	0.037	3.363
2679.400	0.038	3.363
2679.600	0.038	3.363
2679.800	0.037	3.363
2680.000	0.038	3.363
2680.200	0.037	3.363
2680.400	0.035	3.363
2680.600	0.037	3.363
2680.800	0.037	3.363
2681.000	0.037	3.363
2681.200	0.037	3.363
2681.400	0.037	3.363
2681.600	0.037	3.363
2681.800	0.037	3.363
2682.000	0.038	3.363
2682.200	0.037	3.363
2682.400	0.036	3.363
2682.600	0.038	3.363
2682.800	0.036	3.363
2683.000	0.036	3.363
2683.200	0.038	3.363
2683.400	0.038	3.363
2683.600	0.039	3.363
2683.800	0.039	3.363
2684.000	0.038	3.363
2684.200	0.036	3.363
2684.400	0.038	3.363
2684.600	0.038	3.363
2684.800	0.038	3.363
2685.000	0.038	3.363
2685.200	0.036	3.363
2685.400	0.036	3.363
2685.600	0.038	3.363
2685.800	0.038	3.363
2686.000	0.038	3.363
2686.200	0.036	3.363
2686.400	0.038	3.363
2686.600	0.038	3.363
2686.800	0.039	3.363
2687.000	0.038	3.363
2687.200	0.039	3.363
2687.400	0.039	3.363
2687.600	0.040	3.363
2687.800	0.037	3.363
2688.000	0.036	3.363
2688.200	0.036	3.363
2688.400	0.037	3.363
2688.600	0.038	3.363
2688.800	0.035	3.363
2689.000	0.039	3.363
2689.200	0.039	3.363
2689.400	0.039	3.363
2689.600	0.038	3.363
2689.800	0.038	3.363
2690.000	0.039	3.363
2690.200	0.039	3.363
2690.400	0.036	3.363
2690.600	0.038	3.363
2690.800	0.038	3.363
2691.000	0.038	3.363
2691.200	0.038	3.363
2691.400	0.036	3.363
2691.600	0.036	3.363
2691.800	0.036	3.363
2692.000	0.039	3.363
2692.200	0.039	3.363
2692.400	0.036	3.363
2692.600	0.036	3.363
2692.800	0.038	3.363
2693.000	0.038	3.363
2693.200	0.040	3.363
2693.400	0.039	3.363
2693.600	0.037	3.363
2693.800	0.038	3.363
2694.000	0.038	3.363
2694.200	0.039	3.363
2694.400	0.038	3.363
2694.600	0.037	3.363
2694.800	0.039	3.363
2695.000	0.039	3.363
2695.200	0.039	3.363
2695.400	0.040	3.363
2695.600	0.039	3.363
2695.800	0.038	3.363
2696.000	0.038	3.363
2696.200	0.040	3.363
2696.400	0.039	3.363
2696.600	0.041	3.363
2696.800	0.040	3.363
2697.000	0.038	3.363
2697.200	0.039	3.363
2697.400	0.039	3.363
2697.600	0.039	3.363
2697.800	0.041	3.363
2698.000	0.039	3.363
2698.200	0.039	3.363
2698.400	0.039	3.363
2698.600	0.040	3.363
2698.800	0.042	3.363
2699.000	0.041	3.363
2699.200	0.041	3.363
2699.400	0.040	3.363
2699.600	0.041	3.363
2699.800	0.038	3.363
2700.000	0.037	3.363
2700.200	0.038	3.363
2700.400	0.039	3.363
2700.600	0.039	3.363
2700.800	0.039	3.363
2701.000	0.039	3.363
2701.200	0.039	3.363
2701.400	0.039	3.363
2701.600	0.037	3.363
2701.800	0.041	3.363
2702.000	0.038	3.363
2702.200	0.038	3.363
2702.400	0.037	3.363
2702.600	0.038	3.363
2702.800	0.036	3.363
2703.000	0.039	3.363
2703.200	0.037	3.363
2703.400	0.038	3.363
2703.600	0.038	3.363
2703.800	0.036	3.363
2704.000	0.038	3.363
2704.200	0.038	3.363
2704.400	0.038	3.363
2704.600	0.039	3.363
2704.800	0.039	3.363
2705.000	0.039	3.363
2705.200	0.036	3.363
2705.400	0.038	3.363
2705.600	0.040	3.363
2705.800	0.037	3.363
2706.000	0.039	3.363
2706.200	0.040	3.363
2706.400	0.040	3.363
2706.600	0.036	3.363
2706.800	0.037	3.363
2707.000	0.038	3.363
2707.200	0.036	3.363
2707.400	0.039	3.363
2707.600	0.038	3.363
2707.800	0.036	3.363
2708.000	0.035	3.363
2708.200	0.036	3.363
2708.400	0.038	3.363
2708.600	0.039	3.363
2708.800	0.038	3.363
2709.000	0.039	3.363
2709.200	0.037	3.363
2709.400	0.036	3.363
2709.600	0.036	3.363
2709.800	0.036	3.363
2710.000	0.037	3.363
2710.200	0.038	3.363
2710.400	0.035	3.363
2710.600	0.037	3.363
2710.800	0.037	3.363
2711.000	0.039	3.363
2711.200	0.036	3.363
2711.400	0.037	3.363
2711.600	0.035	3.363
2711.800	0.037	3.363
2712.000	0.036	3.363
2712.200	0.038	3.363
2712.400	0.036	3.363
2712.600	0.035	3.363
2712.800	0.037	3.363
2713.000	0.038	3.363
2713.200	0.038	3.363
2713.400	0.038	3.363
2713.600	0.038	3.363
2713.800	0.038	3.363
2714.000	0.039	3.363
2714.200	0.038	3.363
2714.400	0.039	3.363
2714.600	0.036	3.363
2714.800	0.039	3.363
2715.000	0.037	3.363
2715.200	0.036	3.363
2715.400	0.040	3.363
2715.600	0.038	3.363
2715.800	0.038	3.363
2716.000	0.036	3.363
2716.200	0.036	3.363
2716.400	0.037	3.363
2716.600	0.037	3.363
2716.800	0.037	3.363
2717.000	0.038	3.363
2717.200	0.037	3.363
2717.400	0.036	3.363
2717.600	0.037	3.363
2717.800	0.035	3.363
2718.000	0.036	3.363
2718.200	0.037	3.363
2718.400	0.036	3.363
2718.600	0.036	3.363
2718.800	0.039	3.363
2719.000	0.038	3.363
2719.200	0.039	3.363
2719.400	0.037	3.363
2719.600	0.036	3.363
2719.800	0.037	3.363
2720.000	0.036	3.363
2720.200	0.035	3.363
2720.400	0.037	3.363
2720.600	0.036	3.363
2720.800	0.036	3.363
2721.000	0.037	3.363
2721.200	0.035	3.363
2721.400	0.036	3.363
2721.600	0.038	3.363
2721.800	0.035	3.363
2722.000	0.036	3.363
2722.200	0.037	3.363
2722.400	0.035	3.363
2722.600	0.037	3.363
2722.800	0.039	3.363
2723.000	0.038	3.363
2723.200	0.037	3.363
2723.400	0.038	3.363
2723.600	0.038	3.363
2723.800	0.041	3.363
2724.000	0.037	3.363
2724.200	0.038	3.363
2724.400	0.037	3.363
2724.600	0.039	3.363
2724.800	0.037	3.363
2725.000	0.039	3.363
2725.200	0.037	3.363
2725.400	0.038	3.363
2725.600	0.038	3.363
2725.800	0.039	3.363
2726.000	0.037	3.363
2726.200	0.039	3.363
2726.400	0.039	3.363
2726.600	0.037	3.363
2726.800	0.037	3.363
2727.000	0.038	3.363
2727.200	0.037	3.363
2727.400	0.037	3.363
2727.600	0.037	3.363
2727.800	0.037	3.363
2728.000	0.036	3.363
2728.200	0.035	3.363
2728.400	0.037	3.363
2728.600	0.037	3.363
2728.800	0.037	3.363
2729.000	0.035	3.363
2729.200	0.037	3.363
2729.400	0.037	3.363
2729.600	0.037	3.363
2729.800	0.037	3.363
2730.000	0.036	3.363
2730.200	0.039	3.363
2730.400	0.038	3.363
2730.600	0.038	3.363
2730.800	0.036	3.363
2731.000	0.037	3.363
2731.200	0.038	3.363
2731.400	0.037	3.363
2731.600	0.037	3.363
2731.800	0.039	3.363
2732.000	0.038	3.363
2732.200	0.036	3.363
2732.400	0.040	3.363
2732.600	0.040	3.363
2732.800	0.039	3.363
2733.000	0.038	3.363
2733.200	0.037	3.363
2733.400	0.038	3.363
2733.600	0.039	3.363
2733.800	0.038	3.363
2734.000	0.038	3.363
2734.200	0.037	3.363
2734.400	0.039	3.363
2734.600	0.039	3.363
2734.800	0.039	3.363
2735.000	0.039	3.363
2735.200	0.038	3.363
2735.400	0.040	3.363
2735.600	0.039	3.363
2735.800	0.037	3.363
2736.000	0.038	3.363
2736.200	0.038	3.363
2736.400	0.040	3.363
2736.600	0.041	3.363
2736.800	0.038	3.363
2737.000	0.038	3.363
2737.200	0.040	3.363
2737.400	0.040	3.363
2737.600	0.039	3.363
2737.800	0.040	3.363
2738.000	0.040	3.363
2738.200	0.040	3.363
2738.400	0.040	3.363
2738.600	0.039	3.363
2738.800	0.041	3.363
2739.000	0.040	3.363
2739.200	0.040	3.363
2739.400	0.040	3.363
2739.600	0.040	3.363
2739.800	0.039	3.363
2740.000	0.042	3.363
2740.200	0.040	3.363
2740.400	0.041	3.363
2740.600	0.040	3.363
2740.800	0.041	3.363
2741.000	0.040	3.363
2741.200	0.041	3.363
2741.400	0.039	3.363
2741.600	0.041	3.363
2741.800	0.040	3.363
2742.000	0.039	3.363
2742.200	0.039	3.363
2742.400	0.038	3.363
2742.600	0.039	3.363
2742.800	0.038	3.363
2743.000	0.038	3.363
2743.200	0.039	3.363
2743.400	0.039	3.363
2743.600	0.038	3.363
2743.800	0.040	3.363
2744.000	0.040	3.363
2744.200	0.040	3.363
2744.400	0.040	3.363
2744.600	0.040	3.363
2744.800	0.039	3.363
2745.000	0.041	3.363
2745.200	0.039	3.363
2745.400	0.040	3.363
2745.600	0.041	3.363
2745.800	0.039	3.363
2746.000	0.040	3.363
2746.200	0.040	3.363
2746.400	0.040	3.363
2746.600	0.040	3.363
2746.800	0.040	3.363
2747.000	0.038	3.363
2747.200	0.041	3.363
2747.400	0.038	3.363
2747.600	0.037	3.363
2747.800	0.040	3.363
2748.000	0.040	3.363
2748.200	0.037	3.363
2748.400	0.036	3.362
2748.600	0.039	3.363
2748.800	0.039	3.363
2749.000	0.038	3.363
2749.200	0.039	3.363
2749.400	0.041	3.363
2749.600	0.042	3.363
2749.800	0.039	3.363
2750.000	0.040	3.363
2750.200	0.038	3.363
2750.400	0.039	3.363
2750.600	0.040	3.363
2750.800	0.039	3.363
2751.000	0.038	3.363
2751.200	0.039	3.363
2751.400	0.039	3.363
2751.600	0.038	3.363
2751.800	0.037	3.363
2752.000	0.039	3.363
2752.200	0.042	3.363
2752.400	0.040	3.363
2752.600	0.038	3.363
2752.800	0.040	3.363
2753.000	0.039	3.363
2753.200	0.037	3.363
2753.400	0.038	3.363
2753.600	0.038	3.363
2753.800	0.036	3.363
2754.000	0.035	3.362
2754.200	0.038	3.362
2754.400	0.037	3.362
2754.600	0.038	3.362
2754.800	0.037	3.362
2755.000	0.038	3.363
2755.200	0.037	3.362
2755.400	0.037	3.362
2755.600	0.040	3.363
2755.800	0.039	3.363
2756.000	0.038	3.363
2756.200	0.039	3.363
2756.400	0.040	3.363
2756.600	0.041	3.363
2756.800	0.040	3.363
2757.000	0.040	3.363
2757.200	0.040	3.362
2757.400	0.038	3.363
2757.600	0.040	3.363
2757.800	0.041	3.363
2758.000	0.039	3.362
2758.200	0.038	3.362
2758.400	0.040	3.363
2758.600	0.039	3.362
2758.800	0.041	3.362
2759.000	0.040	3.363
2759.200	0.039	3.363
2759.400	0.041	3.363
2759.600	0.040	3.363
2759.800	0.038	3.363
2760.000	0.039	3.363
2760.200	0.040	3.363
2760.400	0.040	3.363
2760.600	0.040	3.363
2760.800	0.040	3.363
2761.000	0.040	3.363
2761.200	0.039	3.363
2761.400	0.040	3.363
2761.600	0.039	3.363
2761.800	0.039	3.363
2762.000	0.038	3.363
2762.200	0.039	3.363
2762.400	0.039	3.363
2762.600	0.038	3.362
2762.800	0.037	3.362
2763.000	0.038	3.362
2763.200	0.039	3.363
2763.400	0.038	3.363
2763.600	0.037	3.362
2763.800	0.037	3.363
2764.000	0.037	3.363
2764.200	0.039	3.363
2764.400	0.037	3.362
2764.600	0.038	3.362
2764.800	0.037	3.363
2765.000	0.040	3.363
2765.200	0.040	3.363
2765.400	0.039	3.362
2765.600	0.037	3.362
2765.800	0.039	3.363
2766.000	0.038	3.362
2766.200	0.038	3.362
2766.400	0.039	3.363
2766.600	0.039	3.363
2766.800	0.038	3.363
2767.000	0.037	3.363
2767.200	0.038	3.363
2767.400	0.038	3.363
2767.600	0.038	3.363
2767.800	0.038	3.363
2768.000	0.040	3.363
2768.200	0.037	3.363
2768.400	0.040	3.363
2768.600	0.037	3.363
2768.800	0.038	3.363
2769.000	0.037	3.362
2769.200	0.038	3.362
2769.400	0.040	3.363
2769.600	0.040	3.363
2769.800	0.039	3.363
2770.000	0.037	3.362
2770.200	0.039	3.362
2770.400	0.037	3.362
2770.600	0.037	3.363
2770.800	0.039	3.363
2771.000	0.039	3.363
2771.200	0.039	3.363
2771.400	0.039	3.363
2771.600	0.037	3.363
2771.800	0.038	3.362
2772.000	0.038	3.362
2772.200	0.038	3.362
2772.400	0.038	3.362
2772.600	0.039	3.362
2772.800	0.039	3.362
2773.000	0.038	3.362
2773.200	0.038	3.362
2773.400	0.039	3.363
2773.600	0.038	3.363
2773.800	0.038	3.362
2774.000	0.039	3.362
2774.200	0.040	3.363
2774.400	0.039	3.363
2774.600	0.039	3.363
2774.800	0.039	3.362
2775.000	0.038	3.362
2775.200	0.038	3.362
2775.400	0.039	3.362
2775.600	0.042	3.363
2775.800	0.039	3.363
2776.000	0.038	3.362
2776.200	0.039	3.362
2776.400	0.041	3.362
2776.600	0.038	3.362
2776.800	0.039	3.362
2777.000	0.040	3.363
2777.200	0.039	3.363
2777.400	0.040	3.363
2777.600	0.039	3.363
2777.800	0.039	3.362
2778.000	0.039	3.362
2778.200	0.042	3.362
2778.400	0.040	3.362
2778.600	0.040	3.362
2778.800	0.039	3.362
2779.000	0.041	3.362
2779.200	0.041	3.363
2779.400	0.041	3.362
2779.600	0.041	3.363
2779.800	0.039	3.363
2780.000	0.039	3.362
2780.200	0.039	3.363
2780.400	0.040	3.363
2780.600	0.039	3.362
2780.800	0.037	3.362
2781.000	0.038	3.362
2781.200	0.037	3.362
2781.400	0.039	3.362
2781.600	0.038	3.362
2781.800	0.039	3.363
2782.000	0.039	3.363
2782.200	0.040	3.363
2782.400	0.040	3.362
2782.600	0.039	3.362
2782.800	0.039	3.362
2783.000	0.037	3.362
2783.200	0.040	3.362
2783.400	0.039	3.362
2783.600	0.039	3.362
2783.800	0.038	3.362
2784.000	0.039	3.362
2784.200	0.039	3.362
2784.400	0.040	3.362
2784.600	0.038	3.362
2784.800	0.040	3.362
2785.000	0.038	3.362
2785.200	0.037	3.362
2785.400	0.039	3.362
2785.600	0.038	3.362
2785.800	0.038	3.362
2786.000	0.039	3.362
2786.200	0.040	3.362
2786.400	0.039	3.362
2786.600	0.039	3.362
2786.800	0.038	3.362
2787.000	0.038	3.362
2787.200	0.040	3.363
2787.400	0.040	3.363
2787.600	0.039	3.362
2787.800	0.040	3.362
2788.000	0.038	3.362
2788.200	0.040	3.362
2788.400	0.039	3.362
2788.600	0.040	3.362
2788.800	0.039	3.362
2789.000	0.037	3.362
2789.200	0.039	3.362
2789.400	0.040	3.362
2789.600	0.039	3.362
2789.800	0.042	3.362
2790.000	0.041	3.362
2790.200	0.040	3.362
2790.400	0.040	3.362
2790.600	0.040	3.362
2790.800	0.041	3.362
2791.000	0.039	3.362
2791.200	0.039	3.362
2791.400	0.040	3.362
2791.600	0.040	3.362
2791.800	0.040	3.362
2792.000	0.039	3.362
2792.200	0.040	3.362
2792.400	0.039	3.362
2792.600	0.039	3.362
2792.800	0.039	3.362
2793.000	0.039	3.363
2793.200	0.039	3.362
2793.400	0.038	3.362
2793.600	0.038	3.362
2793.800	0.039	3.362
2794.000	0.040	3.362
2794.200	0.039	3.362
2794.400	0.040	3.362
2794.600	0.038	3.362
2794.800	0.039	3.362
2795.000	0.038	3.362
2795.200	0.038	3.362
2795.400	0.037	3.362
2795.600	0.038	3.362
2795.800	0.038	3.362
2796.000	0.036	3.362
2796.200	0.038	3.362
2796.400	0.037	3.362
2796.600	0.038	3.362
2796.800	0.036	3.362
2797.000	0.039	3.362
2797.200	0.038	3.362
2797.400	0.040	3.362
2797.600	0.039	3.362
2797.800	0.038	3.362
2798.000	0.037	3.362
2798.200	0.038	3.362
2798.400	0.036	3.362
2798.600	0.038	3.362
2798.800	0.039	3.362
2799.000	0.038	3.362
2799.200	0.038	3.362
2799.400	0.037	3.362
2799.600	0.039	3.362
2799.800	0.038	3.362
2800.000	0.039	3.362
2800.200	0.039	3.362
2800.400	0.040	3.362
2800.600	0.038	3.362
2800.800	0.038	3.362
2801.000	0.037	3.362
2801.200	0.038	3.362
2801.400	0.037	3.362
2801.600	0.038	3.362
2801.800	0.038	3.362
2802.000	0.037	3.362
2802.200	0.038	3.362
2802.400	0.036	3.362
2802.600	0.040	3.362
2802.800	0.038	3.362
2803.000	0.038	3.362
2803.200	0.037	3.362
2803.400	0.036	3.362
2803.600	0.037	3.362
2803.800	0.038	3.362
2804.000	0.039	3.362
2804.200	0.039	3.362
2804.400	0.038	3.362
2804.600	0.038	3.362
2804.800	0.040	3.362
2805.000	0.038	3.362
2805.200	0.039	3.362
2805.400	0.037	3.362
2805.600	0.040	3.362
2805.800	0.039	3.362
2806.000	0.039	3.362
2806.200	0.039	3.362
2806.400	0.039	3.362
2806.600	0.039	3.362
2806.800	0.037	3.362
2807.000	0.038	3.362
2807.200	0.039	3.362
2807.400	0.037	3.362
2807.600	0.038	3.362
2807.800	0.039	3.362
2808.000	0.039	3.362
2808.200	0.039	3.362
2808.400	0.039	3.362
2808.600	0.039	3.362
2808.800	0.040	3.362
2809.000	0.040	3.362
2809.200	0.039	3.362
2809.400	0.039	3.362
2809.600	0.039	3.362
2809.800	0.039	3.362
2810.000	0.039	3.362
2810.200	0.039	3.362
2810.400	0.039	3.362
2810.600	0.038	3.362
2810.800	0.039	3.362
2811.000	0.039	3.362
2811.200	0.039	3.362
2811.400	0.039	3.362
2811.600	0.039	3.362
2811.800	0.037	3.362
2812.000	0.038	3.362
2812.200	0.037	3.362
2812.400	0.041	3.362
2812.600	0.040	3.362
2812.800	0.037	3.362
2813.000	0.040	3.362
2813.200	0.039	3.362
2813.400	0.039	3.362
2813.600	0.037	3.362
2813.800	0.038	3.362
2814.000	0.039	3.362
2814.200	0.040	3.362
2814.400	0.040	3.362
2814.600	0.040	3.362
2814.800	0.039	3.362
2815.000	0.040	3.362
2815.200	0.038	3.362
2815.400	0.039	3.362
2815.600	0.039	3.362
2815.800	0.040	3.362
2816.000	0.038	3.362
2816.200	0.039	3.362
2816.400	0.038	3.362
2816.600	0.039	3.362
2816.800	0.039	3.362
2817.000	0.039	3.362
2817.200	0.038	3.362
2817.400	0.038	3.362
2817.600	0.038	3.362
2817.800	0.038	3.362
2818.000	0.039	3.362
2818.200	0.038	3.362
2818.400	0.036	3.362
2818.600	0.038	3.362
2818.800	0.037	3.362
2819.000	0.037	3.362
2819.200	0.038	3.362
2819.400	0.038	3.362
2819.600	0.037	3.362
2819.800	0.039	3.362
2820.000	0.039	3.362
2820.200	0.037	3.362
2820.400	0.040	3.362
2820.600	0.039	3.362
2820.800	0.038	3.362
2821.000	0.038	3.362
2821.200	0.038	3.362
2821.400	0.037	3.362
2821.600	0.038	3.362
2821.800	0.041	3.362
2822.000	0.041	3.362
2822.200	0.037	3.362
2822.400	0.036	3.362
2822.600	0.039	3.362
2822.800	0.038	3.362
2823.000	0.038	3.362
2823.200	0.038	3.362
2823.400	0.037	3.362
2823.600	0.036	3.362
2823.800	0.036	3.362
2824.000	0.037	3.362
2824.200	0.037	3.362
2824.400	0.037	3.362
2824.600	0.037	3.362
2824.800	0.037	3.362
2825.000	0.037	3.362
2825.200	0.037	3.362
2825.400	0.036	3.362
2825.600	0.037	3.362
2825.800	0.037	3.362
2826.000	0.037	3.362
2826.200	0.037	3.362
2826.400	0.037	3.362
2826.600	0.038	3.362
2826.800	0.038	3.362
2827.000	0.039	3.362
2827.200	0.037	3.362
2827.400	0.036	3.362
2827.600	0.036	3.362
2827.800	0.037	3.362
2828.000	0.036	3.362
2828.200	0.037	3.362
2828.400	0.037	3.362
2828.600	0.036	3.362
2828.800	0.036	3.362
2829.000	0.037	3.362
2829.200	0.037	3.362
2829.400	0.038	3.362
2829.600	0.036	3.362
2829.800	0.037	3.362
2830.000	0.037	3.362
2830.200	0.035	3.362
2830.400	0.037	3.362
2830.600	0.035	3.362
2830.800	0.037	3.362
2831.000	0.037	3.362
2831.200	0.039	3.362
2831.400	0.037	3.362
2831.600	0.038	3.362
2831.800	0.036	3.362
2832.000	0.039	3.362
2832.200	0.037	3.362
2832.400	0.038	3.362
2832.600	0.036	3.362
2832.800	0.038	3.362
2833.000	0.037	3.362
2833.200	0.035	3.362
2833.400	0.038	3.362
2833.600	0.037	3.362
2833.800	0.038	3.362
2834.000	0.037	3.362
2834.200	0.037	3.362
2834.400	0.037	3.362
2834.600	0.037	3.362
2834.800	0.040	3.362
2835.000	0.039	3.362
2835.200	0.038	3.362
2835.400	0.038	3.362
2835.600	0.037	3.362
2835.800	0.038	3.362
2836.000	0.040	3.362
2836.200	0.040	3.362
2836.400	0.037	3.362
2836.600	0.037	3.362
2836.800	0.038	3.362
2837.000	0.037	3.362
2837.200	0.037	3.362
2837.400	0.037	3.362
2837.600	0.037	3.362
2837.800	0.041	3.362
2838.000	0.039	3.362
2838.200	0.037	3.362
2838.400	0.037	3.362
2838.600	0.038	3.362
2838.800	0.038	3.362
2839.000	0.040	3.362
2839.200	0.038	3.362
2839.400	0.039	3.362
2839.600	0.036	3.362
2839.800	0.036	3.362
2840.000	0.038	3.362
2840.200	0.037	3.362
2840.400	0.036	3.362
2840.600	0.037	3.362
2840.800	0.038	3.362
2841.000	0.036	3.362
2841.200	0.039	3.362
2841.400	0.038	3.362
2841.600	0.038	3.362
2841.800	0.037	3.362
2842.000	0.038	3.362
2842.200	0.037	3.362
2842.400	0.037	3.362
2842.600	0.037	3.362
2842.800	0.037	3.362
2843.000	0.037	3.362
2843.200	0.038	3.362
2843.400	0.038	3.362
2843.600	0.034	3.362
2843.800	0.038	3.362
2844.000	0.037	3.362
2844.200	0.039	3.362
2844.400	0.038	3.362
2844.600	0.039	3.362
2844.800	0.038	3.362
2845.000	0.038	3.362
2845.200	0.036	3.362
2845.400	0.037	3.362
2845.600	0.036	3.362
2845.800	0.037	3.362
2846.000	0.035	3.362
2846.200	0.035	3.362
2846.400	0.035	3.362
2846.600	0.037	3.362
2846.800	0.037	3.362
2847.000	0.038	3.362
2847.200	0.037	3.362
2847.400	0.038	3.362
2847.600	0.036	3.362
2847.800	0.037	3.362
2848.000	0.037	3.362
2848.200	0.036	3.362
2848.400	0.037	3.362
2848.600	0.038	3.362
2848.800	0.037	3.362
2849.000	0.036	3.362
2849.200	0.036	3.362
2849.400	0.036	3.362
2849.600	0.037	3.362
2849.800	0.037	3.362
2850.000	0.035	3.362
2850.200	0.035	3.362
2850.400	0.035	3.362
2850.600	0.034	3.362
2850.800	0.036	3.362
2851.000	0.037	3.362
2851.200	0.035	3.362
2851.400	0.036	3.362
2851.600	0.036	3.362
2851.800	0.035	3.362
2852.000	0.034	3.362
2852.200	0.037	3.362
2852.400	0.036	3.362
2852.600	0.036	3.362
2852.800	0.036	3.362
2853.000	0.035	3.362
2853.200	0.037	3.362
2853.400	0.036	3.362
2853.600	0.039	3.362
2853.800	0.036	3.362
2854.000	0.039	3.362
2854.200	0.036	3.362
2854.400	0.039	3.362
2854.600	0.040	3.362
2854.800	0.038	3.362
2855.000	0.038	3.362
2855.200	0.038	3.362
2855.400	0.036	3.362
2855.600	0.037	3.362
2855.800	0.035	3.362
2856.000	0.036	3.362
2856.200	0.038	3.362
2856.400	0.037	3.362
2856.600	0.040	3.362
2856.800	0.038	3.362
2857.000	0.040	3.362
2857.200	0.040	3.362
2857.400	0.038	3.362
2857.600	0.039	3.362
2857.800	0.037	3.362
2858.000	0.039	3.362
2858.200	0.039	3.362
2858.400	0.039	3.362
2858.600	0.039	3.362
2858.800	0.038	3.362
2859.000	0.039	3.362
2859.200	0.036	3.362
2859.400	0.036	3.362
2859.600	0.039	3.362
2859.800	0.037	3.362
2860.000	0.035	3.362
2860.200	0.038	3.362
2860.400	0.038	3.362
2860.600	0.038	3.362
2860.800	0.037	3.362
2861.000	0.040	3.362
2861.200	0.037	3.362
2861.400	0.039	3.362
2861.600	0.037	3.362
2861.800	0.036	3.362
2862.000	0.036	3.362
2862.200	0.037	3.362
2862.400	0.036	3.362
2862.600	0.037	3.362
2862.800	0.037	3.362
2863.000	0.038	3.362
2863.200	0.038	3.362
2863.400	0.037	3.362
2863.600	0.037	3.362
2863.800	0.037	3.362
2864.000	0.038	3.362
2864.200	0.036	3.362
2864.400	0.036	3.362
2864.600	0.039	3.362
2864.800	0.037	3.362
2865.000	0.037	3.362
2865.200	0.037	3.362
2865.400	0.037	3.362
2865.600	0.038	3.362
2865.800	0.037	3.362
2866.000	0.036	3.362
2866.200	0.038	3.362
2866.400	0.038	3.362
2866.600	0.038	3.362
2866.800	0.037	3.362
2867.000	0.038	3.362
2867.200	0.037	3.362
2867.400	0.037	3.362
2867.600	0.037	3.362
2867.800	0.038	3.362
2868.000	0.036	3.362
2868.200	0.039	3.362
2868.400	0.039	3.362
2868.600	0.038	3.362
2868.800	0.038	3.362
2869.000	0.038	3.362
2869.200	0.038	3.362
2869.400	0.037	3.362
2869.600	0.038	3.362
2869.800	0.036	3.362
2870.000	0.038	3.362
2870.200	0.036	3.362
2870.400	0.036	3.362
2870.600	0.036	3.362
2870.800	0.036	3.362
2871.000	0.037	3.362
2871.200	0.038	3.362
2871.400	0.040	3.362
2871.600	0.038	3.362
2871.800	0.038	3.362
2872.000	0.039	3.362
2872.200	0.038	3.362
2872.400	0.038	3.362
2872.600	0.037	3.362
2872.800	0.037	3.362
2873.000	0.038	3.362
2873.200	0.040	3.362
2873.400	0.037	3.362
2873.600	0.038	3.362
2873.800	0.039	3.362
2874.000	0.038	3.362
2874.200	0.038	3.362
2874.400	0.038	3.362
2874.600	0.039	3.362
2874.800	0.036	3.362
2875.000	0.038	3.362
2875.200	0.039	3.362
2875.400	0.036	3.362
2875.600	0.038	3.362
2875.800	0.037	3.362
2876.000	0.037	3.362
2876.200	0.039	3.362
2876.400	0.038	3.362
2876.600	0.037	3.362
2876.800	0.039	3.362
2877.000	0.037	3.362
2877.200	0.037	3.362
2877.400	0.038	3.362
2877.600	0.038	3.362
2877.800	0.039	3.362
2878.000	0.039	3.362
2878.200	0.040	3.362
2878.400	0.038	3.362
2878.600	0.039	3.362
2878.800	0.038	3.362
2879.000	0.037	3.362
2879.200	0.038	3.362
2879.400	0.038	3.362
2879.600	0.038	3.362
2879.800	0.037	3.362
2880.000	0.039	3.362
2880.200	0.039	3.362
2880.400	0.038	3.362
2880.600	0.038	3.362
2880.800	0.038	3.362
2881.000	0.037	3.362
2881.200	0.039	3.362
2881.400	0.038	3.362
2881.600	0.037	3.362
2881.800	0.038	3.362
2882.000	0.038	3.362
2882.200	0.040	3.362
2882.400	0.040	3.362
2882.600	0.038	3.362
2882.800	0.040	3.362
2883.000	0.039	3.362
2883.200	0.039	3.362
2883.400	0.039	3.362
2883.600	0.040	3.362
2883.800	0.038	3.362
2884.000	0.038	3.362
2884.200	0.038	3.362
2884.400	0.039	3.362
2884.600	0.040	3.362
2884.800	0.039	3.362
2885.000	0.039	3.362
2885.200	0.041	3.362
2885.400	0.040	3.362
2885.600	0.038	3.362
2885.800	0.040	3.362
2886.000	0.039	3.362
2886.200	0.040	3.362
2886.400	0.038	3.362
2886.600	0.040	3.362
2886.800	0.040	3.362
2887.000	0.040	3.362
2887.200	0.038	3.362
2887.400	0.039	3.362
2887.600	0.039	3.362
2887.800	0.040	3.362
2888.000	0.039	3.362
2888.200	0.038	3.362
2888.400	0.040	3.362
2888.600	0.040	3.362
2888.800	0.039	3.362
2889.000	0.039	3.362
2889.200	0.041	3.362
2889.400	0.041	3.362
2889.600	0.042	3.362
2889.800	0.040	3.362
2890.000	0.042	3.362
2890.200	0.041	3.362
2890.400	0.040	3.362
2890.600	0.043	3.362
2890.800	0.041	3.362
2891.000	0.040	3.362
2891.200	0.041	3.362
2891.400	0.040	3.362
2891.600	0.039	3.362
2891.800	0.041	3.362
2892.000	0.041	3.362
2892.200	0.041	3.362
2892.400	0.040	3.362
2892.600	0.040	3.362
2892.800	0.041	3.362
2893.000	0.042	3.362
2893.200	0.041	3.362
2893.400	0.041	3.362
2893.600	0.042	3.362
2893.800	0.040	3.362
2894.000	0.041	3.362
2894.200	0.040	3.362
2894.400	0.039	3.362
2894.600	0.039	3.362
2894.800	0.039	3.362
2895.000	0.040	3.362
2895.200	0.041	3.362
2895.400	0.040	3.362
2895.600	0.041	3.362
2895.800	0.040	3.362
2896.000	0.041	3.362
2896.200	0.040	3.362
2896.400	0.038	3.362
2896.600	0.041	3.362
2896.800	0.041	3.362
2897.000	0.039	3.362
2897.200	0.039	3.362
2897.400	0.040	3.362
2897.600	0.037	3.362
2897.800	0.039	3.362
2898.000	0.040	3.362
2898.200	0.038	3.362
2898.400	0.039	3.362
2898.600	0.038	3.362
2898.800	0.036	3.362
2899.000	0.037	3.362
2899.200	0.037	3.362
2899.400	0.039	3.362
2899.600	0.038	3.362
2899.800	0.037	3.362
2900.000	0.038	3.362
2900.200	0.040	3.362
2900.400	0.039	3.362
2900.600	0.040	3.362
2900.800	0.038	3.362
2901.000	0.038	3.362
2901.200	0.040	3.362
2901.400	0.039	3.362
2901.600	0.039	3.362
2901.800	0.039	3.362
2902.000	0.039	3.362
2902.200	0.037	3.362
2902.400	0.041	3.362
2902.600	0.041	3.362
2902.800	0.040	3.362
2903.000	0.038	3.362
2903.200	0.040	3.362
2903.400	0.039	3.362
2903.600	0.038	3.362
2903.800	0.038	3.362
2904.000	0.038	3.362
2904.200	0.039	3.362
2904.400	0.040	3.362
2904.600	0.039	3.362
2904.800	0.040	3.362
2905.000	0.038	3.362
2905.200	0.038	3.362
2905.400	0.038	3.362
2905.600	0.037	3.362
2905.800	0.038	3.362
2906.000	0.038	3.362
2906.200	0.039	3.362
2906.400	0.038	3.362
2906.600	0.038	3.362
2906.800	0.038	3.362
2907.000	0.037	3.362
2907.200	0.039	3.362
2907.400	0.037	3.362
2907.600	0.041	3.362
2907.800	0.038	3.362
2908.000	0.039	3.362
2908.200	0.036	3.362
2908.400	0.039	3.362
2908.600	0.038	3.362
2908.800	0.037	3.362
2909.000	0.038	3.362
2909.200	0.037	3.362
2909.400	0.038	3.362
2909.600	0.038	3.362
2909.800	0.038	3.362
2910.000	0.037	3.362
2910.200	0.038	3.362
2910.400	0.037	3.362
2910.600	0.037	3.362
2910.800	0.038	3.362
2911.000	0.038	3.362
2911.200	0.039	3.362
2911.400	0.038	3.362
2911.600	0.038	3.362
2911.800	0.036	3.362
2912.000	0.039	3.362
2912.200	0.037	3.362
2912.400	0.037	3.362
2912.600	0.037	3.362
2912.800	0.038	3.362
2913.000	0.037	3.362
2913.200	0.037	3.362
2913.400	0.036	3.362
2913.600	0.036	3.362
2913.800	0.037	3.362
2914.000	0.037	3.362
2914.200	0.038	3.362
2914.400	0.036	3.362
2914.600	0.037	3.362
2914.800	0.038	3.362
2915.000	0.036	3.362
2915.200	0.036	3.362
2915.400	0.036	3.362
2915.600	0.035	3.362
2915.800	0.036	3.362
2916.000	0.036	3.362
2916.200	0.036	3.362
2916.400	0.036	3.362
2916.600	0.036	3.362
2916.800	0.037	3.362
2917.000	0.037	3.362
2917.200	0.037	3.362
2917.400	0.038	3.362
2917.600	0.037	3.362
2917.800	0.036	3.362
2918.000	0.037	3.362
2918.200	0.036	3.362
2918.400	0.037	3.362
2918.600	0.037	3.362
2918.800	0.037	3.362
2919.000	0.037	3.362
2919.200	0.037	3.362
2919.400	0.037	3.362
2919.600	0.037	3.362
2919.800	0.036	3.362
2920.000	0.035	3.362
2920.200	0.037	3.362
2920.400	0.036	3.362
2920.600	0.037	3.362
2920.800	0.035	3.362
2921.000	0.036	3.362
2921.200	0.037	3.362
2921.400	0.038	3.362
2921.600	0.036	3.362
2921.800	0.038	3.362
2922.000	0.037	3.362
2922.200	0.035	3.362
2922.400	0.039	3.362
2922.600	0.038	3.362
2922.800	0.038	3.362
2923.000	0.038	3.362
2923.200	0.037	3.362
2923.400	0.036	3.362
2923.600	0.037	3.362
2923.800	0.038	3.362
2924.000	0.037	3.362
2924.200	0.034	3.362
2924.400	0.036	3.362
2924.600	0.036	3.362
2924.800	0.037	3.362
2925.000	0.037	3.362
2925.200	0.037	3.362
2925.400	0.035	3.362
2925.600	0.036	3.362
2925.800	0.038	3.362
2926.000	0.037	3.362
2926.200	0.034	3.362
2926.400	0.038	3.362
2926.600	0.037	3.362
2926.800	0.036	3.362
2927.000	0.038	3.362
2927.200	0.038	3.362
2927.400	0.038	3.362
2927.600	0.036	3.362
2927.800	0.038	3.362
2928.000	0.038	3.362
2928.200	0.038	3.362
2928.400	0.037	3.362
2928.600	0.036	3.362
2928.800	0.039	3.362
2929.000	0.038	3.362
2929.200	0.038	3.362
2929.400	0.037	3.362
2929.600	0.037	3.362
2929.800	0.040	3.362
2930.000	0.039	3.362
2930.200	0.038	3.362
2930.400	0.037	3.362
2930.600	0.037	3.362
2930.800	0.038	3.362
2931.000	0.038	3.362
2931.200	0.038	3.362
2931.400	0.038	3.362
2931.600	0.038	3.362
2931.800	0.039	3.362
2932.000	0.040	3.362
2932.200	0.038	3.362
2932.400	0.039	3.362
2932.600	0.036	3.362
2932.800	0.037	3.362
2933.000	0.037	3.362
2933.200	0.037	3.362
2933.400	0.037	3.362
2933.600	0.037	3.362
2933.800	0.038	3.362
2934.000	0.038	3.362
2934.200	0.038	3.362
2934.400	0.039	3.362
2934.600	0.036	3.362
2934.800	0.037	3.362
2935.000	0.040	3.362
2935.200	0.038	3.362
2935.400	0.037	3.362
2935.600	0.035	3.362
2935.800	0.037	3.362
2936.000	0.039	3.362
2936.200	0.039	3.362
2936.400	0.038	3.362
2936.600	0.039	3.362
2936.800	0.037	3.362
2937.000	0.037	3.362
2937.200	0.039	3.362
2937.400	0.038	3.362
2937.600	0.037	3.362
2937.800	0.038	3.362
2938.000	0.039	3.362
2938.200	0.038	3.362
2938.400	0.037	3.362
2938.600	0.037	3.362
2938.800	0.040	3.362
2939.000	0.038	3.362
2939.200	0.038	3.362
2939.400	0.039	3.362
2939.600	0.038	3.362
2939.800	0.040	3.362
2940.000	0.037	3.362
2940.200	0.039	3.362
2940.400	0.039	3.362
2940.600	0.040	3.362
2940.800	0.039	3.362
2941.000	0.038	3.362
2941.200	0.039	3.362
2941.400	0.041	3.362
2941.600	0.037	3.362
2941.800	0.039	3.362
2942.000	0.037	3.362
2942.200	0.040	3.362
2942.400	0.039	3.362
2942.600	0.040	3.362
2942.800	0.039	3.362
2943.000	0.037	3.362
2943.200	0.037	3.362
2943.400	0.038	3.362
2943.600	0.038	3.362
2943.800	0.038	3.362
2944.000	0.038	3.362
2944.200	0.038	3.362
2944.400	0.039	3.362
2944.600	0.038	3.362
2944.800	0.037	3.362
2945.000	0.038	3.362
2945.200	0.037	3.362
2945.400	0.038	3.362
2945.600	0.039	3.362
2945.800	0.040	3.362
2946.000	0.039	3.362
2946.200	0.038	3.362
2946.400	0.039	3.362
2946.600	0.041	3.362
2946.800	0.038	3.362
2947.000	0.038	3.362
2947.200	0.040	3.362
2947.400	0.039	3.362
2947.600	0.038	3.362
2947.800	0.039	3.362
2948.000	0.039	3.362
2948.200	0.040	3.362
2948.400	0.040	3.362
2948.600	0.039	3.362
2948.800	0.039	3.362
2949.000	0.040	3.362
2949.200	0.038	3.362
2949.400	0.040	3.362
2949.600	0.037	3.362
2949.800	0.037	3.362
2950.000	0.038	3.362
2950.200	0.036	3.362
2950.400	0.038	3.362
2950.600	0.037	3.362
2950.800	0.037	3.362
2951.000	0.037	3.362
2951.200	0.038	3.362
2951.400	0.037	3.362
2951.600	0.036	3.362
2951.800	0.037	3.362
2952.000	0.035	3.362
2952.200	0.040	3.362
2952.400	0.038	3.362
2952.600	0.037	3.362
2952.800	0.039	3.362
2953.000	0.037	3.362
2953.200	0.039	3.362
2953.400	0.038	3.362
2953.600	0.038	3.362
2953.800	0.038	3.362
2954.000	0.036	3.362
2954.200	0.037	3.362
2954.400	0.036	3.362
2954.600	0.037	3.362
2954.800	0.037	3.362
2955.000	0.037	3.362
2955.200	0.038	3.362
2955.400	0.037	3.362
2955.600	0.038	3.362
2955.800	0.037	3.362
2956.000	0.037	3.362
2956.200	0.039	3.362
2956.400	0.038	3.362
2956.600	0.038	3.362
2956.800	0.038	3.362
2957.000	0.040	3.362
2957.200	0.037	3.362
2957.400	0.037	3.362
2957.600	0.038	3.362
2957.800	0.039	3.362
2958.000	0.037	3.362
2958.200	0.037	3.362
2958.400	0.037	3.362
2958.600	0.037	3.362
2958.800	0.038	3.362
2959.000	0.038	3.362
2959.200	0.037	3.362
2959.400	0.040	3.362
2959.600	0.038	3.362
2959.800	0.038	3.362
2960.000	0.037	3.362
2960.200	0.037	3.362
2960.400	0.036	3.362
2960.600	0.036	3.362
2960.800	0.038	3.362
2961.000	0.038	3.362
2961.200	0.038	3.362
2961.400	0.039	3.362
2961.600	0.038	3.362
2961.800	0.037	3.362
2962.000	0.037	3.362
2962.200	0.037	3.362
2962.400	0.037	3.362
2962.600	0.038	3.362
2962.800	0.038	3.362
2963.000	0.037	3.362
2963.200	0.040	3.362
2963.400	0.037	3.362
2963.600	0.039	3.362
2963.800	0.040	3.362
2964.000	0.039	3.362
2964.200	0.038	3.362
2964.400	0.040	3.362
2964.600	0.038	3.362
2964.800	0.039	3.362
2965.000	0.039	3.362
2965.200	0.039	3.362
2965.400	0.039	3.362
2965.600	0.039	3.362
2965.800	0.039	3.362
2966.000	0.038	3.362
2966.200	0.039	3.362
2966.400	0.039	3.362
2966.600	0.039	3.362
2966.800	0.037	3.362
2967.000	0.037	3.362
2967.200	0.040	3.362
2967.400	0.038	3.362
2967.600	0.040	3.362
2967.800	0.042	3.362
2968.000	0.039	3.362
2968.200	0.039	3.362
2968.400	0.040	3.362
2968.600	0.040	3.362
2968.800	0.040	3.362
2969.000	0.039	3.362
2969.200	0.039	3.362
2969.400	0.039	3.362
2969.600	0.039	3.362
2969.800	0.039	3.362
2970.000	0.040	3.362
2970.200	0.039	3.362
2970.400	0.038	3.362
2970.600	0.039	3.362
2970.800	0.040	3.362
2971.000	0.041	3.362
2971.200	0.038	3.362
2971.400	0.038	3.362
2971.600	0.038	3.362
2971.800	0.039	3.362
2972.000	0.040	3.362
2972.200	0.039	3.362
2972.400	0.038	3.362
2972.600	0.041	3.362
2972.800	0.040	3.362
2973.000	0.041	3.362
2973.200	0.039	3.362
2973.400	0.039	3.362
2973.600	0.038	3.362
2973.800	0.040	3.362
2974.000	0.039	3.362
2974.200	0.042	3.362
2974.400	0.040	3.362
2974.600	0.040	3.362
2974.800	0.041	3.362
2975.000	0.038	3.362
2975.200	0.039	3.362
2975.400	0.040	3.362
2975.600	0.040	3.362
2975.800	0.038	3.362
2976.000	0.039	3.362
2976.200	0.040	3.362
2976.400	0.038	3.362
2976.600	0.037	3.362
2976.800	0.040	3.362
2977.000	0.040	3.362
2977.200	0.040	3.362
2977.400	0.040	3.362
2977.600	0.039	3.362
2977.800	0.041	3.362
2978.000	0.041	3.362
2978.200	0.038	3.362
2978.400	0.041	3.362
2978.600	0.039	3.362
2978.800	0.038	3.362
2979.000	0.039	3.362
2979.200	0.039	3.362
2979.400	0.040	3.362
2979.600	0.041	3.362
2979.800	0.039	3.362
2980.000	0.039	3.362
2980.200	0.038	3.362
2980.400	0.037	3.362
2980.600	0.038	3.362
2980.800	0.039	3.362
2981.000	0.038	3.362
2981.200	0.038	3.362
2981.400	0.039	3.362
2981.600	0.038	3.362
2981.800	0.041	3.362
2982.000	0.041	3.362
2982.200	0.040	3.362
2982.400	0.040	3.362
2982.600	0.042	3.362
2982.800	0.040	3.362
2983.000	0.041	3.362
2983.200	0.040	3.362
2983.400	0.039	3.362
2983.600	0.040	3.362
2983.800	0.039	3.362
2984.000	0.039	3.362
2984.200	0.040	3.362
2984.400	0.038	3.362
2984.600	0.040	3.362
2984.800	0.041	3.362
2985.000	0.040	3.362
2985.200	0.041	3.362
2985.400	0.039	3.362
2985.600	0.041	3.362
2985.800	0.039	3.362
2986.000	0.039	3.362
2986.200	0.041	3.362
2986.400	0.039	3.362
2986.600	0.040	3.362
2986.800	0.040	3.362
2987.000	0.039	3.362
2987.200	0.038	3.362
2987.400	0.040	3.362
2987.600	0.038	3.362
2987.800	0.040	3.362
2988.000	0.040	3.362
2988.200	0.040	3.362
2988.400	0.039	3.362
2988.600	0.039	3.362
2988.800	0.040	3.362
2989.000	0.041	3.362
2989.200	0.040	3.362
2989.400	0.041	3.362
2989.600	0.040	3.362
2989.800	0.041	3.362
2990.000	0.041	3.362
2990.200	0.043	3.362
2990.400	0.041	3.362
2990.600	0.039	3.362
2990.800	0.039	3.362
2991.000	0.040	3.362
2991.200	0.041	3.362
2991.400	0.039	3.362
2991.600	0.040	3.362
2991.800	0.040	3.362
2992.000	0.038	3.362
2992.200	0.040	3.362
2992.400	0.039	3.362
2992.600	0.040	3.362
2992.800	0.040	3.362
2993.000	0.040	3.362
2993.200	0.041	3.362
2993.400	0.042	3.362
2993.600	0.041	3.362
2993.800	0.041	3.362
2994.000	0.042	3.362
2994.200	0.041	3.362
2994.400	0.043	3.362
2994.600	0.041	3.362
2994.800	0.040	3.362
2995.000	0.040	3.362
2995.200	0.039	3.362
2995.400	0.037	3.362
2995.600	0.039	3.362
2995.800	0.037	3.362
2996.000	0.039	3.362
2996.200	0.039	3.362
2996.400	0.040	3.362
2996.600	0.036	3.362
2996.800	0.038	3.362
2997.000	0.038	3.362
2997.200	0.040	3.362
2997.400	0.040	3.362
2997.600	0.038	3.362
2997.800	0.038	3.362
2998.000	0.038	3.362
2998.200	0.038	3.362
2998.400	0.041	3.362
2998.600	0.039	3.362
2998.800	0.038	3.362
2999.000	0.038	3.362
2999.200	0.037	3.362
2999.400	0.037	3.362
2999.600	0.037	3.362
2999.800	0.037	3.362
3000.000	0.036	3.362
3000.200	0.038	3.362
3000.400	0.037	3.362
3000.600	0.037	3.362
3000.800	0.037	3.362
3001.000	0.036	3.362
3001.200	0.036	3.362
3001.400	0.036	3.362
3001.600	0.037	3.362
3001.800	0.035	3.362
3002.000	0.038	3.362
3002.200	0.037	3.362
3002.400	0.036	3.362
3002.600	0.036	3.362
3002.800	0.038	3.362
3003.000	0.038	3.362
3003.200	0.038	3.362
3003.400	0.037	3.362
3003.600	0.035	3.362
3003.800	0.037	3.362
3004.000	0.036	3.362
3004.200	0.035	3.362
3004.400	0.035	3.362
3004.600	0.036	3.362
3004.800	0.038	3.362
3005.000	0.037	3.362
3005.200	0.038	3.362
3005.400	0.037	3.362
3005.600	0.038	3.362
3005.800	0.036	3.362
3006.000	0.038	3.362
3006.200	0.036	3.362
3006.400	0.036	3.362
3006.600	0.038	3.362
3006.800	0.036	3.362
3007.000	0.034	3.362
3007.200	0.036	3.362
3007.400	0.038	3.362
3007.600	0.037	3.362
3007.800	0.038	3.362
3008.000	0.038	3.362
3008.200	0.038	3.362
3008.400	0.038	3.362
3008.600	0.039	3.362
3008.800	0.037	3.362
3009.000	0.038	3.362
3009.200	0.038	3.362
3009.400	0.038	3.362
3009.600	0.037	3.362
3009.800	0.036	3.362
3010.000	0.038	3.362
3010.200	0.036	3.362
3010.400	0.035	3.362
3010.600	0.037	3.362
3010.800	0.038	3.362
3011.000	0.038	3.362
3011.200	0.036	3.362
3011.400	0.037	3.362
3011.600	0.036	3.362
3011.800	0.038	3.362
3012.000	0.036	3.362
3012.200	0.037	3.362
3012.400	0.036	3.362
3012.600	0.038	3.362
3012.800	0.039	3.362
3013.000	0.038	3.362
3013.200	0.038	3.362
3013.400	0.038	3.362
3013.600	0.038	3.362
3013.800	0.040	3.362
3014.000	0.038	3.362
3014.200	0.038	3.362
3014.400	0.036	3.362
3014.600	0.037	3.362
3014.800	0.038	3.362
3015.000	0.038	3.362
3015.200	0.038	3.362
3015.400	0.039	3.362
3015.600	0.038	3.362
3015.800	0.036	3.362
3016.000	0.036	3.362
3016.200	0.038	3.362
3016.400	0.038	3.362
3016.600	0.038	3.362
3016.800	0.039	3.362
3017.000	0.039	3.362
3017.200	0.037	3.362
3017.400	0.039	3.362
3017.600	0.039	3.362
3017.800	0.038	3.362
3018.000	0.038	3.362
3018.200	0.039	3.362
3018.400	0.040	3.362
3018.600	0.039	3.362
3018.800	0.039	3.362
3019.000	0.037	3.362
3019.200	0.038	3.362
3019.400	0.037	3.362
3019.600	0.039	3.362
3019.800	0.041	3.362
3020.000	0.039	3.362
3020.200	0.040	3.362
3020.400	0.038	3.362
3020.600	0.037	3.362
3020.800	0.038	3.362
3021.000	0.036	3.362
3021.200	0.037	3.362
3021.400	0.039	3.362
3021.600	0.039	3.362
3021.800	0.037	3.362
3022.000	0.041	3.362
3022.200	0.039	3.362
3022.400	0.038	3.362
3022.600	0.039	3.362
3022.800	0.037	3.362
3023.000	0.038	3.362
3023.200	0.040	3.362
3023.400	0.039	3.362
3023.600	0.039	3.362
3023.800	0.037	3.362
3024.000	0.038	3.362
3024.200	0.038	3.362
3024.400	0.040	3.362
3024.600	0.042	3.362
3024.800	0.040	3.362
3025.000	0.038	3.362
3025.200	0.037	3.362
3025.400	0.036	3.362
3025.600	0.037	3.362
3025.800	0.039	3.362
3026.000	0.040	3.362
3026.200	0.039	3.362
3026.400	0.039	3.362
3026.600	0.038	3.362
3026.800	0.038	3.362
3027.000	0.038	3.362
3027.200	0.037	3.362
3027.400	0.038	3.362
3027.600	0.036	3.362
3027.800	0.038	3.362
3028.000	0.037	3.362
3028.200	0.039	3.362
3028.400	0.039	3.362
3028.600	0.039	3.362
3028.800	0.037	3.362
3029.000	0.038	3.362
3029.200	0.040	3.362
3029.400	0.038	3.362
3029.600	0.038	3.362
3029.800	0.039	3.362
3030.000	0.039	3.362
3030.200	0.039	3.362
3030.400	0.038	3.362
3030.600	0.037	3.362
3030.800	0.038	3.362
3031.000	0.039	3.362
3031.200	0.040	3.362
3031.400	0.038	3.362
3031.600	0.039	3.362
3031.800	0.039	3.362
3032.000	0.036	3.362
3032.200	0.039	3.362
3032.400	0.038	3.362
3032.600	0.037	3.362
3032.800	0.037	3.362
3033.000	0.039	3.362
3033.200	0.040	3.362
3033.400	0.038	3.362
3033.600	0.038	3.362
3033.800	0.041	3.362
3034.000	0.040	3.362
3034.200	0.037	3.362
3034.400	0.038	3.362
3034.600	0.041	3.362
3034.800	0.038	3.362
3035.000	0.039	3.362
3035.200	0.040	3.362
3035.400	0.041	3.362
3035.600	0.040	3.362
3035.800	0.040	3.362
3036.000	0.040	3.362
3036.200	0.038	3.362
3036.400	0.039	3.362
3036.600	0.040	3.362
3036.800	0.040	3.362
3037.000	0.038	3.362
3037.200	0.040	3.362
3037.400	0.037	3.362
3037.600	0.038	3.362
3037.800	0.039	3.362
3038.000	0.040	3.362
3038.200	0.039	3.362
3038.400	0.040	3.362
3038.600	0.041	3.362
3038.800	0.040	3.362
3039.000	0.041	3.362
3039.200	0.039	3.362
3039.400	0.039	3.362
3039.600	0.041	3.362
3039.800	0.038	3.362
3040.000	0.038	3.362
3040.200	0.038	3.362
3040.400	0.037	3.362
3040.600	0.038	3.362
3040.800	0.037	3.362
3041.000	0.039	3.362
3041.200	0.037	3.362
3041.400	0.040	3.362
3041.600	0.037	3.362
3041.800	0.040	3.362
3042.000	0.037	3.362
3042.200	0.037	3.362
3042.400	0.038	3.362
3042.600	0.037	3.362
3042.800	0.037	3.362
3043.000	0.040	3.362
3043.200	0.038	3.362
3043.400	0.039	3.362
3043.600	0.038	3.362
3043.800	0.039	3.362
3044.000	0.039	3.362
3044.200	0.041	3.362
3044.400	0.039	3.362
3044.600	0.040	3.362
3044.800	0.041	3.362
3045.000	0.039	3.362
3045.200	0.039	3.362
3045.400	0.040	3.362
3045.600	0.038	3.362
3045.800	0.038	3.362
3046.000	0.038	3.362
3046.200	0.041	3.362
3046.400	0.040	3.362
3046.600	0.038	3.362
3046.800	0.038	3.362
3047.000	0.039	3.362
3047.200	0.038	3.362
3047.400	0.038	3.362
3047.600	0.038	3.362
3047.800	0.039	3.362
3048.000	0.037	3.362
3048.200	0.037	3.362
3048.400	0.039	3.362
3048.600	0.039	3.362
3048.800	0.038	3.362
3049.000	0.039	3.362
3049.200	0.038	3.362
3049.400	0.040	3.362
3049.600	0.037	3.362
3049.800	0.037	3.362
3050.000	0.038	3.362
3050.200	0.038	3.362
3050.400	0.038	3.362
3050.600	0.038	3.362
3050.800	0.039	3.362
3051.000	0.038	3.362
3051.200	0.037	3.362
3051.400	0.039	3.362
3051.600	0.040	3.362
3051.800	0.040	3.362
3052.000	0.040	3.362
3052.200	0.036	3.362
3052.400	0.039	3.362
3052.600	0.040	3.362
3052.800	0.039	3.362
3053.000	0.039	3.362
3053.200	0.039	3.362
3053.400	0.040	3.362
3053.600	0.041	3.362
3053.800	0.040	3.362
3054.000	0.040	3.362
3054.200	0.037	3.362
3054.400	0.041	3.362
3054.600	0.038	3.362
3054.800	0.038	3.362
3055.000	0.039	3.362
3055.200	0.041	3.362
3055.400	0.040	3.362
3055.600	0.041	3.362
3055.800	0.040	3.362
3056.000	0.040	3.362
3056.200	0.040	3.362
3056.400	0.040	3.362
3056.600	0.040	3.362
3056.800	0.038	3.362
3057.000	0.038	3.362
3057.200	0.040	3.362
3057.400	0.038	3.362
3057.600	0.039	3.362
3057.800	0.038	3.362
3058.000	0.039	3.362
3058.200	0.040	3.362
3058.400	0.038	3.362
3058.600	0.038	3.362
3058.800	0.037	3.362
3059.000	0.038	3.362
3059.200	0.039	3.362
3059.400	0.039	3.362
3059.600	0.038	3.362
3059.800	0.039	3.362
3060.000	0.038	3.362
3060.200	0.037	3.362
3060.400	0.037	3.362
3060.600	0.037	3.362
3060.800	0.037	3.362
3061.000	0.037	3.362
3061.200	0.037	3.362
3061.400	0.035	3.362
3061.600	0.037	3.362
3061.800	0.038	3.362
3062.000	0.039	3.362
3062.200	0.037	3.362
3062.400	0.036	3.362
3062.600	0.037	3.362
3062.800	0.037	3.362
3063.000	0.036	3.362
3063.200	0.034	3.362
3063.400	0.036	3.362
3063.600	0.037	3.362
3063.800	0.036	3.362
3064.000	0.035	3.362
3064.200	0.037	3.362
3064.400	0.037	3.362
3064.600	0.038	3.362
3064.800	0.038	3.362
3065.000	0.038	3.362
3065.200	0.037	3.362
3065.400	0.037	3.362
3065.600	0.037	3.362
3065.800	0.036	3.362
3066.000	0.035	3.362
3066.200	0.037	3.362
3066.400	0.038	3.362
3066.600	0.038	3.362
3066.800	0.036	3.362
3067.000	0.038	3.362
3067.200	0.037	3.362
3067.400	0.038	3.362
3067.600	0.038	3.362
3067.800	0.038	3.362
3068.000	0.037	3.362
3068.200	0.038	3.362
3068.400	0.038	3.362
3068.600	0.037	3.362
3068.800	0.038	3.362
3069.000	0.037	3.362
3069.200	0.037	3.362
3069.400	0.037	3.362
3069.600	0.036	3.362
3069.800	0.036	3.362
3070.000	0.038	3.362
3070.200	0.038	3.362
3070.400	0.039	3.362
3070.600	0.036	3.362
3070.800	0.037	3.362
3071.000	0.036	3.362
3071.200	0.037	3.362
3071.400	0.038	3.362
3071.600	0.037	3.362
3071.800	0.035	3.362
3072.000	0.037	3.362
3072.200	0.037	3.362
3072.400	0.038	3.362
3072.600	0.037	3.362
3072.800	0.038	3.362
3073.000	0.038	3.362
3073.200	0.037	3.362
3073.400	0.038	3.362
3073.600	0.038	3.362
3073.800	0.037	3.362
3074.000	0.039	3.362
3074.200	0.037	3.362
3074.400	0.036	3.362
3074.600	0.037	3.362
3074.800	0.037	3.362
3075.000	0.036	3.362
3075.200	0.038	3.362
3075.400	0.036	3.362
3075.600	0.037	3.362
3075.800	0.036	3.362
3076.000	0.036	3.362
3076.200	0.036	3.362
3076.400	0.037	3.362
3076.600	0.037	3.362
3076.800	0.037	3.362
3077.000	0.036	3.362
3077.200	0.038	3.362
3077.400	0.038	3.362
3077.600	0.039	3.362
3077.800	0.038	3.362
3078.000	0.035	3.362
3078.200	0.038	3.362
3078.400	0.037	3.362
3078.600	0.040	3.362
3078.800	0.039	3.362
3079.000	0.038	3.362
3079.200	0.039	3.362
3079.400	0.037	3.362
3079.600	0.035	3.362
3079.800	0.038	3.362
3080.000	0.037	3.362
3080.200	0.038	3.362
3080.400	0.038	3.362
3080.600	0.040	3.362
3080.800	0.041	3.362
3081.000	0.038	3.362
3081.200	0.039	3.362
3081.400	0.040	3.362
3081.600	0.040	3.362
3081.800	0.038	3.362
3082.000	0.039	3.362
3082.200	0.040	3.362
3082.400	0.039	3.362
3082.600	0.039	3.362
3082.800	0.040	3.362
3083.000	0.041	3.362
3083.200	0.039	3.362
3083.400	0.040	3.362
3083.600	0.039	3.362
3083.800	0.039	3.362
3084.000	0.038	3.362
3084.200	0.038	3.362
3084.400	0.039	3.362
3084.600	0.036	3.362
3084.800	0.039	3.362
3085.000	0.038	3.362
3085.200	0.037	3.362
3085.400	0.039	3.362
3085.600	0.039	3.362
3085.800	0.038	3.362
3086.000	0.038	3.362
3086.200	0.040	3.362
3086.400	0.039	3.362
3086.600	0.039	3.362
3086.800	0.039	3.362
3087.000	0.038	3.362
3087.200	0.037	3.362
3087.400	0.039	3.362
3087.600	0.037	3.362
3087.800	0.039	3.362
3088.000	0.036	3.362
3088.200	0.040	3.362
3088.400	0.038	3.362
3088.600	0.036	3.362
3088.800	0.038	3.362
3089.000	0.038	3.362
3089.200	0.037	3.362
3089.400	0.040	3.362
3089.600	0.040	3.362
3089.800	0.040	3.362
3090.000	0.039	3.362
3090.200	0.037	3.362
3090.400	0.038	3.362
3090.600	0.040	3.362
3090.800	0.039	3.362
3091.000	0.039	3.362
3091.200	0.039	3.362
3091.400	0.038	3.362
3091.600	0.041	3.362
3091.800	0.040	3.362
3092.000	0.039	3.362
3092.200	0.040	3.362
3092.400	0.040	3.362
3092.600	0.039	3.362
3092.800	0.040	3.362
3093.000	0.040	3.362
3093.200	0.040	3.362
3093.400	0.038	3.362
3093.600	0.039	3.362
3093.800	0.041	3.362
3094.000	0.041	3.362
3094.200	0.036	3.362
3094.400	0.039	3.362
3094.600	0.038	3.362
3094.800	0.040	3.362
3095.000	0.041	3.362
3095.200	0.041	3.362
3095.400	0.039	3.362
3095.600	0.042	3.362
3095.800	0.039	3.362
3096.000	0.038	3.362
3096.200	0.040	3.362
3096.400	0.040	3.362
3096.600	0.039	3.362
3096.800	0.041	3.362
3097.000	0.040	3.362
3097.200	0.038	3.362
3097.400	0.038	3.362
3097.600	0.038	3.362
3097.800	0.039	3.362
3098.000	0.038	3.362
3098.200	0.039	3.362
3098.400	0.041	3.362
3098.600	0.039	3.362
3098.800	0.037	3.362
3099.000	0.039	3.362
3099.200	0.038	3.362
3099.400	0.039	3.362
3099.600	0.038	3.362
3099.800	0.041	3.362
3100.000	0.042	3.362
3100.200	0.040	3.362
3100.400	0.039	3.362
3100.600	0.039	3.362
3100.800	0.038	3.362
3101.000	0.039	3.362
3101.200	0.038	3.362
3101.400	0.039	3.362
3101.600	0.039	3.362
3101.800	0.040	3.362
3102.000	0.039	3.362
3102.200	0.040	3.362
3102.400	0.041	3.362
3102.600	0.039	3.362
3102.800	0.040	3.362
3103.000	0.041	3.362
3103.200	0.038	3.362
3103.400	0.041	3.362
3103.600	0.041	3.362
3103.800	0.039	3.362
3104.000	0.039	3.362
3104.200	0.038	3.362
3104.400	0.039	3.362
3104.600	0.038	3.362
3104.800	0.041	3.362
3105.000	0.040	3.362
3105.200	0.041	3.362
3105.400	0.040	3.362
3105.600	0.039	3.362
3105.800	0.041	3.362
3106.000	0.041	3.362
3106.200	0.038	3.362
3106.400	0.039	3.362
3106.600	0.040	3.362
3106.800	0.039	3.362
3107.000	0.041	3.362
3107.200	0.039	3.362
3107.400	0.039	3.362
3107.600	0.039	3.362
3107.800	0.036	3.362
3108.000	0.036	3.362
3108.200	0.039	3.362
3108.400	0.037	3.362
3108.600	0.038	3.362
3108.800	0.037	3.362
3109.000	0.037	3.362
3109.200	0.038	3.362
3109.400	0.039	3.362
3109.600	0.040	3.362
3109.800	0.039	3.362
3110.000	0.039	3.362
3110.200	0.038	3.362
3110.400	0.038	3.362
3110.600	0.037	3.362
3110.800	0.039	3.362
3111.000	0.039	3.362
3111.200	0.040	3.362
3111.400	0.038	3.362
3111.600	0.037	3.362
3111.800	0.039	3.362
3112.000	0.040	3.362
3112.200	0.039	3.362
3112.400	0.039	3.362
3112.600	0.038	3.362
3112.800	0.038	3.362
3113.000	0.039	3.362
3113.200	0.039	3.362
3113.400	0.038	3.362
3113.600	0.038	3.362
3113.800	0.039	3.362
3114.000	0.038	3.362
3114.200	0.036	3.362
3114.400	0.037	3.362
3114.600	0.038	3.362
3114.800	0.039	3.362
3115.000	0.038	3.362
3115.200	0.038	3.362
3115.400	0.037	3.362
3115.600	0.039	3.362
3115.800	0.039	3.362
3116.000	0.039	3.362
3116.200	0.039	3.362
3116.400	0.040	3.362
3116.600	0.040	3.362
3116.800	0.039	3.362
3117.000	0.038	3.362
3117.200	0.039	3.362
3117.400	0.037	3.362
3117.600	0.036	3.362
3117.800	0.037	3.362
3118.000	0.038	3.362
3118.200	0.037	3.362
3118.400	0.038	3.362
3118.600	0.036	3.362
3118.800	0.037	3.362
3119.000	0.038	3.362
3119.200	0.039	3.362
3119.400	0.040	3.362
3119.600	0.038	3.362
3119.800	0.038	3.362
3120.000	0.039	3.362
3120.200	0.038	3.362
3120.400	0.036	3.362
3120.600	0.040	3.362
3120.800	0.037	3.362
3121.000	0.039	3.362
3121.200	0.037	3.362
3121.400	0.037	3.362
3121.600	0.039	3.362
3121.800	0.037	3.362
3122.000	0.039	3.362
3122.200	0.039	3.362
3122.400	0.039	3.362
3122.600	0.037	3.362
3122.800	0.038	3.362
3123.000	0.038	3.362
3123.200	0.037	3.362
3123.400	0.037	3.362
3123.600	0.041	3.362
3123.800	0.040	3.362
3124.000	0.039	3.362
3124.200	0.037	3.362
3124.400	0.039	3.362
3124.600	0.038	3.362
3124.800	0.038	3.362
3125.000	0.037	3.362
3125.200	0.039	3.362
3125.400	0.039	3.362
3125.600	0.039	3.362
3125.800	0.039	3.362
3126.000	0.039	3.362
3126.200	0.039	3.362
3126.400	0.039	3.362
3126.600	0.039	3.362
3126.800	0.038	3.362
3127.000	0.038	3.362
3127.200	0.042	3.362
3127.400	0.039	3.362
3127.600	0.039	3.362
3127.800	0.039	3.362
3128.000	0.038	3.362
3128.200	0.038	3.362
3128.400	0.038	3.362
3128.600	0.038	3.362
3128.800	0.036	3.362
3129.000	0.038	3.362
3129.200	0.037	3.362
3129.400	0.039	3.362
3129.600	0.038	3.362
3129.800	0.037	3.362
3130.000	0.041	3.362
3130.200	0.039	3.362
3130.400	0.038	3.362
3130.600	0.040	3.362
3130.800	0.038	3.362
3131.000	0.039	3.362
3131.200	0.039	3.362
3131.400	0.038	3.362
3131.600	0.036	3.362
3131.800	0.039	3.362
3132.000	0.038	3.362
3132.200	0.040	3.362
3132.400	0.037	3.362
3132.600	0.038	3.362
3132.800	0.039	3.362
3133.000	0.039	3.362
3133.200	0.039	3.362
3133.400	0.040	3.362
3133.600	0.039	3.362
3133.800	0.038	3.362
3134.000	0.037	3.362
3134.200	0.036	3.362
3134.400	0.037	3.362
3134.600	0.038	3.362
3134.800	0.038	3.362
3135.000	0.037	3.362
3135.200	0.036	3.362
3135.400	0.037	3.362
3135.600	0.037	3.362
3135.800	0.038	3.362
3136.000	0.036	3.362
3136.200	0.037	3.362
3136.400	0.035	3.362
3136.600	0.036	3.362
3136.800	0.037	3.362
3137.000	0.036	3.362
3137.200	0.036	3.362
3137.400	0.033	3.362
3137.600	0.036	3.362
3137.800	0.038	3.362
3138.000	0.036	3.362
3138.200	0.036	3.362
3138.400	0.038	3.362
3138.600	0.036	3.362
3138.800	0.036	3.362
3139.000	0.037	3.362
3139.200	0.038	3.362
3139.400	0.038	3.362
3139.600	0.038	3.362
3139.800	0.038	3.362
3140.000	0.036	3.362
3140.200	0.039	3.362
3140.400	0.037	3.362
3140.600	0.036	3.362
3140.800	0.037	3.362
3141.000	0.036	3.362
3141.200	0.036	3.362
3141.400	0.034	3.362
3141.600	0.034	3.362
3141.800	0.035	3.362
3142.000	0.038	3.362
3142.200	0.037	3.362
3142.400	0.036	3.362
3142.600	0.037	3.362
3142.800	0.037	3.362
3143.000	0.037	3.362
3143.200	0.035	3.362
3143.400	0.036	3.362
3143.600	0.036	3.362
3143.800	0.035	3.362
3144.000	0.036	3.362
3144.200	0.035	3.362
3144.400	0.036	3.362
3144.600	0.035	3.362
3144.800	0.038	3.362
3145.000	0.036	3.362
3145.200	0.037	3.362
3145.400	0.035	3.362
3145.600	0.036	3.362
3145.800	0.035	3.362
3146.000	0.035	3.362
3146.200	0.036	3.362
3146.400	0.036	3.362
3146.600	0.035	3.362
3146.800	0.035	3.362
3147.000	0.036	3.362
3147.200	0.035	3.362
3147.400	0.036	3.362
3147.600	0.037	3.362
3147.800	0.037	3.362
3148.000	0.037	3.362
3148.200	0.037	3.362
3148.400	0.038	3.362
3148.600	0.036	3.362
3148.800	0.036	3.362
3149.000	0.036	3.362
3149.200	0.037	3.362
3149.400	0.037	3.362
3149.600	0.037	3.362
3149.800	0.035	3.362
3150.000	0.036	3.362
3150.200	0.035	3.362
3150.400	0.034	3.362
3150.600	0.037	3.362
3150.800	0.038	3.362
3151.000	0.035	3.362
3151.200	0.036	3.362
3151.400	0.035	3.362
3151.600	0.037	3.362
3151.800	0.036	3.362
3152.000	0.035	3.362
3152.200	0.035	3.362
3152.400	0.035	3.362
3152.600	0.036	3.362
3152.800	0.036	3.362
3153.000	0.036	3.362
3153.200	0.036	3.362
3153.400	0.037	3.362
3153.600	0.036	3.362
3153.800	0.038	3.362
3154.000	0.037	3.362
3154.200	0.037	3.362
3154.400	0.037	3.362
3154.600	0.037	3.362
3154.800	0.036	3.362
3155.000	0.038	3.362
3155.200	0.037	3.362
3155.400	0.037	3.362
3155.600	0.038	3.362
3155.800	0.035	3.362
3156.000	0.036	3.362
3156.200	0.039	3.362
3156.400	0.037	3.362
3156.600	0.036	3.362
3156.800	0.035	3.362
3157.000	0.036	3.362
3157.200	0.038	3.362
3157.400	0.037	3.362
3157.600	0.037	3.362
3157.800	0.036	3.362
3158.000	0.037	3.362
3158.200	0.037	3.362
3158.400	0.036	3.362
3158.600	0.036	3.362
3158.800	0.036	3.362
3159.000	0.036	3.362
3159.200	0.035	3.362
3159.400	0.038	3.362
3159.600	0.036	3.362
3159.800	0.037	3.362
3160.000	0.038	3.362
3160.200	0.035	3.362
3160.400	0.040	3.362
3160.600	0.038	3.362
3160.800	0.038	3.362
3161.000	0.039	3.362
3161.200	0.040	3.362
3161.400	0.040	3.362
3161.600	0.040	3.362
3161.800	0.038	3.362
3162.000	0.038	3.362
3162.200	0.039	3.362
3162.400	0.038	3.362
3162.600	0.038	3.362
3162.800	0.040	3.362
3163.000	0.038	3.362
3163.200	0.036	3.362
3163.400	0.035	3.362
3163.600	0.038	3.362
3163.800	0.039	3.362
3164.000	0.037	3.362
3164.200	0.037	3.362
3164.400	0.038	3.362
3164.600	0.038	3.362
3164.800	0.036	3.362
3165.000	0.038	3.362
3165.200	0.038	3.362
3165.400	0.037	3.362
3165.600	0.038	3.362
3165.800	0.037	3.362
3166.000	0.037	3.362
3166.200	0.037	3.362
3166.400	0.035	3.362
3166.600	0.037	3.362
3166.800	0.039	3.362
3167.000	0.036	3.362
3167.200	0.039	3.362
3167.400	0.038	3.362
3167.600	0.038	3.362
3167.800	0.038	3.362
3168.000	0.038	3.362
3168.200	0.038	3.362
3168.400	0.037	3.362
3168.600	0.036	3.362
3168.800	0.040	3.362
3169.000	0.039	3.362
3169.200	0.038	3.362
3169.400	0.037	3.362
3169.600	0.035	3.362
3169.800	0.037	3.362
3170.000	0.037	3.362
3170.200	0.037	3.362
3170.400	0.039	3.362
3170.600	0.038	3.362
3170.800	0.037	3.362
3171.000	0.038	3.362
3171.200	0.037	3.362
3171.400	0.038	3.362
3171.600	0.037	3.362
3171.800	0.037	3.362
3172.000	0.038	3.362
3172.200	0.037	3.362
3172.400	0.038	3.362
3172.600	0.036	3.362
3172.800	0.038	3.362
3173.000	0.036	3.362
3173.200	0.037	3.362
3173.400	0.037	3.362
3173.600	0.037	3.362
3173.800	0.038	3.362
3174.000	0.038	3.362
3174.200	0.036	3.362
3174.400	0.038	3.362
3174.600	0.038	3.362
3174.800	0.036	3.362
3175.000	0.037	3.362
3175.200	0.036	3.362
3175.400	0.037	3.362
3175.600	0.036	3.362
3175.800	0.039	3.362
3176.000	0.039	3.362
3176.200	0.040	3.362
3176.400	0.038	3.362
3176.600	0.037	3.362
3176.800	0.038	3.362
3177.000	0.040	3.362
3177.200	0.039	3.362
3177.400	0.040	3.362
3177.600	0.037	3.362
3177.800	0.039	3.362
3178.000	0.039	3.362
3178.200	0.040	3.362
3178.400	0.041	3.362
3178.600	0.039	3.362
3178.800	0.040	3.362
3179.000	0.038	3.362
3179.200	0.039	3.362
3179.400	0.039	3.362
3179.600	0.039	3.362
3179.800	0.039	3.362
3180.000	0.040	3.362
3180.200	0.039	3.362
3180.400	0.038	3.362
3180.600	0.039	3.362
3180.800	0.037	3.362
3181.000	0.037	3.362
3181.200	0.037	3.362
3181.400	0.037	3.362
3181.600	0.037	3.362
3181.800	0.039	3.362
3182.000	0.038	3.362
3182.200	0.036	3.362
3182.400	0.039	3.362
3182.600	0.038	3.362
3182.800	0.038	3.362
3183.000	0.039	3.362
3183.200	0.039	3.362
3183.400	0.038	3.362
3183.600	0.041	3.362
3183.800	0.039	3.362
3184.000	0.039	3.362
3184.200	0.038	3.362
3184.400	0.040	3.362
3184.600	0.040	3.362
3184.800	0.039	3.362
3185.000	0.039	3.362
3185.200	0.040	3.362
3185.400	0.041	3.362
3185.600	0.041	3.362
3185.800	0.039	3.362
3186.000	0.040	3.362
3186.200	0.039	3.362
3186.400	0.039	3.362
3186.600	0.037	3.362
3186.800	0.041	3.362
3187.000	0.041	3.362
3187.200	0.040	3.362
3187.400	0.039	3.362
3187.600	0.041	3.362
3187.800	0.037	3.362
3188.000	0.040	3.362
3188.200	0.039	3.362
3188.400	0.040	3.362
3188.600	0.038	3.362
3188.800	0.038	3.362
3189.000	0.037	3.362
3189.200	0.040	3.362
3189.400	0.039	3.362
3189.600	0.039	3.362
3189.800	0.041	3.362
3190.000	0.037	3.362
3190.200	0.037	3.362
3190.400	0.039	3.362
3190.600	0.040	3.362
3190.800	0.039	3.362
3191.000	0.038	3.362
3191.200	0.037	3.362
3191.400	0.039	3.362
3191.600	0.040	3.362
3191.800	0.039	3.362
3192.000	0.037	3.362
3192.200	0.039	3.362
3192.400	0.040	3.362
3192.600	0.039	3.362
3192.800	0.039	3.362
3193.000	0.041	3.362
3193.200	0.038	3.362
3193.400	0.039	3.362
3193.600	0.036	3.362
3193.800	0.040	3.362
3194.000	0.040	3.362
3194.200	0.040	3.362
3194.400	0.039	3.362
3194.600	0.039	3.362
3194.800	0.043	3.362
3195.000	0.041	3.362
3195.200	0.041	3.362
3195.400	0.038	3.362
3195.600	0.040	3.362
3195.800	0.039	3.362
3196.000	0.040	3.362
3196.200	0.037	3.362
3196.400	0.038	3.362
3196.600	0.039	3.362
3196.800	0.037	3.362
3197.000	0.039	3.362
3197.200	0.039	3.362
3197.400	0.038	3.362
3197.600	0.039	3.362
3197.800	0.038	3.362
3198.000	0.037	3.362
3198.200	0.038	3.362
3198.400	0.038	3.362
3198.600	0.038	3.362
3198.800	0.038	3.362
3199.000	0.037	3.362
3199.200	0.038	3.362
3199.400	0.039	3.362
3199.600	0.040	3.362
3199.800	0.038	3.362
3200.000	0.037	3.362
3200.200	0.037	3.362
3200.400	0.037	3.362
3200.600	0.038	3.362
3200.800	0.036	3.362
3201.000	0.038	3.362
3201.200	0.037	3.362
3201.400	0.039	3.362
3201.600	0.037	3.362
3201.800	0.038	3.362
3202.000	0.039	3.362
3202.200	0.040	3.362
3202.400	0.040	3.362
3202.600	0.040	3.362
3202.800	0.039	3.362
3203.000	0.040	3.362
3203.200	0.041	3.362
3203.400	0.038	3.362
3203.600	0.041	3.362
3203.800	0.039	3.362
3204.000	0.040	3.362
3204.200	0.040	3.362
3204.400	0.039	3.362
3204.600	0.040	3.362
3204.800	0.039	3.362
3205.000	0.038	3.362
3205.200	0.037	3.362
3205.400	0.038	3.362
3205.600	0.039	3.362
3205.800	0.037	3.362
3206.000	0.037	3.362
3206.200	0.039	3.362
3206.400	0.039	3.362
3206.600	0.040	3.362
3206.800	0.039	3.362
3207.000	0.036	3.362
3207.200	0.040	3.362
3207.400	0.041	3.362
3207.600	0.039	3.362
3207.800	0.038	3.362
3208.000	0.039	3.362
3208.200	0.038	3.362
3208.400	0.040	3.362
3208.600	0.037	3.362
3208.800	0.036	3.362
3209.000	0.037	3.362
3209.200	0.038	3.362
3209.400	0.037	3.362
3209.600	0.039	3.362
3209.800	0.038	3.362
3210.000	0.037	3.362
3210.200	0.038	3.362
3210.400	0.038	3.362
3210.600	0.040	3.362
3210.800	0.038	3.362
3211.000	0.040	3.362
3211.200	0.037	3.362
3211.400	0.040	3.362
3211.600	0.038	3.362
3211.800	0.037	3.362
3212.000	0.039	3.362
3212.200	0.038	3.362
3212.400	0.038	3.362
3212.600	0.039	3.362
3212.800	0.036	3.362
3213.000	0.040	3.362
3213.200	0.038	3.362
3213.400	0.039	3.362
3213.600	0.039	3.362
3213.800	0.038	3.362
3214.000	0.038	3.362
3214.200	0.038	3.362
3214.400	0.036	3.362
3214.600	0.039	3.362
3214.800	0.041	3.362
3215.000	0.038	3.362
3215.200	0.036	3.362
3215.400	0.037	3.362
3215.600	0.038	3.362
3215.800	0.038	3.362
3216.000	0.038	3.362
3216.200	0.039	3.362
3216.400	0.037	3.362
3216.600	0.039	3.362
3216.800	0.039	3.362
3217.000	0.039	3.362
3217.200	0.039	3.362
3217.400	0.037	3.362
3217.600	0.038	3.362
3217.800	0.039	3.362
3218.000	0.036	3.362
3218.200	0.038	3.362
3218.400	0.039	3.362
3218.600	0.038	3.362
3218.800	0.037	3.362
3219.000	0.040	3.362
3219.200	0.040	3.362
3219.400	0.037	3.362
3219.600	0.039	3.362
3219.800	0.038	3.362
3220.000	0.040	3.362
3220.200	0.038	3.362
3220.400	0.038	3.362
3220.600	0.037	3.362
3220.800	0.036	3.362
3221.000	0.040	3.362
3221.200	0.038	3.362
3221.400	0.037	3.362
3221.600	0.038	3.362
3221.800	0.038	3.362
3222.000	0.037	3.362
3222.200	0.037	3.362
3222.400	0.038	3.362
3222.600	0.040	3.362
3222.800	0.037	3.362
3223.000	0.037	3.362
3223.200	0.037	3.362
3223.400	0.042	3.362
3223.600	0.039	3.362
3223.800	0.040	3.362
3224.000	0.038	3.362
3224.200	0.040	3.362
3224.400	0.041	3.362
3224.600	0.043	3.362
3224.800	0.039	3.362
3225.000	0.039	3.362
3225.200	0.039	3.362
3225.400	0.038	3.362
3225.600	0.039	3.362
3225.800	0.037	3.362
3226.000	0.038	3.362
3226.200	0.040	3.362
3226.400	0.040	3.362
3226.600	0.040	3.362
3226.800	0.038	3.362
3227.000	0.038	3.362
3227.200	0.038	3.362
3227.400	0.036	3.362
3227.600	0.038	3.362
3227.800	0.038	3.362
3228.000	0.038	3.362
3228.200	0.037	3.362
3228.400	0.036	3.362
3228.600	0.038	3.362
3228.800	0.037	3.362
3229.000	0.038	3.362
3229.200	0.038	3.362
3229.400	0.039	3.362
3229.600	0.039	3.362
3229.800	0.038	3.362
3230.000	0.039	3.362
3230.200	0.040	3.362
3230.400	0.039	3.362
3230.600	0.039	3.362
3230.800	0.040	3.362
3231.000	0.040	3.362
3231.200	0.041	3.362
3231.400	0.040	3.362
3231.600	0.039	3.362
3231.800	0.039	3.362
3232.000	0.039	3.362
3232.200	0.038	3.362
3232.400	0.042	3.362
3232.600	0.039	3.362
3232.800	0.038	3.362
3233.000	0.040	3.362
3233.200	0.040	3.362
3233.400	0.038	3.362
3233.600	0.038	3.362
3233.800	0.040	3.362
3234.000	0.039	3.362
3234.200	0.040	3.362
3234.400	0.038	3.362
3234.600	0.039	3.362
3234.800	0.040	3.362
3235.000	0.040	3.362
3235.200	0.042	3.362
3235.400	0.040	3.362
3235.600	0.040	3.362
3235.800	0.041	3.362
3236.000	0.039	3.362
3236.200	0.040	3.362
3236.400	0.041	3.362
3236.600	0.041	3.362
3236.800	0.040	3.362
3237.000	0.038	3.362
3237.200	0.039	3.362
3237.400	0.039	3.362
3237.600	0.041	3.362
3237.800	0.037	3.362
3238.000	0.038	3.362
3238.200	0.039	3.362
3238.400	0.039	3.362
3238.600	0.039	3.362
3238.800	0.038	3.362
3239.000	0.039	3.362
3239.200	0.040	3.362
3239.400	0.040	3.362
3239.600	0.040	3.362
3239.800	0.041	3.362
3240.000	0.039	3.362
3240.200	0.039	3.362
3240.400	0.040	3.362
3240.600	0.040	3.362
3240.800	0.040	3.362
3241.000	0.039	3.362
3241.200	0.041	3.362
3241.400	0.039	3.362
3241.600	0.039	3.362
3241.800	0.039	3.362
3242.000	0.041	3.362
3242.200	0.039	3.362
3242.400	0.037	3.362
3242.600	0.041	3.362
3242.800	0.041	3.362
3243.000	0.040	3.362
3243.200	0.040	3.362
3243.400	0.039	3.362
3243.600	0.040	3.362
3243.800	0.040	3.362
3244.000	0.040	3.362
3244.200	0.039	3.362
3244.400	0.039	3.362
3244.600	0.039	3.362
3244.800	0.038	3.362
3245.000	0.041	3.362
3245.200	0.040	3.362
3245.400	0.038	3.362
3245.600	0.038	3.362
3245.800	0.039	3.362
3246.000	0.038	3.362
3246.200	0.039	3.362
3246.400	0.037	3.362
3246.600	0.037	3.362
3246.800	0.038	3.362
3247.000	0.037	3.362
3247.200	0.036	3.362
3247.400	0.036	3.362
3247.600	0.039	3.362
3247.800	0.039	3.362
3248.000	0.038	3.362
3248.200	0.037	3.362
3248.400	0.037	3.362
3248.600	0.038	3.362
3248.800	0.038	3.362
3249.000	0.037	3.362
3249.200	0.038	3.362
3249.400	0.039	3.362
3249.600	0.038	3.362
3249.800	0.038	3.362
3250.000	0.037	3.362
3250.200	0.038	3.362
3250.400	0.038	3.362
3250.600	0.038	3.362
3250.800	0.038	3.362
3251.000	0.038	3.362
3251.200	0.038	3.362
3251.400	0.038	3.362
3251.600	0.035	3.362
3251.800	0.038	3.362
3252.000	0.037	3.362
3252.200	0.038	3.362
3252.400	0.036	3.362
3252.600	0.038	3.362
3252.800	0.038	3.362
3253.000	0.038	3.362
3253.200	0.038	3.362
3253.400	0.038	3.362
3253.600	0.038	3.362
3253.800	0.038	3.362
3254.000	0.037	3.362
3254.200	0.038	3.362
3254.400	0.038	3.362
3254.600	0.038	3.362
3254.800	0.038	3.362
3255.000	0.039	3.362
3255.200	0.039	3.362
3255.400	0.037	3.362
3255.600	0.038	3.362
3255.800	0.038	3.362
3256.000	0.039	3.362
3256.200	0.039	3.362
3256.400	0.038	3.362
3256.600	0.039	3.362
3256.800	0.038	3.362
3257.000	0.038	3.362
3257.200	0.038	3.362
3257.400	0.037	3.362
3257.600	0.038	3.362
3257.800	0.039	3.362
3258.000	0.036	3.362
3258.200	0.038	3.362
3258.400	0.039	3.362
3258.600	0.037	3.362
3258.800	0.038	3.362
3259.000	0.037	3.362
3259.200	0.036	3.362
3259.400	0.038	3.362
3259.600	0.036	3.362
3259.800	0.036	3.362
3260.000	0.036	3.362
3260.200	0.036	3.362
3260.400	0.037	3.361
3260.600	0.037	3.362
3260.800	0.037	3.362
3261.000	0.036	3.362
3261.200	0.038	3.362
3261.400	0.037	3.362
3261.600	0.038	3.362
3261.800	0.038	3.362
3262.000	0.037	3.362
3262.200	0.037	3.361
3262.400	0.037	3.362
3262.600	0.038	3.362
3262.800	0.036	3.362
3263.000	0.038	3.362
3263.200	0.038	3.362
3263.400	0.038	3.362
3263.600	0.041	3.362
3263.800	0.040	3.362
3264.000	0.040	3.362
3264.200	0.040	3.362
3264.400	0.037	3.362
3264.600	0.039	3.362
3264.800	0.037	3.362
3265.000	0.039	3.362
3265.200	0.037	3.362
3265.400	0.037	3.362
3265.600	0.037	3.362
3265.800	0.038	3.362
3266.000	0.037	3.362
3266.200	0.038	3.362
3266.400	0.038	3.362
3266.600	0.038	3.362
3266.800	0.039	3.362
3267.000	0.037	3.362
3267.200	0.039	3.362
3267.400	0.039	3.362
3267.600	0.038	3.362
3267.800	0.038	3.362
3268.000	0.038	3.362
3268.200	0.038	3.362
3268.400	0.037	3.362
3268.600	0.039	3.362
3268.800	0.038	3.362
3269.000	0.038	3.362
3269.200	0.038	3.362
3269.400	0.038	3.362
3269.600	0.039	3.362
3269.800	0.036	3.362
3270.000	0.037	3.362
3270.200	0.037	3.362
3270.400	0.037	3.362
3270.600	0.036	3.362
3270.800	0.037	3.362
3271.000	0.037	3.362
3271.200	0.037	3.362
3271.400	0.039	3.362
3271.600	0.037	3.362
3271.800	0.036	3.362
3272.000	0.038	3.362
3272.200	0.038	3.362
3272.400	0.038	3.362
3272.600	0.036	3.362
3272.800	0.039	3.362
3273.000	0.039	3.362
3273.200	0.037	3.362
3273.400	0.038	3.362
3273.600	0.038	3.362
3273.800	0.040	3.362
3274.000	0.038	3.362
3274.200	0.040	3.362
3274.400	0.038	3.362
3274.600	0.038	3.362
3274.800	0.039	3.362
3275.000	0.039	3.362
3275.200	0.037	3.362
3275.400	0.037	3.362
3275.600	0.037	3.362
3275.800	0.038	3.362
3276.000	0.039	3.362
3276.200	0.040	3.362
3276.400	0.040	3.362
3276.600	0.040	3.362
3276.800	0.040	3.362
3277.000	0.041	3.362
3277.200	0.040	3.362
3277.400	0.039	3.362
3277.600	0.039	3.362
3277.800	0.039	3.362
3278.000	0.039	3.362
3278.200	0.038	3.362
3278.400	0.042	3.362
3278.600	0.040	3.362
3278.800	0.038	3.362
3279.000	0.039	3.362
3279.200	0.039	3.362
3279.400	0.040	3.362
3279.600	0.040	3.362
3279.800	0.038	3.362
3280.000	0.041	3.362
3280.200	0.040	3.362
3280.400	0.038	3.362
3280.600	0.039	3.362
3280.800	0.041	3.362
3281.000	0.041	3.362
3281.200	0.042	3.362
3281.400	0.041	3.362
3281.600	0.041	3.362
3281.800	0.040	3.362
3282.000	0.039	3.362
3282.200	0.040	3.362
3282.400	0.041	3.362
3282.600	0.040	3.362
3282.800	0.040	3.362
3283.000	0.040	3.362
3283.200	0.040	3.362
3283.400	0.040	3.362
3283.600	0.041	3.362
3283.800	0.040	3.362
3284.000	0.042	3.362
3284.200	0.040	3.362
3284.400	0.041	3.362
3284.600	0.040	3.362
3284.800	0.040	3.362
3285.000	0.038	3.362
3285.200	0.041	3.362
3285.400	0.040	3.362
3285.600	0.041	3.362
3285.800	0.040	3.362
3286.000	0.042	3.362
3286.200	0.040	3.362
3286.400	0.041	3.362
3286.600	0.041	3.362
3286.800	0.041	3.362
3287.000	0.042	3.362
3287.200	0.040	3.362
3287.400	0.041	3.362
3287.600	0.037	3.361
3287.800	0.040	3.362
3288.000	0.039	3.362
3288.200	0.039	3.362
3288.400	0.040	3.362
3288.600	0.039	3.362
3288.800	0.040	3.362
3289.000	0.041	3.362
3289.200	0.039	3.362
3289.400	0.039	3.362
3289.600	0.038	3.362
3289.800	0.042	3.362
3290.000	0.040	3.362
3290.200	0.038	3.362
3290.400	0.040	3.362
3290.600	0.041	3.362
3290.800	0.038	3.362
3291.000	0.039	3.362
3291.200	0.039	3.362
3291.400	0.039	3.362
3291.600	0.039	3.362
3291.800	0.040	3.362
3292.000	0.040	3.362
3292.200	0.040	3.362
3292.400	0.039	3.362
3292.600	0.038	3.362
3292.800	0.037	3.362
3293.000	0.038	3.362
3293.200	0.038	3.362
3293.400	0.037	3.362
3293.600	0.039	3.362
3293.800	0.038	3.362
3294.000	0.039	3.362
3294.200	0.039	3.362
3294.400	0.038	3.362
3294.600	0.039	3.362
3294.800	0.038	3.362
3295.000	0.039	3.362
3295.200	0.037	3.362
3295.400	0.039	3.362
3295.600	0.039	3.362
3295.800	0.038	3.362
3296.000	0.038	3.362
3296.200	0.037	3.362
3296.400	0.038	3.362
3296.600	0.039	3.362
3296.800	0.040	3.362
3297.000	0.038	3.362
3297.200	0.036	3.361
3297.400	0.036	3.362
3297.600	0.037	3.362
3297.800	0.038	3.362
3298.000	0.038	3.362
3298.200	0.038	3.362
3298.400	0.036	3.361
3298.600	0.038	3.362
3298.800	0.038	3.362
3299.000	0.038	3.362
3299.200	0.036	3.362
3299.400	0.038	3.362
3299.600	0.038	3.362
3299.800	0.037	3.362
3300.000	0.039	3.362
3300.200	0.038	3.362
3300.400	0.038	3.362
3300.600	0.039	3.362
3300.800	0.039	3.362
3301.000	0.039	3.362
3301.200	0.039	3.362
3301.400	0.039	3.362
3301.600	0.037	3.362
3301.800	0.041	3.362
3302.000	0.040	3.362
3302.200	0.039	3.361
3302.400	0.040	3.362
3302.600	0.038	3.362
3302.800	0.039	3.362
3303.000	0.037	3.361
3303.200	0.038	3.362
3303.400	0.039	3.362
3303.600	0.037	3.362
3303.800	0.038	3.362
3304.000	0.038	3.362
3304.200	0.039	3.362
3304.400	0.037	3.362
3304.600	0.038	3.362
3304.800	0.037	3.362
3305.000	0.036	3.362
3305.200	0.037	3.362
3305.400	0.038	3.362
3305.600	0.037	3.362
3305.800	0.038	3.362
3306.000	0.036	3.362
3306.200	0.039	3.362
3306.400	0.038	3.362
3306.600	0.037	3.361
3306.800	0.037	3.362
3307.000	0.037	3.362
3307.200	0.036	3.362
3307.400	0.038	3.362
3307.600	0.038	3.362
3307.800	0.038	3.361
3308.000	0.038	3.362
3308.200	0.042	3.362
3308.400	0.039	3.362
3308.600	0.039	3.362
3308.800	0.037	3.362
3309.000	0.037	3.362
3309.200	0.038	3.362
3309.400	0.039	3.362
3309.600	0.038	3.362
3309.800	0.037	3.361
3310.000	0.038	3.362
3310.200	0.037	3.361
3310.400	0.039	3.362
3310.600	0.038	3.361
3310.800	0.037	3.361
3311.000	0.038	3.361
3311.200	0.036	3.361
3311.400	0.039	3.362
3311.600	0.037	3.362
3311.800	0.038	3.361
3312.000	0.040	3.362
3312.200	0.040	3.362
3312.400	0.039	3.362
3312.600	0.040	3.362
3312.800	0.038	3.361
3313.000	0.039	3.361
3313.200	0.040	3.361
3313.400	0.038	3.361
3313.600	0.039	3.362
3313.800	0.038	3.362
3314.000	0.036	3.361
3314.200	0.038	3.362
3314.400	0.039	3.362
3314.600	0.036	3.362
3314.800	0.038	3.362
3315.000	0.035	3.361
3315.200	0.036	3.362
3315.400	0.036	3.361
3315.600	0.038	3.362
3315.800	0.037	3.362
3316.000	0.037	3.362
3316.200	0.037	3.362
3316.400	0.036	3.361
3316.600	0.039	3.362
3316.800	0.037	3.362
3317.000	0.036	3.361
3317.200	0.037	3.361
3317.400	0.037	3.361
3317.600	0.038	3.362
3317.800	0.039	3.362
3318.000	0.039	3.362
3318.200	0.040	3.362
3318.400	0.041	3.362
3318.600	0.038	3.362
3318.800	0.039	3.362
3319.000	0.037	3.362
3319.200	0.038	3.362
3319.400	0.036	3.362
3319.600	0.039	3.362
3319.800	0.036	3.362
3320.000	0.039	3.362
3320.200	0.039	3.362
3320.400	0.039	3.362
3320.600	0.037	3.362
3320.800	0.038	3.362
3321.000	0.038	3.361
3321.200	0.038	3.362
3321.400	0.038	3.362
3321.600	0.036	3.362
3321.800	0.038	3.362
3322.000	0.036	3.362
3322.200	0.037	3.362
3322.400	0.038	3.362
3322.600	0.039	3.362
3322.800	0.036	3.361
3323.000	0.037	3.362
3323.200	0.037	3.361
3323.400	0.037	3.362
3323.600	0.036	3.361
3323.800	0.037	3.362
3324.000	0.038	3.362
3324.200	0.039	3.362
3324.400	0.041	3.362
3324.600	0.039	3.362
3324.800	0.038	3.362
3325.000	0.037	3.361
3325.200	0.037	3.362
3325.400	0.038	3.362
3325.600	0.039	3.361
3325.800	0.037	3.362
3326.000	0.038	3.362
3326.200	0.039	3.362
3326.400	0.039	3.362
3326.600	0.040	3.362
3326.800	0.039	3.361
3327.000	0.037	3.361
3327.200	0.040	3.362
3327.400	0.039	3.362
3327.600	0.037	3.362
3327.800	0.038	3.362
3328.000	0.037	3.361
3328.200	0.038	3.362
3328.400	0.035	3.361
3328.600	0.038	3.361
3328.800	0.037	3.361
3329.000	0.037	3.361
3329.200	0.036	3.362
3329.400	0.036	3.361
3329.600	0.038	3.361
3329.800	0.038	3.361
3330.000	0.038	3.362
3330.200	0.036	3.361
3330.400	0.038	3.362
3330.600	0.036	3.361
3330.800	0.035	3.361
3331.000	0.037	3.361
3331.200	0.036	3.362
3331.400	0.035	3.361
3331.600	0.036	3.361
3331.800	0.037	3.362
3332.000	0.037	3.361
3332.200	0.038	3.362
3332.400	0.038	3.361
3332.600	0.037	3.361
3332.800	0.038	3.361
3333.000	0.035	3.361
3333.200	0.039	3.362
3333.400	0.039	3.361
3333.600	0.037	3.362
3333.800	0.037	3.361
3334.000	0.039	3.362
3334.200	0.039	3.361
3334.400	0.038	3.361
3334.600	0.038	3.361
3334.800	0.038	3.361
3335.000	0.039	3.362
3335.200	0.037	3.361
3335.400	0.037	3.361
3335.600	0.038	3.361
3335.800	0.036	3.361
3336.000	0.037	3.361
3336.200	0.037	3.361
3336.400	0.038	3.361
3336.600	0.037	3.361
3336.800	0.037	3.361
3337.000	0.039	3.361
3337.200	0.039	3.361
3337.400	0.037	3.361
3337.600	0.037	3.362
3337.800	0.036	3.361
3338.000	0.036	3.361
3338.200	0.037	3.362
3338.400	0.036	3.361
3338.600	0.037	3.361
3338.800	0.037	3.361
3339.000	0.040	3.362
3339.200	0.037	3.361
3339.400	0.036	3.362
3339.600	0.035	3.361
3339.800	0.037	3.361
3340.000	0.038	3.361
3340.200	0.039	3.362
3340.400	0.039	3.362
3340.600	0.037	3.362
3340.800	0.040	3.362
3341.000	0.037	3.361
3341.200	0.038	3.361
3341.400	0.038	3.361
3341.600	0.038	3.361
3341.800	0.039	3.361
3342.000	0.039	3.362
3342.200	0.037	3.362
3342.400	0.036	3.362
3342.600	0.037	3.361
3342.800	0.037	3.361
3343.000	0.036	3.361
3343.200	0.036	3.361
3343.400	0.035	3.361
3343.600	0.036	3.361
3343.800	0.035	3.361
3344.000	0.036	3.361
3344.200	0.037	3.362
3344.400	0.037	3.361
3344.600	0.037	3.361
3344.800	0.037	3.361
3345.000	0.038	3.362
3345.200	0.037	3.361
3345.400	0.039	3.362
3345.600	0.038	3.362
3345.800	0.037	3.362
3346.000	0.037	3.362
3346.200	0.037	3.362
3346.400	0.037	3.361
3346.600	0.037	3.362
3346.800	0.036	3.361
3347.000	0.039	3.361
3347.200	0.039	3.361
3347.400	0.039	3.361
3347.600	0.038	3.361
3347.800	0.038	3.362
3348.000	0.038	3.361
3348.200	0.039	3.361
3348.400	0.038	3.361
3348.600	0.038	3.362
3348.800	0.037	3.361
3349.000	0.036	3.361
3349.200	0.039	3.361
3349.400	0.038	3.362
3349.600	0.036	3.361
3349.800	0.038	3.362
3350.000	0.039	3.362
3350.200	0.038	3.361
3350.400	0.039	3.362
3350.600	0.039	3.362
3350.800	0.037	3.361
3351.000	0.039	3.361
3351.200	0.039	3.362
3351.400	0.039	3.362
3351.600	0.037	3.361
3351.800	0.039	3.361
3352.000	0.037	3.361
3352.200	0.039	3.361
3352.400	0.040	3.362
3352.600	0.040	3.362
3352.800	0.038	3.362
3353.000	0.037	3.361
3353.200	0.037	3.362
3353.400	0.037	3.362
3353.600	0.039	3.362
3353.800	0.037	3.361
3354.000	0.036	3.361
3354.200	0.035	3.361
3354.400	0.037	3.361
3354.600	0.037	3.361
3354.800	0.036	3.361
3355.000	0.039	3.361
3355.200	0.038	3.361
3355.400	0.037	3.362
3355.600	0.037	3.361
3355.800	0.038	3.362
3356.000	0.038	3.361
3356.200	0.036	3.361
3356.400	0.038	3.361
3356.600	0.040	3.362
3356.800	0.038	3.361
3357.000	0.038	3.361
3357.200	0.039	3.362
3357.400	0.038	3.362
3357.600	0.036	3.362
3357.800	0.036	3.361
3358.000	0.037	3.362
3358.200	0.039	3.362
3358.400	0.038	3.361
3358.600	0.038	3.361
3358.800	0.036	3.361
3359.000	0.039	3.362
3359.200	0.038	3.362
3359.400	0.036	3.361
3359.600	0.038	3.362
3359.800	0.037	3.361
3360.000	0.038	3.362
3360.200	0.039	3.362
3360.400	0.037	3.361
3360.600	0.037	3.362
3360.800	0.038	3.362
3361.000	0.038	3.361
3361.200	0.038	3.361
3361.400	0.040	3.361
3361.600	0.036	3.361
3361.800	0.037	3.361
3362.000	0.039	3.362
3362.200	0.037	3.361
3362.400	0.037	3.361
3362.600	0.036	3.361
3362.800	0.037	3.362
3363.000	0.035	3.361
3363.200	0.037	3.362
3363.400	0.036	3.361
3363.600	0.035	3.361
3363.800	0.040	3.361
3364.000	0.039	3.361
3364.200	0.037	3.361
3364.400	0.039	3.362
3364.600	0.038	3.362
3364.800	0.040	3.362
3365.000	0.039	3.362
3365.200	0.038	3.362
3365.400	0.037	3.361
3365.600	0.039	3.362
3365.800	0.038	3.362
3366.000	0.037	3.361
3366.200	0.037	3.361
3366.400	0.038	3.361
3366.600	0.038	3.361
3366.800	0.037	3.361
3367.000	0.037	3.361
3367.200	0.038	3.361
3367.400	0.037	3.361
3367.600	0.036	3.361
3367.800	0.036	3.361
3368.000	0.036	3.361
3368.200	0.036	3.361
3368.400	0.038	3.361
3368.600	0.036	3.361
3368.800	0.037	3.361
3369.000	0.036	3.361
3369.200	0.035	3.361
3369.400	0.036	3.361
3369.600	0.038	3.361
3369.800	0.036	3.361
3370.000	0.036	3.361
3370.200	0.036	3.361
3370.400	0.039	3.361
3370.600	0.038	3.361
3370.800	0.038	3.361
3371.000	0.038	3.361
3371.200	0.039	3.361
3371.400	0.039	3.361
3371.600	0.037	3.361
3371.800	0.036	3.361
3372.000	0.036	3.361
3372.200	0.038	3.361
3372.400	0.039	3.361
3372.600	0.038	3.361
3372.800	0.037	3.361
3373.000	0.038	3.361
3373.200	0.037	3.361
3373.400	0.039	3.362
3373.600	0.039	3.362
3373.800	0.038	3.361
3374.000	0.037	3.361
3374.200	0.039	3.362
3374.400	0.038	3.361
3374.600	0.041	3.361
3374.800	0.039	3.361
3375.000	0.038	3.361
3375.200	0.040	3.361
3375.400	0.039	3.361
3375.600	0.039	3.361
3375.800	0.039	3.361
3376.000	0.041	3.362
3376.200	0.039	3.361
3376.400	0.040	3.361
3376.600	0.040	3.361
3376.800	0.040	3.362
3377.000	0.041	3.362
3377.200	0.040	3.361
3377.400	0.041	3.361
3377.600	0.039	3.361
3377.800	0.041	3.362
3378.000	0.040	3.362
3378.200	0.041	3.361
3378.400	0.042	3.361
3378.600	0.041	3.361
3378.800	0.042	3.362
3379.000	0.041	3.361
3379.200	0.040	3.361
3379.400	0.038	3.361
3379.600	0.041	3.361
3379.800	0.040	3.362
3380.000	0.040	3.361
3380.200	0.040	3.361
3380.400	0.037	3.361
3380.600	0.041	3.362
3380.800	0.038	3.361
3381.000	0.039	3.361
3381.200	0.040	3.362
3381.400	0.039	3.361
3381.600	0.041	3.361
3381.800	0.040	3.361
3382.000	0.041	3.361
3382.200	0.040	3.361
3382.400	0.041	3.362
3382.600	0.040	3.362
3382.800	0.039	3.362
3383.000	0.039	3.362
3383.200	0.041	3.361
3383.400	0.040	3.361
3383.600	0.039	3.361
3383.800	0.041	3.362
3384.000	0.041	3.362
3384.200	0.040	3.361
3384.400	0.040	3.361
3384.600	0.040	3.361
3384.800	0.041	3.361
3385.000	0.042	3.362
3385.200	0.039	3.362
3385.400	0.040	3.361
3385.600	0.041	3.362
3385.800	0.041	3.361
3386.000	0.039	3.361
3386.200	0.041	3.361
3386.400	0.042	3.361
3386.600	0.039	3.361
3386.800	0.039	3.361
3387.000	0.039	3.361
3387.200	0.039	3.361
3387.400	0.039	3.361
3387.600	0.038	3.361
3387.800	0.041	3.362
3388.000	0.037	3.361
3388.200	0.037	3.361
3388.400	0.039	3.361
3388.600	0.038	3.361
3388.800	0.038	3.361
3389.000	0.040	3.362
3389.200	0.039	3.361
3389.400	0.041	3.361
3389.600	0.041	3.361
3389.800	0.040	3.361
3390.000	0.040	3.361
3390.200	0.042	3.361
3390.400	0.040	3.361
3390.600	0.038	3.361
3390.800	0.041	3.361
3391.000	0.042	3.362
3391.200	0.039	3.361
3391.400	0.039	3.361
3391.600	0.040	3.361
3391.800	0.039	3.361
3392.000	0.040	3.361
3392.200	0.041	3.361
3392.400	0.041	3.361
3392.600	0.041	3.361
3392.800	0.041	3.361
3393.000	0.041	3.361
3393.200	0.039	3.361
3393.400	0.039	3.361
3393.600	0.038	3.361
3393.800	0.039	3.361
3394.000	0.039	3.361
3394.200	0.040	3.361
3394.400	0.040	3.361
3394.600	0.040	3.361
3394.800	0.040	3.361
3395.000	0.041	3.361
3395.200	0.040	3.361
3395.400	0.040	3.361
3395.600	0.041	3.362
3395.800	0.041	3.361
3396.000	0.039	3.361
3396.200	0.037	3.361
3396.400	0.039	3.361
3396.600	0.039	3.361
3396.800	0.037	3.361
3397.000	0.039	3.361
3397.200	0.040	3.361
3397.400	0.038	3.361
3397.600	0.038	3.361
3397.800	0.041	3.362
3398.000	0.039	3.361
3398.200	0.037	3.361
3398.400	0.037	3.361
3398.600	0.039	3.362
3398.800	0.040	3.362
3399.000	0.039	3.361
3399.200	0.040	3.362
3399.400	0.040	3.361
3399.600	0.042	3.361
3399.800	0.042	3.362
3400.000	0.040	3.362
3400.200	0.041	3.361
3400.400	0.040	3.361
3400.600	0.039	3.362
3400.800	0.041	3.361
3401.000	0.041	3.362
3401.200	0.040	3.362
3401.400	0.042	3.361
3401.600	0.041	3.362
3401.800	0.043	3.362
3402.000	0.042	3.362
3402.200	0.042	3.362
3402.400	0.041	3.361
3402.600	0.040	3.362
3402.800	0.042	3.361
3403.000	0.041	3.362
3403.200	0.040	3.361
3403.400	0.040	3.361
3403.600	0.041	3.361
3403.800	0.041	3.361
3404.000	0.040	3.361
3404.200	0.040	3.362
3404.400	0.040	3.361
3404.600	0.039	3.361
3404.800	0.040	3.361
3405.000	0.040	3.362
3405.200	0.041	3.362
3405.400	0.040	3.361
3405.600	0.040	3.361
3405.800	0.040	3.361
3406.000	0.042	3.362
3406.200	0.041	3.361
3406.400	0.041	3.361
3406.600	0.040	3.361
3406.800	0.039	3.361
3407.000	0.040	3.361
3407.200	0.039	3.361
3407.400	0.040	3.362
3407.600	0.041	3.361
3407.800	0.041	3.361
3408.000	0.040	3.361
3408.200	0.039	3.361
3408.400	0.042	3.361
3408.600	0.041	3.361
3408.800	0.042	3.361
3409.000	0.041	3.361
3409.200	0.042	3.361
3409.400	0.041	3.362
3409.600	0.041	3.361
3409.800	0.042	3.362
3410.000	0.041	3.361
3410.200	0.042	3.361
3410.400	0.042	3.361
3410.600	0.040	3.361
3410.800	0.039	3.361
3411.000	0.041	3.361
3411.200	0.041	3.361
3411.400	0.042	3.361
3411.600	0.042	3.361
3411.800	0.042	3.361
3412.000	0.041	3.361
3412.200	0.040	3.361
3412.400	0.042	3.361
3412.600	0.040	3.361
3412.800	0.041	3.361
3413.000	0.042	3.361
3413.200	0.042	3.361
3413.400	0.042	3.361
3413.600	0.043	3.362
3413.800	0.042	3.361
3414.000	0.042	3.361
3414.200	0.042	3.361
3414.400	0.042	3.361
3414.600	0.044	3.362
3414.800	0.043	3.361
3415.000	0.044	3.362
3415.200	0.042	3.362
3415.400	0.040	3.361
3415.600	0.041	3.361
3415.800	0.043	3.361
3416.000	0.042	3.361
3416.200	0.041	3.361
3416.400	0.043	3.361
3416.600	0.042	3.362
3416.800	0.043	3.361
3417.000	0.043	3.361
3417.200	0.041	3.361
3417.400	0.042	3.362
3417.600	0.043	3.361
3417.800	0.042	3.361
3418.000	0.044	3.362
3418.200	0.043	3.362
3418.400	0.043	3.362
3418.600	0.042	3.361
3418.800	0.042	3.362
3419.000	0.044	3.362
3419.200	0.043	3.362
3419.400	0.042	3.362
3419.600	0.043	3.362
3419.800	0.043	3.362
3420.000	0.044	3.362
3420.200	0.043	3.361
3420.400	0.043	3.362
3420.600	0.043	3.361
3420.800	0.041	3.361
3421.000	0.043	3.362
3421.200	0.043	3.362
3421.400	0.043	3.362
3421.600	0.041	3.362
3421.800	0.043	3.362
3422.000	0.043	3.362
3422.200	0.042	3.362
3422.400	0.044	3.361
3422.600	0.042	3.362
3422.800	0.042	3.362
3423.000	0.044	3.362
3423.200	0.043	3.362
3423.400	0.042	3.361
3423.600	0.042	3.361
3423.800	0.042	3.361
3424.000	0.041	3.361
3424.200	0.042	3.361
3424.400	0.043	3.362
3424.600	0.041	3.361
3424.800	0.041	3.361
3425.000	0.041	3.361
3425.200	0.042	3.361
3425.400	0.042	3.361
3425.600	0.041	3.361
3425.800	0.041	3.361
3426.000	0.042	3.361
3426.200	0.043	3.361
3426.400	0.041	3.361
3426.600	0.042	3.362
3426.800	0.042	3.361
3427.000	0.042	3.361
3427.200	0.040	3.361
3427.400	0.040	3.361
3427.600	0.041	3.361
3427.800	0.040	3.361
3428.000	0.040	3.362
3428.200	0.040	3.362
3428.400	0.041	3.361
3428.600	0.043	3.362
3428.800	0.043	3.361
3429.000	0.042	3.361
3429.200	0.043	3.361
3429.400	0.040	3.361
3429.600	0.043	3.361
3429.800	0.044	3.361
3430.000	0.041	3.361
3430.200	0.042	3.362
3430.400	0.044	3.361
3430.600	0.044	3.362
3430.800	0.043	3.361
3431.000	0.042	3.362
3431.200	0.043	3.361
3431.400	0.044	3.361
3431.600	0.042	3.361
3431.800	0.042	3.361
3432.000	0.043	3.361
3432.200	0.041	3.361
3432.400	0.044	3.361
3432.600	0.043	3.362
3432.800	0.044	3.362
3433.000	0.042	3.361
3433.200	0.043	3.362
3433.400	0.043	3.362
3433.600	0.043	3.361
3433.800	0.043	3.362
3434.000	0.043	3.361
3434.200	0.044	3.362
3434.400	0.043	3.361
3434.600	0.042	3.361
3434.800	0.041	3.361
3435.000	0.040	3.361
3435.200	0.041	3.361
3435.400	0.042	3.361
3435.600	0.042	3.361
3435.800	0.041	3.361
3436.000	0.043	3.361
3436.200	0.042	3.361
3436.400	0.041	3.361
3436.600	0.040	3.361
3436.800	0.043	3.361
3437.000	0.042	3.361
3437.200	0.041	3.361
3437.400	0.042	3.361
3437.600	0.041	3.361
3437.800	0.042	3.361
3438.000	0.040	3.361
3438.200	0.040	3.361
3438.400	0.040	3.361
3438.600	0.041	3.361
3438.800	0.039	3.361
3439.000	0.041	3.361
3439.200	0.040	3.361
3439.400	0.041	3.361
3439.600	0.040	3.361
3439.800	0.040	3.361
3440.000	0.041	3.361
3440.200	0.041	3.361
3440.400	0.040	3.361
3440.600	0.040	3.361
3440.800	0.039	3.361
3441.000	0.041	3.361
3441.200	0.041	3.361
3441.400	0.041	3.361
3441.600	0.043	3.361
3441.800	0.042	3.361
3442.000	0.041	3.361
3442.200	0.041	3.361
3442.400	0.041	3.361
3442.600	0.040	3.361
3442.800	0.041	3.361
3443.000	0.039	3.361
3443.200	0.041	3.361
3443.400	0.041	3.361
3443.600	0.040	3.361
3443.800	0.040	3.361
3444.000	0.041	3.361
3444.200	0.041	3.361
3444.400	0.041	3.361
3444.600	0.039	3.361
3444.800	0.040	3.361
3445.000	0.039	3.361
3445.200	0.039	3.361
3445.400	0.040	3.361
3445.600	0.041	3.361
3445.800	0.041	3.361
3446.000	0.042	3.361
3446.200	0.039	3.361
3446.400	0.040	3.361
3446.600	0.042	3.361
3446.800	0.041	3.361
3447.000	0.040	3.361
3447.200	0.042	3.362
3447.400	0.041	3.361
3447.600	0.042	3.361
3447.800	0.042	3.361
3448.000	0.041	3.361
3448.200	0.042	3.361
3448.400	0.042	3.361
3448.600	0.041	3.361
3448.800	0.040	3.361
3449.000	0.041	3.361
3449.200	0.041	3.361
3449.400	0.042	3.361
3449.600	0.041	3.361
3449.800	0.041	3.361
3450.000	0.040	3.361
3450.200	0.040	3.361
3450.400	0.038	3.361
3450.600	0.040	3.361
3450.800	0.040	3.361
3451.000	0.041	3.361
3451.200	0.040	3.361
3451.400	0.041	3.361
3451.600	0.041	3.361
3451.800	0.040	3.361
3452.000	0.040	3.361
3452.200	0.039	3.361
3452.400	0.040	3.361
3452.600	0.039	3.361
3452.800	0.041	3.361
3453.000	0.040	3.361
3453.200	0.040	3.361
3453.400	0.041	3.361
3453.600	0.039	3.361
3453.800	0.041	3.361
3454.000	0.040	3.361
3454.200	0.040	3.361
3454.400	0.042	3.361
3454.600	0.038	3.361
3454.800	0.039	3.361
3455.000	0.041	3.361
3455.200	0.042	3.361
3455.400	0.040	3.361
3455.600	0.039	3.361
3455.800	0.041	3.361
3456.000	0.041	3.361
3456.200	0.039	3.361
3456.400	0.041	3.361
3456.600	0.038	3.361
3456.800	0.040	3.361
3457.000	0.039	3.361
3457.200	0.038	3.361
3457.400	0.039	3.361
3457.600	0.040	3.361
3457.800	0.039	3.361
3458.000	0.038	3.361
3458.200	0.041	3.361
3458.400	0.039	3.361
3458.600	0.040	3.361
3458.800	0.039	3.361
3459.000	0.039	3.361
3459.200	0.038	3.361
3459.400	0.038	3.361
3459.600	0.039	3.361
3459.800	0.039	3.361
3460.000	0.041	3.361
3460.200	0.040	3.361
3460.400	0.040	3.361
3460.600	0.040	3.361
3460.800	0.040	3.361
3461.000	0.040	3.361
3461.200	0.037	3.361
3461.400	0.038	3.361
3461.600	0.040	3.361
3461.800	0.040	3.361
3462.000	0.041	3.361
3462.200	0.040	3.361
3462.400	0.042	3.361
3462.600	0.039	3.361
3462.800	0.039	3.361
3463.000	0.040	3.361
3463.200	0.038	3.361
3463.400	0.038	3.361
3463.600	0.039	3.361
3463.800	0.038	3.361
3464.000	0.038	3.361
3464.200	0.038	3.361
3464.400	0.040	3.361
3464.600	0.039	3.361
3464.800	0.037	3.361
3465.000	0.038	3.361
3465.200	0.040	3.361
3465.400	0.040	3.361
3465.600	0.039	3.361
3465.800	0.040	3.361
3466.000	0.041	3.361
3466.200	0.040	3.361
3466.400	0.041	3.361
3466.600	0.041	3.361
3466.800	0.040	3.361
3467.000	0.041	3.361
3467.200	0.042	3.361
3467.400	0.042	3.361
3467.600	0.041	3.361
3467.800	0.040	3.361
3468.000	0.042	3.361
3468.200	0.042	3.361
3468.400	0.039	3.361
3468.600	0.040	3.361
3468.800	0.042	3.361
3469.000	0.039	3.361
3469.200	0.037	3.361
3469.400	0.040	3.361
3469.600	0.039	3.361
3469.800	0.041	3.361
3470.000	0.041	3.361
3470.200	0.040	3.361
3470.400	0.041	3.361
3470.600	0.041	3.361
3470.800	0.041	3.361
3471.000	0.040	3.361
3471.200	0.041	3.361
3471.400	0.038	3.361
3471.600	0.040	3.361
3471.800	0.039	3.361
3472.000	0.040	3.361
3472.200	0.040	3.361
3472.400	0.040	3.361
3472.600	0.041	3.361
3472.800	0.041	3.361
3473.000	0.041	3.361
3473.200	0.041	3.361
3473.400	0.041	3.361
3473.600	0.040	3.361
3473.800	0.042	3.361
3474.000	0.040	3.361
3474.200	0.039	3.361
3474.400	0.038	3.361
3474.600	0.040	3.361
3474.800	0.040	3.361
3475.000	0.042	3.361
3475.200	0.041	3.361
3475.400	0.041	3.361
3475.600	0.041	3.361
3475.800	0.040	3.361
3476.000	0.041	3.361
3476.200	0.039	3.361
3476.400	0.039	3.361
3476.600	0.039	3.361
3476.800	0.041	3.361
3477.000	0.041	3.361
3477.200	0.041	3.361
3477.400	0.041	3.361
3477.600	0.041	3.361
3477.800	0.040	3.361
3478.000	0.041	3.361
3478.200	0.040	3.361
3478.400	0.040	3.361
3478.600	0.040	3.361
3478.800	0.040	3.361
3479.000	0.041	3.361
3479.200	0.041	3.361
3479.400	0.042	3.361
3479.600	0.039	3.361
3479.800	0.041	3.361
3480.000	0.040	3.361
3480.200	0.040	3.361
3480.400	0.041	3.361
3480.600	0.043	3.361
3480.800	0.041	3.361
3481.000	0.041	3.361
3481.200	0.040	3.361
3481.400	0.041	3.361
3481.600	0.041	3.361
3481.800	0.039	3.361
3482.000	0.040	3.361
3482.200	0.037	3.361
3482.400	0.041	3.361
3482.600	0.039	3.361
3482.800	0.041	3.361
3483.000	0.040	3.361
3483.200	0.041	3.361
3483.400	0.037	3.361
3483.600	0.040	3.361
3483.800	0.039	3.361
3484.000	0.041	3.361
3484.200	0.041	3.361
3484.400	0.041	3.361
3484.600	0.041	3.361
3484.800	0.040	3.361
3485.000	0.040	3.361
3485.200	0.042	3.361
3485.400	0.040	3.361
3485.600	0.042	3.361
3485.800	0.044	3.362
3486.000	0.043	3.361
3486.200	0.042	3.361
3486.400	0.042	3.361
3486.600	0.042	3.361
3486.800	0.041	3.361
3487.000	0.042	3.361
3487.200	0.041	3.361
3487.400	0.039	3.361
3487.600	0.041	3.361
3487.800	0.041	3.361
3488.000	0.041	3.361
3488.200	0.041	3.361
3488.400	0.041	3.361
3488.600	0.040	3.361
3488.800	0.041	3.361
3489.000	0.040	3.361
3489.200	0.039	3.361
3489.400	0.041	3.361
3489.600	0.041	3.361
3489.800	0.038	3.361
3490.000	0.041	3.361
3490.200	0.039	3.361
3490.400	0.040	3.361
3490.600	0.041	3.361
3490.800	0.040	3.361
3491.000	0.040	3.361
3491.200	0.040	3.361
3491.400	0.040	3.361
3491.600	0.041	3.361
3491.800	0.041	3.361
3492.000	0.041	3.361
3492.200	0.040	3.361
3492.400	0.041	3.361
3492.600	0.040	3.361
3492.800	0.040	3.361
3493.000	0.040	3.361
3493.200	0.040	3.361
3493.400	0.039	3.361
3493.600	0.041	3.361
3493.800	0.039	3.361
3494.000	0.041	3.361
3494.200	0.040	3.361
3494.400	0.038	3.361
3494.600	0.039	3.361
3494.800	0.040	3.361
3495.000	0.042	3.361
3495.200	0.039	3.361
3495.400	0.039	3.361
3495.600	0.038	3.361
3495.800	0.039	3.361
3496.000	0.039	3.361
3496.200	0.038	3.361
3496.400	0.040	3.361
3496.600	0.041	3.361
3496.800	0.041	3.361
3497.000	0.040	3.361
3497.200	0.039	3.361
3497.400	0.041	3.361
3497.600	0.040	3.361
3497.800	0.039	3.361
3498.000	0.040	3.361
3498.200	0.038	3.361
3498.400	0.039	3.361
3498.600	0.039	3.361
3498.800	0.040	3.361
3499.000	0.039	3.361
3499.200	0.041	3.361
3499.400	0.041	3.361
3499.600	0.042	3.361
3499.800	0.040	3.361
3500.000	0.038	3.361
3500.200	0.039	3.361
3500.400	0.041	3.361
3500.600	0.040	3.361
3500.800	0.042	3.361
3501.000	0.040	3.361
3501.200	0.041	3.361
3501.400	0.039	3.361
3501.600	0.039	3.361
3501.800	0.043	3.361
3502.000	0.039	3.361
3502.200	0.038	3.361
3502.400	0.043	3.361
3502.600	0.041	3.361
3502.800	0.040	3.361
3503.000	0.038	3.361
3503.200	0.039	3.361
3503.400	0.039	3.361
3503.600	0.039	3.361
3503.800	0.041	3.361
3504.000	0.041	3.361
3504.200	0.041	3.361
3504.400	0.039	3.361
3504.600	0.040	3.361
3504.800	0.041	3.361
3505.000	0.040	3.361
3505.200	0.039	3.361
3505.400	0.039	3.361
3505.600	0.040	3.361
3505.800	0.040	3.361
3506.000	0.040	3.361
3506.200	0.041	3.361
3506.400	0.042	3.361
3506.600	0.041	3.361
3506.800	0.040	3.361
3507.000	0.039	3.361
3507.200	0.040	3.361
3507.400	0.041	3.361
3507.600	0.038	3.361
3507.800	0.041	3.361
3508.000	0.038	3.361
3508.200	0.040	3.361
3508.400	0.041	3.361
3508.600	0.040	3.361
3508.800	0.041	3.361
3509.000	0.039	3.361
3509.200	0.039	3.361
3509.400	0.039	3.361
3509.600	0.039	3.361
3509.800	0.039	3.361
3510.000	0.040	3.361
3510.200	0.039	3.361
3510.400	0.039	3.361
3510.600	0.036	3.361
3510.800	0.040	3.361
3511.000	0.039	3.361
3511.200	0.039	3.361
3511.400	0.040	3.361
3511.600	0.035	3.361
3511.800	0.040	3.361
3512.000	0.037	3.361
3512.200	0.039	3.361
3512.400	0.038	3.361
3512.600	0.039	3.361
3512.800	0.039	3.361
3513.000	0.041	3.361
3513.200	0.039	3.361
3513.400	0.039	3.361
3513.600	0.040	3.361
3513.800	0.039	3.361
3514.000	0.040	3.361
3514.200	0.040	3.361
3514.400	0.040	3.361
3514.600	0.038	3.361
3514.800	0.038	3.361
3515.000	0.037	3.361
3515.200	0.039	3.361
3515.400	0.039	3.361
3515.600	0.037	3.361
3515.800	0.041	3.361
3516.000	0.041	3.361
3516.200	0.039	3.361
3516.400	0.039	3.361
3516.600	0.039	3.361
3516.800	0.038	3.361
3517.000	0.040	3.361
3517.200	0.040	3.361
3517.400	0.040	3.361
3517.600	0.039	3.361
3517.800	0.039	3.361
3518.000	0.039	3.361
3518.200	0.038	3.361
3518.400	0.038	3.361
3518.600	0.039	3.361
3518.800	0.039	3.361
3519.000	0.037	3.361
3519.200	0.037	3.361
3519.400	0.039	3.361
3519.600	0.040	3.361
3519.800	0.039	3.361
3520.000	0.040	3.361
3520.200	0.040	3.361
3520.400	0.040	3.361
3520.600	0.038	3.361
3520.800	0.039	3.361
3521.000	0.039	3.361
3521.200	0.038	3.361
3521.400	0.040	3.361
3521.600	0.040	3.361
3521.800	0.039	3.361
3522.000	0.040	3.361
3522.200	0.039	3.361
3522.400	0.040	3.361
3522.600	0.040	3.361
3522.800	0.040	3.361
3523.000	0.040	3.361
3523.200	0.041	3.361
3523.400	0.039	3.361
3523.600	0.040	3.361
3523.800	0.039	3.361
3524.000	0.040	3.361
3524.200	0.039	3.361
3524.400	0.042	3.361
3524.600	0.039	3.361
3524.800	0.038	3.361
3525.000	0.040	3.361
3525.200	0.038	3.361
3525.400	0.040	3.361
3525.600	0.039	3.361
3525.800	0.039	3.361
3526.000	0.041	3.361
3526.200	0.039	3.361
3526.400	0.037	3.361
3526.600	0.038	3.361
3526.800	0.038	3.361
3527.000	0.039	3.361
3527.200	0.039	3.361
3527.400	0.038	3.361
3527.600	0.039	3.361
3527.800	0.039	3.361
3528.000	0.038	3.361
3528.200	0.039	3.361
3528.400	0.039	3.361
3528.600	0.041	3.361
3528.800	0.040	3.361
3529.000	0.039	3.361
3529.200	0.039	3.361
3529.400	0.039	3.361
3529.600	0.040	3.361
3529.800	0.040	3.361
3530.000	0.038	3.361
3530.200	0.039	3.361
3530.400	0.041	3.361
3530.600	0.040	3.361
3530.800	0.042	3.361
3531.000	0.040	3.361
3531.200	0.040	3.361
3531.400	0.041	3.361
3531.600	0.040	3.361
3531.800	0.038	3.361
3532.000	0.038	3.361
3532.200	0.039	3.361
3532.400	0.040	3.361
3532.600	0.040	3.361
3532.800	0.040	3.361
3533.000	0.041	3.361
3533.200	0.040	3.361
3533.400	0.040	3.361
3533.600	0.040	3.361
3533.800	0.039	3.361
3534.000	0.040	3.361
3534.200	0.040	3.361
3534.400	0.039	3.361
3534.600	0.038	3.361
3534.800	0.038	3.361
3535.000	0.039	3.361
3535.200	0.041	3.361
3535.400	0.039	3.361
3535.600	0.041	3.361
3535.800	0.042	3.361
3536.000	0.039	3.361
3536.200	0.040	3.361
3536.400	0.040	3.361
3536.600	0.040	3.361
3536.800	0.042	3.361
3537.000	0.041	3.361
3537.200	0.043	3.361
3537.400	0.040	3.361
3537.600	0.038	3.361
3537.800	0.041	3.361
3538.000	0.042	3.361
3538.200	0.041	3.361
3538.400	0.040	3.361
3538.600	0.041	3.361
3538.800	0.041	3.361
3539.000	0.042	3.361
3539.200	0.042	3.361
3539.400	0.040	3.361
3539.600	0.038	3.361
3539.800	0.040	3.361
3540.000	0.041	3.361
3540.200	0.042	3.361
3540.400	0.040	3.361
3540.600	0.039	3.361
3540.800	0.039	3.361
3541.000	0.043	3.361
3541.200	0.042	3.361
3541.400	0.041	3.361
3541.600	0.041	3.361
3541.800	0.039	3.361
3542.000	0.040	3.361
3542.200	0.041	3.361
3542.400	0.040	3.361
3542.600	0.040	3.361
3542.800	0.040	3.361
3543.000	0.042	3.361
3543.200	0.042	3.361
3543.400	0.041	3.361
3543.600	0.041	3.361
3543.800	0.040	3.361
3544.000	0.041	3.361
3544.200	0.039	3.361
3544.400	0.040	3.361
3544.600	0.040	3.361
3544.800	0.040	3.361
3545.000	0.040	3.361
3545.200	0.041	3.361
3545.400	0.038	3.361
3545.600	0.040	3.361
3545.800	0.038	3.361
3546.000	0.039	3.361
3546.200	0.040	3.361
3546.400	0.040	3.361
3546.600	0.040	3.361
3546.800	0.038	3.361
3547.000	0.040	3.361
3547.200	0.039	3.361
3547.400	0.039	3.361
3547.600	0.040	3.361
3547.800	0.038	3.361
3548.000	0.039	3.361
3548.200	0.039	3.361
3548.400	0.041	3.361
3548.600	0.038	3.361
3548.800	0.038	3.361
3549.000	0.038	3.361
3549.200	0.038	3.361
3549.400	0.039	3.361
3549.600	0.042	3.361
3549.800	0.040	3.361
3550.000	0.038	3.361
3550.200	0.038	3.361
3550.400	0.037	3.361
3550.600	0.039	3.361
3550.800	0.038	3.361
3551.000	0.037	3.361
3551.200	0.039	3.361
3551.400	0.037	3.361
3551.600	0.037	3.361
3551.800	0.037	3.361
3552.000	0.037	3.361
3552.200	0.037	3.361
3552.400	0.037	3.361
3552.600	0.037	3.361
3552.800	0.037	3.361
3553.000	0.038	3.361
3553.200	0.039	3.361
3553.400	0.039	3.361
3553.600	0.039	3.361
3553.800	0.038	3.361
3554.000	0.039	3.361
3554.200	0.037	3.361
3554.400	0.039	3.361
3554.600	0.039	3.361
3554.800	0.038	3.361
3555.000	0.037	3.361
3555.200	0.040	3.361
3555.400	0.038	3.361
3555.600	0.039	3.361
3555.800	0.038	3.361
3556.000	0.037	3.361
3556.200	0.040	3.361
3556.400	0.039	3.361
3556.600	0.037	3.361
3556.800	0.038	3.361
3557.000	0.040	3.361
3557.200	0.039	3.361
3557.400	0.039	3.361
3557.600	0.038	3.361
3557.800	0.036	3.361
3558.000	0.038	3.361
3558.200	0.038	3.361
3558.400	0.040	3.361
3558.600	0.039	3.361
3558.800	0.038	3.361
3559.000	0.040	3.361
3559.200	0.039	3.361
3559.400	0.037	3.361
3559.600	0.036	3.361
3559.800	0.039	3.361
3560.000	0.037	3.361
3560.200	0.038	3.361
3560.400	0.040	3.361
3560.600	0.040	3.361
3560.800	0.038	3.361
3561.000	0.039	3.361
3561.200	0.039	3.361
3561.400	0.037	3.361
3561.600	0.039	3.361
3561.800	0.038	3.361
3562.000	0.039	3.361
3562.200	0.038	3.361
3562.400	0.038	3.361
3562.600	0.040	3.361
3562.800	0.039	3.361
3563.000	0.039	3.361
3563.200	0.038	3.361
3563.400	0.039	3.361
3563.600	0.038	3.361
3563.800	0.037	3.361
3564.000	0.039	3.361
3564.200	0.039	3.361
3564.400	0.040	3.361
3564.600	0.038	3.361
3564.800	0.039	3.361
3565.000	0.039	3.361
3565.200	0.040	3.361
3565.400	0.039	3.361
3565.600	0.038	3.361
3565.800	0.039	3.361
3566.000	0.042	3.361
3566.200	0.040	3.361
3566.400	0.039	3.361
3566.600	0.037	3.361
3566.800	0.039	3.361
3567.000	0.036	3.361
3567.200	0.039	3.361
3567.400	0.038	3.361
3567.600	0.036	3.361
3567.800	0.040	3.361
3568.000	0.038	3.361
3568.200	0.039	3.361
3568.400	0.036	3.361
3568.600	0.036	3.361
3568.800	0.037	3.361
3569.000	0.041	3.361
3569.200	0.038	3.361
3569.400	0.038	3.361
3569.600	0.037	3.361
3569.800	0.038	3.361
3570.000	0.039	3.361
3570.200	0.038	3.361
3570.400	0.036	3.361
3570.600	0.036	3.361
3570.800	0.037	3.361
3571.000	0.037	3.361
3571.200	0.038	3.361
3571.400	0.038	3.361
3571.600	0.040	3.361
3571.800	0.039	3.361
3572.000	0.040	3.361
3572.200	0.039	3.361
3572.400	0.041	3.361
3572.600	0.039	3.361
3572.800	0.039	3.361
3573.000	0.039	3.361
3573.200	0.038	3.361
3573.400	0.039	3.361
3573.600	0.039	3.361
3573.800	0.040	3.361
3574.000	0.039	3.361
3574.200	0.039	3.361
3574.400	0.039	3.361
3574.600	0.039	3.361
3574.800	0.041	3.361
3575.000	0.041	3.361
3575.200	0.039	3.361
3575.400	0.040	3.361
3575.600	0.040	3.361
3575.800	0.040	3.361
3576.000	0.040	3.361
3576.200	0.039	3.361
3576.400	0.040	3.361
3576.600	0.041	3.361
3576.800	0.040	3.361
3577.000	0.041	3.361
3577.200	0.042	3.361
3577.400	0.041	3.361
3577.600	0.041	3.361
3577.800	0.039	3.361
3578.000	0.040	3.361
3578.200	0.040	3.361
3578.400	0.042	3.361
3578.600	0.039	3.361
3578.800	0.039	3.361
3579.000	0.041	3.361
3579.200	0.038	3.361
3579.400	0.040	3.361
3579.600	0.040	3.361
3579.800	0.041	3.361
3580.000	0.039	3.361
3580.200	0.041	3.361
3580.400	0.041	3.361
3580.600	0.040	3.361
3580.800	0.041	3.361
3581.000	0.040	3.361
3581.200	0.041	3.361
3581.400	0.039	3.361
3581.600	0.041	3.361
3581.800	0.040	3.361
3582.000	0.040	3.361
3582.200	0.040	3.361
3582.400	0.040	3.361
3582.600	0.040	3.361
3582.800	0.041	3.361
3583.000	0.042	3.361
3583.200	0.038	3.361
3583.400	0.040	3.361
3583.600	0.039	3.361
3583.800	0.039	3.361
3584.000	0.040	3.361
3584.200	0.039	3.361
3584.400	0.040	3.361
3584.600	0.039	3.361
3584.800	0.040	3.361
3585.000	0.040	3.361
3585.200	0.041	3.361
3585.400	0.038	3.361
3585.600	0.038	3.361
3585.800	0.037	3.361
3586.000	0.041	3.361
3586.200	0.040	3.361
3586.400	0.039	3.361
3586.600	0.040	3.361
3586.800	0.039	3.361
3587.000	0.039	3.361
3587.200	0.040	3.361
3587.400	0.037	3.361
3587.600	0.038	3.361
3587.800	0.039	3.361
3588.000	0.041	3.361
3588.200	0.039	3.361
3588.400	0.040	3.361
3588.600	0.040	3.361
3588.800	0.038	3.361
3589.000	0.038	3.361
3589.200	0.040	3.361
3589.400	0.040	3.361
3589.600	0.041	3.361
3589.800	0.039	3.361
3590.000	0.040	3.361
3590.200	0.039	3.361
3590.400	0.039	3.361
3590.600	0.040	3.361
3590.800	0.040	3.361
3591.000	0.040	3.361
3591.200	0.041	3.361
3591.400	0.039	3.361
3591.600	0.039	3.361
3591.800	0.039	3.361
3592.000	0.039	3.361
3592.200	0.040	3.361
3592.400	0.039	3.361
3592.600	0.041	3.361
3592.800	0.038	3.361
3593.000	0.039	3.361
3593.200	0.038	3.361
3593.400	0.038	3.361
3593.600	0.037	3.361
3593.800	0.039	3.361
3594.000	0.036	3.361
3594.200	0.039	3.361
3594.400	0.041	3.361
3594.600	0.038	3.361
3594.800	0.040	3.361
3595.000	0.040	3.361
3595.200	0.039	3.361
3595.400	0.038	3.361
3595.600	0.039	3.361
3595.800	0.038	3.361
3596.000	0.038	3.361
3596.200	0.038	3.361
3596.400	0.038	3.361
3596.600	0.040	3.361
3596.800	0.039	3.361
3597.000	0.038	3.361
3597.200	0.037	3.361
3597.400	0.037	3.361
3597.600	0.038	3.361
3597.800	0.039	3.361
3598.000	0.038	3.361
3598.200	0.038	3.361
3598.400	0.038	3.361
3598.600	0.039	3.361
3598.800	0.039	3.361
3599.000	0.040	3.361
3599.200	0.039	3.361
3599.400	0.039	3.361
3599.600	0.040	3.361
3599.800	0.039	3.361
3600.000	0.038	3.361
