time /s	I /mA	E /V
0.200	209.521	4.090
0.400	209.909	4.090
0.600	209.932	4.090
0.800	209.944	4.090
1.000	209.949	4.091
1.200	209.954	4.091
1.400	209.955	4.091
1.600	209.958	4.091
1.800	209.962	4.091
2.000	209.961	4.091
2.200	209.964	4.091
2.400	209.964	4.091
2.600	209.964	4.091
2.800	209.963	4.091
3.000	209.964	4.091
3.200	209.964	4.091
3.400	209.968	4.091
3.600	209.966	4.091
3.800	209.967	4.091
4.000	209.966	4.092
4.200	209.967	4.092
4.400	209.967	4.092
4.600	209.968	4.092
4.800	209.970	4.092
5.000	209.969	4.092
5.200	209.969	4.092
5.400	209.969	4.092
5.600	209.971	4.092
5.800	209.970	4.092
6.000	209.971	4.092
6.200	209.969	4.092
6.400	209.969	4.092
6.600	209.970	4.092
6.800	209.969	4.092
7.000	209.970	4.092
7.200	209.970	4.092
7.400	209.968	4.092
7.600	209.970	4.092
7.800	209.970	4.092
8.000	209.968	4.092
8.200	209.968	4.092
8.400	209.969	4.092
8.600	209.972	4.092
8.800	209.971	4.093
9.000	209.972	4.093
9.200	209.972	4.093
9.400	209.971	4.093
9.600	209.972	4.093
9.800	209.971	4.093
10.000	209.971	4.093
10.200	209.971	4.093
10.400	209.971	4.093
10.600	209.971	4.093
10.800	209.970	4.093
11.000	209.971	4.093
11.200	209.972	4.093
11.400	209.971	4.093
11.600	209.970	4.093
11.800	209.970	4.093
12.000	209.969	4.093
12.200	209.971	4.093
12.400	209.971	4.093
12.600	209.971	4.093
12.800	209.970	4.093
13.000	209.974	4.093
13.200	209.972	4.093
13.400	209.972	4.093
13.600	209.973	4.093
13.800	209.972	4.093
14.000	209.972	4.093
14.200	209.974	4.093
14.400	209.974	4.093
14.600	209.972	4.094
14.800	209.971	4.094
15.000	209.971	4.094
15.200	209.972	4.094
15.400	209.973	4.094
15.600	209.973	4.094
15.800	209.973	4.094
16.000	209.974	4.094
16.200	209.975	4.094
16.400	209.973	4.094
16.600	209.974	4.094
16.800	209.974	4.094
17.000	209.974	4.094
17.200	209.972	4.094
17.400	209.974	4.094
17.600	209.973	4.094
17.800	209.974	4.094
18.000	209.972	4.094
18.200	209.973	4.094
18.400	209.973	4.094
18.600	209.973	4.094
18.800	209.973	4.094
19.000	209.975	4.094
19.200	209.975	4.094
19.400	209.975	4.094
19.600	209.975	4.094
19.800	209.973	4.094
20.000	209.975	4.094
20.200	209.974	4.094
20.400	209.974	4.094
20.600	209.974	4.094
20.800	209.975	4.094
21.000	209.974	4.094
21.200	209.975	4.094
21.400	209.973	4.094
21.600	209.973	4.094
21.800	209.972	4.094
22.000	209.972	4.094
22.200	209.974	4.094
22.400	209.975	4.095
22.600	209.974	4.095
22.800	209.976	4.095
23.000	209.975	4.095
23.200	209.971	4.095
23.400	209.972	4.095
23.600	209.972	4.095
23.800	209.973	4.095
24.000	209.974	4.095
24.200	209.974	4.095
24.400	209.974	4.095
24.600	209.975	4.095
24.800	209.974	4.095
25.000	209.975	4.095
25.200	209.975	4.095
25.400	209.975	4.095
25.600	209.974	4.095
25.800	209.974	4.095
26.000	209.973	4.095
26.200	209.973	4.095
26.400	209.973	4.095
26.600	209.973	4.095
26.800	209.974	4.095
27.000	209.974	4.095
27.200	209.971	4.095
27.400	209.974	4.095
27.600	209.974	4.095
27.800	209.974	4.095
28.000	209.974	4.095
28.200	209.975	4.095
28.400	209.975	4.095
28.600	209.973	4.095
28.800	209.974	4.095
29.000	209.974	4.095
29.200	209.975	4.095
29.400	209.975	4.095
29.600	209.975	4.095
29.800	209.975	4.095
30.000	209.975	4.095
30.200	209.976	4.095
30.400	209.975	4.095
30.600	209.976	4.095
30.800	209.976	4.095
31.000	209.976	4.095
31.200	209.974	4.095
31.400	209.974	4.095
31.600	209.976	4.095
31.800	209.974	4.095
32.000	209.976	4.095
32.200	209.974	4.095
32.400	209.974	4.096
32.600	209.975	4.096
32.800	209.975	4.096
33.000	209.975	4.096
33.200	209.975	4.096
33.400	209.975	4.096
33.600	209.974	4.096
33.800	209.976	4.096
34.000	209.974	4.096
34.200	209.973	4.096
34.400	209.973	4.096
34.600	209.974	4.096
34.800	209.974	4.096
35.000	209.976	4.096
35.200	209.976	4.096
35.400	209.976	4.096
35.600	209.976	4.096
35.800	209.977	4.096
36.000	209.976	4.096
36.200	209.976	4.096
36.400	209.976	4.096
36.600	209.977	4.096
36.800	209.976	4.096
37.000	209.976	4.096
37.200	209.975	4.096
37.400	209.975	4.096
37.600	209.974	4.096
37.800	209.975	4.096
38.000	209.977	4.096
38.200	209.975	4.096
38.400	209.975	4.096
38.600	209.976	4.096
38.800	209.975	4.096
39.000	209.975	4.096
39.200	209.978	4.096
39.400	209.976	4.096
39.600	209.977	4.096
39.800	209.976	4.096
40.000	209.977	4.096
40.200	209.978	4.096
40.400	209.976	4.096
40.600	209.976	4.096
40.800	209.977	4.096
41.000	209.977	4.096
41.200	209.976	4.096
41.400	209.977	4.096
41.600	209.975	4.096
41.800	209.978	4.096
42.000	209.977	4.096
42.200	209.979	4.096
42.400	209.980	4.096
42.600	209.977	4.096
42.800	209.977	4.096
43.000	209.976	4.096
43.200	209.976	4.096
43.400	209.976	4.096
43.600	209.977	4.096
43.800	209.977	4.096
44.000	209.976	4.096
44.200	209.975	4.096
44.400	209.974	4.096
44.600	209.976	4.096
44.800	209.976	4.096
45.000	209.975	4.096
45.200	209.975	4.096
45.400	209.977	4.096
45.600	209.978	4.097
45.800	209.977	4.097
46.000	209.977	4.097
46.200	209.977	4.097
46.400	209.977	4.097
46.600	209.977	4.097
46.800	209.977	4.097
47.000	209.975	4.097
47.200	209.975	4.097
47.400	209.975	4.097
47.600	209.975	4.097
47.800	209.976	4.097
48.000	209.976	4.097
48.200	209.976	4.097
48.400	209.975	4.097
48.600	209.977	4.097
48.800	209.975	4.097
49.000	209.975	4.097
49.200	209.977	4.097
49.400	209.974	4.097
49.600	209.974	4.097
49.800	209.974	4.097
50.000	209.975	4.097
50.200	209.974	4.097
50.400	209.975	4.097
50.600	209.974	4.097
50.800	209.975	4.097
51.000	209.975	4.097
51.200	209.974	4.097
51.400	209.973	4.097
51.600	209.974	4.097
51.800	209.974	4.097
52.000	209.975	4.097
52.200	209.973	4.097
52.400	209.973	4.097
52.600	209.974	4.097
52.800	209.973	4.097
53.000	209.973	4.097
53.200	209.973	4.097
53.400	209.972	4.097
53.600	209.974	4.097
53.800	209.973	4.097
54.000	209.973	4.097
54.200	209.972	4.097
54.400	209.973	4.097
54.600	209.972	4.097
54.800	209.973	4.097
55.000	209.973	4.097
55.200	209.973	4.097
55.400	209.973	4.097
55.600	209.975	4.097
55.800	209.973	4.097
56.000	209.973	4.097
56.200	209.973	4.097
56.400	209.974	4.097
56.600	209.975	4.097
56.800	209.975	4.097
57.000	209.975	4.097
57.200	209.974	4.097
57.400	209.974	4.097
57.600	209.974	4.097
57.800	209.973	4.097
58.000	209.973	4.097
58.200	209.975	4.097
58.400	209.973	4.097
58.600	209.972	4.097
58.800	209.972	4.097
59.000	209.973	4.097
59.200	209.973	4.097
59.400	209.972	4.097
59.600	209.975	4.097
59.800	209.974	4.097
60.000	209.974	4.097
60.200	209.974	4.097
60.400	209.975	4.097
60.600	209.974	4.097
60.800	209.974	4.097
61.000	209.973	4.097
61.200	209.972	4.097
61.400	209.972	4.097
61.600	209.972	4.097
61.800	209.973	4.097
62.000	209.972	4.097
62.200	209.973	4.097
62.400	209.974	4.097
62.600	209.975	4.097
62.800	209.973	4.097
63.000	209.972	4.097
63.200	209.973	4.097
63.400	209.973	4.097
63.600	209.976	4.097
63.800	209.974	4.098
64.000	209.974	4.097
64.200	209.972	4.097
64.400	209.973	4.097
64.600	209.972	4.097
64.800	209.972	4.097
65.000	209.974	4.098
65.200	209.973	4.097
65.400	209.972	4.097
65.600	209.972	4.098
65.800	209.970	4.098
66.000	209.972	4.098
66.200	209.971	4.098
66.400	209.973	4.098
66.600	209.972	4.098
66.800	209.972	4.098
67.000	209.972	4.098
67.200	209.971	4.098
67.400	209.969	4.098
67.600	209.971	4.098
67.800	209.971	4.098
68.000	209.971	4.098
68.200	209.971	4.098
68.400	209.972	4.098
68.600	209.972	4.098
68.800	209.973	4.098
69.000	209.972	4.098
69.200	209.971	4.098
69.400	209.973	4.098
69.600	209.972	4.098
69.800	209.972	4.098
70.000	209.973	4.098
70.200	209.973	4.098
70.400	209.973	4.098
70.600	209.973	4.098
70.800	209.973	4.098
71.000	209.973	4.098
71.200	209.974	4.098
71.400	209.972	4.098
71.600	209.973	4.098
71.800	209.972	4.098
72.000	209.973	4.098
72.200	209.972	4.098
72.400	209.973	4.098
72.600	209.972	4.098
72.800	209.972	4.098
73.000	209.974	4.098
73.200	209.971	4.098
73.400	209.972	4.098
73.600	209.972	4.098
73.800	209.972	4.098
74.000	209.973	4.098
74.200	209.973	4.098
74.400	209.974	4.098
74.600	209.971	4.098
74.800	209.974	4.098
75.000	209.974	4.098
75.200	209.974	4.098
75.400	209.973	4.098
75.600	209.973	4.098
75.800	209.973	4.098
76.000	209.974	4.098
76.200	209.971	4.098
76.400	209.973	4.098
76.600	209.973	4.098
76.800	209.973	4.098
77.000	209.972	4.098
77.200	209.971	4.098
77.400	209.971	4.098
77.600	209.972	4.098
77.800	209.972	4.098
78.000	209.974	4.098
78.200	209.972	4.098
78.400	209.972	4.098
78.600	209.971	4.098
78.800	209.972	4.098
79.000	209.971	4.098
79.200	209.973	4.098
79.400	209.973	4.098
79.600	209.971	4.098
79.800	209.972	4.098
80.000	209.972	4.098
80.200	209.972	4.098
80.400	209.971	4.098
80.600	209.973	4.098
80.800	209.972	4.098
81.000	209.972	4.098
81.200	209.972	4.098
81.400	209.971	4.098
81.600	209.971	4.098
81.800	209.970	4.098
82.000	209.970	4.098
82.200	209.971	4.098
82.400	209.969	4.098
82.600	209.971	4.098
82.800	209.972	4.098
83.000	209.973	4.098
83.200	209.974	4.098
83.400	209.974	4.098
83.600	209.973	4.098
83.800	209.973	4.098
84.000	209.972	4.098
84.200	209.971	4.098
84.400	209.972	4.098
84.600	209.973	4.098
84.800	209.975	4.098
85.000	209.973	4.099
85.200	209.972	4.098
85.400	209.973	4.099
85.600	209.973	4.099
85.800	209.973	4.099
86.000	209.973	4.099
86.200	209.972	4.099
86.400	209.972	4.099
86.600	209.973	4.099
86.800	209.974	4.099
87.000	209.974	4.099
87.200	209.973	4.099
87.400	209.975	4.099
87.600	209.977	4.099
87.800	209.974	4.099
88.000	209.975	4.099
88.200	209.974	4.099
88.400	209.974	4.099
88.600	209.974	4.099
88.800	209.975	4.099
89.000	209.976	4.099
89.200	209.976	4.099
89.400	209.975	4.099
89.600	209.976	4.099
89.800	209.975	4.099
90.000	209.975	4.099
90.200	209.975	4.099
90.400	209.975	4.099
90.600	209.974	4.099
90.800	209.975	4.099
91.000	209.975	4.099
91.200	209.975	4.099
91.400	209.975	4.099
91.600	209.974	4.099
91.800	209.974	4.099
92.000	209.975	4.099
92.200	209.974	4.099
92.400	209.974	4.099
92.600	209.972	4.099
92.800	209.974	4.099
93.000	209.972	4.099
93.200	209.974	4.099
93.400	209.976	4.099
93.600	209.975	4.099
93.800	209.974	4.099
94.000	209.975	4.099
94.200	209.974	4.099
94.400	209.975	4.099
94.600	209.975	4.099
94.800	209.976	4.099
95.000	209.976	4.099
95.200	209.973	4.099
95.400	209.973	4.099
95.600	209.973	4.099
95.800	209.974	4.099
96.000	209.973	4.099
96.200	209.972	4.099
96.400	209.974	4.099
96.600	209.973	4.099
96.800	209.974	4.099
97.000	209.974	4.099
97.200	209.974	4.099
97.400	209.974	4.099
97.600	209.973	4.099
97.800	209.975	4.099
98.000	209.974	4.099
98.200	209.975	4.099
98.400	209.974	4.099
98.600	209.974	4.099
98.800	209.975	4.099
99.000	209.975	4.099
99.200	209.974	4.099
99.400	209.974	4.099
99.600	209.973	4.099
99.800	209.972	4.099
100.000	209.973	4.099
100.200	209.973	4.099
100.400	209.972	4.099
100.600	209.974	4.099
100.800	209.973	4.099
101.000	209.971	4.099
101.200	209.972	4.099
101.400	209.973	4.099
101.600	209.972	4.099
101.800	209.973	4.099
102.000	209.971	4.099
102.200	209.972	4.099
102.400	209.972	4.099
102.600	209.972	4.099
102.800	209.973	4.099
103.000	209.973	4.099
103.200	209.973	4.099
103.400	209.972	4.099
103.600	209.972	4.099
103.800	209.972	4.099
104.000	209.971	4.099
104.200	209.972	4.099
104.400	209.973	4.099
104.600	209.974	4.099
104.800	209.971	4.099
105.000	209.973	4.099
105.200	209.973	4.099
105.400	209.973	4.099
105.600	209.971	4.099
105.800	209.973	4.099
106.000	209.971	4.099
106.200	209.973	4.099
106.400	209.972	4.099
106.600	209.976	4.099
106.800	209.974	4.099
107.000	209.971	4.099
107.200	209.972	4.099
107.400	209.972	4.099
107.600	209.973	4.099
107.800	209.974	4.099
108.000	209.974	4.099
108.200	209.972	4.099
108.400	209.972	4.099
108.600	209.972	4.099
108.800	209.973	4.099
109.000	209.972	4.100
109.200	209.973	4.100
109.400	209.974	4.100
109.600	209.972	4.100
109.800	209.973	4.100
110.000	209.973	4.100
110.200	209.972	4.100
110.400	209.972	4.100
110.600	209.973	4.100
110.800	209.973	4.100
111.000	209.971	4.100
111.200	209.973	4.100
111.400	209.973	4.100
111.600	209.974	4.100
111.800	209.973	4.100
112.000	209.972	4.100
112.200	209.972	4.100
112.400	209.972	4.100
112.600	209.974	4.100
112.800	209.973	4.100
113.000	209.973	4.100
113.200	209.971	4.100
113.400	209.972	4.100
113.600	209.973	4.100
113.800	209.973	4.100
114.000	209.971	4.100
114.200	209.973	4.100
114.400	209.973	4.100
114.600	209.973	4.100
114.800	209.972	4.100
115.000	209.971	4.100
115.200	209.972	4.100
115.400	209.973	4.100
115.600	209.974	4.100
115.800	209.973	4.100
116.000	209.972	4.100
116.200	209.974	4.100
116.400	209.972	4.100
116.600	209.970	4.100
116.800	209.971	4.100
117.000	209.971	4.100
117.200	209.971	4.100
117.400	209.972	4.100
117.600	209.971	4.100
117.800	209.972	4.100
118.000	209.973	4.100
118.200	209.971	4.100
118.400	209.972	4.100
118.600	209.971	4.100
118.800	209.972	4.100
119.000	209.971	4.100
119.200	209.971	4.100
119.400	209.971	4.100
119.600	209.972	4.100
119.800	209.972	4.100
120.000	209.973	4.100
120.200	209.972	4.100
120.400	209.971	4.100
120.600	209.973	4.100
120.800	0.169	4.091
121.000	0.101	4.090
121.200	0.085	4.090
121.400	0.078	4.090
121.600	0.073	4.090
121.800	0.070	4.090
122.000	0.068	4.090
122.200	0.067	4.090
122.400	0.067	4.090
122.600	0.065	4.090
122.800	0.062	4.090
123.000	0.063	4.090
123.200	0.062	4.090
123.400	0.061	4.090
123.600	0.062	4.090
123.800	0.061	4.090
124.000	0.062	4.090
124.200	0.063	4.090
124.400	0.061	4.090
124.600	0.059	4.090
124.800	0.060	4.090
125.000	0.060	4.090
125.200	0.059	4.090
125.400	0.058	4.090
125.600	0.058	4.090
125.800	0.059	4.090
126.000	0.058	4.090
126.200	0.058	4.090
126.400	0.059	4.090
126.600	0.058	4.090
126.800	0.060	4.089
127.000	0.060	4.089
127.200	0.058	4.089
127.400	0.057	4.089
127.600	0.058	4.089
127.800	0.058	4.089
128.000	0.059	4.089
128.200	0.059	4.089
128.400	0.058	4.089
128.600	0.059	4.089
128.800	0.057	4.089
129.000	0.058	4.089
129.200	0.058	4.089
129.400	0.057	4.089
129.600	0.058	4.089
129.800	0.056	4.089
130.000	0.057	4.089
130.200	0.058	4.089
130.400	0.058	4.089
130.600	0.058	4.089
130.800	0.058	4.089
131.000	0.058	4.089
131.200	0.056	4.089
131.400	0.057	4.089
131.600	0.055	4.089
131.800	0.058	4.089
132.000	0.057	4.089
132.200	0.055	4.089
132.400	0.055	4.089
132.600	0.056	4.089
132.800	0.056	4.089
133.000	0.056	4.089
133.200	0.057	4.089
133.400	0.057	4.089
133.600	0.056	4.089
133.800	0.058	4.089
134.000	0.058	4.089
134.200	0.057	4.089
134.400	0.056	4.089
134.600	0.056	4.089
134.800	0.058	4.089
135.000	0.055	4.089
135.200	0.056	4.089
135.400	0.056	4.089
135.600	0.056	4.089
135.800	0.054	4.089
136.000	0.056	4.089
136.200	0.056	4.089
136.400	0.055	4.089
136.600	0.057	4.089
136.800	0.055	4.089
137.000	0.056	4.089
137.200	0.054	4.089
137.400	0.056	4.089
137.600	0.055	4.089
137.800	0.056	4.089
138.000	0.055	4.089
138.200	0.054	4.089
138.400	0.054	4.089
138.600	0.056	4.089
138.800	0.057	4.089
139.000	0.056	4.089
139.200	0.055	4.088
139.400	0.056	4.088
139.600	0.056	4.088
139.800	0.055	4.088
140.000	0.056	4.088
140.200	0.057	4.088
140.400	0.055	4.088
140.600	0.055	4.088
140.800	0.056	4.088
141.000	0.055	4.088
141.200	0.054	4.088
141.400	0.055	4.088
141.600	0.057	4.088
141.800	0.056	4.088
142.000	0.056	4.088
142.200	0.056	4.088
142.400	0.056	4.088
142.600	0.056	4.088
142.800	0.055	4.088
143.000	0.056	4.088
143.200	0.057	4.088
143.400	0.055	4.088
143.600	0.055	4.088
143.800	0.056	4.088
144.000	0.056	4.088
144.200	0.057	4.088
144.400	0.056	4.088
144.600	0.056	4.088
144.800	0.055	4.088
145.000	0.055	4.088
145.200	0.056	4.088
145.400	0.055	4.088
145.600	0.054	4.088
145.800	0.054	4.088
146.000	0.056	4.088
146.200	0.055	4.088
146.400	0.053	4.088
146.600	0.054	4.088
146.800	0.055	4.088
147.000	0.054	4.088
147.200	0.055	4.088
147.400	0.056	4.088
147.600	0.056	4.088
147.800	0.055	4.088
148.000	0.054	4.088
148.200	0.053	4.088
148.400	0.055	4.088
148.600	0.056	4.088
148.800	0.055	4.088
149.000	0.055	4.088
149.200	0.056	4.088
149.400	0.054	4.088
149.600	0.056	4.088
149.800	0.056	4.088
150.000	0.056	4.088
150.200	0.056	4.088
150.400	0.057	4.088
150.600	0.056	4.088
150.800	0.056	4.088
151.000	0.055	4.088
151.200	0.055	4.088
151.400	0.055	4.088
151.600	0.056	4.088
151.800	0.056	4.088
152.000	0.054	4.088
152.200	0.054	4.088
152.400	0.054	4.088
152.600	0.056	4.088
152.800	0.055	4.088
153.000	0.055	4.088
153.200	0.055	4.088
153.400	0.056	4.088
153.600	0.057	4.088
153.800	0.056	4.088
154.000	0.057	4.088
154.200	0.058	4.088
154.400	0.057	4.088
154.600	0.057	4.088
154.800	0.056	4.088
155.000	0.055	4.088
155.200	0.055	4.088
155.400	0.054	4.088
155.600	0.055	4.088
155.800	0.056	4.088
156.000	0.055	4.088
156.200	0.055	4.088
156.400	0.056	4.088
156.600	0.054	4.088
156.800	0.056	4.088
157.000	0.056	4.088
157.200	0.055	4.088
157.400	0.056	4.088
157.600	0.056	4.088
157.800	0.056	4.088
158.000	0.055	4.088
158.200	0.054	4.088
158.400	0.055	4.088
158.600	0.054	4.088
158.800	0.054	4.088
159.000	0.055	4.088
159.200	0.054	4.088
159.400	0.056	4.088
159.600	0.053	4.088
159.800	0.055	4.088
160.000	0.055	4.088
160.200	0.055	4.088
160.400	0.055	4.088
160.600	0.056	4.088
160.800	0.055	4.088
161.000	0.057	4.088
161.200	0.056	4.088
161.400	0.056	4.088
161.600	0.055	4.088
161.800	0.056	4.088
162.000	0.055	4.088
162.200	0.057	4.088
162.400	0.056	4.088
162.600	0.055	4.088
162.800	0.055	4.088
163.000	0.055	4.088
163.200	0.055	4.088
163.400	0.055	4.088
163.600	0.055	4.088
163.800	0.056	4.088
164.000	0.056	4.088
164.200	0.056	4.088
164.400	0.056	4.088
164.600	0.054	4.088
164.800	0.054	4.088
165.000	0.055	4.088
165.200	0.055	4.088
165.400	0.055	4.088
165.600	0.055	4.088
165.800	0.056	4.088
166.000	0.055	4.088
166.200	0.055	4.088
166.400	0.055	4.087
166.600	0.056	4.088
166.800	0.055	4.088
167.000	0.055	4.088
167.200	0.055	4.087
167.400	0.055	4.087
167.600	0.055	4.087
167.800	0.054	4.087
168.000	0.055	4.087
168.200	0.055	4.087
168.400	0.056	4.087
168.600	0.056	4.087
168.800	0.055	4.087
169.000	0.056	4.087
169.200	0.056	4.087
169.400	0.055	4.087
169.600	0.055	4.087
169.800	0.054	4.087
170.000	0.054	4.087
170.200	0.054	4.087
170.400	0.056	4.087
170.600	0.055	4.087
170.800	0.054	4.087
171.000	0.054	4.087
171.200	0.055	4.087
171.400	0.054	4.087
171.600	0.053	4.087
171.800	0.055	4.087
172.000	0.054	4.087
172.200	0.053	4.087
172.400	0.054	4.087
172.600	0.055	4.087
172.800	0.056	4.087
173.000	0.055	4.087
173.200	0.055	4.087
173.400	0.053	4.087
173.600	0.056	4.087
173.800	0.055	4.087
174.000	0.055	4.087
174.200	0.055	4.087
174.400	0.056	4.087
174.600	0.054	4.087
174.800	0.055	4.087
175.000	0.057	4.087
175.200	0.056	4.087
175.400	0.057	4.087
175.600	0.057	4.087
175.800	0.057	4.087
176.000	0.057	4.087
176.200	0.055	4.087
176.400	0.056	4.087
176.600	0.057	4.087
176.800	0.055	4.087
177.000	0.056	4.087
177.200	0.055	4.087
177.400	0.055	4.087
177.600	0.057	4.087
177.800	0.057	4.087
178.000	0.058	4.087
178.200	0.056	4.087
178.400	0.055	4.087
178.600	0.056	4.087
178.800	0.055	4.087
179.000	0.055	4.087
179.200	0.056	4.087
179.400	0.057	4.087
179.600	0.054	4.087
179.800	0.055	4.087
180.000	0.056	4.087
180.200	0.056	4.087
180.400	0.055	4.087
180.600	0.054	4.087
180.800	0.055	4.087
181.000	0.056	4.087
181.200	0.056	4.087
181.400	0.055	4.087
181.600	0.055	4.087
181.800	0.056	4.087
182.000	0.056	4.087
182.200	0.056	4.087
182.400	0.056	4.087
182.600	0.056	4.087
182.800	0.055	4.087
183.000	0.055	4.087
183.200	0.055	4.087
183.400	0.055	4.087
183.600	0.055	4.087
183.800	0.056	4.087
184.000	0.056	4.087
184.200	0.055	4.087
184.400	0.056	4.087
184.600	0.056	4.087
184.800	0.056	4.087
185.000	0.057	4.087
185.200	0.056	4.087
185.400	0.055	4.087
185.600	0.055	4.087
185.800	0.055	4.087
186.000	0.056	4.087
186.200	0.054	4.087
186.400	0.055	4.087
186.600	0.056	4.087
186.800	0.055	4.087
187.000	0.055	4.087
187.200	0.055	4.087
187.400	0.054	4.087
187.600	0.054	4.087
187.800	0.056	4.087
188.000	0.057	4.087
188.200	0.056	4.087
188.400	0.054	4.087
188.600	0.055	4.087
188.800	0.057	4.087
189.000	0.055	4.087
189.200	0.056	4.087
189.400	0.056	4.087
189.600	0.056	4.087
189.800	0.057	4.087
190.000	0.056	4.087
190.200	0.056	4.087
190.400	0.055	4.087
190.600	0.057	4.087
190.800	0.056	4.087
191.000	0.057	4.087
191.200	0.054	4.087
191.400	0.055	4.087
191.600	0.054	4.087
191.800	0.054	4.087
192.000	0.056	4.087
192.200	0.056	4.087
192.400	0.056	4.087
192.600	0.055	4.087
192.800	0.056	4.087
193.000	0.056	4.087
193.200	0.057	4.087
193.400	0.057	4.087
193.600	0.056	4.087
193.800	0.057	4.087
194.000	0.055	4.087
194.200	0.056	4.087
194.400	0.056	4.087
194.600	0.056	4.087
194.800	0.055	4.087
195.000	0.056	4.087
195.200	0.055	4.087
195.400	0.056	4.087
195.600	0.057	4.087
195.800	0.058	4.087
196.000	0.056	4.087
196.200	0.056	4.087
196.400	0.057	4.087
196.600	0.055	4.087
196.800	0.056	4.087
197.000	0.055	4.087
197.200	0.054	4.087
197.400	0.055	4.087
197.600	0.056	4.087
197.800	0.056	4.087
198.000	0.056	4.087
198.200	0.056	4.087
198.400	0.058	4.087
198.600	0.057	4.087
198.800	0.056	4.087
199.000	0.056	4.087
199.200	0.057	4.087
199.400	0.057	4.087
199.600	0.057	4.087
199.800	0.058	4.087
200.000	0.058	4.087
200.200	0.059	4.087
200.400	0.057	4.087
200.600	0.057	4.087
200.800	0.058	4.087
201.000	0.057	4.087
201.200	0.059	4.087
201.400	0.059	4.087
201.600	0.058	4.087
201.800	0.058	4.087
202.000	0.058	4.087
202.200	0.058	4.087
202.400	0.057	4.087
202.600	0.057	4.087
202.800	0.056	4.087
203.000	0.057	4.087
203.200	0.057	4.087
203.400	0.058	4.087
203.600	0.057	4.087
203.800	0.059	4.087
204.000	0.058	4.087
204.200	0.056	4.087
204.400	0.057	4.087
204.600	0.058	4.087
204.800	0.057	4.087
205.000	0.058	4.087
205.200	0.057	4.087
205.400	0.057	4.087
205.600	0.058	4.087
205.800	0.057	4.087
206.000	0.057	4.087
206.200	0.057	4.087
206.400	0.057	4.087
206.600	0.056	4.087
206.800	0.058	4.087
207.000	0.058	4.087
207.200	0.058	4.087
207.400	0.058	4.087
207.600	0.060	4.087
207.800	0.056	4.087
208.000	0.056	4.087
208.200	0.057	4.087
208.400	0.059	4.087
208.600	0.058	4.087
208.800	0.058	4.087
209.000	0.057	4.087
209.200	0.059	4.087
209.400	0.057	4.087
209.600	0.058	4.087
209.800	0.056	4.087
210.000	0.057	4.087
210.200	0.057	4.087
210.400	0.057	4.087
210.600	0.057	4.087
210.800	0.056	4.087
211.000	0.056	4.087
211.200	0.058	4.087
211.400	0.057	4.087
211.600	0.058	4.087
211.800	0.058	4.087
212.000	0.057	4.087
212.200	0.057	4.087
212.400	0.057	4.087
212.600	0.058	4.087
212.800	0.057	4.087
213.000	0.058	4.087
213.200	0.056	4.087
213.400	0.057	4.087
213.600	0.056	4.087
213.800	0.055	4.087
214.000	0.057	4.087
214.200	0.056	4.087
214.400	0.058	4.087
214.600	0.057	4.087
214.800	0.056	4.087
215.000	0.057	4.087
215.200	0.055	4.087
215.400	0.056	4.087
215.600	0.057	4.087
215.800	0.058	4.087
216.000	0.058	4.087
216.200	0.057	4.087
216.400	0.055	4.087
216.600	0.056	4.087
216.800	0.057	4.087
217.000	0.056	4.087
217.200	0.057	4.087
217.400	0.058	4.087
217.600	0.056	4.087
217.800	0.057	4.087
218.000	0.056	4.087
218.200	0.057	4.087
218.400	0.055	4.087
218.600	0.055	4.087
218.800	0.057	4.087
219.000	0.056	4.087
219.200	0.058	4.087
219.400	0.057	4.087
219.600	0.057	4.087
219.800	0.057	4.087
220.000	0.057	4.087
220.200	0.056	4.087
220.400	0.056	4.087
220.600	0.058	4.087
220.800	0.057	4.087
221.000	0.056	4.087
221.200	0.057	4.087
221.400	0.057	4.087
221.600	0.056	4.087
221.800	0.056	4.087
222.000	0.056	4.087
222.200	0.056	4.087
222.400	0.055	4.087
222.600	0.055	4.087
222.800	0.055	4.087
223.000	0.057	4.087
223.200	0.057	4.087
223.400	0.057	4.087
223.600	0.055	4.087
223.800	0.057	4.087
224.000	0.058	4.087
224.200	0.056	4.087
224.400	0.056	4.087
224.600	0.056	4.087
224.800	0.056	4.087
225.000	0.055	4.087
225.200	0.055	4.087
225.400	0.057	4.087
225.600	0.057	4.087
225.800	0.057	4.087
226.000	0.056	4.087
226.200	0.058	4.087
226.400	0.057	4.087
226.600	0.056	4.087
226.800	0.056	4.087
227.000	0.057	4.087
227.200	0.057	4.087
227.400	0.057	4.087
227.600	0.056	4.087
227.800	0.056	4.087
228.000	0.056	4.087
228.200	0.056	4.087
228.400	0.057	4.087
228.600	0.056	4.087
228.800	0.056	4.087
229.000	0.057	4.087
229.200	0.057	4.087
229.400	0.057	4.087
229.600	0.056	4.087
229.800	0.057	4.087
230.000	0.056	4.087
230.200	0.056	4.087
230.400	0.056	4.087
230.600	0.056	4.087
230.800	0.054	4.087
231.000	0.053	4.087
231.200	0.054	4.087
231.400	0.055	4.087
231.600	0.054	4.087
231.800	0.055	4.087
232.000	0.055	4.087
232.200	0.057	4.087
232.400	0.056	4.087
232.600	0.056	4.087
232.800	0.054	4.087
233.000	0.056	4.087
233.200	0.055	4.087
233.400	0.056	4.087
233.600	0.055	4.087
233.800	0.053	4.087
234.000	0.055	4.087
234.200	0.055	4.087
234.400	0.056	4.087
234.600	0.056	4.087
234.800	0.055	4.087
235.000	0.055	4.087
235.200	0.055	4.087
235.400	0.055	4.087
235.600	0.056	4.087
235.800	0.056	4.087
236.000	0.057	4.087
236.200	0.056	4.087
236.400	0.057	4.087
236.600	0.056	4.087
236.800	0.057	4.087
237.000	0.055	4.087
237.200	0.054	4.087
237.400	0.054	4.087
237.600	0.055	4.087
237.800	0.056	4.087
238.000	0.056	4.087
238.200	0.056	4.087
238.400	0.055	4.087
238.600	0.057	4.087
238.800	0.055	4.087
239.000	0.057	4.087
239.200	0.056	4.087
239.400	0.056	4.087
239.600	0.057	4.087
239.800	0.056	4.087
240.000	0.056	4.087
240.200	0.058	4.087
240.400	0.057	4.087
240.600	0.057	4.087
240.800	0.057	4.087
241.000	0.056	4.087
241.200	0.058	4.087
241.400	0.057	4.087
241.600	0.055	4.087
241.800	0.056	4.087
242.000	0.055	4.087
242.200	0.055	4.087
242.400	0.058	4.087
242.600	0.056	4.087
242.800	0.053	4.087
243.000	0.054	4.087
243.200	0.056	4.087
243.400	0.056	4.087
243.600	0.055	4.087
243.800	0.055	4.087
244.000	0.056	4.087
244.200	0.056	4.087
244.400	0.056	4.087
244.600	0.056	4.087
244.800	0.057	4.087
245.000	0.055	4.087
245.200	0.056	4.087
245.400	0.056	4.087
245.600	0.054	4.087
245.800	0.057	4.087
246.000	0.055	4.087
246.200	0.055	4.087
246.400	0.055	4.087
246.600	0.056	4.087
246.800	0.055	4.087
247.000	0.056	4.087
247.200	0.054	4.087
247.400	0.054	4.087
247.600	0.055	4.087
247.800	0.057	4.087
248.000	0.057	4.087
248.200	0.056	4.087
248.400	0.055	4.087
248.600	0.055	4.087
248.800	0.056	4.087
249.000	0.056	4.087
249.200	0.055	4.087
249.400	0.056	4.087
249.600	0.055	4.087
249.800	0.054	4.087
250.000	0.056	4.087
250.200	0.055	4.087
250.400	0.054	4.087
250.600	0.056	4.087
250.800	0.056	4.087
251.000	0.056	4.087
251.200	0.058	4.087
251.400	0.055	4.087
251.600	0.057	4.087
251.800	0.057	4.087
252.000	0.057	4.087
252.200	0.054	4.087
252.400	0.056	4.087
252.600	0.056	4.087
252.800	0.055	4.087
253.000	0.055	4.087
253.200	0.056	4.087
253.400	0.054	4.087
253.600	0.055	4.087
253.800	0.056	4.087
254.000	0.055	4.087
254.200	0.056	4.087
254.400	0.056	4.087
254.600	0.056	4.087
254.800	0.055	4.087
255.000	0.056	4.087
255.200	0.056	4.087
255.400	0.057	4.087
255.600	0.056	4.087
255.800	0.056	4.087
256.000	0.056	4.087
256.200	0.055	4.087
256.400	0.057	4.087
256.600	0.056	4.087
256.800	0.057	4.087
257.000	0.057	4.087
257.200	0.055	4.087
257.400	0.057	4.087
257.600	0.056	4.087
257.800	0.055	4.087
258.000	0.055	4.087
258.200	0.056	4.087
258.400	0.058	4.087
258.600	0.055	4.087
258.800	0.054	4.087
259.000	0.055	4.087
259.200	0.055	4.087
259.400	0.056	4.087
259.600	0.056	4.087
259.800	0.054	4.087
260.000	0.054	4.087
260.200	0.055	4.087
260.400	0.056	4.087
260.600	0.057	4.087
260.800	0.056	4.087
261.000	0.056	4.087
261.200	0.055	4.087
261.400	0.058	4.087
261.600	0.056	4.087
261.800	0.057	4.087
262.000	0.057	4.087
262.200	0.058	4.087
262.400	0.058	4.087
262.600	0.056	4.087
262.800	0.058	4.087
263.000	0.058	4.087
263.200	0.056	4.087
263.400	0.058	4.087
263.600	0.056	4.087
263.800	0.055	4.087
264.000	0.057	4.087
264.200	0.055	4.087
264.400	0.057	4.087
264.600	0.055	4.087
264.800	0.057	4.087
265.000	0.056	4.087
265.200	0.057	4.087
265.400	0.056	4.087
265.600	0.057	4.087
265.800	0.056	4.087
266.000	0.057	4.087
266.200	0.056	4.087
266.400	0.056	4.087
266.600	0.055	4.087
266.800	0.056	4.087
267.000	0.055	4.087
267.200	0.055	4.087
267.400	0.056	4.087
267.600	0.056	4.087
267.800	0.057	4.087
268.000	0.056	4.087
268.200	0.057	4.087
268.400	0.057	4.087
268.600	0.056	4.087
268.800	0.055	4.087
269.000	0.057	4.087
269.200	0.058	4.087
269.400	0.056	4.087
269.600	0.056	4.087
269.800	0.056	4.087
270.000	0.056	4.087
270.200	0.057	4.087
270.400	0.057	4.087
270.600	0.056	4.087
270.800	0.057	4.087
271.000	0.055	4.087
271.200	0.057	4.087
271.400	0.057	4.087
271.600	0.056	4.087
271.800	0.058	4.087
272.000	0.058	4.087
272.200	0.057	4.087
272.400	0.055	4.087
272.600	0.056	4.086
272.800	0.055	4.087
273.000	0.056	4.087
273.200	0.055	4.087
273.400	0.056	4.087
273.600	0.055	4.087
273.800	0.055	4.087
274.000	0.055	4.087
274.200	0.056	4.087
274.400	0.056	4.087
274.600	0.058	4.087
274.800	0.056	4.087
275.000	0.056	4.087
275.200	0.056	4.087
275.400	0.055	4.087
275.600	0.054	4.087
275.800	0.057	4.087
276.000	0.056	4.087
276.200	0.057	4.087
276.400	0.055	4.087
276.600	0.055	4.087
276.800	0.056	4.087
277.000	0.056	4.087
277.200	0.055	4.087
277.400	0.055	4.087
277.600	0.057	4.087
277.800	0.055	4.087
278.000	0.056	4.087
278.200	0.056	4.087
278.400	0.056	4.087
278.600	0.056	4.087
278.800	0.056	4.087
279.000	0.056	4.087
279.200	0.057	4.087
279.400	0.056	4.087
279.600	0.057	4.087
279.800	0.056	4.087
280.000	0.056	4.087
280.200	0.056	4.087
280.400	0.055	4.087
280.600	0.057	4.086
280.800	0.056	4.086
281.000	0.057	4.087
281.200	0.057	4.087
281.400	0.058	4.087
281.600	0.056	4.087
281.800	0.057	4.087
282.000	0.057	4.087
282.200	0.056	4.087
282.400	0.055	4.087
282.600	0.057	4.087
282.800	0.056	4.087
283.000	0.057	4.087
283.200	0.058	4.087
283.400	0.057	4.087
283.600	0.056	4.087
283.800	0.055	4.087
284.000	0.055	4.087
284.200	0.055	4.087
284.400	0.057	4.087
284.600	0.057	4.087
284.800	0.056	4.087
285.000	0.057	4.087
285.200	0.057	4.087
285.400	0.057	4.087
285.600	0.056	4.087
285.800	0.056	4.087
286.000	0.054	4.087
286.200	0.057	4.087
286.400	0.057	4.087
286.600	0.057	4.086
286.800	0.058	4.087
287.000	0.056	4.087
287.200	0.057	4.087
287.400	0.058	4.086
287.600	0.057	4.087
287.800	0.057	4.087
288.000	0.058	4.086
288.200	0.058	4.086
288.400	0.057	4.087
288.600	0.058	4.087
288.800	0.057	4.087
289.000	0.056	4.087
289.200	0.059	4.087
289.400	0.057	4.087
289.600	0.056	4.087
289.800	0.058	4.087
290.000	0.058	4.087
290.200	0.057	4.087
290.400	0.055	4.087
290.600	0.057	4.087
290.800	0.056	4.087
291.000	0.056	4.087
291.200	0.057	4.087
291.400	0.055	4.086
291.600	0.057	4.087
291.800	0.057	4.087
292.000	0.057	4.087
292.200	0.057	4.087
292.400	0.056	4.087
292.600	0.057	4.087
292.800	0.057	4.087
293.000	0.056	4.087
293.200	0.057	4.086
293.400	0.056	4.087
293.600	0.056	4.086
293.800	0.056	4.087
294.000	0.057	4.086
294.200	0.057	4.086
294.400	0.056	4.087
294.600	0.057	4.086
294.800	0.057	4.086
295.000	0.054	4.087
295.200	0.056	4.087
295.400	0.057	4.086
295.600	0.056	4.086
295.800	0.057	4.086
296.000	0.055	4.086
296.200	0.057	4.086
296.400	0.057	4.087
296.600	0.057	4.086
296.800	0.058	4.086
297.000	0.056	4.086
297.200	0.057	4.086
297.400	0.055	4.086
297.600	0.057	4.086
297.800	0.056	4.086
298.000	0.057	4.086
298.200	0.055	4.086
298.400	0.056	4.086
298.600	0.057	4.086
298.800	0.054	4.086
299.000	0.055	4.086
299.200	0.056	4.086
299.400	0.055	4.086
299.600	0.054	4.086
299.800	0.054	4.086
300.000	0.053	4.086
300.200	0.055	4.086
300.400	0.056	4.086
300.600	0.055	4.086
300.800	0.054	4.086
301.000	0.054	4.086
301.200	0.056	4.086
301.400	0.055	4.086
301.600	0.056	4.086
301.800	0.054	4.086
302.000	0.056	4.086
302.200	0.057	4.086
302.400	0.056	4.086
302.600	0.055	4.086
302.800	0.055	4.086
303.000	0.055	4.086
303.200	0.056	4.086
303.400	0.057	4.086
303.600	0.056	4.086
303.800	0.057	4.086
304.000	0.057	4.086
304.200	0.058	4.086
304.400	0.058	4.086
304.600	0.059	4.086
304.800	0.057	4.086
305.000	0.057	4.086
305.200	0.057	4.086
305.400	0.057	4.086
305.600	0.056	4.086
305.800	0.057	4.086
306.000	0.054	4.086
306.200	0.055	4.086
306.400	0.055	4.086
306.600	0.057	4.086
306.800	0.056	4.086
307.000	0.056	4.086
307.200	0.057	4.086
307.400	0.057	4.086
307.600	0.057	4.086
307.800	0.056	4.086
308.000	0.056	4.086
308.200	0.057	4.086
308.400	0.056	4.086
308.600	0.056	4.086
308.800	0.057	4.086
309.000	0.058	4.086
309.200	0.057	4.086
309.400	0.056	4.086
309.600	0.058	4.086
309.800	0.058	4.086
310.000	0.056	4.086
310.200	0.057	4.086
310.400	0.058	4.086
310.600	0.057	4.086
310.800	0.056	4.086
311.000	0.056	4.086
311.200	0.055	4.087
311.400	0.056	4.086
311.600	0.058	4.086
311.800	0.057	4.086
312.000	0.056	4.086
312.200	0.057	4.086
312.400	0.058	4.086
312.600	0.058	4.086
312.800	0.058	4.086
313.000	0.055	4.086
313.200	0.056	4.086
313.400	0.058	4.086
313.600	0.056	4.086
313.800	0.059	4.086
314.000	0.057	4.086
314.200	0.058	4.086
314.400	0.055	4.086
314.600	0.057	4.086
314.800	0.059	4.086
315.000	0.056	4.086
315.200	0.056	4.086
315.400	0.057	4.086
315.600	0.056	4.086
315.800	0.056	4.086
316.000	0.058	4.086
316.200	0.058	4.086
316.400	0.058	4.086
316.600	0.058	4.086
316.800	0.056	4.086
317.000	0.056	4.086
317.200	0.056	4.086
317.400	0.056	4.086
317.600	0.055	4.086
317.800	0.056	4.086
318.000	0.056	4.086
318.200	0.059	4.086
318.400	0.057	4.086
318.600	0.056	4.086
318.800	0.056	4.086
319.000	0.057	4.086
319.200	0.057	4.086
319.400	0.056	4.086
319.600	0.058	4.086
319.800	0.055	4.086
320.000	0.056	4.086
320.200	0.056	4.086
320.400	0.057	4.086
320.600	0.058	4.086
320.800	0.058	4.086
321.000	0.055	4.086
321.200	0.057	4.086
321.400	0.057	4.086
321.600	0.055	4.086
321.800	0.055	4.086
322.000	0.057	4.086
322.200	0.055	4.086
322.400	0.056	4.086
322.600	0.056	4.086
322.800	0.057	4.086
323.000	0.057	4.086
323.200	0.057	4.086
323.400	0.056	4.086
323.600	0.057	4.086
323.800	0.055	4.086
324.000	0.055	4.086
324.200	0.056	4.086
324.400	0.055	4.086
324.600	0.055	4.086
324.800	0.055	4.086
325.000	0.056	4.086
325.200	0.056	4.086
325.400	0.055	4.086
325.600	0.056	4.086
325.800	0.055	4.086
326.000	0.057	4.086
326.200	0.055	4.086
326.400	0.056	4.086
326.600	0.056	4.086
326.800	0.056	4.086
327.000	0.055	4.086
327.200	0.056	4.086
327.400	0.056	4.086
327.600	0.056	4.086
327.800	0.055	4.086
328.000	0.056	4.086
328.200	0.056	4.086
328.400	0.055	4.086
328.600	0.055	4.086
328.800	0.055	4.086
329.000	0.056	4.086
329.200	0.055	4.086
329.400	0.056	4.086
329.600	0.056	4.086
329.800	0.055	4.086
330.000	0.054	4.086
330.200	0.055	4.086
330.400	0.055	4.086
330.600	0.054	4.086
330.800	0.054	4.086
331.000	0.054	4.086
331.200	0.055	4.086
331.400	0.053	4.086
331.600	0.055	4.086
331.800	0.055	4.086
332.000	0.056	4.086
332.200	0.053	4.086
332.400	0.055	4.086
332.600	0.053	4.086
332.800	0.054	4.086
333.000	0.055	4.086
333.200	0.055	4.086
333.400	0.055	4.086
333.600	0.054	4.086
333.800	0.056	4.086
334.000	0.056	4.086
334.200	0.055	4.086
334.400	0.054	4.086
334.600	0.056	4.086
334.800	0.054	4.086
335.000	0.057	4.086
335.200	0.055	4.086
335.400	0.057	4.086
335.600	0.057	4.086
335.800	0.056	4.086
336.000	0.056	4.086
336.200	0.056	4.086
336.400	0.056	4.086
336.600	0.055	4.086
336.800	0.055	4.086
337.000	0.055	4.086
337.200	0.055	4.086
337.400	0.053	4.086
337.600	0.056	4.086
337.800	0.056	4.086
338.000	0.056	4.086
338.200	0.057	4.086
338.400	0.055	4.086
338.600	0.056	4.086
338.800	0.055	4.086
339.000	0.055	4.086
339.200	0.055	4.086
339.400	0.055	4.086
339.600	0.056	4.086
339.800	0.055	4.086
340.000	0.056	4.086
340.200	0.056	4.086
340.400	0.056	4.086
340.600	0.053	4.086
340.800	0.056	4.086
341.000	0.056	4.086
341.200	0.055	4.086
341.400	0.056	4.086
341.600	0.056	4.086
341.800	0.056	4.086
342.000	0.056	4.086
342.200	0.058	4.086
342.400	0.057	4.086
342.600	0.058	4.086
342.800	0.055	4.086
343.000	0.056	4.086
343.200	0.055	4.086
343.400	0.055	4.086
343.600	0.055	4.086
343.800	0.055	4.086
344.000	0.057	4.086
344.200	0.057	4.086
344.400	0.057	4.086
344.600	0.056	4.086
344.800	0.056	4.086
345.000	0.056	4.086
345.200	0.056	4.086
345.400	0.055	4.086
345.600	0.056	4.086
345.800	0.056	4.086
346.000	0.056	4.086
346.200	0.056	4.086
346.400	0.055	4.086
346.600	0.056	4.086
346.800	0.056	4.086
347.000	0.055	4.086
347.200	0.055	4.086
347.400	0.055	4.086
347.600	0.054	4.086
347.800	0.055	4.086
348.000	0.055	4.086
348.200	0.054	4.086
348.400	0.055	4.086
348.600	0.055	4.086
348.800	0.055	4.086
349.000	0.056	4.086
349.200	0.057	4.086
349.400	0.056	4.086
349.600	0.056	4.086
349.800	0.058	4.086
350.000	0.056	4.086
350.200	0.057	4.086
350.400	0.055	4.086
350.600	0.055	4.086
350.800	0.055	4.086
351.000	0.056	4.086
351.200	0.055	4.086
351.400	0.055	4.086
351.600	0.055	4.086
351.800	0.057	4.086
352.000	0.055	4.086
352.200	0.055	4.086
352.400	0.055	4.086
352.600	0.055	4.086
352.800	0.056	4.086
353.000	0.054	4.086
353.200	0.055	4.086
353.400	0.054	4.086
353.600	0.056	4.086
353.800	0.056	4.086
354.000	0.055	4.086
354.200	0.056	4.086
354.400	0.057	4.086
354.600	0.057	4.086
354.800	0.057	4.086
355.000	0.055	4.086
355.200	0.056	4.086
355.400	0.057	4.086
355.600	0.057	4.086
355.800	0.056	4.086
356.000	0.056	4.086
356.200	0.056	4.086
356.400	0.056	4.086
356.600	0.057	4.086
356.800	0.055	4.086
357.000	0.056	4.086
357.200	0.056	4.086
357.400	0.057	4.086
357.600	0.056	4.086
357.800	0.055	4.086
358.000	0.056	4.086
358.200	0.056	4.086
358.400	0.057	4.086
358.600	0.057	4.086
358.800	0.055	4.086
359.000	0.056	4.086
359.200	0.056	4.086
359.400	0.056	4.086
359.600	0.055	4.086
359.800	0.058	4.086
360.000	0.057	4.086
360.200	0.057	4.086
360.400	0.056	4.086
360.600	0.056	4.086
360.800	0.057	4.086
361.000	0.057	4.086
361.200	0.056	4.086
361.400	0.058	4.086
361.600	0.056	4.086
361.800	0.056	4.086
362.000	0.056	4.086
362.200	0.055	4.086
362.400	0.055	4.086
362.600	0.056	4.086
362.800	0.054	4.086
363.000	0.054	4.086
363.200	0.056	4.086
363.400	0.055	4.086
363.600	0.057	4.086
363.800	0.056	4.086
364.000	0.056	4.086
364.200	0.055	4.086
364.400	0.056	4.086
364.600	0.056	4.086
364.800	0.056	4.086
365.000	0.056	4.086
365.200	0.057	4.086
365.400	0.056	4.086
365.600	0.056	4.086
365.800	0.057	4.086
366.000	0.055	4.086
366.200	0.055	4.086
366.400	0.056	4.086
366.600	0.056	4.086
366.800	0.056	4.086
367.000	0.055	4.086
367.200	0.056	4.086
367.400	0.056	4.086
367.600	0.056	4.086
367.800	0.056	4.086
368.000	0.057	4.086
368.200	0.057	4.086
368.400	0.054	4.086
368.600	0.055	4.086
368.800	0.055	4.086
369.000	0.055	4.086
369.200	0.056	4.086
369.400	0.055	4.086
369.600	0.056	4.086
369.800	0.056	4.086
370.000	0.057	4.086
370.200	0.058	4.086
370.400	0.057	4.086
370.600	0.056	4.086
370.800	0.057	4.086
371.000	0.057	4.086
371.200	0.056	4.086
371.400	0.057	4.086
371.600	0.057	4.086
371.800	0.057	4.086
372.000	0.059	4.086
372.200	0.058	4.086
372.400	0.058	4.086
372.600	0.056	4.086
372.800	0.057	4.086
373.000	0.057	4.086
373.200	0.058	4.086
373.400	0.058	4.086
373.600	0.058	4.086
373.800	0.058	4.086
374.000	0.057	4.086
374.200	0.057	4.086
374.400	0.058	4.086
374.600	0.057	4.086
374.800	0.058	4.086
375.000	0.056	4.086
375.200	0.059	4.086
375.400	0.058	4.086
375.600	0.057	4.086
375.800	0.058	4.086
376.000	0.058	4.086
376.200	0.058	4.086
376.400	0.058	4.086
376.600	0.059	4.086
376.800	0.059	4.086
377.000	0.059	4.086
377.200	0.057	4.086
377.400	0.059	4.086
377.600	0.058	4.086
377.800	0.058	4.086
378.000	0.057	4.086
378.200	0.058	4.086
378.400	0.059	4.086
378.600	0.061	4.086
378.800	0.059	4.086
379.000	0.058	4.086
379.200	0.059	4.086
379.400	0.059	4.086
379.600	0.058	4.086
379.800	0.058	4.086
380.000	0.059	4.086
380.200	0.059	4.086
380.400	0.058	4.086
380.600	0.058	4.086
380.800	0.059	4.086
381.000	0.058	4.086
381.200	0.058	4.086
381.400	0.059	4.086
381.600	0.058	4.086
381.800	0.057	4.086
382.000	0.057	4.086
382.200	0.057	4.086
382.400	0.056	4.086
382.600	0.057	4.086
382.800	0.058	4.086
383.000	0.058	4.086
383.200	0.057	4.086
383.400	0.057	4.086
383.600	0.056	4.086
383.800	0.055	4.086
384.000	0.055	4.086
384.200	0.056	4.086
384.400	0.056	4.086
384.600	0.057	4.086
384.800	0.055	4.086
385.000	0.056	4.086
385.200	0.056	4.086
385.400	0.055	4.086
385.600	0.055	4.086
385.800	0.055	4.086
386.000	0.054	4.086
386.200	0.055	4.086
386.400	0.055	4.086
386.600	0.056	4.086
386.800	0.056	4.086
387.000	0.055	4.086
387.200	0.058	4.086
387.400	0.056	4.086
387.600	0.056	4.086
387.800	0.056	4.086
388.000	0.057	4.086
388.200	0.057	4.086
388.400	0.057	4.086
388.600	0.056	4.086
388.800	0.057	4.086
389.000	0.056	4.086
389.200	0.057	4.086
389.400	0.055	4.086
389.600	0.056	4.086
389.800	0.058	4.086
390.000	0.057	4.086
390.200	0.058	4.086
390.400	0.057	4.086
390.600	0.057	4.086
390.800	0.055	4.086
391.000	0.055	4.086
391.200	0.056	4.086
391.400	0.054	4.086
391.600	0.054	4.086
391.800	0.055	4.086
392.000	0.056	4.086
392.200	0.054	4.086
392.400	0.055	4.086
392.600	0.055	4.086
392.800	0.056	4.086
393.000	0.055	4.086
393.200	0.054	4.086
393.400	0.055	4.086
393.600	0.055	4.086
393.800	0.053	4.086
394.000	0.053	4.086
394.200	0.055	4.086
394.400	0.055	4.086
394.600	0.057	4.086
394.800	0.056	4.086
395.000	0.056	4.086
395.200	0.056	4.086
395.400	0.055	4.086
395.600	0.056	4.086
395.800	0.057	4.086
396.000	0.055	4.086
396.200	0.055	4.086
396.400	0.055	4.086
396.600	0.055	4.086
396.800	0.056	4.086
397.000	0.054	4.086
397.200	0.055	4.086
397.400	0.056	4.086
397.600	0.056	4.086
397.800	0.055	4.086
398.000	0.056	4.086
398.200	0.055	4.086
398.400	0.056	4.086
398.600	0.054	4.086
398.800	0.055	4.086
399.000	0.056	4.086
399.200	0.055	4.086
399.400	0.056	4.086
399.600	0.055	4.086
399.800	0.057	4.086
400.000	0.057	4.086
400.200	0.058	4.086
400.400	0.057	4.086
400.600	0.057	4.086
400.800	0.056	4.086
401.000	0.057	4.086
401.200	0.057	4.086
401.400	0.055	4.086
401.600	0.056	4.086
401.800	0.055	4.086
402.000	0.056	4.086
402.200	0.055	4.086
402.400	0.056	4.086
402.600	0.057	4.086
402.800	0.058	4.086
403.000	0.056	4.086
403.200	0.056	4.086
403.400	0.057	4.086
403.600	0.055	4.086
403.800	0.056	4.086
404.000	0.058	4.086
404.200	0.056	4.086
404.400	0.057	4.086
404.600	0.055	4.086
404.800	0.055	4.086
405.000	0.057	4.086
405.200	0.056	4.086
405.400	0.055	4.086
405.600	0.054	4.086
405.800	0.055	4.086
406.000	0.055	4.086
406.200	0.056	4.086
406.400	0.054	4.086
406.600	0.055	4.086
406.800	0.055	4.086
407.000	0.056	4.086
407.200	0.056	4.086
407.400	0.056	4.086
407.600	0.054	4.086
407.800	0.055	4.086
408.000	0.058	4.086
408.200	0.056	4.086
408.400	0.056	4.086
408.600	0.057	4.086
408.800	0.055	4.086
409.000	0.056	4.086
409.200	0.054	4.086
409.400	0.056	4.086
409.600	0.055	4.086
409.800	0.056	4.086
410.000	0.056	4.086
410.200	0.057	4.086
410.400	0.058	4.086
410.600	0.055	4.086
410.800	0.055	4.086
411.000	0.056	4.086
411.200	0.055	4.086
411.400	0.057	4.086
411.600	0.056	4.086
411.800	0.058	4.086
412.000	0.056	4.086
412.200	0.055	4.086
412.400	0.055	4.086
412.600	0.056	4.086
412.800	0.056	4.086
413.000	0.057	4.086
413.200	0.056	4.086
413.400	0.055	4.086
413.600	0.056	4.086
413.800	0.053	4.086
414.000	0.054	4.086
414.200	0.054	4.086
414.400	0.054	4.086
414.600	0.054	4.086
414.800	0.055	4.086
415.000	0.055	4.086
415.200	0.055	4.086
415.400	0.055	4.086
415.600	0.054	4.086
415.800	0.053	4.086
416.000	0.054	4.086
416.200	0.055	4.086
416.400	0.055	4.086
416.600	0.056	4.086
416.800	0.055	4.086
417.000	0.056	4.086
417.200	0.053	4.086
417.400	0.054	4.086
417.600	0.052	4.086
417.800	0.054	4.086
418.000	0.054	4.086
418.200	0.053	4.086
418.400	0.055	4.086
418.600	0.054	4.086
418.800	0.054	4.086
419.000	0.053	4.086
419.200	0.054	4.086
419.400	0.055	4.086
419.600	0.056	4.086
419.800	0.055	4.086
420.000	0.053	4.086
420.200	0.054	4.086
420.400	0.054	4.086
420.600	0.055	4.086
420.800	0.053	4.086
421.000	0.053	4.086
421.200	0.055	4.086
421.400	0.055	4.086
421.600	0.053	4.086
421.800	0.054	4.086
422.000	0.054	4.086
422.200	0.056	4.086
422.400	0.054	4.086
422.600	0.054	4.086
422.800	0.052	4.086
423.000	0.054	4.086
423.200	0.054	4.086
423.400	0.054	4.086
423.600	0.054	4.086
423.800	0.055	4.086
424.000	0.054	4.086
424.200	0.057	4.086
424.400	0.056	4.086
424.600	0.054	4.086
424.800	0.053	4.086
425.000	0.055	4.086
425.200	0.054	4.086
425.400	0.056	4.086
425.600	0.055	4.086
425.800	0.054	4.086
426.000	0.054	4.086
426.200	0.056	4.086
426.400	0.056	4.086
426.600	0.055	4.086
426.800	0.054	4.086
427.000	0.055	4.086
427.200	0.053	4.086
427.400	0.056	4.086
427.600	0.054	4.086
427.800	0.055	4.086
428.000	0.054	4.086
428.200	0.056	4.086
428.400	0.056	4.086
428.600	0.053	4.086
428.800	0.055	4.086
429.000	0.054	4.086
429.200	0.056	4.086
429.400	0.055	4.086
429.600	0.053	4.086
429.800	0.053	4.086
430.000	0.054	4.086
430.200	0.055	4.086
430.400	0.055	4.086
430.600	0.056	4.086
430.800	0.055	4.086
431.000	0.056	4.086
431.200	0.054	4.086
431.400	0.056	4.086
431.600	0.053	4.086
431.800	0.054	4.086
432.000	0.055	4.086
432.200	0.056	4.086
432.400	0.056	4.086
432.600	0.057	4.086
432.800	0.057	4.086
433.000	0.057	4.086
433.200	0.056	4.086
433.400	0.055	4.086
433.600	0.057	4.086
433.800	0.055	4.086
434.000	0.056	4.086
434.200	0.058	4.086
434.400	0.056	4.086
434.600	0.056	4.086
434.800	0.056	4.086
435.000	0.057	4.086
435.200	0.056	4.086
435.400	0.058	4.086
435.600	0.057	4.086
435.800	0.055	4.086
436.000	0.056	4.086
436.200	0.057	4.086
436.400	0.056	4.086
436.600	0.057	4.086
436.800	0.056	4.086
437.000	0.056	4.086
437.200	0.056	4.086
437.400	0.055	4.086
437.600	0.055	4.086
437.800	0.054	4.086
438.000	0.054	4.086
438.200	0.054	4.086
438.400	0.054	4.086
438.600	0.053	4.086
438.800	0.054	4.086
439.000	0.054	4.086
439.200	0.054	4.086
439.400	0.054	4.086
439.600	0.057	4.086
439.800	0.055	4.086
440.000	0.054	4.086
440.200	0.055	4.086
440.400	0.056	4.086
440.600	0.055	4.086
440.800	0.055	4.086
441.000	0.055	4.086
441.200	0.053	4.086
441.400	0.054	4.086
441.600	0.056	4.086
441.800	0.055	4.086
442.000	0.054	4.086
442.200	0.052	4.086
442.400	0.053	4.086
442.600	0.054	4.086
442.800	0.054	4.086
443.000	0.056	4.086
443.200	0.055	4.086
443.400	0.056	4.086
443.600	0.056	4.086
443.800	0.054	4.086
444.000	0.054	4.086
444.200	0.054	4.086
444.400	0.055	4.086
444.600	0.054	4.086
444.800	0.054	4.086
445.000	0.053	4.086
445.200	0.055	4.086
445.400	0.054	4.086
445.600	0.054	4.086
445.800	0.054	4.086
446.000	0.054	4.086
446.200	0.053	4.086
446.400	0.055	4.086
446.600	0.056	4.086
446.800	0.054	4.086
447.000	0.053	4.086
447.200	0.053	4.086
447.400	0.054	4.086
447.600	0.054	4.086
447.800	0.054	4.086
448.000	0.053	4.086
448.200	0.055	4.086
448.400	0.054	4.086
448.600	0.054	4.086
448.800	0.051	4.086
449.000	0.053	4.086
449.200	0.055	4.086
449.400	0.055	4.086
449.600	0.055	4.086
449.800	0.054	4.086
450.000	0.055	4.086
450.200	0.055	4.086
450.400	0.055	4.086
450.600	0.054	4.086
450.800	0.055	4.086
451.000	0.054	4.086
451.200	0.055	4.086
451.400	0.055	4.086
451.600	0.055	4.086
451.800	0.053	4.086
452.000	0.053	4.086
452.200	0.055	4.086
452.400	0.054	4.086
452.600	0.055	4.086
452.800	0.054	4.086
453.000	0.053	4.086
453.200	0.053	4.086
453.400	0.055	4.086
453.600	0.054	4.086
453.800	0.057	4.086
454.000	0.057	4.086
454.200	0.055	4.086
454.400	0.055	4.086
454.600	0.054	4.086
454.800	0.056	4.086
455.000	0.055	4.086
455.200	0.056	4.086
455.400	0.055	4.086
455.600	0.054	4.086
455.800	0.056	4.086
456.000	0.057	4.086
456.200	0.057	4.086
456.400	0.055	4.086
456.600	0.056	4.086
456.800	0.055	4.086
457.000	0.056	4.086
457.200	0.056	4.086
457.400	0.055	4.086
457.600	0.055	4.086
457.800	0.056	4.086
458.000	0.056	4.086
458.200	0.057	4.086
458.400	0.054	4.086
458.600	0.055	4.086
458.800	0.054	4.086
459.000	0.057	4.086
459.200	0.053	4.086
459.400	0.053	4.086
459.600	0.054	4.086
459.800	0.055	4.086
460.000	0.057	4.086
460.200	0.056	4.086
460.400	0.056	4.086
460.600	0.055	4.086
460.800	0.055	4.086
461.000	0.056	4.086
461.200	0.055	4.086
461.400	0.054	4.086
461.600	0.054	4.086
461.800	0.055	4.086
462.000	0.054	4.086
462.200	0.053	4.086
462.400	0.054	4.086
462.600	0.055	4.086
462.800	0.054	4.086
463.000	0.055	4.086
463.200	0.054	4.086
463.400	0.053	4.086
463.600	0.057	4.086
463.800	0.055	4.086
464.000	0.057	4.086
464.200	0.057	4.086
464.400	0.056	4.086
464.600	0.056	4.086
464.800	0.056	4.086
465.000	0.056	4.086
465.200	0.055	4.086
465.400	0.055	4.086
465.600	0.056	4.086
465.800	0.055	4.086
466.000	0.056	4.086
466.200	0.056	4.086
466.400	0.055	4.086
466.600	0.055	4.086
466.800	0.056	4.086
467.000	0.055	4.086
467.200	0.056	4.086
467.400	0.056	4.086
467.600	0.055	4.086
467.800	0.056	4.086
468.000	0.055	4.086
468.200	0.056	4.086
468.400	0.053	4.086
468.600	0.053	4.086
468.800	0.056	4.086
469.000	0.054	4.086
469.200	0.055	4.086
469.400	0.054	4.086
469.600	0.053	4.086
469.800	0.053	4.086
470.000	0.053	4.086
470.200	0.053	4.086
470.400	0.054	4.086
470.600	0.053	4.086
470.800	0.055	4.086
471.000	0.054	4.086
471.200	0.053	4.086
471.400	0.054	4.086
471.600	0.055	4.086
471.800	0.055	4.086
472.000	0.053	4.086
472.200	0.054	4.086
472.400	0.055	4.086
472.600	0.053	4.086
472.800	0.054	4.086
473.000	0.054	4.086
473.200	0.055	4.086
473.400	0.056	4.086
473.600	0.053	4.086
473.800	0.054	4.086
474.000	0.053	4.086
474.200	0.054	4.086
474.400	0.054	4.086
474.600	0.056	4.086
474.800	0.055	4.086
475.000	0.053	4.086
475.200	0.053	4.086
475.400	0.053	4.086
475.600	0.054	4.086
475.800	0.055	4.086
476.000	0.053	4.086
476.200	0.055	4.086
476.400	0.053	4.086
476.600	0.053	4.086
476.800	0.053	4.086
477.000	0.054	4.086
477.200	0.056	4.086
477.400	0.054	4.086
477.600	0.052	4.086
477.800	0.054	4.086
478.000	0.055	4.086
478.200	0.056	4.086
478.400	0.054	4.086
478.600	0.054	4.086
478.800	0.055	4.086
479.000	0.055	4.086
479.200	0.055	4.086
479.400	0.055	4.086
479.600	0.056	4.086
479.800	0.054	4.086
480.000	0.054	4.086
480.200	0.054	4.086
480.400	0.056	4.086
480.600	0.055	4.086
480.800	0.055	4.086
481.000	0.055	4.086
481.200	0.055	4.086
481.400	0.056	4.086
481.600	0.055	4.086
481.800	0.055	4.086
482.000	0.054	4.086
482.200	0.054	4.086
482.400	0.054	4.086
482.600	0.055	4.086
482.800	0.056	4.086
483.000	0.057	4.086
483.200	0.056	4.086
483.400	0.055	4.086
483.600	0.052	4.086
483.800	0.055	4.086
484.000	0.057	4.086
484.200	0.055	4.086
484.400	0.054	4.086
484.600	0.054	4.086
484.800	0.053	4.086
485.000	0.055	4.086
485.200	0.057	4.086
485.400	0.056	4.086
485.600	0.056	4.086
485.800	0.055	4.086
486.000	0.055	4.086
486.200	0.056	4.086
486.400	0.055	4.086
486.600	0.054	4.086
486.800	0.054	4.086
487.000	0.055	4.086
487.200	0.055	4.086
487.400	0.056	4.086
487.600	0.056	4.086
487.800	0.055	4.086
488.000	0.056	4.086
488.200	0.053	4.086
488.400	0.055	4.086
488.600	0.056	4.086
488.800	0.054	4.086
489.000	0.054	4.086
489.200	0.054	4.086
489.400	0.053	4.086
489.600	0.055	4.086
489.800	0.052	4.086
490.000	0.053	4.086
490.200	0.053	4.086
490.400	0.053	4.086
490.600	0.054	4.086
490.800	0.054	4.086
491.000	0.053	4.086
491.200	0.056	4.086
491.400	0.054	4.086
491.600	0.055	4.086
491.800	0.054	4.086
492.000	0.056	4.086
492.200	0.054	4.086
492.400	0.056	4.086
492.600	0.056	4.086
492.800	0.055	4.086
493.000	0.055	4.086
493.200	0.055	4.086
493.400	0.055	4.086
493.600	0.053	4.086
493.800	0.055	4.086
494.000	0.054	4.086
494.200	0.054	4.086
494.400	0.054	4.086
494.600	0.054	4.086
494.800	0.053	4.086
495.000	0.053	4.086
495.200	0.055	4.086
495.400	0.053	4.086
495.600	0.054	4.086
495.800	0.054	4.086
496.000	0.055	4.086
496.200	0.055	4.086
496.400	0.055	4.086
496.600	0.054	4.086
496.800	0.053	4.086
497.000	0.053	4.086
497.200	0.053	4.086
497.400	0.054	4.086
497.600	0.051	4.086
497.800	0.053	4.086
498.000	0.052	4.086
498.200	0.054	4.086
498.400	0.054	4.086
498.600	0.055	4.086
498.800	0.056	4.086
499.000	0.054	4.086
499.200	0.055	4.086
499.400	0.055	4.086
499.600	0.055	4.086
499.800	0.054	4.086
500.000	0.054	4.086
500.200	0.053	4.086
500.400	0.054	4.086
500.600	0.054	4.086
500.800	0.054	4.086
501.000	0.054	4.086
501.200	0.053	4.086
501.400	0.055	4.086
501.600	0.055	4.086
501.800	0.054	4.086
502.000	0.054	4.086
502.200	0.053	4.086
502.400	0.054	4.086
502.600	0.055	4.086
502.800	0.053	4.086
503.000	0.053	4.086
503.200	0.054	4.086
503.400	0.053	4.086
503.600	0.054	4.086
503.800	0.054	4.086
504.000	0.053	4.086
504.200	0.055	4.086
504.400	0.054	4.086
504.600	0.053	4.086
504.800	0.054	4.086
505.000	0.055	4.086
505.200	0.055	4.086
505.400	0.054	4.086
505.600	0.054	4.086
505.800	0.055	4.086
506.000	0.054	4.086
506.200	0.056	4.086
506.400	0.056	4.086
506.600	0.054	4.086
506.800	0.053	4.086
507.000	0.054	4.086
507.200	0.054	4.086
507.400	0.054	4.086
507.600	0.054	4.086
507.800	0.056	4.086
508.000	0.056	4.086
508.200	0.055	4.086
508.400	0.055	4.086
508.600	0.055	4.086
508.800	0.054	4.086
509.000	0.055	4.086
509.200	0.055	4.086
509.400	0.054	4.086
509.600	0.054	4.086
509.800	0.054	4.086
510.000	0.054	4.086
510.200	0.055	4.086
510.400	0.054	4.086
510.600	0.055	4.086
510.800	0.054	4.086
511.000	0.056	4.086
511.200	0.056	4.086
511.400	0.055	4.086
511.600	0.055	4.086
511.800	0.055	4.086
512.000	0.054	4.086
512.200	0.056	4.086
512.400	0.056	4.086
512.600	0.054	4.086
512.800	0.055	4.086
513.000	0.053	4.086
513.200	0.055	4.086
513.400	0.055	4.086
513.600	0.055	4.086
513.800	0.053	4.086
514.000	0.056	4.086
514.200	0.055	4.086
514.400	0.054	4.086
514.600	0.054	4.086
514.800	0.054	4.086
515.000	0.054	4.086
515.200	0.055	4.086
515.400	0.054	4.086
515.600	0.057	4.086
515.800	0.057	4.086
516.000	0.057	4.086
516.200	0.055	4.086
516.400	0.058	4.086
516.600	0.055	4.086
516.800	0.055	4.086
517.000	0.053	4.086
517.200	0.055	4.086
517.400	0.055	4.086
517.600	0.056	4.086
517.800	0.056	4.086
518.000	0.055	4.086
518.200	0.055	4.086
518.400	0.055	4.086
518.600	0.054	4.086
518.800	0.056	4.086
519.000	0.054	4.086
519.200	0.055	4.086
519.400	0.055	4.086
519.600	0.056	4.086
519.800	0.057	4.086
520.000	0.055	4.086
520.200	0.054	4.086
520.400	0.054	4.086
520.600	0.055	4.086
520.800	0.055	4.086
521.000	0.054	4.086
521.200	0.055	4.086
521.400	0.055	4.086
521.600	0.054	4.086
521.800	0.054	4.086
522.000	0.055	4.086
522.200	0.055	4.086
522.400	0.055	4.086
522.600	0.054	4.086
522.800	0.054	4.086
523.000	0.056	4.086
523.200	0.055	4.086
523.400	0.056	4.086
523.600	0.055	4.086
523.800	0.056	4.086
524.000	0.057	4.086
524.200	0.055	4.086
524.400	0.056	4.086
524.600	0.057	4.086
524.800	0.055	4.086
525.000	0.057	4.086
525.200	0.054	4.086
525.400	0.056	4.086
525.600	0.055	4.086
525.800	0.056	4.086
526.000	0.054	4.086
526.200	0.053	4.086
526.400	0.056	4.086
526.600	0.054	4.086
526.800	0.053	4.086
527.000	0.055	4.086
527.200	0.055	4.086
527.400	0.056	4.086
527.600	0.055	4.086
527.800	0.055	4.086
528.000	0.056	4.086
528.200	0.056	4.086
528.400	0.056	4.086
528.600	0.054	4.086
528.800	0.054	4.086
529.000	0.056	4.086
529.200	0.055	4.086
529.400	0.056	4.086
529.600	0.055	4.086
529.800	0.054	4.086
530.000	0.055	4.086
530.200	0.054	4.086
530.400	0.055	4.086
530.600	0.056	4.086
530.800	0.057	4.086
531.000	0.056	4.086
531.200	0.055	4.086
531.400	0.057	4.086
531.600	0.056	4.086
531.800	0.055	4.086
532.000	0.056	4.086
532.200	0.055	4.086
532.400	0.056	4.086
532.600	0.055	4.086
532.800	0.056	4.086
533.000	0.055	4.086
533.200	0.056	4.086
533.400	0.054	4.086
533.600	0.056	4.086
533.800	0.055	4.086
534.000	0.054	4.086
534.200	0.055	4.086
534.400	0.055	4.086
534.600	0.054	4.086
534.800	0.055	4.086
535.000	0.055	4.086
535.200	0.053	4.086
535.400	0.055	4.086
535.600	0.055	4.086
535.800	0.056	4.086
536.000	0.055	4.086
536.200	0.055	4.086
536.400	0.055	4.086
536.600	0.055	4.086
536.800	0.058	4.086
537.000	0.058	4.086
537.200	0.056	4.086
537.400	0.056	4.086
537.600	0.055	4.086
537.800	0.056	4.086
538.000	0.056	4.086
538.200	0.055	4.086
538.400	0.057	4.086
538.600	0.056	4.086
538.800	0.056	4.086
539.000	0.055	4.086
539.200	0.055	4.086
539.400	0.055	4.086
539.600	0.055	4.086
539.800	0.055	4.086
540.000	0.055	4.086
540.200	0.053	4.086
540.400	0.055	4.086
540.600	0.056	4.086
540.800	0.056	4.086
541.000	0.054	4.086
541.200	0.054	4.086
541.400	0.054	4.086
541.600	0.055	4.086
541.800	0.055	4.086
542.000	0.054	4.086
542.200	0.055	4.086
542.400	0.056	4.086
542.600	0.056	4.086
542.800	0.055	4.086
543.000	0.056	4.086
543.200	0.056	4.086
543.400	0.055	4.086
543.600	0.056	4.086
543.800	0.057	4.086
544.000	0.055	4.086
544.200	0.055	4.086
544.400	0.054	4.086
544.600	0.056	4.086
544.800	0.055	4.086
545.000	0.055	4.086
545.200	0.056	4.086
545.400	0.056	4.086
545.600	0.055	4.086
545.800	0.055	4.086
546.000	0.055	4.086
546.200	0.056	4.086
546.400	0.056	4.086
546.600	0.055	4.086
546.800	0.055	4.086
547.000	0.056	4.086
547.200	0.056	4.086
547.400	0.056	4.086
547.600	0.054	4.086
547.800	0.056	4.086
548.000	0.056	4.086
548.200	0.055	4.086
548.400	0.057	4.086
548.600	0.056	4.086
548.800	0.056	4.086
549.000	0.056	4.086
549.200	0.054	4.086
549.400	0.055	4.086
549.600	0.056	4.086
549.800	0.055	4.086
550.000	0.055	4.086
550.200	0.055	4.086
550.400	0.056	4.086
550.600	0.057	4.086
550.800	0.056	4.086
551.000	0.056	4.086
551.200	0.056	4.086
551.400	0.056	4.086
551.600	0.057	4.086
551.800	0.056	4.086
552.000	0.056	4.086
552.200	0.055	4.086
552.400	0.055	4.086
552.600	0.056	4.086
552.800	0.057	4.086
553.000	0.057	4.086
553.200	0.057	4.086
553.400	0.059	4.086
553.600	0.057	4.086
553.800	0.056	4.086
554.000	0.056	4.086
554.200	0.056	4.086
554.400	0.056	4.086
554.600	0.056	4.086
554.800	0.056	4.086
555.000	0.055	4.086
555.200	0.056	4.086
555.400	0.056	4.086
555.600	0.056	4.086
555.800	0.058	4.086
556.000	0.056	4.086
556.200	0.056	4.086
556.400	0.056	4.086
556.600	0.056	4.086
556.800	0.055	4.086
557.000	0.055	4.086
557.200	0.055	4.086
557.400	0.056	4.086
557.600	0.056	4.086
557.800	0.056	4.086
558.000	0.056	4.086
558.200	0.058	4.086
558.400	0.057	4.086
558.600	0.057	4.086
558.800	0.056	4.086
559.000	0.058	4.086
559.200	0.057	4.086
559.400	0.055	4.086
559.600	0.058	4.086
559.800	0.057	4.086
560.000	0.057	4.086
560.200	0.056	4.086
560.400	0.057	4.086
560.600	0.056	4.086
560.800	0.057	4.086
561.000	0.057	4.086
561.200	0.057	4.086
561.400	0.058	4.086
561.600	0.059	4.086
561.800	0.058	4.086
562.000	0.057	4.086
562.200	0.056	4.086
562.400	0.057	4.086
562.600	0.056	4.086
562.800	0.055	4.086
563.000	0.056	4.086
563.200	0.056	4.086
563.400	0.056	4.086
563.600	0.057	4.086
563.800	0.055	4.086
564.000	0.056	4.086
564.200	0.056	4.086
564.400	0.056	4.086
564.600	0.056	4.086
564.800	0.056	4.086
565.000	0.058	4.086
565.200	0.056	4.086
565.400	0.057	4.086
565.600	0.057	4.086
565.800	0.056	4.086
566.000	0.056	4.086
566.200	0.056	4.086
566.400	0.058	4.086
566.600	0.057	4.086
566.800	0.054	4.086
567.000	0.056	4.086
567.200	0.056	4.086
567.400	0.055	4.086
567.600	0.055	4.086
567.800	0.054	4.086
568.000	0.054	4.086
568.200	0.056	4.086
568.400	0.056	4.086
568.600	0.056	4.086
568.800	0.056	4.086
569.000	0.055	4.086
569.200	0.056	4.086
569.400	0.055	4.086
569.600	0.058	4.086
569.800	0.056	4.086
570.000	0.055	4.086
570.200	0.056	4.086
570.400	0.056	4.086
570.600	0.056	4.086
570.800	0.058	4.086
571.000	0.056	4.086
571.200	0.057	4.086
571.400	0.057	4.086
571.600	0.056	4.086
571.800	0.057	4.086
572.000	0.055	4.086
572.200	0.057	4.086
572.400	0.057	4.086
572.600	0.057	4.086
572.800	0.058	4.086
573.000	0.057	4.086
573.200	0.057	4.086
573.400	0.056	4.086
573.600	0.055	4.086
573.800	0.057	4.086
574.000	0.057	4.086
574.200	0.058	4.086
574.400	0.058	4.086
574.600	0.056	4.086
574.800	0.056	4.086
575.000	0.057	4.086
575.200	0.056	4.086
575.400	0.055	4.086
575.600	0.058	4.086
575.800	0.058	4.086
576.000	0.056	4.086
576.200	0.056	4.086
576.400	0.058	4.086
576.600	0.056	4.086
576.800	0.056	4.086
577.000	0.056	4.086
577.200	0.056	4.086
577.400	0.055	4.086
577.600	0.057	4.086
577.800	0.056	4.086
578.000	0.057	4.086
578.200	0.058	4.086
578.400	0.058	4.086
578.600	0.057	4.086
578.800	0.058	4.086
579.000	0.056	4.086
579.200	0.057	4.086
579.400	0.057	4.086
579.600	0.059	4.086
579.800	0.056	4.086
580.000	0.055	4.086
580.200	0.056	4.086
580.400	0.056	4.086
580.600	0.057	4.086
580.800	0.056	4.086
581.000	0.055	4.086
581.200	0.056	4.086
581.400	0.057	4.086
581.600	0.057	4.086
581.800	0.055	4.086
582.000	0.056	4.086
582.200	0.055	4.086
582.400	0.056	4.086
582.600	0.057	4.086
582.800	0.057	4.086
583.000	0.055	4.086
583.200	0.058	4.086
583.400	0.057	4.086
583.600	0.056	4.086
583.800	0.055	4.086
584.000	0.056	4.086
584.200	0.057	4.086
584.400	0.057	4.086
584.600	0.057	4.086
584.800	0.056	4.086
585.000	0.056	4.086
585.200	0.057	4.086
585.400	0.058	4.086
585.600	0.058	4.086
585.800	0.056	4.086
586.000	0.057	4.086
586.200	0.057	4.086
586.400	0.057	4.086
586.600	0.057	4.086
586.800	0.057	4.086
587.000	0.056	4.086
587.200	0.056	4.086
587.400	0.057	4.086
587.600	0.056	4.086
587.800	0.057	4.086
588.000	0.058	4.086
588.200	0.056	4.086
588.400	0.057	4.086
588.600	0.057	4.086
588.800	0.057	4.086
589.000	0.056	4.086
589.200	0.056	4.086
589.400	0.058	4.086
589.600	0.056	4.086
589.800	0.057	4.086
590.000	0.057	4.086
590.200	0.056	4.086
590.400	0.057	4.086
590.600	0.056	4.086
590.800	0.056	4.086
591.000	0.057	4.086
591.200	0.057	4.086
591.400	0.057	4.086
591.600	0.057	4.086
591.800	0.058	4.086
592.000	0.059	4.086
592.200	0.059	4.086
592.400	0.057	4.086
592.600	0.057	4.086
592.800	0.058	4.086
593.000	0.057	4.086
593.200	0.059	4.086
593.400	0.058	4.086
593.600	0.058	4.086
593.800	0.055	4.086
594.000	0.057	4.086
594.200	0.057	4.086
594.400	0.057	4.086
594.600	0.057	4.086
594.800	0.058	4.086
595.000	0.056	4.086
595.200	0.056	4.086
595.400	0.055	4.086
595.600	0.055	4.086
595.800	0.056	4.086
596.000	0.056	4.086
596.200	0.055	4.086
596.400	0.056	4.086
596.600	0.055	4.086
596.800	0.056	4.086
597.000	0.055	4.086
597.200	0.056	4.086
597.400	0.055	4.086
597.600	0.057	4.086
597.800	0.057	4.086
598.000	0.056	4.086
598.200	0.056	4.086
598.400	0.055	4.086
598.600	0.057	4.086
598.800	0.056	4.086
599.000	0.057	4.086
599.200	0.056	4.086
599.400	0.056	4.086
599.600	0.056	4.086
599.800	0.058	4.086
600.000	0.056	4.086
600.200	0.057	4.086
600.400	0.059	4.086
600.600	0.058	4.086
600.800	0.058	4.086
601.000	0.059	4.086
601.200	0.056	4.086
601.400	0.058	4.086
601.600	0.058	4.086
601.800	0.057	4.086
602.000	0.058	4.086
602.200	0.058	4.086
602.400	0.058	4.086
602.600	0.057	4.086
602.800	0.059	4.086
603.000	0.058	4.086
603.200	0.058	4.086
603.400	0.057	4.086
603.600	0.057	4.086
603.800	0.059	4.086
604.000	0.056	4.086
604.200	0.058	4.086
604.400	0.057	4.086
604.600	0.057	4.086
604.800	0.057	4.086
605.000	0.058	4.086
605.200	0.057	4.086
605.400	0.058	4.086
605.600	0.057	4.086
605.800	0.058	4.086
606.000	0.057	4.086
606.200	0.056	4.086
606.400	0.057	4.086
606.600	0.057	4.086
606.800	0.055	4.086
607.000	0.057	4.086
607.200	0.057	4.086
607.400	0.056	4.086
607.600	0.057	4.086
607.800	0.058	4.086
608.000	0.057	4.086
608.200	0.056	4.086
608.400	0.057	4.086
608.600	0.057	4.086
608.800	0.056	4.086
609.000	0.055	4.086
609.200	0.056	4.086
609.400	0.057	4.086
609.600	0.056	4.086
609.800	0.057	4.086
610.000	0.057	4.086
610.200	0.056	4.086
610.400	0.055	4.086
610.600	0.057	4.086
610.800	0.057	4.086
611.000	0.057	4.086
611.200	0.058	4.086
611.400	0.056	4.086
611.600	0.056	4.086
611.800	0.056	4.086
612.000	0.056	4.086
612.200	0.055	4.086
612.400	0.058	4.086
612.600	0.055	4.086
612.800	0.055	4.086
613.000	0.055	4.086
613.200	0.056	4.086
613.400	0.056	4.086
613.600	0.056	4.086
613.800	0.057	4.086
614.000	0.056	4.086
614.200	0.055	4.086
614.400	0.057	4.086
614.600	0.056	4.086
614.800	0.056	4.086
615.000	0.055	4.086
615.200	0.057	4.086
615.400	0.054	4.086
615.600	0.057	4.086
615.800	0.057	4.086
616.000	0.055	4.086
616.200	0.055	4.086
616.400	0.056	4.086
616.600	0.055	4.086
616.800	0.056	4.086
617.000	0.057	4.086
617.200	0.057	4.086
617.400	0.056	4.086
617.600	0.058	4.086
617.800	0.057	4.086
618.000	0.054	4.086
618.200	0.058	4.086
618.400	0.058	4.086
618.600	0.057	4.086
618.800	0.056	4.086
619.000	0.057	4.086
619.200	0.056	4.086
619.400	0.057	4.086
619.600	0.058	4.086
619.800	0.057	4.086
620.000	0.058	4.086
620.200	0.057	4.086
620.400	0.057	4.086
620.600	0.058	4.086
620.800	0.057	4.086
621.000	0.057	4.086
621.200	0.055	4.086
621.400	0.055	4.086
621.600	0.056	4.086
621.800	0.056	4.086
622.000	0.056	4.086
622.200	0.056	4.086
622.400	0.055	4.086
622.600	0.055	4.086
622.800	0.055	4.086
623.000	0.057	4.086
623.200	0.055	4.086
623.400	0.056	4.086
623.600	0.056	4.086
623.800	0.056	4.086
624.000	0.057	4.086
624.200	0.059	4.086
624.400	0.056	4.086
624.600	0.055	4.086
624.800	0.056	4.086
625.000	0.058	4.086
625.200	0.056	4.086
625.400	0.057	4.086
625.600	0.056	4.086
625.800	0.058	4.086
626.000	0.057	4.086
626.200	0.056	4.086
626.400	0.056	4.086
626.600	0.058	4.086
626.800	0.056	4.086
627.000	0.057	4.086
627.200	0.056	4.086
627.400	0.058	4.086
627.600	0.057	4.086
627.800	0.057	4.086
628.000	0.057	4.086
628.200	0.057	4.086
628.400	0.056	4.086
628.600	0.055	4.086
628.800	0.055	4.086
629.000	0.056	4.086
629.200	0.056	4.086
629.400	0.056	4.086
629.600	0.056	4.086
629.800	0.057	4.086
630.000	0.057	4.086
630.200	0.056	4.086
630.400	0.057	4.086
630.600	0.056	4.086
630.800	0.058	4.086
631.000	0.056	4.086
631.200	0.055	4.086
631.400	0.056	4.086
631.600	0.056	4.086
631.800	0.055	4.086
632.000	0.058	4.086
632.200	0.056	4.086
632.400	0.056	4.086
632.600	0.057	4.086
632.800	0.057	4.086
633.000	0.056	4.086
633.200	0.056	4.086
633.400	0.056	4.086
633.600	0.059	4.086
633.800	0.058	4.086
634.000	0.057	4.086
634.200	0.057	4.086
634.400	0.058	4.086
634.600	0.057	4.086
634.800	0.057	4.086
635.000	0.057	4.086
635.200	0.058	4.086
635.400	0.058	4.086
635.600	0.057	4.086
635.800	0.057	4.086
636.000	0.057	4.086
636.200	0.057	4.086
636.400	0.056	4.086
636.600	0.057	4.086
636.800	0.057	4.086
637.000	0.057	4.086
637.200	0.059	4.086
637.400	0.058	4.086
637.600	0.055	4.086
637.800	0.056	4.086
638.000	0.055	4.086
638.200	0.058	4.086
638.400	0.057	4.086
638.600	0.056	4.086
638.800	0.055	4.086
639.000	0.057	4.086
639.200	0.056	4.086
639.400	0.056	4.086
639.600	0.057	4.086
639.800	0.055	4.086
640.000	0.057	4.086
640.200	0.056	4.086
640.400	0.057	4.086
640.600	0.057	4.086
640.800	0.059	4.086
641.000	0.057	4.086
641.200	0.056	4.086
641.400	0.057	4.086
641.600	0.057	4.086
641.800	0.057	4.086
642.000	0.057	4.086
642.200	0.056	4.086
642.400	0.057	4.086
642.600	0.057	4.086
642.800	0.056	4.086
643.000	0.058	4.086
643.200	0.056	4.086
643.400	0.058	4.086
643.600	0.056	4.086
643.800	0.057	4.086
644.000	0.059	4.086
644.200	0.056	4.086
644.400	0.058	4.086
644.600	0.059	4.086
644.800	0.056	4.086
645.000	0.056	4.086
645.200	0.057	4.086
645.400	0.059	4.086
645.600	0.055	4.086
645.800	0.056	4.086
646.000	0.057	4.086
646.200	0.057	4.086
646.400	0.056	4.086
646.600	0.057	4.086
646.800	0.060	4.086
647.000	0.058	4.086
647.200	0.060	4.086
647.400	0.059	4.086
647.600	0.057	4.086
647.800	0.055	4.086
648.000	0.058	4.086
648.200	0.059	4.086
648.400	0.059	4.086
648.600	0.058	4.086
648.800	0.059	4.086
649.000	0.059	4.086
649.200	0.058	4.086
649.400	0.058	4.086
649.600	0.059	4.086
649.800	0.059	4.086
650.000	0.058	4.086
650.200	0.057	4.086
650.400	0.056	4.086
650.600	0.056	4.086
650.800	0.058	4.086
651.000	0.057	4.086
651.200	0.058	4.086
651.400	0.057	4.086
651.600	0.057	4.086
651.800	0.058	4.086
652.000	0.058	4.086
652.200	0.057	4.086
652.400	0.056	4.086
652.600	0.057	4.086
652.800	0.057	4.086
653.000	0.055	4.086
653.200	0.056	4.086
653.400	0.056	4.086
653.600	0.057	4.086
653.800	0.057	4.086
654.000	0.057	4.086
654.200	0.056	4.086
654.400	0.056	4.086
654.600	0.056	4.086
654.800	0.056	4.086
655.000	0.056	4.086
655.200	0.057	4.086
655.400	0.057	4.086
655.600	0.056	4.086
655.800	0.056	4.086
656.000	0.058	4.086
656.200	0.057	4.086
656.400	0.058	4.086
656.600	0.055	4.086
656.800	0.057	4.086
657.000	0.058	4.086
657.200	0.056	4.086
657.400	0.055	4.086
657.600	0.056	4.086
657.800	0.057	4.086
658.000	0.057	4.086
658.200	0.056	4.086
658.400	0.055	4.086
658.600	0.058	4.086
658.800	0.056	4.086
659.000	0.056	4.086
659.200	0.056	4.086
659.400	0.055	4.086
659.600	0.056	4.086
659.800	0.056	4.086
660.000	0.054	4.086
660.200	0.055	4.086
660.400	0.054	4.086
660.600	0.054	4.086
660.800	0.056	4.086
661.000	0.056	4.086
661.200	0.055	4.086
661.400	0.055	4.086
661.600	0.054	4.086
661.800	0.055	4.086
662.000	0.056	4.086
662.200	0.056	4.086
662.400	0.056	4.086
662.600	0.055	4.086
662.800	0.055	4.086
663.000	0.054	4.086
663.200	0.054	4.086
663.400	0.054	4.086
663.600	0.056	4.086
663.800	0.056	4.086
664.000	0.054	4.086
664.200	0.055	4.086
664.400	0.056	4.086
664.600	0.056	4.086
664.800	0.056	4.086
665.000	0.055	4.086
665.200	0.055	4.086
665.400	0.056	4.086
665.600	0.054	4.086
665.800	0.055	4.086
666.000	0.057	4.086
666.200	0.055	4.086
666.400	0.055	4.086
666.600	0.057	4.086
666.800	0.055	4.086
667.000	0.056	4.086
667.200	0.057	4.086
667.400	0.055	4.086
667.600	0.055	4.086
667.800	0.057	4.086
668.000	0.055	4.086
668.200	0.057	4.086
668.400	0.054	4.086
668.600	0.055	4.086
668.800	0.055	4.086
669.000	0.055	4.086
669.200	0.053	4.086
669.400	0.055	4.086
669.600	0.055	4.086
669.800	0.057	4.086
670.000	0.056	4.086
670.200	0.054	4.086
670.400	0.056	4.086
670.600	0.055	4.086
670.800	0.055	4.086
671.000	0.056	4.086
671.200	0.056	4.086
671.400	0.057	4.086
671.600	0.056	4.086
671.800	0.054	4.086
672.000	0.053	4.086
672.200	0.054	4.086
672.400	0.055	4.086
672.600	0.055	4.086
672.800	0.055	4.086
673.000	0.056	4.086
673.200	0.055	4.086
673.400	0.055	4.086
673.600	0.054	4.086
673.800	0.055	4.086
674.000	0.055	4.086
674.200	0.054	4.086
674.400	0.054	4.086
674.600	0.056	4.086
674.800	0.055	4.086
675.000	0.054	4.086
675.200	0.056	4.086
675.400	0.056	4.086
675.600	0.054	4.086
675.800	0.055	4.086
676.000	0.055	4.086
676.200	0.055	4.086
676.400	0.055	4.086
676.600	0.054	4.086
676.800	0.055	4.086
677.000	0.056	4.086
677.200	0.056	4.086
677.400	0.056	4.086
677.600	0.054	4.086
677.800	0.055	4.086
678.000	0.055	4.086
678.200	0.056	4.086
678.400	0.056	4.086
678.600	0.054	4.086
678.800	0.056	4.086
679.000	0.055	4.086
679.200	0.055	4.086
679.400	0.054	4.086
679.600	0.055	4.086
679.800	0.053	4.086
680.000	0.055	4.086
680.200	0.053	4.086
680.400	0.053	4.086
680.600	0.053	4.086
680.800	0.057	4.086
681.000	0.053	4.086
681.200	0.054	4.086
681.400	0.055	4.086
681.600	0.053	4.086
681.800	0.055	4.086
682.000	0.055	4.086
682.200	0.054	4.086
682.400	0.054	4.086
682.600	0.054	4.086
682.800	0.054	4.086
683.000	0.055	4.086
683.200	0.054	4.086
683.400	0.056	4.086
683.600	0.053	4.086
683.800	0.055	4.086
684.000	0.055	4.086
684.200	0.054	4.086
684.400	0.056	4.086
684.600	0.055	4.086
684.800	0.056	4.086
685.000	0.055	4.086
685.200	0.055	4.086
685.400	0.055	4.086
685.600	0.055	4.086
685.800	0.053	4.086
686.000	0.053	4.086
686.200	0.054	4.086
686.400	0.056	4.086
686.600	0.056	4.086
686.800	0.056	4.086
687.000	0.055	4.086
687.200	0.054	4.086
687.400	0.056	4.086
687.600	0.056	4.086
687.800	0.056	4.086
688.000	0.054	4.086
688.200	0.055	4.086
688.400	0.055	4.086
688.600	0.054	4.086
688.800	0.054	4.086
689.000	0.055	4.086
689.200	0.055	4.086
689.400	0.055	4.086
689.600	0.054	4.086
689.800	0.055	4.086
690.000	0.054	4.086
690.200	0.054	4.086
690.400	0.053	4.086
690.600	0.054	4.086
690.800	0.055	4.086
691.000	0.054	4.086
691.200	0.054	4.086
691.400	0.054	4.086
691.600	0.056	4.086
691.800	0.055	4.086
692.000	0.054	4.086
692.200	0.056	4.086
692.400	0.055	4.086
692.600	0.056	4.086
692.800	0.055	4.086
693.000	0.054	4.086
693.200	0.055	4.086
693.400	0.055	4.086
693.600	0.054	4.086
693.800	0.055	4.086
694.000	0.055	4.086
694.200	0.056	4.086
694.400	0.055	4.086
694.600	0.055	4.086
694.800	0.055	4.086
695.000	0.055	4.086
695.200	0.055	4.086
695.400	0.057	4.086
695.600	0.053	4.086
695.800	0.053	4.086
696.000	0.054	4.086
696.200	0.055	4.086
696.400	0.055	4.086
696.600	0.055	4.086
696.800	0.055	4.086
697.000	0.057	4.086
697.200	0.054	4.086
697.400	0.054	4.086
697.600	0.055	4.086
697.800	0.056	4.086
698.000	0.053	4.086
698.200	0.053	4.086
698.400	0.053	4.086
698.600	0.053	4.086
698.800	0.053	4.086
699.000	0.053	4.086
699.200	0.053	4.086
699.400	0.054	4.086
699.600	0.054	4.086
699.800	0.054	4.086
700.000	0.053	4.086
700.200	0.053	4.086
700.400	0.054	4.086
700.600	0.054	4.086
700.800	0.053	4.086
701.000	0.054	4.086
701.200	0.054	4.086
701.400	0.053	4.086
701.600	0.055	4.086
701.800	0.053	4.086
702.000	0.054	4.086
702.200	0.052	4.086
702.400	0.053	4.086
702.600	0.054	4.086
702.800	0.055	4.086
703.000	0.055	4.086
703.200	0.056	4.086
703.400	0.056	4.086
703.600	0.054	4.086
703.800	0.055	4.086
704.000	0.053	4.086
704.200	0.054	4.086
704.400	0.054	4.086
704.600	0.054	4.086
704.800	0.053	4.086
705.000	0.054	4.086
705.200	0.055	4.086
705.400	0.055	4.086
705.600	0.056	4.086
705.800	0.054	4.086
706.000	0.056	4.086
706.200	0.054	4.086
706.400	0.054	4.086
706.600	0.053	4.086
706.800	0.054	4.086
707.000	0.054	4.086
707.200	0.054	4.086
707.400	0.053	4.086
707.600	0.054	4.086
707.800	0.054	4.086
708.000	0.053	4.086
708.200	0.054	4.086
708.400	0.055	4.086
708.600	0.055	4.086
708.800	0.054	4.086
709.000	0.054	4.086
709.200	0.052	4.086
709.400	0.053	4.086
709.600	0.053	4.086
709.800	0.053	4.086
710.000	0.052	4.086
710.200	0.053	4.086
710.400	0.054	4.086
710.600	0.053	4.086
710.800	0.053	4.086
711.000	0.053	4.086
711.200	0.052	4.086
711.400	0.053	4.086
711.600	0.053	4.086
711.800	0.053	4.086
712.000	0.052	4.086
712.200	0.053	4.086
712.400	0.052	4.086
712.600	0.054	4.086
712.800	0.054	4.086
713.000	0.053	4.086
713.200	0.054	4.086
713.400	0.053	4.086
713.600	0.052	4.086
713.800	0.053	4.086
714.000	0.053	4.086
714.200	0.053	4.086
714.400	0.054	4.086
714.600	0.054	4.086
714.800	0.053	4.086
715.000	0.053	4.086
715.200	0.055	4.086
715.400	0.053	4.086
715.600	0.054	4.086
715.800	0.054	4.086
716.000	0.053	4.086
716.200	0.054	4.086
716.400	0.054	4.086
716.600	0.054	4.086
716.800	0.053	4.086
717.000	0.053	4.086
717.200	0.055	4.086
717.400	0.054	4.086
717.600	0.054	4.086
717.800	0.055	4.086
718.000	0.053	4.086
718.200	0.054	4.086
718.400	0.053	4.086
718.600	0.054	4.086
718.800	0.054	4.086
719.000	0.055	4.086
719.200	0.053	4.086
719.400	0.053	4.086
719.600	0.053	4.086
719.800	0.053	4.086
720.000	0.053	4.086
720.200	0.052	4.086
720.400	0.052	4.086
720.600	0.053	4.086
720.800	0.053	4.086
721.000	0.052	4.086
721.200	0.054	4.086
721.400	0.053	4.086
721.600	0.053	4.086
721.800	0.053	4.086
722.000	0.054	4.086
722.200	0.053	4.086
722.400	0.054	4.086
722.600	0.054	4.086
722.800	0.055	4.086
723.000	0.052	4.086
723.200	0.051	4.086
723.400	0.052	4.086
723.600	0.055	4.086
723.800	0.052	4.086
724.000	0.054	4.086
724.200	0.054	4.086
724.400	0.053	4.086
724.600	0.053	4.086
724.800	0.053	4.086
725.000	0.053	4.086
725.200	0.053	4.086
725.400	0.053	4.086
725.600	0.053	4.086
725.800	0.053	4.086
726.000	0.054	4.086
726.200	0.054	4.086
726.400	0.054	4.086
726.600	0.053	4.086
726.800	0.054	4.086
727.000	0.053	4.086
727.200	0.055	4.086
727.400	0.053	4.086
727.600	0.055	4.086
727.800	0.054	4.086
728.000	0.054	4.086
728.200	0.053	4.086
728.400	0.052	4.086
728.600	0.053	4.086
728.800	0.053	4.086
729.000	0.053	4.086
729.200	0.054	4.086
729.400	0.054	4.086
729.600	0.053	4.086
729.800	0.053	4.086
730.000	0.052	4.086
730.200	0.053	4.086
730.400	0.054	4.086
730.600	0.054	4.086
730.800	0.053	4.086
731.000	0.053	4.086
731.200	0.054	4.086
731.400	0.053	4.086
731.600	0.052	4.086
731.800	0.052	4.086
732.000	0.054	4.086
732.200	0.054	4.086
732.400	0.052	4.086
732.600	0.053	4.086
732.800	0.054	4.086
733.000	0.053	4.086
733.200	0.053	4.086
733.400	0.052	4.086
733.600	0.054	4.086
733.800	0.054	4.086
734.000	0.054	4.086
734.200	0.052	4.086
734.400	0.053	4.086
734.600	0.051	4.086
734.800	0.052	4.086
735.000	0.055	4.086
735.200	0.053	4.086
735.400	0.054	4.086
735.600	0.053	4.086
735.800	0.053	4.086
736.000	0.053	4.086
736.200	0.053	4.086
736.400	0.052	4.086
736.600	0.053	4.086
736.800	0.053	4.086
737.000	0.053	4.086
737.200	0.054	4.086
737.400	0.055	4.086
737.600	0.053	4.086
737.800	0.054	4.086
738.000	0.054	4.086
738.200	0.053	4.086
738.400	0.055	4.086
738.600	0.055	4.086
738.800	0.054	4.086
739.000	0.054	4.086
739.200	0.053	4.086
739.400	0.053	4.086
739.600	0.053	4.086
739.800	0.055	4.086
740.000	0.055	4.086
740.200	0.054	4.086
740.400	0.055	4.086
740.600	0.054	4.086
740.800	0.054	4.086
741.000	0.052	4.086
741.200	0.053	4.086
741.400	0.053	4.086
741.600	0.054	4.086
741.800	0.054	4.086
742.000	0.054	4.086
742.200	0.054	4.086
742.400	0.053	4.086
742.600	0.053	4.086
742.800	0.053	4.086
743.000	0.053	4.086
743.200	0.055	4.086
743.400	0.053	4.086
743.600	0.053	4.086
743.800	0.053	4.086
744.000	0.052	4.086
744.200	0.054	4.086
744.400	0.053	4.086
744.600	0.055	4.086
744.800	0.054	4.086
745.000	0.053	4.086
745.200	0.053	4.086
745.400	0.052	4.086
745.600	0.054	4.086
745.800	0.053	4.086
746.000	0.053	4.086
746.200	0.053	4.086
746.400	0.052	4.086
746.600	0.053	4.086
746.800	0.052	4.086
747.000	0.054	4.086
747.200	0.053	4.086
747.400	0.051	4.086
747.600	0.053	4.086
747.800	0.053	4.086
748.000	0.054	4.086
748.200	0.053	4.086
748.400	0.054	4.086
748.600	0.054	4.086
748.800	0.052	4.086
749.000	0.054	4.086
749.200	0.055	4.086
749.400	0.052	4.086
749.600	0.054	4.086
749.800	0.053	4.086
750.000	0.054	4.086
750.200	0.054	4.086
750.400	0.054	4.086
750.600	0.055	4.086
750.800	0.055	4.086
751.000	0.053	4.086
751.200	0.052	4.086
751.400	0.053	4.086
751.600	0.054	4.086
751.800	0.054	4.086
752.000	0.052	4.086
752.200	0.053	4.086
752.400	0.052	4.086
752.600	0.053	4.086
752.800	0.052	4.086
753.000	0.053	4.086
753.200	0.053	4.086
753.400	0.054	4.086
753.600	0.052	4.086
753.800	0.053	4.086
754.000	0.053	4.086
754.200	0.053	4.086
754.400	0.054	4.086
754.600	0.054	4.086
754.800	0.053	4.086
755.000	0.054	4.086
755.200	0.053	4.086
755.400	0.053	4.086
755.600	0.055	4.086
755.800	0.053	4.086
756.000	0.053	4.086
756.200	0.055	4.086
756.400	0.054	4.086
756.600	0.053	4.086
756.800	0.054	4.086
757.000	0.053	4.086
757.200	0.055	4.086
757.400	0.054	4.086
757.600	0.055	4.086
757.800	0.056	4.086
758.000	0.053	4.086
758.200	0.053	4.086
758.400	0.054	4.086
758.600	0.055	4.086
758.800	0.054	4.086
759.000	0.054	4.086
759.200	0.054	4.086
759.400	0.053	4.086
759.600	0.052	4.086
759.800	0.054	4.086
760.000	0.055	4.086
760.200	0.055	4.086
760.400	0.055	4.086
760.600	0.055	4.086
760.800	0.053	4.086
761.000	0.053	4.086
761.200	0.053	4.086
761.400	0.053	4.086
761.600	0.053	4.086
761.800	0.053	4.086
762.000	0.054	4.086
762.200	0.052	4.086
762.400	0.053	4.086
762.600	0.054	4.086
762.800	0.051	4.086
763.000	0.053	4.086
763.200	0.055	4.086
763.400	0.053	4.086
763.600	0.052	4.086
763.800	0.053	4.086
764.000	0.053	4.086
764.200	0.054	4.086
764.400	0.052	4.086
764.600	0.053	4.086
764.800	0.054	4.086
765.000	0.053	4.086
765.200	0.053	4.086
765.400	0.052	4.086
765.600	0.051	4.086
765.800	0.052	4.086
766.000	0.053	4.086
766.200	0.053	4.086
766.400	0.052	4.086
766.600	0.052	4.086
766.800	0.052	4.086
767.000	0.053	4.086
767.200	0.052	4.086
767.400	0.052	4.086
767.600	0.052	4.086
767.800	0.054	4.086
768.000	0.051	4.086
768.200	0.051	4.086
768.400	0.052	4.086
768.600	0.051	4.086
768.800	0.053	4.086
769.000	0.052	4.086
769.200	0.052	4.086
769.400	0.053	4.086
769.600	0.051	4.086
769.800	0.051	4.086
770.000	0.051	4.086
770.200	0.053	4.086
770.400	0.051	4.086
770.600	0.051	4.086
770.800	0.051	4.086
771.000	0.052	4.086
771.200	0.050	4.086
771.400	0.052	4.086
771.600	0.052	4.086
771.800	0.051	4.086
772.000	0.050	4.086
772.200	0.050	4.086
772.400	0.051	4.086
772.600	0.052	4.086
772.800	0.051	4.086
773.000	0.052	4.086
773.200	0.052	4.086
773.400	0.052	4.086
773.600	0.053	4.086
773.800	0.052	4.086
774.000	0.053	4.086
774.200	0.052	4.086
774.400	0.052	4.086
774.600	0.051	4.086
774.800	0.051	4.086
775.000	0.053	4.086
775.200	0.054	4.086
775.400	0.054	4.086
775.600	0.054	4.086
775.800	0.052	4.086
776.000	0.052	4.086
776.200	0.054	4.086
776.400	0.053	4.086
776.600	0.053	4.086
776.800	0.053	4.086
777.000	0.052	4.086
777.200	0.054	4.086
777.400	0.053	4.086
777.600	0.054	4.086
777.800	0.052	4.086
778.000	0.052	4.086
778.200	0.053	4.086
778.400	0.054	4.086
778.600	0.053	4.086
778.800	0.051	4.086
779.000	0.052	4.086
779.200	0.054	4.086
779.400	0.053	4.086
779.600	0.052	4.086
779.800	0.053	4.086
780.000	0.054	4.086
780.200	0.052	4.086
780.400	0.052	4.086
780.600	0.053	4.086
780.800	0.053	4.086
781.000	0.053	4.086
781.200	0.054	4.086
781.400	0.051	4.086
781.600	0.052	4.086
781.800	0.053	4.086
782.000	0.052	4.086
782.200	0.052	4.086
782.400	0.053	4.086
782.600	0.050	4.086
782.800	0.051	4.086
783.000	0.051	4.086
783.200	0.053	4.086
783.400	0.051	4.086
783.600	0.053	4.086
783.800	0.055	4.086
784.000	0.053	4.086
784.200	0.051	4.086
784.400	0.053	4.086
784.600	0.053	4.086
784.800	0.054	4.086
785.000	0.053	4.086
785.200	0.055	4.086
785.400	0.053	4.086
785.600	0.054	4.086
785.800	0.053	4.086
786.000	0.055	4.086
786.200	0.054	4.086
786.400	0.055	4.086
786.600	0.055	4.086
786.800	0.055	4.086
787.000	0.053	4.086
787.200	0.054	4.086
787.400	0.052	4.086
787.600	0.053	4.086
787.800	0.054	4.086
788.000	0.053	4.086
788.200	0.054	4.086
788.400	0.054	4.086
788.600	0.052	4.086
788.800	0.051	4.086
789.000	0.051	4.086
789.200	0.051	4.086
789.400	0.052	4.086
789.600	0.053	4.086
789.800	0.051	4.086
790.000	0.054	4.086
790.200	0.052	4.086
790.400	0.053	4.086
790.600	0.053	4.086
790.800	0.054	4.086
791.000	0.053	4.086
791.200	0.053	4.086
791.400	0.054	4.086
791.600	0.051	4.086
791.800	0.052	4.086
792.000	0.053	4.086
792.200	0.053	4.086
792.400	0.054	4.086
792.600	0.053	4.086
792.800	0.054	4.086
793.000	0.054	4.086
793.200	0.054	4.086
793.400	0.056	4.086
793.600	0.052	4.086
793.800	0.053	4.086
794.000	0.052	4.086
794.200	0.053	4.086
794.400	0.055	4.086
794.600	0.053	4.086
794.800	0.054	4.086
795.000	0.054	4.086
795.200	0.054	4.086
795.400	0.054	4.086
795.600	0.054	4.086
795.800	0.055	4.086
796.000	0.055	4.086
796.200	0.055	4.086
796.400	0.053	4.086
796.600	0.054	4.086
796.800	0.052	4.086
797.000	0.053	4.086
797.200	0.053	4.086
797.400	0.053	4.086
797.600	0.054	4.086
797.800	0.053	4.086
798.000	0.055	4.086
798.200	0.053	4.086
798.400	0.053	4.086
798.600	0.053	4.086
798.800	0.053	4.086
799.000	0.054	4.086
799.200	0.053	4.086
799.400	0.054	4.086
799.600	0.054	4.086
799.800	0.053	4.086
800.000	0.054	4.086
800.200	0.053	4.086
800.400	0.052	4.086
800.600	0.053	4.086
800.800	0.053	4.086
801.000	0.053	4.086
801.200	0.055	4.086
801.400	0.054	4.086
801.600	0.054	4.086
801.800	0.053	4.086
802.000	0.053	4.086
802.200	0.054	4.086
802.400	0.054	4.086
802.600	0.053	4.086
802.800	0.053	4.086
803.000	0.051	4.086
803.200	0.052	4.086
803.400	0.051	4.086
803.600	0.051	4.086
803.800	0.051	4.086
804.000	0.053	4.086
804.200	0.052	4.086
804.400	0.052	4.086
804.600	0.053	4.086
804.800	0.051	4.086
805.000	0.052	4.086
805.200	0.051	4.086
805.400	0.051	4.086
805.600	0.053	4.086
805.800	0.052	4.086
806.000	0.052	4.086
806.200	0.052	4.086
806.400	0.052	4.086
806.600	0.051	4.086
806.800	0.053	4.086
807.000	0.053	4.086
807.200	0.051	4.086
807.400	0.050	4.086
807.600	0.053	4.086
807.800	0.052	4.086
808.000	0.052	4.086
808.200	0.053	4.086
808.400	0.053	4.086
808.600	0.053	4.086
808.800	0.053	4.086
809.000	0.053	4.086
809.200	0.053	4.086
809.400	0.054	4.086
809.600	0.054	4.086
809.800	0.052	4.086
810.000	0.053	4.086
810.200	0.052	4.086
810.400	0.053	4.086
810.600	0.052	4.086
810.800	0.053	4.086
811.000	0.051	4.086
811.200	0.052	4.086
811.400	0.051	4.086
811.600	0.052	4.086
811.800	0.053	4.086
812.000	0.053	4.086
812.200	0.053	4.086
812.400	0.054	4.086
812.600	0.052	4.086
812.800	0.052	4.086
813.000	0.052	4.086
813.200	0.051	4.086
813.400	0.051	4.086
813.600	0.051	4.086
813.800	0.050	4.086
814.000	0.048	4.086
814.200	0.050	4.086
814.400	0.051	4.086
814.600	0.052	4.086
814.800	0.052	4.086
815.000	0.052	4.086
815.200	0.052	4.086
815.400	0.053	4.086
815.600	0.052	4.086
815.800	0.051	4.086
816.000	0.050	4.086
816.200	0.050	4.086
816.400	0.049	4.086
816.600	0.051	4.086
816.800	0.051	4.086
817.000	0.052	4.086
817.200	0.050	4.086
817.400	0.050	4.086
817.600	0.049	4.086
817.800	0.052	4.086
818.000	0.052	4.086
818.200	0.051	4.086
818.400	0.051	4.086
818.600	0.051	4.086
818.800	0.051	4.086
819.000	0.052	4.086
819.200	0.051	4.086
819.400	0.052	4.086
819.600	0.051	4.086
819.800	0.052	4.086
820.000	0.052	4.086
820.200	0.051	4.086
820.400	0.051	4.086
820.600	0.052	4.086
820.800	0.052	4.086
821.000	0.051	4.086
821.200	0.052	4.086
821.400	0.051	4.086
821.600	0.052	4.086
821.800	0.051	4.086
822.000	0.051	4.086
822.200	0.051	4.086
822.400	0.050	4.086
822.600	0.051	4.086
822.800	0.052	4.086
823.000	0.051	4.086
823.200	0.052	4.086
823.400	0.051	4.086
823.600	0.052	4.086
823.800	0.052	4.086
824.000	0.052	4.086
824.200	0.052	4.086
824.400	0.052	4.086
824.600	0.053	4.086
824.800	0.053	4.086
825.000	0.053	4.086
825.200	0.052	4.086
825.400	0.052	4.086
825.600	0.051	4.086
825.800	0.051	4.086
826.000	0.052	4.086
826.200	0.050	4.086
826.400	0.050	4.086
826.600	0.051	4.086
826.800	0.051	4.086
827.000	0.051	4.086
827.200	0.051	4.086
827.400	0.051	4.086
827.600	0.053	4.086
827.800	0.054	4.086
828.000	0.052	4.086
828.200	0.052	4.086
828.400	0.053	4.086
828.600	0.053	4.086
828.800	0.052	4.086
829.000	0.052	4.086
829.200	0.052	4.086
829.400	0.053	4.086
829.600	0.053	4.086
829.800	0.053	4.086
830.000	0.052	4.086
830.200	0.052	4.086
830.400	0.053	4.086
830.600	0.053	4.086
830.800	0.052	4.086
831.000	0.054	4.086
831.200	0.054	4.086
831.400	0.054	4.086
831.600	0.052	4.086
831.800	0.053	4.086
832.000	0.054	4.086
832.200	0.053	4.086
832.400	0.053	4.086
832.600	0.055	4.086
832.800	0.055	4.086
833.000	0.054	4.086
833.200	0.054	4.086
833.400	0.054	4.086
833.600	0.053	4.086
833.800	0.054	4.086
834.000	0.051	4.086
834.200	0.054	4.086
834.400	0.053	4.086
834.600	0.054	4.086
834.800	0.051	4.086
835.000	0.051	4.086
835.200	0.053	4.086
835.400	0.053	4.086
835.600	0.053	4.086
835.800	0.054	4.086
836.000	0.053	4.086
836.200	0.052	4.086
836.400	0.054	4.086
836.600	0.052	4.086
836.800	0.053	4.086
837.000	0.053	4.086
837.200	0.054	4.086
837.400	0.056	4.086
837.600	0.054	4.086
837.800	0.054	4.086
838.000	0.053	4.086
838.200	0.053	4.086
838.400	0.053	4.086
838.600	0.052	4.086
838.800	0.052	4.086
839.000	0.052	4.086
839.200	0.052	4.086
839.400	0.052	4.086
839.600	0.053	4.086
839.800	0.052	4.086
840.000	0.052	4.086
840.200	0.052	4.086
840.400	0.052	4.086
840.600	0.052	4.086
840.800	0.051	4.086
841.000	0.052	4.086
841.200	0.052	4.086
841.400	0.052	4.086
841.600	0.053	4.086
841.800	0.052	4.086
842.000	0.053	4.086
842.200	0.053	4.086
842.400	0.053	4.086
842.600	0.052	4.086
842.800	0.053	4.086
843.000	0.052	4.086
843.200	0.053	4.086
843.400	0.052	4.086
843.600	0.052	4.086
843.800	0.052	4.086
844.000	0.053	4.086
844.200	0.052	4.086
844.400	0.052	4.086
844.600	0.052	4.086
844.800	0.053	4.086
845.000	0.053	4.086
845.200	0.053	4.086
845.400	0.053	4.086
845.600	0.052	4.086
845.800	0.053	4.086
846.000	0.052	4.086
846.200	0.052	4.086
846.400	0.053	4.086
846.600	0.052	4.086
846.800	0.054	4.086
847.000	0.053	4.086
847.200	0.052	4.086
847.400	0.052	4.086
847.600	0.052	4.086
847.800	0.055	4.086
848.000	0.054	4.086
848.200	0.053	4.086
848.400	0.054	4.086
848.600	0.055	4.086
848.800	0.053	4.086
849.000	0.054	4.086
849.200	0.053	4.086
849.400	0.052	4.086
849.600	0.053	4.086
849.800	0.053	4.086
850.000	0.053	4.086
850.200	0.052	4.086
850.400	0.051	4.086
850.600	0.052	4.086
850.800	0.052	4.086
851.000	0.052	4.086
851.200	0.054	4.086
851.400	0.054	4.086
851.600	0.053	4.086
851.800	0.054	4.086
852.000	0.053	4.086
852.200	0.052	4.086
852.400	0.053	4.086
852.600	0.053	4.086
852.800	0.053	4.086
853.000	0.053	4.086
853.200	0.053	4.086
853.400	0.053	4.086
853.600	0.053	4.086
853.800	0.054	4.086
854.000	0.052	4.086
854.200	0.052	4.086
854.400	0.052	4.086
854.600	0.053	4.086
854.800	0.054	4.086
855.000	0.053	4.086
855.200	0.054	4.086
855.400	0.055	4.086
855.600	0.053	4.086
855.800	0.054	4.086
856.000	0.053	4.086
856.200	0.052	4.086
856.400	0.052	4.086
856.600	0.051	4.086
856.800	0.053	4.086
857.000	0.053	4.086
857.200	0.053	4.086
857.400	0.053	4.086
857.600	0.054	4.086
857.800	0.054	4.086
858.000	0.053	4.086
858.200	0.052	4.086
858.400	0.052	4.086
858.600	0.053	4.086
858.800	0.053	4.086
859.000	0.053	4.086
859.200	0.053	4.086
859.400	0.053	4.086
859.600	0.051	4.086
859.800	0.053	4.086
860.000	0.052	4.086
860.200	0.053	4.086
860.400	0.055	4.086
860.600	0.052	4.086
860.800	0.052	4.086
861.000	0.053	4.086
861.200	0.053	4.086
861.400	0.053	4.086
861.600	0.053	4.086
861.800	0.054	4.086
862.000	0.053	4.086
862.200	0.052	4.086
862.400	0.053	4.086
862.600	0.053	4.086
862.800	0.055	4.086
863.000	0.054	4.086
863.200	0.054	4.086
863.400	0.053	4.086
863.600	0.054	4.086
863.800	0.053	4.086
864.000	0.053	4.086
864.200	0.055	4.086
864.400	0.055	4.086
864.600	0.055	4.086
864.800	0.054	4.086
865.000	0.056	4.086
865.200	0.054	4.086
865.400	0.056	4.086
865.600	0.054	4.086
865.800	0.053	4.086
866.000	0.054	4.086
866.200	0.053	4.086
866.400	0.052	4.086
866.600	0.052	4.086
866.800	0.052	4.086
867.000	0.051	4.086
867.200	0.050	4.086
867.400	0.052	4.086
867.600	0.052	4.086
867.800	0.052	4.086
868.000	0.052	4.086
868.200	0.052	4.086
868.400	0.052	4.086
868.600	0.051	4.086
868.800	0.052	4.086
869.000	0.052	4.086
869.200	0.051	4.086
869.400	0.050	4.086
869.600	0.052	4.086
869.800	0.052	4.086
870.000	0.052	4.086
870.200	0.051	4.086
870.400	0.051	4.086
870.600	0.052	4.086
870.800	0.052	4.086
871.000	0.052	4.086
871.200	0.053	4.086
871.400	0.053	4.086
871.600	0.052	4.086
871.800	0.053	4.086
872.000	0.053	4.086
872.200	0.051	4.086
872.400	0.052	4.086
872.600	0.051	4.086
872.800	0.051	4.086
873.000	0.052	4.086
873.200	0.054	4.086
873.400	0.053	4.086
873.600	0.052	4.086
873.800	0.052	4.086
874.000	0.052	4.086
874.200	0.052	4.086
874.400	0.053	4.086
874.600	0.052	4.086
874.800	0.052	4.086
875.000	0.054	4.086
875.200	0.052	4.086
875.400	0.051	4.086
875.600	0.053	4.086
875.800	0.053	4.086
876.000	0.052	4.086
876.200	0.053	4.086
876.400	0.053	4.086
876.600	0.053	4.086
876.800	0.053	4.086
877.000	0.053	4.086
877.200	0.052	4.086
877.400	0.053	4.086
877.600	0.053	4.086
877.800	0.050	4.086
878.000	0.051	4.086
878.200	0.052	4.086
878.400	0.051	4.086
878.600	0.053	4.086
878.800	0.053	4.086
879.000	0.053	4.086
879.200	0.051	4.086
879.400	0.053	4.086
879.600	0.054	4.086
879.800	0.053	4.086
880.000	0.052	4.086
880.200	0.053	4.086
880.400	0.052	4.086
880.600	0.053	4.086
880.800	0.052	4.086
881.000	0.052	4.086
881.200	0.050	4.086
881.400	0.051	4.086
881.600	0.052	4.086
881.800	0.052	4.086
882.000	0.052	4.086
882.200	0.051	4.086
882.400	0.053	4.086
882.600	0.053	4.086
882.800	0.053	4.086
883.000	0.052	4.086
883.200	0.053	4.086
883.400	0.053	4.086
883.600	0.053	4.086
883.800	0.052	4.086
884.000	0.051	4.086
884.200	0.052	4.086
884.400	0.051	4.086
884.600	0.052	4.086
884.800	0.053	4.086
885.000	0.054	4.086
885.200	0.053	4.086
885.400	0.052	4.086
885.600	0.052	4.086
885.800	0.053	4.086
886.000	0.052	4.086
886.200	0.052	4.086
886.400	0.052	4.086
886.600	0.054	4.086
886.800	0.053	4.086
887.000	0.052	4.086
887.200	0.053	4.086
887.400	0.052	4.086
887.600	0.053	4.086
887.800	0.052	4.086
888.000	0.050	4.086
888.200	0.052	4.086
888.400	0.052	4.086
888.600	0.053	4.086
888.800	0.052	4.086
889.000	0.051	4.086
889.200	0.052	4.086
889.400	0.054	4.086
889.600	0.052	4.086
889.800	0.054	4.086
890.000	0.053	4.086
890.200	0.053	4.086
890.400	0.054	4.086
890.600	0.052	4.086
890.800	0.053	4.086
891.000	0.054	4.086
891.200	0.053	4.086
891.400	0.052	4.086
891.600	0.054	4.086
891.800	0.054	4.086
892.000	0.052	4.086
892.200	0.053	4.086
892.400	0.053	4.086
892.600	0.052	4.086
892.800	0.054	4.086
893.000	0.050	4.086
893.200	0.050	4.086
893.400	0.052	4.086
893.600	0.052	4.086
893.800	0.052	4.086
894.000	0.053	4.086
894.200	0.052	4.086
894.400	0.052	4.086
894.600	0.052	4.086
894.800	0.052	4.086
895.000	0.054	4.086
895.200	0.053	4.086
895.400	0.054	4.086
895.600	0.052	4.086
895.800	0.052	4.086
896.000	0.051	4.086
896.200	0.052	4.086
896.400	0.053	4.086
896.600	0.054	4.086
896.800	0.054	4.086
897.000	0.053	4.086
897.200	0.053	4.086
897.400	0.052	4.086
897.600	0.053	4.086
897.800	0.053	4.086
898.000	0.054	4.086
898.200	0.053	4.086
898.400	0.054	4.086
898.600	0.054	4.086
898.800	0.054	4.086
899.000	0.054	4.086
899.200	0.053	4.086
899.400	0.053	4.086
899.600	0.052	4.086
899.800	0.053	4.086
900.000	0.053	4.086
900.200	0.054	4.086
900.400	0.054	4.086
900.600	0.054	4.086
900.800	0.054	4.086
901.000	0.054	4.086
901.200	0.053	4.086
901.400	0.053	4.086
901.600	0.053	4.086
901.800	0.054	4.086
902.000	0.054	4.086
902.200	0.052	4.086
902.400	0.054	4.086
902.600	0.052	4.086
902.800	0.053	4.086
903.000	0.055	4.086
903.200	0.053	4.086
903.400	0.053	4.086
903.600	0.053	4.086
903.800	0.052	4.086
904.000	0.054	4.086
904.200	0.055	4.086
904.400	0.053	4.086
904.600	0.051	4.086
904.800	0.053	4.086
905.000	0.053	4.086
905.200	0.053	4.086
905.400	0.052	4.086
905.600	0.054	4.086
905.800	0.052	4.086
906.000	0.054	4.086
906.200	0.053	4.086
906.400	0.054	4.086
906.600	0.053	4.086
906.800	0.054	4.086
907.000	0.052	4.086
907.200	0.051	4.086
907.400	0.053	4.086
907.600	0.051	4.085
907.800	0.050	4.085
908.000	0.051	4.086
908.200	0.052	4.086
908.400	0.051	4.086
908.600	0.051	4.086
908.800	0.051	4.086
909.000	0.051	4.086
909.200	0.053	4.086
909.400	0.052	4.086
909.600	0.054	4.086
909.800	0.051	4.086
910.000	0.051	4.086
910.200	0.053	4.086
910.400	0.054	4.086
910.600	0.054	4.086
910.800	0.053	4.086
911.000	0.054	4.086
911.200	0.054	4.086
911.400	0.055	4.086
911.600	0.053	4.086
911.800	0.054	4.086
912.000	0.054	4.086
912.200	0.053	4.086
912.400	0.053	4.086
912.600	0.052	4.086
912.800	0.054	4.086
913.000	0.054	4.086
913.200	0.053	4.086
913.400	0.053	4.086
913.600	0.054	4.086
913.800	0.054	4.086
914.000	0.054	4.086
914.200	0.055	4.086
914.400	0.051	4.086
914.600	0.053	4.086
914.800	0.054	4.086
915.000	0.054	4.086
915.200	0.053	4.086
915.400	0.053	4.086
915.600	0.054	4.086
915.800	0.054	4.086
916.000	0.053	4.086
916.200	0.051	4.086
916.400	0.052	4.086
916.600	0.053	4.086
916.800	0.052	4.086
917.000	0.055	4.086
917.200	0.054	4.086
917.400	0.055	4.086
917.600	0.053	4.086
917.800	0.052	4.086
918.000	0.053	4.086
918.200	0.054	4.086
918.400	0.054	4.086
918.600	0.054	4.086
918.800	0.054	4.086
919.000	0.054	4.086
919.200	0.055	4.086
919.400	0.053	4.086
919.600	0.054	4.086
919.800	0.054	4.086
920.000	0.054	4.086
920.200	0.055	4.086
920.400	0.055	4.086
920.600	0.054	4.086
920.800	0.054	4.086
921.000	0.055	4.086
921.200	0.055	4.086
921.400	0.053	4.086
921.600	0.053	4.086
921.800	0.054	4.086
922.000	0.054	4.086
922.200	0.054	4.086
922.400	0.053	4.086
922.600	0.053	4.086
922.800	0.054	4.086
923.000	0.054	4.086
923.200	0.055	4.086
923.400	0.055	4.086
923.600	0.054	4.086
923.800	0.056	4.086
924.000	0.054	4.086
924.200	0.054	4.086
924.400	0.055	4.086
924.600	0.056	4.086
924.800	0.055	4.086
925.000	0.053	4.086
925.200	0.054	4.086
925.400	0.053	4.086
925.600	0.053	4.086
925.800	0.055	4.086
926.000	0.054	4.086
926.200	0.054	4.086
926.400	0.053	4.086
926.600	0.053	4.086
926.800	0.052	4.086
927.000	0.054	4.086
927.200	0.055	4.086
927.400	0.053	4.086
927.600	0.054	4.086
927.800	0.055	4.086
928.000	0.052	4.086
928.200	0.054	4.086
928.400	0.053	4.086
928.600	0.053	4.086
928.800	0.053	4.086
929.000	0.053	4.086
929.200	0.053	4.086
929.400	0.053	4.086
929.600	0.053	4.086
929.800	0.054	4.086
930.000	0.056	4.086
930.200	0.054	4.086
930.400	0.054	4.086
930.600	0.054	4.086
930.800	0.053	4.086
931.000	0.054	4.086
931.200	0.054	4.086
931.400	0.054	4.086
931.600	0.055	4.086
931.800	0.055	4.086
932.000	0.055	4.086
932.200	0.053	4.086
932.400	0.056	4.086
932.600	0.056	4.086
932.800	0.054	4.086
933.000	0.054	4.086
933.200	0.053	4.086
933.400	0.053	4.086
933.600	0.054	4.086
933.800	0.054	4.086
934.000	0.055	4.086
934.200	0.054	4.086
934.400	0.054	4.086
934.600	0.054	4.086
934.800	0.055	4.086
935.000	0.054	4.086
935.200	0.053	4.086
935.400	0.056	4.086
935.600	0.054	4.086
935.800	0.053	4.086
936.000	0.054	4.086
936.200	0.055	4.086
936.400	0.055	4.086
936.600	0.052	4.086
936.800	0.055	4.086
937.000	0.053	4.086
937.200	0.053	4.086
937.400	0.053	4.086
937.600	0.053	4.086
937.800	0.053	4.086
938.000	0.054	4.086
938.200	0.054	4.086
938.400	0.054	4.086
938.600	0.054	4.086
938.800	0.054	4.086
939.000	0.056	4.086
939.200	0.054	4.086
939.400	0.055	4.086
939.600	0.055	4.086
939.800	0.055	4.086
940.000	0.055	4.086
940.200	0.055	4.086
940.400	0.055	4.086
940.600	0.055	4.086
940.800	0.053	4.086
941.000	0.054	4.086
941.200	0.055	4.086
941.400	0.056	4.086
941.600	0.055	4.086
941.800	0.053	4.086
942.000	0.053	4.086
942.200	0.053	4.086
942.400	0.054	4.086
942.600	0.054	4.086
942.800	0.053	4.086
943.000	0.054	4.086
943.200	0.055	4.086
943.400	0.056	4.086
943.600	0.055	4.086
943.800	0.055	4.086
944.000	0.054	4.086
944.200	0.055	4.086
944.400	0.055	4.086
944.600	0.056	4.086
944.800	0.056	4.086
945.000	0.056	4.086
945.200	0.056	4.086
945.400	0.055	4.086
945.600	0.053	4.086
945.800	0.054	4.086
946.000	0.054	4.086
946.200	0.053	4.086
946.400	0.056	4.086
946.600	0.054	4.086
946.800	0.054	4.086
947.000	0.054	4.086
947.200	0.057	4.086
947.400	0.055	4.086
947.600	0.054	4.086
947.800	0.054	4.086
948.000	0.054	4.086
948.200	0.054	4.086
948.400	0.055	4.086
948.600	0.056	4.086
948.800	0.055	4.086
949.000	0.055	4.086
949.200	0.056	4.086
949.400	0.054	4.086
949.600	0.055	4.086
949.800	0.053	4.086
950.000	0.054	4.086
950.200	0.054	4.086
950.400	0.055	4.086
950.600	0.055	4.086
950.800	0.055	4.086
951.000	0.054	4.086
951.200	0.053	4.086
951.400	0.053	4.086
951.600	0.053	4.086
951.800	0.053	4.086
952.000	0.056	4.086
952.200	0.053	4.086
952.400	0.054	4.086
952.600	0.054	4.086
952.800	0.054	4.086
953.000	0.055	4.086
953.200	0.053	4.086
953.400	0.054	4.086
953.600	0.055	4.086
953.800	0.054	4.086
954.000	0.054	4.086
954.200	0.054	4.086
954.400	0.055	4.086
954.600	0.056	4.086
954.800	0.055	4.086
955.000	0.054	4.086
955.200	0.054	4.086
955.400	0.053	4.086
955.600	0.054	4.086
955.800	0.053	4.086
956.000	0.053	4.086
956.200	0.054	4.086
956.400	0.054	4.086
956.600	0.056	4.086
956.800	0.054	4.086
957.000	0.054	4.086
957.200	0.054	4.086
957.400	0.054	4.086
957.600	0.054	4.086
957.800	0.054	4.086
958.000	0.054	4.086
958.200	0.054	4.086
958.400	0.054	4.086
958.600	0.053	4.086
958.800	0.054	4.086
959.000	0.054	4.086
959.200	0.055	4.086
959.400	0.054	4.086
959.600	0.054	4.086
959.800	0.052	4.086
960.000	0.055	4.086
960.200	0.055	4.086
960.400	0.054	4.086
960.600	0.055	4.086
960.800	0.054	4.086
961.000	0.054	4.086
961.200	0.055	4.086
961.400	0.055	4.086
961.600	0.054	4.086
961.800	0.056	4.086
962.000	0.056	4.086
962.200	0.056	4.086
962.400	0.056	4.086
962.600	0.056	4.086
962.800	0.055	4.086
963.000	0.054	4.086
963.200	0.055	4.086
963.400	0.054	4.086
963.600	0.056	4.086
963.800	0.053	4.086
964.000	0.052	4.086
964.200	0.053	4.086
964.400	0.054	4.086
964.600	0.053	4.086
964.800	0.054	4.086
965.000	0.052	4.086
965.200	0.054	4.086
965.400	0.054	4.086
965.600	0.055	4.086
965.800	0.053	4.086
966.000	0.055	4.086
966.200	0.055	4.086
966.400	0.055	4.086
966.600	0.054	4.086
966.800	0.054	4.086
967.000	0.056	4.086
967.200	0.053	4.086
967.400	0.054	4.086
967.600	0.056	4.086
967.800	0.055	4.086
968.000	0.056	4.086
968.200	0.054	4.086
968.400	0.053	4.086
968.600	0.054	4.086
968.800	0.053	4.086
969.000	0.055	4.086
969.200	0.055	4.086
969.400	0.053	4.086
969.600	0.053	4.086
969.800	0.052	4.086
970.000	0.056	4.086
970.200	0.054	4.086
970.400	0.054	4.086
970.600	0.053	4.086
970.800	0.053	4.086
971.000	0.052	4.086
971.200	0.055	4.086
971.400	0.054	4.086
971.600	0.055	4.086
971.800	0.055	4.086
972.000	0.056	4.086
972.200	0.055	4.086
972.400	0.056	4.086
972.600	0.055	4.086
972.800	0.055	4.086
973.000	0.054	4.086
973.200	0.054	4.086
973.400	0.055	4.086
973.600	0.056	4.086
973.800	0.054	4.086
974.000	0.055	4.086
974.200	0.053	4.086
974.400	0.054	4.086
974.600	0.055	4.086
974.800	0.057	4.086
975.000	0.055	4.086
975.200	0.056	4.086
975.400	0.056	4.086
975.600	0.054	4.086
975.800	0.055	4.086
976.000	0.054	4.086
976.200	0.055	4.086
976.400	0.053	4.086
976.600	0.055	4.086
976.800	0.054	4.086
977.000	0.053	4.086
977.200	0.053	4.086
977.400	0.053	4.086
977.600	0.053	4.086
977.800	0.055	4.086
978.000	0.055	4.086
978.200	0.053	4.086
978.400	0.056	4.086
978.600	0.057	4.086
978.800	0.055	4.086
979.000	0.054	4.086
979.200	0.054	4.086
979.400	0.053	4.086
979.600	0.055	4.086
979.800	0.055	4.086
980.000	0.053	4.086
980.200	0.053	4.086
980.400	0.054	4.086
980.600	0.055	4.086
980.800	0.055	4.086
981.000	0.054	4.086
981.200	0.054	4.086
981.400	0.055	4.086
981.600	0.054	4.086
981.800	0.053	4.086
982.000	0.053	4.086
982.200	0.054	4.086
982.400	0.053	4.086
982.600	0.053	4.086
982.800	0.054	4.086
983.000	0.053	4.086
983.200	0.052	4.086
983.400	0.055	4.086
983.600	0.054	4.086
983.800	0.054	4.086
984.000	0.055	4.086
984.200	0.054	4.086
984.400	0.055	4.086
984.600	0.055	4.086
984.800	0.055	4.086
985.000	0.055	4.086
985.200	0.056	4.086
985.400	0.055	4.086
985.600	0.055	4.086
985.800	0.055	4.086
986.000	0.056	4.086
986.200	0.055	4.086
986.400	0.056	4.086
986.600	0.054	4.086
986.800	0.055	4.086
987.000	0.057	4.086
987.200	0.057	4.086
987.400	0.057	4.086
987.600	0.057	4.086
987.800	0.055	4.086
988.000	0.056	4.086
988.200	0.056	4.086
988.400	0.056	4.086
988.600	0.056	4.086
988.800	0.056	4.086
989.000	0.055	4.086
989.200	0.054	4.086
989.400	0.056	4.086
989.600	0.055	4.086
989.800	0.056	4.086
990.000	0.055	4.086
990.200	0.055	4.086
990.400	0.055	4.086
990.600	0.055	4.086
990.800	0.055	4.086
991.000	0.056	4.086
991.200	0.055	4.086
991.400	0.054	4.086
991.600	0.055	4.086
991.800	0.054	4.086
992.000	0.054	4.086
992.200	0.055	4.086
992.400	0.056	4.086
992.600	0.056	4.086
992.800	0.056	4.086
993.000	0.057	4.086
993.200	0.054	4.086
993.400	0.055	4.086
993.600	0.055	4.086
993.800	0.056	4.086
994.000	0.055	4.086
994.200	0.054	4.086
994.400	0.055	4.086
994.600	0.055	4.086
994.800	0.055	4.086
995.000	0.056	4.086
995.200	0.054	4.086
995.400	0.056	4.086
995.600	0.057	4.086
995.800	0.055	4.086
996.000	0.056	4.086
996.200	0.055	4.086
996.400	0.056	4.086
996.600	0.055	4.086
996.800	0.055	4.086
997.000	0.055	4.086
997.200	0.055	4.086
997.400	0.055	4.086
997.600	0.054	4.086
997.800	0.053	4.086
998.000	0.055	4.086
998.200	0.055	4.086
998.400	0.055	4.086
998.600	0.055	4.086
998.800	0.054	4.086
999.000	0.056	4.086
999.200	0.055	4.086
999.400	0.055	4.086
999.600	0.055	4.086
999.800	0.054	4.086
1000.000	0.055	4.086
1000.200	0.055	4.086
1000.400	0.056	4.086
1000.600	0.057	4.086
1000.800	0.056	4.086
1001.000	0.055	4.086
1001.200	0.055	4.086
1001.400	0.055	4.086
1001.600	0.057	4.086
1001.800	0.056	4.086
1002.000	0.055	4.086
1002.200	0.054	4.086
1002.400	0.053	4.086
1002.600	0.056	4.086
1002.800	0.055	4.086
1003.000	0.056	4.086
1003.200	0.057	4.086
1003.400	0.056	4.086
1003.600	0.056	4.086
1003.800	0.055	4.086
1004.000	0.055	4.086
1004.200	0.056	4.086
1004.400	0.055	4.086
1004.600	0.056	4.086
1004.800	0.055	4.086
1005.000	0.055	4.086
1005.200	0.056	4.086
1005.400	0.056	4.086
1005.600	0.056	4.086
1005.800	0.056	4.086
1006.000	0.057	4.086
1006.200	0.058	4.086
1006.400	0.057	4.086
1006.600	0.057	4.086
1006.800	0.055	4.086
1007.000	0.056	4.086
1007.200	0.057	4.086
1007.400	0.056	4.086
1007.600	0.055	4.086
1007.800	0.056	4.086
1008.000	0.055	4.086
1008.200	0.055	4.086
1008.400	0.057	4.086
1008.600	0.056	4.086
1008.800	0.057	4.086
1009.000	0.055	4.086
1009.200	0.057	4.086
1009.400	0.057	4.086
1009.600	0.057	4.086
1009.800	0.057	4.086
1010.000	0.058	4.086
1010.200	0.059	4.086
1010.400	0.058	4.086
1010.600	0.058	4.086
1010.800	0.058	4.086
1011.000	0.059	4.086
1011.200	0.058	4.086
1011.400	0.057	4.086
1011.600	0.057	4.086
1011.800	0.057	4.086
1012.000	0.057	4.086
1012.200	0.057	4.086
1012.400	0.056	4.086
1012.600	0.057	4.086
1012.800	0.056	4.086
1013.000	0.057	4.086
1013.200	0.058	4.086
1013.400	0.058	4.086
1013.600	0.057	4.086
1013.800	0.056	4.086
1014.000	0.056	4.086
1014.200	0.054	4.086
1014.400	0.056	4.086
1014.600	0.055	4.086
1014.800	0.056	4.086
1015.000	0.057	4.086
1015.200	0.056	4.086
1015.400	0.058	4.086
1015.600	0.057	4.086
1015.800	0.058	4.086
1016.000	0.056	4.086
1016.200	0.056	4.086
1016.400	0.057	4.086
1016.600	0.056	4.086
1016.800	0.057	4.086
1017.000	0.056	4.086
1017.200	0.056	4.086
1017.400	0.057	4.086
1017.600	0.057	4.086
1017.800	0.059	4.086
1018.000	0.054	4.086
1018.200	0.056	4.086
1018.400	0.057	4.086
1018.600	0.056	4.086
1018.800	0.057	4.086
1019.000	0.058	4.086
1019.200	0.056	4.086
1019.400	0.056	4.086
1019.600	0.055	4.086
1019.800	0.055	4.086
1020.000	0.058	4.086
1020.200	0.055	4.086
1020.400	0.056	4.086
1020.600	0.054	4.086
1020.800	0.055	4.086
1021.000	0.055	4.086
1021.200	0.057	4.086
1021.400	0.056	4.086
1021.600	0.056	4.086
1021.800	0.057	4.086
1022.000	0.055	4.086
1022.200	0.055	4.086
1022.400	0.056	4.086
1022.600	0.055	4.086
1022.800	0.053	4.086
1023.000	0.053	4.086
1023.200	0.053	4.086
1023.400	0.053	4.086
1023.600	0.053	4.086
1023.800	0.055	4.086
1024.000	0.054	4.086
1024.200	0.055	4.086
1024.400	0.054	4.086
1024.600	0.055	4.086
1024.800	0.053	4.086
1025.000	0.056	4.086
1025.200	0.054	4.086
1025.400	0.055	4.086
1025.600	0.053	4.085
1025.800	0.053	4.086
1026.000	0.054	4.086
1026.200	0.055	4.086
1026.400	0.054	4.086
1026.600	0.054	4.086
1026.800	0.055	4.086
1027.000	0.056	4.086
1027.200	0.056	4.086
1027.400	0.056	4.086
1027.600	0.055	4.086
1027.800	0.056	4.086
1028.000	0.055	4.086
1028.200	0.054	4.086
1028.400	0.054	4.086
1028.600	0.056	4.086
1028.800	0.054	4.086
1029.000	0.055	4.086
1029.200	0.055	4.086
1029.400	0.054	4.086
1029.600	0.055	4.086
1029.800	0.054	4.086
1030.000	0.056	4.086
1030.200	0.055	4.086
1030.400	0.056	4.086
1030.600	0.054	4.086
1030.800	0.054	4.086
1031.000	0.054	4.086
1031.200	0.055	4.086
1031.400	0.056	4.086
1031.600	0.055	4.086
1031.800	0.056	4.086
1032.000	0.053	4.086
1032.200	0.053	4.086
1032.400	0.053	4.086
1032.600	0.053	4.086
1032.800	0.053	4.086
1033.000	0.054	4.086
1033.200	0.054	4.086
1033.400	0.054	4.086
1033.600	0.052	4.086
1033.800	0.054	4.086
1034.000	0.054	4.086
1034.200	0.053	4.086
1034.400	0.053	4.086
1034.600	0.053	4.086
1034.800	0.054	4.086
1035.000	0.054	4.086
1035.200	0.055	4.086
1035.400	0.053	4.086
1035.600	0.055	4.086
1035.800	0.052	4.086
1036.000	0.053	4.086
1036.200	0.054	4.086
1036.400	0.055	4.086
1036.600	0.056	4.086
1036.800	0.055	4.086
1037.000	0.055	4.086
1037.200	0.052	4.086
1037.400	0.055	4.086
1037.600	0.053	4.086
1037.800	0.053	4.086
1038.000	0.052	4.085
1038.200	0.053	4.086
1038.400	0.052	4.086
1038.600	0.054	4.085
1038.800	0.052	4.086
1039.000	0.053	4.085
1039.200	0.054	4.086
1039.400	0.054	4.086
1039.600	0.053	4.085
1039.800	0.052	4.086
1040.000	0.053	4.085
1040.200	0.053	4.086
1040.400	0.053	4.085
1040.600	0.053	4.085
1040.800	0.054	4.085
1041.000	0.054	4.085
1041.200	0.054	4.086
1041.400	0.055	4.085
1041.600	0.052	4.086
1041.800	0.054	4.085
1042.000	0.053	4.085
1042.200	0.052	4.085
1042.400	0.052	4.085
1042.600	0.053	4.085
1042.800	0.054	4.085
1043.000	0.055	4.085
1043.200	0.053	4.085
1043.400	0.053	4.085
1043.600	0.053	4.085
1043.800	0.054	4.085
1044.000	0.053	4.085
1044.200	0.053	4.085
1044.400	0.054	4.085
1044.600	0.054	4.085
1044.800	0.056	4.085
1045.000	0.055	4.085
1045.200	0.053	4.085
1045.400	0.053	4.085
1045.600	0.053	4.085
1045.800	0.055	4.085
1046.000	0.053	4.085
1046.200	0.053	4.085
1046.400	0.054	4.085
1046.600	0.054	4.085
1046.800	0.053	4.085
1047.000	0.054	4.085
1047.200	0.052	4.085
1047.400	0.054	4.086
1047.600	0.052	4.085
1047.800	0.051	4.085
1048.000	0.052	4.085
1048.200	0.051	4.085
1048.400	0.049	4.085
1048.600	0.053	4.085
1048.800	0.053	4.085
1049.000	0.054	4.086
1049.200	0.055	4.085
1049.400	0.053	4.085
1049.600	0.053	4.085
1049.800	0.052	4.085
1050.000	0.052	4.085
1050.200	0.053	4.085
1050.400	0.054	4.085
1050.600	0.054	4.086
1050.800	0.053	4.085
1051.000	0.053	4.085
1051.200	0.053	4.085
1051.400	0.053	4.085
1051.600	0.055	4.085
1051.800	0.054	4.085
1052.000	0.055	4.085
1052.200	0.054	4.085
1052.400	0.054	4.085
1052.600	0.053	4.085
1052.800	0.053	4.085
1053.000	0.054	4.086
1053.200	0.054	4.085
1053.400	0.051	4.085
1053.600	0.053	4.086
1053.800	0.053	4.085
1054.000	0.053	4.085
1054.200	0.054	4.085
1054.400	0.053	4.085
1054.600	0.053	4.085
1054.800	0.053	4.085
1055.000	0.054	4.085
1055.200	0.055	4.085
1055.400	0.054	4.085
1055.600	0.054	4.086
1055.800	0.054	4.085
1056.000	0.054	4.085
1056.200	0.053	4.085
1056.400	0.054	4.085
1056.600	0.054	4.085
1056.800	0.053	4.085
1057.000	0.053	4.085
1057.200	0.054	4.085
1057.400	0.054	4.085
1057.600	0.052	4.085
1057.800	0.053	4.085
1058.000	0.055	4.085
1058.200	0.055	4.085
1058.400	0.055	4.085
1058.600	0.055	4.086
1058.800	0.054	4.085
1059.000	0.055	4.085
1059.200	0.054	4.085
1059.400	0.054	4.085
1059.600	0.055	4.085
1059.800	0.053	4.085
1060.000	0.054	4.085
1060.200	0.054	4.085
1060.400	0.054	4.085
1060.600	0.053	4.085
1060.800	0.054	4.085
1061.000	0.054	4.085
1061.200	0.056	4.085
1061.400	0.055	4.085
1061.600	0.055	4.085
1061.800	0.055	4.085
1062.000	0.055	4.085
1062.200	0.055	4.085
1062.400	0.054	4.085
1062.600	0.055	4.085
1062.800	0.055	4.085
1063.000	0.053	4.085
1063.200	0.054	4.085
1063.400	0.054	4.085
1063.600	0.053	4.085
1063.800	0.055	4.085
1064.000	0.056	4.085
1064.200	0.054	4.085
1064.400	0.056	4.085
1064.600	0.055	4.085
1064.800	0.055	4.085
1065.000	0.054	4.085
1065.200	0.053	4.085
1065.400	0.054	4.085
1065.600	0.053	4.085
1065.800	0.053	4.085
1066.000	0.054	4.085
1066.200	0.053	4.085
1066.400	0.054	4.085
1066.600	0.053	4.085
1066.800	0.053	4.085
1067.000	0.054	4.085
1067.200	0.053	4.085
1067.400	0.053	4.085
1067.600	0.055	4.085
1067.800	0.054	4.085
1068.000	0.054	4.086
1068.200	0.053	4.085
1068.400	0.054	4.086
1068.600	0.053	4.085
1068.800	0.052	4.085
1069.000	0.052	4.085
1069.200	0.052	4.085
1069.400	0.052	4.085
1069.600	0.053	4.086
1069.800	0.054	4.085
1070.000	0.054	4.085
1070.200	0.054	4.085
1070.400	0.051	4.085
1070.600	0.054	4.085
1070.800	0.053	4.085
1071.000	0.053	4.085
1071.200	0.055	4.085
1071.400	0.054	4.085
1071.600	0.053	4.085
1071.800	0.055	4.085
1072.000	0.056	4.086
1072.200	0.053	4.085
1072.400	0.054	4.086
1072.600	0.054	4.085
1072.800	0.055	4.085
1073.000	0.055	4.085
1073.200	0.053	4.086
1073.400	0.054	4.085
1073.600	0.054	4.085
1073.800	0.053	4.085
1074.000	0.054	4.086
1074.200	0.054	4.086
1074.400	0.054	4.085
1074.600	0.054	4.085
1074.800	0.054	4.086
1075.000	0.053	4.085
1075.200	0.052	4.085
1075.400	0.053	4.085
1075.600	0.053	4.085
1075.800	0.054	4.085
1076.000	0.052	4.086
1076.200	0.054	4.086
1076.400	0.055	4.085
1076.600	0.054	4.086
1076.800	0.055	4.085
1077.000	0.054	4.085
1077.200	0.055	4.085
1077.400	0.053	4.085
1077.600	0.052	4.085
1077.800	0.054	4.085
1078.000	0.054	4.086
1078.200	0.054	4.085
1078.400	0.055	4.086
1078.600	0.053	4.086
1078.800	0.054	4.085
1079.000	0.053	4.085
1079.200	0.053	4.085
1079.400	0.054	4.085
1079.600	0.053	4.085
1079.800	0.053	4.085
1080.000	0.054	4.085
1080.200	0.054	4.085
1080.400	0.053	4.085
1080.600	0.054	4.085
1080.800	0.054	4.085
1081.000	0.054	4.085
1081.200	0.053	4.085
1081.400	0.055	4.086
1081.600	0.055	4.086
1081.800	0.055	4.086
1082.000	0.055	4.085
1082.200	0.053	4.085
1082.400	0.053	4.085
1082.600	0.054	4.085
1082.800	0.054	4.085
1083.000	0.055	4.085
1083.200	0.056	4.086
1083.400	0.054	4.085
1083.600	0.056	4.085
1083.800	0.055	4.086
1084.000	0.055	4.086
1084.200	0.055	4.086
1084.400	0.055	4.086
1084.600	0.054	4.085
1084.800	0.057	4.086
1085.000	0.057	4.086
1085.200	0.056	4.086
1085.400	0.056	4.086
1085.600	0.055	4.085
1085.800	0.057	4.086
1086.000	0.055	4.085
1086.200	0.055	4.085
1086.400	0.055	4.085
1086.600	0.053	4.085
1086.800	0.055	4.085
1087.000	0.055	4.085
1087.200	0.053	4.085
1087.400	0.055	4.085
1087.600	0.055	4.086
1087.800	0.055	4.086
1088.000	0.055	4.086
1088.200	0.054	4.086
1088.400	0.056	4.085
1088.600	0.055	4.085
1088.800	0.055	4.085
1089.000	0.055	4.085
1089.200	0.056	4.086
1089.400	0.057	4.086
1089.600	0.057	4.085
1089.800	0.056	4.086
1090.000	0.054	4.086
1090.200	0.055	4.086
1090.400	0.055	4.085
1090.600	0.054	4.086
1090.800	0.054	4.085
1091.000	0.053	4.085
1091.200	0.053	4.085
1091.400	0.053	4.085
1091.600	0.054	4.085
1091.800	0.054	4.085
1092.000	0.056	4.085
1092.200	0.055	4.086
1092.400	0.055	4.085
1092.600	0.056	4.085
1092.800	0.055	4.085
1093.000	0.054	4.085
1093.200	0.054	4.085
1093.400	0.054	4.086
1093.600	0.054	4.086
1093.800	0.054	4.086
1094.000	0.054	4.086
1094.200	0.056	4.086
1094.400	0.054	4.086
1094.600	0.054	4.086
1094.800	0.055	4.086
1095.000	0.055	4.086
1095.200	0.056	4.086
1095.400	0.053	4.086
1095.600	0.056	4.085
1095.800	0.056	4.085
1096.000	0.055	4.085
1096.200	0.054	4.085
1096.400	0.054	4.086
1096.600	0.055	4.085
1096.800	0.055	4.085
1097.000	0.054	4.086
1097.200	0.056	4.086
1097.400	0.054	4.085
1097.600	0.056	4.085
1097.800	0.054	4.085
1098.000	0.054	4.085
1098.200	0.054	4.085
1098.400	0.054	4.086
1098.600	0.055	4.085
1098.800	0.055	4.085
1099.000	0.055	4.085
1099.200	0.056	4.085
1099.400	0.054	4.085
1099.600	0.053	4.085
1099.800	0.054	4.085
1100.000	0.055	4.085
1100.200	0.053	4.085
1100.400	0.054	4.086
1100.600	0.054	4.085
1100.800	0.054	4.085
1101.000	0.056	4.085
1101.200	0.054	4.085
1101.400	0.053	4.085
1101.600	0.054	4.085
1101.800	0.054	4.085
1102.000	0.055	4.085
1102.200	0.054	4.086
1102.400	0.053	4.085
1102.600	0.053	4.085
1102.800	0.053	4.085
1103.000	0.055	4.085
1103.200	0.054	4.085
1103.400	0.053	4.085
1103.600	0.053	4.085
1103.800	0.054	4.085
1104.000	0.053	4.085
1104.200	0.054	4.086
1104.400	0.054	4.085
1104.600	0.054	4.085
1104.800	0.054	4.085
1105.000	0.054	4.085
1105.200	0.054	4.085
1105.400	0.054	4.085
1105.600	0.055	4.085
1105.800	0.054	4.085
1106.000	0.053	4.085
1106.200	0.054	4.085
1106.400	0.053	4.085
1106.600	0.055	4.085
1106.800	0.054	4.085
1107.000	0.054	4.085
1107.200	0.054	4.085
1107.400	0.054	4.086
1107.600	0.056	4.085
1107.800	0.055	4.085
1108.000	0.055	4.085
1108.200	0.055	4.085
1108.400	0.056	4.086
1108.600	0.054	4.085
1108.800	0.055	4.085
1109.000	0.055	4.085
1109.200	0.054	4.086
1109.400	0.055	4.085
1109.600	0.053	4.086
1109.800	0.054	4.085
1110.000	0.054	4.085
1110.200	0.054	4.086
1110.400	0.053	4.085
1110.600	0.057	4.085
1110.800	0.054	4.085
1111.000	0.054	4.085
1111.200	0.056	4.085
1111.400	0.056	4.085
1111.600	0.054	4.085
1111.800	0.055	4.085
1112.000	0.056	4.085
1112.200	0.056	4.085
1112.400	0.055	4.085
1112.600	0.055	4.085
1112.800	0.055	4.085
1113.000	0.055	4.085
1113.200	0.054	4.085
1113.400	0.053	4.085
1113.600	0.055	4.085
1113.800	0.055	4.085
1114.000	0.054	4.085
1114.200	0.055	4.086
1114.400	0.054	4.085
1114.600	0.055	4.085
1114.800	0.051	4.085
1115.000	0.054	4.085
1115.200	0.054	4.085
1115.400	0.055	4.085
1115.600	0.053	4.085
1115.800	0.054	4.085
1116.000	0.055	4.085
1116.200	0.055	4.085
1116.400	0.055	4.085
1116.600	0.054	4.085
1116.800	0.055	4.085
1117.000	0.054	4.085
1117.200	0.054	4.085
1117.400	0.055	4.085
1117.600	0.053	4.085
1117.800	0.053	4.085
1118.000	0.053	4.085
1118.200	0.054	4.085
1118.400	0.054	4.085
1118.600	0.055	4.085
1118.800	0.053	4.085
1119.000	0.053	4.085
1119.200	0.055	4.085
1119.400	0.054	4.085
1119.600	0.055	4.085
1119.800	0.054	4.085
1120.000	0.052	4.085
1120.200	0.053	4.085
1120.400	0.054	4.085
1120.600	0.052	4.085
1120.800	0.053	4.085
1121.000	0.054	4.085
1121.200	0.055	4.086
1121.400	0.053	4.085
1121.600	0.052	4.085
1121.800	0.053	4.085
1122.000	0.054	4.085
1122.200	0.053	4.085
1122.400	0.054	4.085
1122.600	0.053	4.085
1122.800	0.054	4.085
1123.000	0.055	4.085
1123.200	0.053	4.085
1123.400	0.055	4.085
1123.600	0.053	4.085
1123.800	0.053	4.085
1124.000	0.053	4.085
1124.200	0.054	4.085
1124.400	0.054	4.085
1124.600	0.054	4.085
1124.800	0.054	4.085
1125.000	0.053	4.085
1125.200	0.053	4.085
1125.400	0.053	4.085
1125.600	0.054	4.085
1125.800	0.054	4.085
1126.000	0.054	4.085
1126.200	0.053	4.085
1126.400	0.054	4.085
1126.600	0.054	4.085
1126.800	0.054	4.085
1127.000	0.053	4.085
1127.200	0.053	4.085
1127.400	0.055	4.085
1127.600	0.056	4.085
1127.800	0.055	4.085
1128.000	0.055	4.085
1128.200	0.054	4.085
1128.400	0.052	4.085
1128.600	0.053	4.085
1128.800	0.052	4.085
1129.000	0.055	4.085
1129.200	0.054	4.085
1129.400	0.053	4.085
1129.600	0.055	4.085
1129.800	0.053	4.085
1130.000	0.054	4.085
1130.200	0.054	4.085
1130.400	0.051	4.085
1130.600	0.055	4.085
1130.800	0.053	4.085
1131.000	0.054	4.085
1131.200	0.055	4.085
1131.400	0.053	4.085
1131.600	0.053	4.085
1131.800	0.054	4.085
1132.000	0.054	4.085
1132.200	0.054	4.085
1132.400	0.052	4.085
1132.600	0.054	4.085
1132.800	0.054	4.085
1133.000	0.053	4.085
1133.200	0.053	4.085
1133.400	0.054	4.085
1133.600	0.054	4.085
1133.800	0.053	4.085
1134.000	0.054	4.085
1134.200	0.054	4.085
1134.400	0.054	4.085
1134.600	0.055	4.085
1134.800	0.055	4.085
1135.000	0.055	4.085
1135.200	0.055	4.085
1135.400	0.054	4.085
1135.600	0.053	4.085
1135.800	0.055	4.085
1136.000	0.054	4.085
1136.200	0.054	4.085
1136.400	0.055	4.085
1136.600	0.053	4.085
1136.800	0.054	4.085
1137.000	0.054	4.085
1137.200	0.052	4.085
1137.400	0.054	4.085
1137.600	0.054	4.085
1137.800	0.054	4.085
1138.000	0.052	4.085
1138.200	0.055	4.085
1138.400	0.051	4.085
1138.600	0.052	4.085
1138.800	0.053	4.085
1139.000	0.053	4.085
1139.200	0.053	4.085
1139.400	0.052	4.085
1139.600	0.055	4.085
1139.800	0.054	4.085
1140.000	0.053	4.085
1140.200	0.053	4.085
1140.400	0.055	4.085
1140.600	0.053	4.085
1140.800	0.053	4.085
1141.000	0.053	4.085
1141.200	0.054	4.085
1141.400	0.054	4.085
1141.600	0.053	4.085
1141.800	0.054	4.085
1142.000	0.055	4.085
1142.200	0.053	4.085
1142.400	0.053	4.085
1142.600	0.052	4.085
1142.800	0.053	4.085
1143.000	0.051	4.085
1143.200	0.053	4.085
1143.400	0.051	4.085
1143.600	0.052	4.085
1143.800	0.053	4.085
1144.000	0.050	4.085
1144.200	0.051	4.085
1144.400	0.053	4.085
1144.600	0.052	4.085
1144.800	0.052	4.085
1145.000	0.052	4.085
1145.200	0.053	4.085
1145.400	0.054	4.085
1145.600	0.052	4.085
1145.800	0.051	4.085
1146.000	0.052	4.085
1146.200	0.052	4.085
1146.400	0.053	4.085
1146.600	0.052	4.085
1146.800	0.051	4.085
1147.000	0.053	4.085
1147.200	0.052	4.085
1147.400	0.052	4.085
1147.600	0.052	4.085
1147.800	0.052	4.085
1148.000	0.052	4.085
1148.200	0.052	4.085
1148.400	0.053	4.085
1148.600	0.053	4.085
1148.800	0.054	4.085
1149.000	0.053	4.085
1149.200	0.053	4.085
1149.400	0.052	4.085
1149.600	0.053	4.085
1149.800	0.052	4.085
1150.000	0.053	4.085
1150.200	0.052	4.085
1150.400	0.053	4.085
1150.600	0.053	4.085
1150.800	0.052	4.085
1151.000	0.052	4.085
1151.200	0.052	4.085
1151.400	0.051	4.085
1151.600	0.053	4.085
1151.800	0.052	4.085
1152.000	0.051	4.085
1152.200	0.052	4.085
1152.400	0.051	4.085
1152.600	0.052	4.085
1152.800	0.051	4.085
1153.000	0.052	4.085
1153.200	0.050	4.085
1153.400	0.050	4.085
1153.600	0.051	4.085
1153.800	0.051	4.085
1154.000	0.050	4.085
1154.200	0.051	4.085
1154.400	0.053	4.085
1154.600	0.052	4.085
1154.800	0.052	4.085
1155.000	0.051	4.085
1155.200	0.051	4.085
1155.400	0.052	4.085
1155.600	0.053	4.085
1155.800	0.052	4.085
1156.000	0.052	4.085
1156.200	0.052	4.085
1156.400	0.051	4.085
1156.600	0.052	4.085
1156.800	0.051	4.085
1157.000	0.052	4.085
1157.200	0.054	4.085
1157.400	0.052	4.085
1157.600	0.055	4.085
1157.800	0.052	4.085
1158.000	0.052	4.085
1158.200	0.052	4.085
1158.400	0.052	4.085
1158.600	0.051	4.085
1158.800	0.053	4.085
1159.000	0.053	4.085
1159.200	0.052	4.085
1159.400	0.053	4.085
1159.600	0.053	4.085
1159.800	0.052	4.085
1160.000	0.052	4.085
1160.200	0.053	4.085
1160.400	0.053	4.085
1160.600	0.054	4.085
1160.800	0.051	4.085
1161.000	0.052	4.085
1161.200	0.054	4.085
1161.400	0.052	4.085
1161.600	0.054	4.085
1161.800	0.053	4.085
1162.000	0.052	4.085
1162.200	0.052	4.085
1162.400	0.051	4.085
1162.600	0.050	4.085
1162.800	0.052	4.085
1163.000	0.051	4.085
1163.200	0.051	4.085
1163.400	0.051	4.085
1163.600	0.052	4.085
1163.800	0.053	4.085
1164.000	0.052	4.085
1164.200	0.053	4.085
1164.400	0.051	4.085
1164.600	0.051	4.085
1164.800	0.051	4.085
1165.000	0.052	4.085
1165.200	0.052	4.085
1165.400	0.052	4.085
1165.600	0.052	4.085
1165.800	0.055	4.085
1166.000	0.053	4.085
1166.200	0.053	4.085
1166.400	0.054	4.085
1166.600	0.053	4.085
1166.800	0.054	4.085
1167.000	0.054	4.085
1167.200	0.055	4.085
1167.400	0.055	4.085
1167.600	0.055	4.085
1167.800	0.055	4.085
1168.000	0.054	4.085
1168.200	0.055	4.085
1168.400	0.054	4.085
1168.600	0.055	4.085
1168.800	0.052	4.085
1169.000	0.054	4.085
1169.200	0.055	4.085
1169.400	0.055	4.085
1169.600	0.054	4.085
1169.800	0.056	4.085
1170.000	0.055	4.085
1170.200	0.053	4.085
1170.400	0.054	4.085
1170.600	0.057	4.085
1170.800	0.056	4.085
1171.000	0.055	4.085
1171.200	0.055	4.085
1171.400	0.055	4.085
1171.600	0.054	4.085
1171.800	0.056	4.085
1172.000	0.055	4.085
1172.200	0.055	4.085
1172.400	0.055	4.085
1172.600	0.056	4.085
1172.800	0.056	4.085
1173.000	0.055	4.085
1173.200	0.056	4.085
1173.400	0.054	4.085
1173.600	0.055	4.085
1173.800	0.058	4.085
1174.000	0.055	4.085
1174.200	0.055	4.085
1174.400	0.056	4.085
1174.600	0.056	4.085
1174.800	0.056	4.085
1175.000	0.056	4.085
1175.200	0.055	4.085
1175.400	0.057	4.085
1175.600	0.057	4.085
1175.800	0.056	4.085
1176.000	0.055	4.085
1176.200	0.056	4.085
1176.400	0.056	4.085
1176.600	0.055	4.085
1176.800	0.056	4.085
1177.000	0.057	4.085
1177.200	0.056	4.085
1177.400	0.054	4.085
1177.600	0.054	4.085
1177.800	0.055	4.085
1178.000	0.055	4.085
1178.200	0.055	4.085
1178.400	0.055	4.085
1178.600	0.054	4.085
1178.800	0.055	4.085
1179.000	0.053	4.085
1179.200	0.055	4.085
1179.400	0.055	4.085
1179.600	0.055	4.085
1179.800	0.054	4.085
1180.000	0.054	4.085
1180.200	0.055	4.085
1180.400	0.055	4.085
1180.600	0.055	4.085
1180.800	0.055	4.085
1181.000	0.055	4.085
1181.200	0.056	4.085
1181.400	0.056	4.085
1181.600	0.055	4.085
1181.800	0.055	4.085
1182.000	0.056	4.085
1182.200	0.054	4.085
1182.400	0.054	4.085
1182.600	0.055	4.085
1182.800	0.055	4.086
1183.000	0.054	4.085
1183.200	0.055	4.085
1183.400	0.055	4.085
1183.600	0.056	4.085
1183.800	0.057	4.085
1184.000	0.056	4.085
1184.200	0.055	4.085
1184.400	0.056	4.085
1184.600	0.055	4.085
1184.800	0.055	4.085
1185.000	0.055	4.085
1185.200	0.055	4.085
1185.400	0.055	4.085
1185.600	0.057	4.085
1185.800	0.055	4.085
1186.000	0.055	4.085
1186.200	0.055	4.085
1186.400	0.056	4.085
1186.600	0.055	4.085
1186.800	0.055	4.085
1187.000	0.054	4.085
1187.200	0.053	4.085
1187.400	0.054	4.085
1187.600	0.056	4.085
1187.800	0.056	4.085
1188.000	0.057	4.085
1188.200	0.055	4.085
1188.400	0.055	4.085
1188.600	0.055	4.085
1188.800	0.055	4.085
1189.000	0.055	4.085
1189.200	0.056	4.085
1189.400	0.053	4.085
1189.600	0.056	4.085
1189.800	0.055	4.085
1190.000	0.054	4.085
1190.200	0.056	4.085
1190.400	0.057	4.085
1190.600	0.054	4.085
1190.800	0.057	4.085
1191.000	0.056	4.085
1191.200	0.057	4.085
1191.400	0.054	4.085
1191.600	0.056	4.085
1191.800	0.057	4.085
1192.000	0.055	4.085
1192.200	0.055	4.085
1192.400	0.056	4.085
1192.600	0.055	4.085
1192.800	0.054	4.085
1193.000	0.054	4.085
1193.200	0.053	4.085
1193.400	0.055	4.085
1193.600	0.055	4.085
1193.800	0.054	4.085
1194.000	0.054	4.085
1194.200	0.054	4.085
1194.400	0.056	4.085
1194.600	0.057	4.085
1194.800	0.055	4.085
1195.000	0.055	4.085
1195.200	0.056	4.085
1195.400	0.055	4.085
1195.600	0.057	4.085
1195.800	0.056	4.085
1196.000	0.054	4.085
1196.200	0.055	4.085
1196.400	0.056	4.085
1196.600	0.058	4.085
1196.800	0.055	4.085
1197.000	0.055	4.085
1197.200	0.055	4.085
1197.400	0.056	4.085
1197.600	0.056	4.085
1197.800	0.055	4.085
1198.000	0.055	4.085
1198.200	0.056	4.085
1198.400	0.055	4.085
1198.600	0.054	4.085
1198.800	0.055	4.086
1199.000	0.055	4.085
1199.200	0.054	4.085
1199.400	0.053	4.085
1199.600	0.054	4.085
1199.800	0.055	4.085
1200.000	0.055	4.085
1200.200	0.054	4.085
1200.400	0.055	4.085
1200.600	0.055	4.085
1200.800	0.057	4.085
1201.000	0.054	4.085
1201.200	0.055	4.085
1201.400	0.055	4.085
1201.600	0.055	4.085
1201.800	0.056	4.085
1202.000	0.055	4.085
1202.200	0.056	4.085
1202.400	0.055	4.085
1202.600	0.054	4.085
1202.800	0.055	4.085
1203.000	0.055	4.085
1203.200	0.055	4.085
1203.400	0.054	4.085
1203.600	0.055	4.085
1203.800	0.054	4.085
1204.000	0.053	4.085
1204.200	0.054	4.085
1204.400	0.054	4.085
1204.600	0.054	4.085
1204.800	0.054	4.085
1205.000	0.053	4.085
1205.200	0.054	4.085
1205.400	0.054	4.085
1205.600	0.054	4.085
1205.800	0.055	4.085
1206.000	0.054	4.085
1206.200	0.056	4.085
1206.400	0.055	4.085
1206.600	0.055	4.085
1206.800	0.055	4.085
1207.000	0.055	4.085
1207.200	0.056	4.085
1207.400	0.055	4.085
1207.600	0.055	4.085
1207.800	0.055	4.085
1208.000	0.055	4.085
1208.200	0.054	4.085
1208.400	0.054	4.085
1208.600	0.054	4.085
1208.800	0.056	4.085
1209.000	0.054	4.085
1209.200	0.055	4.085
1209.400	0.055	4.085
1209.600	0.054	4.085
1209.800	0.055	4.085
1210.000	0.053	4.085
1210.200	0.054	4.085
1210.400	0.055	4.085
1210.600	0.055	4.085
1210.800	0.054	4.085
1211.000	0.052	4.085
1211.200	0.055	4.085
1211.400	0.055	4.085
1211.600	0.056	4.085
1211.800	0.056	4.085
1212.000	0.056	4.085
1212.200	0.056	4.085
1212.400	0.055	4.085
1212.600	0.056	4.085
1212.800	0.054	4.085
1213.000	0.055	4.085
1213.200	0.055	4.085
1213.400	0.055	4.085
1213.600	0.053	4.085
1213.800	0.054	4.085
1214.000	0.053	4.085
1214.200	0.055	4.085
1214.400	0.053	4.085
1214.600	0.052	4.085
1214.800	0.053	4.085
1215.000	0.054	4.085
1215.200	0.053	4.085
1215.400	0.055	4.085
1215.600	0.053	4.085
1215.800	0.055	4.085
1216.000	0.053	4.085
1216.200	0.054	4.085
1216.400	0.054	4.085
1216.600	0.053	4.085
1216.800	0.053	4.085
1217.000	0.055	4.085
1217.200	0.056	4.085
1217.400	0.054	4.085
1217.600	0.053	4.085
1217.800	0.052	4.085
1218.000	0.053	4.085
1218.200	0.054	4.085
1218.400	0.054	4.085
1218.600	0.053	4.085
1218.800	0.054	4.085
1219.000	0.055	4.085
1219.200	0.056	4.085
1219.400	0.055	4.085
1219.600	0.054	4.085
1219.800	0.054	4.085
1220.000	0.053	4.085
1220.200	0.054	4.085
1220.400	0.054	4.085
1220.600	0.055	4.085
1220.800	0.054	4.085
1221.000	0.055	4.085
1221.200	0.054	4.085
1221.400	0.054	4.085
1221.600	0.055	4.085
1221.800	0.054	4.085
1222.000	0.052	4.085
1222.200	0.055	4.085
1222.400	0.055	4.085
1222.600	0.054	4.085
1222.800	0.054	4.085
1223.000	0.055	4.085
1223.200	0.056	4.085
1223.400	0.054	4.085
1223.600	0.053	4.085
1223.800	0.055	4.085
1224.000	0.056	4.085
1224.200	0.055	4.085
1224.400	0.055	4.085
1224.600	0.054	4.085
1224.800	0.055	4.085
1225.000	0.056	4.085
1225.200	0.055	4.085
1225.400	0.054	4.085
1225.600	0.055	4.085
1225.800	0.055	4.085
1226.000	0.055	4.085
1226.200	0.053	4.085
1226.400	0.054	4.085
1226.600	0.053	4.085
1226.800	0.054	4.085
1227.000	0.055	4.085
1227.200	0.054	4.085
1227.400	0.054	4.085
1227.600	0.053	4.085
1227.800	0.055	4.085
1228.000	0.054	4.085
1228.200	0.055	4.085
1228.400	0.053	4.085
1228.600	0.056	4.085
1228.800	0.055	4.085
1229.000	0.054	4.085
1229.200	0.055	4.085
1229.400	0.055	4.085
1229.600	0.054	4.085
1229.800	0.054	4.085
1230.000	0.054	4.085
1230.200	0.056	4.085
1230.400	0.054	4.085
1230.600	0.054	4.085
1230.800	0.055	4.085
1231.000	0.054	4.085
1231.200	0.055	4.085
1231.400	0.056	4.085
1231.600	0.055	4.085
1231.800	0.055	4.085
1232.000	0.055	4.085
1232.200	0.054	4.085
1232.400	0.054	4.085
1232.600	0.053	4.085
1232.800	0.052	4.085
1233.000	0.054	4.085
1233.200	0.054	4.085
1233.400	0.054	4.085
1233.600	0.053	4.085
1233.800	0.054	4.085
1234.000	0.055	4.085
1234.200	0.053	4.085
1234.400	0.055	4.085
1234.600	0.055	4.085
1234.800	0.055	4.085
1235.000	0.054	4.085
1235.200	0.054	4.085
1235.400	0.055	4.085
1235.600	0.054	4.085
1235.800	0.054	4.085
1236.000	0.052	4.085
1236.200	0.053	4.085
1236.400	0.055	4.085
1236.600	0.055	4.085
1236.800	0.054	4.085
1237.000	0.056	4.085
1237.200	0.054	4.085
1237.400	0.054	4.085
1237.600	0.056	4.085
1237.800	0.054	4.085
1238.000	0.056	4.085
1238.200	0.054	4.085
1238.400	0.054	4.085
1238.600	0.054	4.085
1238.800	0.054	4.085
1239.000	0.053	4.085
1239.200	0.053	4.085
1239.400	0.052	4.085
1239.600	0.053	4.085
1239.800	0.053	4.085
1240.000	0.054	4.085
1240.200	0.055	4.085
1240.400	0.054	4.085
1240.600	0.054	4.085
1240.800	0.053	4.085
1241.000	0.055	4.085
1241.200	0.054	4.085
1241.400	0.054	4.085
1241.600	0.054	4.085
1241.800	0.054	4.085
1242.000	0.055	4.085
1242.200	0.053	4.085
1242.400	0.054	4.085
1242.600	0.053	4.085
1242.800	0.054	4.085
1243.000	0.054	4.085
1243.200	0.055	4.085
1243.400	0.053	4.085
1243.600	0.054	4.085
1243.800	0.054	4.085
1244.000	0.053	4.085
1244.200	0.054	4.085
1244.400	0.054	4.085
1244.600	0.054	4.085
1244.800	0.054	4.085
1245.000	0.054	4.085
1245.200	0.055	4.085
1245.400	0.055	4.085
1245.600	0.054	4.085
1245.800	0.054	4.085
1246.000	0.055	4.085
1246.200	0.056	4.085
1246.400	0.055	4.085
1246.600	0.056	4.085
1246.800	0.055	4.085
1247.000	0.054	4.085
1247.200	0.056	4.085
1247.400	0.056	4.085
1247.600	0.055	4.085
1247.800	0.054	4.085
1248.000	0.054	4.085
1248.200	0.053	4.085
1248.400	0.053	4.085
1248.600	0.053	4.085
1248.800	0.055	4.085
1249.000	0.055	4.085
1249.200	0.054	4.085
1249.400	0.054	4.085
1249.600	0.054	4.085
1249.800	0.056	4.085
1250.000	0.054	4.085
1250.200	0.054	4.085
1250.400	0.055	4.085
1250.600	0.054	4.085
1250.800	0.054	4.085
1251.000	0.054	4.085
1251.200	0.053	4.085
1251.400	0.053	4.085
1251.600	0.055	4.085
1251.800	0.055	4.085
1252.000	0.054	4.085
1252.200	0.054	4.085
1252.400	0.055	4.085
1252.600	0.055	4.085
1252.800	0.054	4.085
1253.000	0.055	4.085
1253.200	0.054	4.085
1253.400	0.054	4.085
1253.600	0.053	4.085
1253.800	0.053	4.085
1254.000	0.053	4.085
1254.200	0.055	4.085
1254.400	0.052	4.085
1254.600	0.054	4.085
1254.800	0.052	4.085
1255.000	0.053	4.085
1255.200	0.053	4.085
1255.400	0.054	4.085
1255.600	0.054	4.085
1255.800	0.054	4.085
1256.000	0.053	4.085
1256.200	0.054	4.085
1256.400	0.054	4.085
1256.600	0.052	4.085
1256.800	0.054	4.085
1257.000	0.054	4.085
1257.200	0.052	4.085
1257.400	0.052	4.085
1257.600	0.053	4.085
1257.800	0.054	4.085
1258.000	0.052	4.085
1258.200	0.051	4.085
1258.400	0.052	4.085
1258.600	0.052	4.085
1258.800	0.052	4.085
1259.000	0.050	4.085
1259.200	0.053	4.085
1259.400	0.051	4.085
1259.600	0.052	4.085
1259.800	0.051	4.085
1260.000	0.052	4.085
1260.200	0.051	4.085
1260.400	0.052	4.085
1260.600	0.052	4.085
1260.800	0.053	4.085
1261.000	0.052	4.085
1261.200	0.051	4.085
1261.400	0.052	4.085
1261.600	0.052	4.085
1261.800	0.052	4.085
1262.000	0.052	4.085
1262.200	0.052	4.085
1262.400	0.052	4.085
1262.600	0.052	4.085
1262.800	0.052	4.085
1263.000	0.052	4.085
1263.200	0.051	4.085
1263.400	0.053	4.085
1263.600	0.052	4.085
1263.800	0.052	4.085
1264.000	0.054	4.085
1264.200	0.053	4.085
1264.400	0.053	4.085
1264.600	0.053	4.085
1264.800	0.054	4.085
1265.000	0.053	4.085
1265.200	0.053	4.085
1265.400	0.053	4.085
1265.600	0.053	4.085
1265.800	0.053	4.085
1266.000	0.054	4.085
1266.200	0.053	4.085
1266.400	0.054	4.085
1266.600	0.053	4.085
1266.800	0.053	4.085
1267.000	0.054	4.085
1267.200	0.054	4.085
1267.400	0.054	4.085
1267.600	0.054	4.085
1267.800	0.052	4.085
1268.000	0.052	4.085
1268.200	0.052	4.085
1268.400	0.054	4.085
1268.600	0.054	4.085
1268.800	0.052	4.085
1269.000	0.054	4.085
1269.200	0.052	4.085
1269.400	0.054	4.085
1269.600	0.053	4.085
1269.800	0.055	4.085
1270.000	0.054	4.085
1270.200	0.055	4.085
1270.400	0.054	4.085
1270.600	0.054	4.085
1270.800	0.054	4.085
1271.000	0.053	4.085
1271.200	0.054	4.085
1271.400	0.054	4.085
1271.600	0.053	4.085
1271.800	0.054	4.085
1272.000	0.056	4.085
1272.200	0.055	4.085
1272.400	0.055	4.085
1272.600	0.055	4.085
1272.800	0.056	4.085
1273.000	0.056	4.085
1273.200	0.056	4.085
1273.400	0.055	4.085
1273.600	0.056	4.085
1273.800	0.056	4.085
1274.000	0.056	4.085
1274.200	0.056	4.085
1274.400	0.057	4.085
1274.600	0.055	4.085
1274.800	0.056	4.085
1275.000	0.055	4.085
1275.200	0.056	4.085
1275.400	0.056	4.085
1275.600	0.057	4.085
1275.800	0.056	4.085
1276.000	0.057	4.085
1276.200	0.056	4.085
1276.400	0.056	4.085
1276.600	0.057	4.085
1276.800	0.055	4.085
1277.000	0.057	4.085
1277.200	0.057	4.085
1277.400	0.056	4.085
1277.600	0.057	4.085
1277.800	0.056	4.085
1278.000	0.057	4.085
1278.200	0.056	4.085
1278.400	0.057	4.085
1278.600	0.056	4.085
1278.800	0.056	4.085
1279.000	0.054	4.085
1279.200	0.055	4.085
1279.400	0.056	4.085
1279.600	0.054	4.085
1279.800	0.055	4.085
1280.000	0.055	4.085
1280.200	0.056	4.085
1280.400	0.056	4.085
1280.600	0.056	4.085
1280.800	0.055	4.085
1281.000	0.055	4.085
1281.200	0.056	4.085
1281.400	0.055	4.085
1281.600	0.055	4.085
1281.800	0.056	4.085
1282.000	0.057	4.085
1282.200	0.056	4.085
1282.400	0.055	4.085
1282.600	0.054	4.085
1282.800	0.056	4.085
1283.000	0.054	4.085
1283.200	0.055	4.085
1283.400	0.056	4.085
1283.600	0.055	4.085
1283.800	0.057	4.085
1284.000	0.056	4.085
1284.200	0.056	4.085
1284.400	0.057	4.085
1284.600	0.057	4.085
1284.800	0.055	4.085
1285.000	0.055	4.085
1285.200	0.057	4.085
1285.400	0.057	4.085
1285.600	0.054	4.085
1285.800	0.055	4.085
1286.000	0.057	4.085
1286.200	0.056	4.085
1286.400	0.056	4.085
1286.600	0.056	4.085
1286.800	0.055	4.085
1287.000	0.055	4.085
1287.200	0.055	4.085
1287.400	0.055	4.085
1287.600	0.054	4.085
1287.800	0.053	4.085
1288.000	0.055	4.085
1288.200	0.056	4.085
1288.400	0.055	4.085
1288.600	0.055	4.085
1288.800	0.056	4.085
1289.000	0.055	4.085
1289.200	0.054	4.085
1289.400	0.054	4.085
1289.600	0.055	4.085
1289.800	0.054	4.085
1290.000	0.054	4.085
1290.200	0.055	4.085
1290.400	0.055	4.085
1290.600	0.055	4.085
1290.800	0.055	4.085
1291.000	0.056	4.085
1291.200	0.056	4.085
1291.400	0.057	4.085
1291.600	0.055	4.085
1291.800	0.056	4.085
1292.000	0.054	4.085
1292.200	0.054	4.085
1292.400	0.055	4.085
1292.600	0.055	4.085
1292.800	0.055	4.085
1293.000	0.053	4.085
1293.200	0.054	4.085
1293.400	0.055	4.085
1293.600	0.054	4.085
1293.800	0.055	4.085
1294.000	0.055	4.085
1294.200	0.055	4.085
1294.400	0.055	4.085
1294.600	0.057	4.085
1294.800	0.055	4.085
1295.000	0.056	4.085
1295.200	0.055	4.085
1295.400	0.057	4.085
1295.600	0.057	4.085
1295.800	0.057	4.085
1296.000	0.056	4.085
1296.200	0.056	4.085
1296.400	0.056	4.085
1296.600	0.055	4.085
1296.800	0.056	4.085
1297.000	0.056	4.085
1297.200	0.057	4.085
1297.400	0.055	4.085
1297.600	0.055	4.085
1297.800	0.056	4.085
1298.000	0.055	4.085
1298.200	0.054	4.085
1298.400	0.056	4.085
1298.600	0.056	4.085
1298.800	0.055	4.085
1299.000	0.055	4.085
1299.200	0.054	4.085
1299.400	0.054	4.085
1299.600	0.055	4.085
1299.800	0.056	4.085
1300.000	0.057	4.085
1300.200	0.055	4.085
1300.400	0.056	4.085
1300.600	0.057	4.085
1300.800	0.056	4.085
1301.000	0.057	4.085
1301.200	0.056	4.085
1301.400	0.057	4.085
1301.600	0.056	4.085
1301.800	0.056	4.085
1302.000	0.057	4.085
1302.200	0.057	4.085
1302.400	0.056	4.085
1302.600	0.058	4.085
1302.800	0.056	4.085
1303.000	0.056	4.085
1303.200	0.055	4.085
1303.400	0.056	4.085
1303.600	0.057	4.085
1303.800	0.057	4.085
1304.000	0.057	4.085
1304.200	0.055	4.085
1304.400	0.055	4.085
1304.600	0.056	4.085
1304.800	0.058	4.085
1305.000	0.057	4.085
1305.200	0.056	4.085
1305.400	0.057	4.085
1305.600	0.056	4.085
1305.800	0.055	4.085
1306.000	0.056	4.085
1306.200	0.057	4.085
1306.400	0.054	4.085
1306.600	0.056	4.085
1306.800	0.056	4.085
1307.000	0.057	4.085
1307.200	0.056	4.085
1307.400	0.055	4.085
1307.600	0.055	4.085
1307.800	0.054	4.085
1308.000	0.053	4.085
1308.200	0.054	4.085
1308.400	0.057	4.085
1308.600	0.055	4.085
1308.800	0.054	4.085
1309.000	0.056	4.085
1309.200	0.056	4.085
1309.400	0.056	4.085
1309.600	0.056	4.085
1309.800	0.056	4.085
1310.000	0.055	4.085
1310.200	0.055	4.085
1310.400	0.056	4.085
1310.600	0.057	4.085
1310.800	0.057	4.085
1311.000	0.058	4.085
1311.200	0.055	4.085
1311.400	0.056	4.085
1311.600	0.056	4.085
1311.800	0.055	4.085
1312.000	0.057	4.085
1312.200	0.055	4.085
1312.400	0.055	4.085
1312.600	0.055	4.085
1312.800	0.055	4.085
1313.000	0.056	4.085
1313.200	0.053	4.085
1313.400	0.054	4.085
1313.600	0.055	4.085
1313.800	0.054	4.085
1314.000	0.056	4.085
1314.200	0.056	4.085
1314.400	0.055	4.085
1314.600	0.055	4.085
1314.800	0.057	4.085
1315.000	0.057	4.085
1315.200	0.055	4.085
1315.400	0.057	4.085
1315.600	0.056	4.085
1315.800	0.056	4.085
1316.000	0.055	4.085
1316.200	0.055	4.085
1316.400	0.056	4.085
1316.600	0.056	4.085
1316.800	0.056	4.085
1317.000	0.056	4.085
1317.200	0.056	4.085
1317.400	0.056	4.085
1317.600	0.056	4.085
1317.800	0.054	4.085
1318.000	0.056	4.085
1318.200	0.056	4.085
1318.400	0.056	4.085
1318.600	0.056	4.085
1318.800	0.055	4.085
1319.000	0.054	4.085
1319.200	0.055	4.085
1319.400	0.056	4.085
1319.600	0.056	4.085
1319.800	0.056	4.085
1320.000	0.057	4.085
1320.200	0.055	4.085
1320.400	0.055	4.085
1320.600	0.056	4.085
1320.800	0.055	4.085
1321.000	0.055	4.085
1321.200	0.056	4.085
1321.400	0.054	4.085
1321.600	0.055	4.085
1321.800	0.055	4.085
1322.000	0.055	4.085
1322.200	0.055	4.085
1322.400	0.054	4.085
1322.600	0.055	4.085
1322.800	0.056	4.085
1323.000	0.055	4.085
1323.200	0.055	4.085
1323.400	0.054	4.085
1323.600	0.054	4.085
1323.800	0.056	4.085
1324.000	0.054	4.085
1324.200	0.054	4.085
1324.400	0.054	4.085
1324.600	0.055	4.085
1324.800	0.054	4.085
1325.000	0.055	4.085
1325.200	0.054	4.085
1325.400	0.053	4.085
1325.600	0.056	4.085
1325.800	0.056	4.085
1326.000	0.054	4.085
1326.200	0.054	4.085
1326.400	0.055	4.085
1326.600	0.054	4.085
1326.800	0.054	4.085
1327.000	0.054	4.085
1327.200	0.054	4.085
1327.400	0.054	4.085
1327.600	0.054	4.085
1327.800	0.055	4.085
1328.000	0.055	4.085
1328.200	0.053	4.085
1328.400	0.054	4.085
1328.600	0.055	4.085
1328.800	0.054	4.085
1329.000	0.053	4.085
1329.200	0.054	4.085
1329.400	0.054	4.085
1329.600	0.054	4.085
1329.800	0.053	4.085
1330.000	0.053	4.085
1330.200	0.054	4.085
1330.400	0.054	4.085
1330.600	0.054	4.085
1330.800	0.054	4.085
1331.000	0.054	4.085
1331.200	0.053	4.085
1331.400	0.054	4.085
1331.600	0.053	4.085
1331.800	0.054	4.085
1332.000	0.054	4.085
1332.200	0.055	4.085
1332.400	0.055	4.085
1332.600	0.052	4.085
1332.800	0.053	4.085
1333.000	0.053	4.085
1333.200	0.055	4.085
1333.400	0.055	4.085
1333.600	0.056	4.085
1333.800	0.055	4.085
1334.000	0.057	4.085
1334.200	0.056	4.085
1334.400	0.054	4.085
1334.600	0.055	4.085
1334.800	0.055	4.085
1335.000	0.055	4.085
1335.200	0.055	4.085
1335.400	0.056	4.085
1335.600	0.054	4.085
1335.800	0.055	4.085
1336.000	0.056	4.085
1336.200	0.055	4.085
1336.400	0.055	4.085
1336.600	0.056	4.085
1336.800	0.056	4.085
1337.000	0.054	4.085
1337.200	0.055	4.085
1337.400	0.054	4.085
1337.600	0.053	4.085
1337.800	0.056	4.085
1338.000	0.055	4.085
1338.200	0.055	4.085
1338.400	0.056	4.085
1338.600	0.056	4.085
1338.800	0.056	4.085
1339.000	0.055	4.085
1339.200	0.054	4.085
1339.400	0.054	4.085
1339.600	0.054	4.085
1339.800	0.054	4.085
1340.000	0.054	4.085
1340.200	0.053	4.085
1340.400	0.054	4.085
1340.600	0.054	4.085
1340.800	0.055	4.085
1341.000	0.055	4.085
1341.200	0.054	4.085
1341.400	0.055	4.085
1341.600	0.056	4.085
1341.800	0.055	4.085
1342.000	0.056	4.085
1342.200	0.055	4.085
1342.400	0.056	4.085
1342.600	0.056	4.085
1342.800	0.055	4.085
1343.000	0.055	4.085
1343.200	0.055	4.085
1343.400	0.055	4.085
1343.600	0.055	4.085
1343.800	0.053	4.085
1344.000	0.055	4.085
1344.200	0.053	4.085
1344.400	0.053	4.085
1344.600	0.053	4.085
1344.800	0.053	4.085
1345.000	0.054	4.085
1345.200	0.052	4.085
1345.400	0.053	4.085
1345.600	0.054	4.085
1345.800	0.053	4.085
1346.000	0.053	4.085
1346.200	0.054	4.085
1346.400	0.053	4.085
1346.600	0.054	4.085
1346.800	0.054	4.085
1347.000	0.054	4.085
1347.200	0.053	4.085
1347.400	0.053	4.085
1347.600	0.054	4.085
1347.800	0.053	4.085
1348.000	0.053	4.085
1348.200	0.053	4.085
1348.400	0.053	4.085
1348.600	0.052	4.085
1348.800	0.053	4.085
1349.000	0.055	4.085
1349.200	0.054	4.085
1349.400	0.054	4.085
1349.600	0.053	4.085
1349.800	0.053	4.085
1350.000	0.052	4.085
1350.200	0.052	4.085
1350.400	0.052	4.085
1350.600	0.051	4.085
1350.800	0.052	4.085
1351.000	0.053	4.085
1351.200	0.052	4.085
1351.400	0.053	4.085
1351.600	0.053	4.085
1351.800	0.053	4.085
1352.000	0.054	4.085
1352.200	0.052	4.085
1352.400	0.053	4.085
1352.600	0.052	4.085
1352.800	0.051	4.085
1353.000	0.051	4.085
1353.200	0.052	4.085
1353.400	0.050	4.085
1353.600	0.052	4.085
1353.800	0.052	4.085
1354.000	0.051	4.085
1354.200	0.051	4.085
1354.400	0.053	4.085
1354.600	0.051	4.085
1354.800	0.051	4.085
1355.000	0.053	4.085
1355.200	0.051	4.085
1355.400	0.050	4.085
1355.600	0.051	4.085
1355.800	0.051	4.085
1356.000	0.053	4.085
1356.200	0.052	4.085
1356.400	0.052	4.085
1356.600	0.051	4.085
1356.800	0.051	4.085
1357.000	0.051	4.085
1357.200	0.050	4.085
1357.400	0.050	4.085
1357.600	0.050	4.085
1357.800	0.053	4.085
1358.000	0.053	4.085
1358.200	0.052	4.085
1358.400	0.051	4.085
1358.600	0.050	4.085
1358.800	0.051	4.085
1359.000	0.052	4.085
1359.200	0.051	4.085
1359.400	0.052	4.085
1359.600	0.052	4.085
1359.800	0.052	4.085
1360.000	0.052	4.085
1360.200	0.051	4.085
1360.400	0.052	4.085
1360.600	0.052	4.085
1360.800	0.054	4.085
1361.000	0.052	4.085
1361.200	0.052	4.085
1361.400	0.051	4.085
1361.600	0.051	4.085
1361.800	0.052	4.085
1362.000	0.052	4.085
1362.200	0.053	4.085
1362.400	0.052	4.085
1362.600	0.052	4.085
1362.800	0.053	4.085
1363.000	0.052	4.085
1363.200	0.052	4.085
1363.400	0.053	4.085
1363.600	0.051	4.085
1363.800	0.052	4.085
1364.000	0.052	4.085
1364.200	0.054	4.085
1364.400	0.052	4.085
1364.600	0.053	4.085
1364.800	0.052	4.085
1365.000	0.054	4.085
1365.200	0.053	4.085
1365.400	0.053	4.085
1365.600	0.052	4.085
1365.800	0.053	4.085
1366.000	0.053	4.085
1366.200	0.054	4.085
1366.400	0.054	4.085
1366.600	0.055	4.085
1366.800	0.053	4.085
1367.000	0.052	4.085
1367.200	0.053	4.085
1367.400	0.054	4.085
1367.600	0.054	4.085
1367.800	0.052	4.085
1368.000	0.053	4.085
1368.200	0.051	4.085
1368.400	0.052	4.085
1368.600	0.053	4.085
1368.800	0.053	4.085
1369.000	0.053	4.085
1369.200	0.053	4.085
1369.400	0.053	4.085
1369.600	0.052	4.085
1369.800	0.051	4.085
1370.000	0.053	4.085
1370.200	0.052	4.085
1370.400	0.052	4.085
1370.600	0.051	4.085
1370.800	0.053	4.085
1371.000	0.052	4.085
1371.200	0.052	4.085
1371.400	0.053	4.085
1371.600	0.053	4.085
1371.800	0.052	4.085
1372.000	0.051	4.085
1372.200	0.052	4.085
1372.400	0.053	4.085
1372.600	0.053	4.085
1372.800	0.052	4.085
1373.000	0.053	4.085
1373.200	0.051	4.085
1373.400	0.052	4.085
1373.600	0.053	4.085
1373.800	0.053	4.085
1374.000	0.055	4.085
1374.200	0.053	4.085
1374.400	0.053	4.085
1374.600	0.053	4.085
1374.800	0.053	4.085
1375.000	0.052	4.085
1375.200	0.053	4.085
1375.400	0.052	4.085
1375.600	0.053	4.085
1375.800	0.053	4.085
1376.000	0.053	4.085
1376.200	0.050	4.085
1376.400	0.052	4.085
1376.600	0.051	4.085
1376.800	0.051	4.085
1377.000	0.052	4.085
1377.200	0.053	4.085
1377.400	0.053	4.085
1377.600	0.053	4.085
1377.800	0.052	4.085
1378.000	0.054	4.085
1378.200	0.052	4.085
1378.400	0.053	4.085
1378.600	0.053	4.085
1378.800	0.054	4.085
1379.000	0.055	4.085
1379.200	0.053	4.085
1379.400	0.054	4.085
1379.600	0.053	4.085
1379.800	0.054	4.085
1380.000	0.052	4.085
1380.200	0.053	4.085
1380.400	0.054	4.085
1380.600	0.054	4.085
1380.800	0.053	4.085
1381.000	0.053	4.085
1381.200	0.054	4.085
1381.400	0.053	4.085
1381.600	0.053	4.085
1381.800	0.054	4.085
1382.000	0.054	4.085
1382.200	0.054	4.085
1382.400	0.052	4.085
1382.600	0.054	4.085
1382.800	0.051	4.085
1383.000	0.052	4.085
1383.200	0.053	4.085
1383.400	0.053	4.085
1383.600	0.053	4.085
1383.800	0.053	4.085
1384.000	0.054	4.085
1384.200	0.052	4.085
1384.400	0.054	4.085
1384.600	0.053	4.085
1384.800	0.053	4.085
1385.000	0.055	4.085
1385.200	0.054	4.085
1385.400	0.052	4.085
1385.600	0.053	4.085
1385.800	0.053	4.085
1386.000	0.054	4.085
1386.200	0.053	4.085
1386.400	0.054	4.085
1386.600	0.053	4.085
1386.800	0.053	4.085
1387.000	0.054	4.085
1387.200	0.052	4.085
1387.400	0.054	4.085
1387.600	0.054	4.085
1387.800	0.054	4.085
1388.000	0.053	4.085
1388.200	0.055	4.085
1388.400	0.055	4.085
1388.600	0.055	4.085
1388.800	0.053	4.085
1389.000	0.054	4.085
1389.200	0.053	4.085
1389.400	0.053	4.085
1389.600	0.054	4.085
1389.800	0.052	4.085
1390.000	0.053	4.085
1390.200	0.053	4.085
1390.400	0.053	4.085
1390.600	0.054	4.085
1390.800	0.055	4.085
1391.000	0.055	4.085
1391.200	0.055	4.085
1391.400	0.056	4.085
1391.600	0.054	4.085
1391.800	0.055	4.085
1392.000	0.055	4.085
1392.200	0.053	4.085
1392.400	0.054	4.085
1392.600	0.055	4.085
1392.800	0.052	4.085
1393.000	0.054	4.085
1393.200	0.052	4.085
1393.400	0.053	4.085
1393.600	0.053	4.085
1393.800	0.054	4.085
1394.000	0.052	4.085
1394.200	0.051	4.085
1394.400	0.055	4.085
1394.600	0.054	4.085
1394.800	0.053	4.085
1395.000	0.053	4.085
1395.200	0.054	4.085
1395.400	0.053	4.085
1395.600	0.052	4.085
1395.800	0.055	4.085
1396.000	0.055	4.085
1396.200	0.054	4.085
1396.400	0.055	4.085
1396.600	0.053	4.085
1396.800	0.054	4.085
1397.000	0.055	4.085
1397.200	0.055	4.085
1397.400	0.055	4.085
1397.600	0.054	4.085
1397.800	0.053	4.085
1398.000	0.052	4.085
1398.200	0.054	4.085
1398.400	0.054	4.085
1398.600	0.055	4.085
1398.800	0.054	4.085
1399.000	0.055	4.085
1399.200	0.055	4.085
1399.400	0.055	4.085
1399.600	0.055	4.085
1399.800	0.055	4.085
1400.000	0.055	4.085
1400.200	0.054	4.085
1400.400	0.054	4.085
1400.600	0.053	4.085
1400.800	0.055	4.085
1401.000	0.053	4.085
1401.200	0.054	4.085
1401.400	0.053	4.085
1401.600	0.055	4.085
1401.800	0.053	4.085
1402.000	0.054	4.085
1402.200	0.056	4.085
1402.400	0.053	4.085
1402.600	0.053	4.085
1402.800	0.054	4.085
1403.000	0.055	4.085
1403.200	0.055	4.085
1403.400	0.054	4.085
1403.600	0.055	4.085
1403.800	0.055	4.085
1404.000	0.056	4.085
1404.200	0.055	4.085
1404.400	0.055	4.085
1404.600	0.054	4.085
1404.800	0.053	4.085
1405.000	0.054	4.085
1405.200	0.054	4.085
1405.400	0.053	4.085
1405.600	0.053	4.085
1405.800	0.055	4.085
1406.000	0.054	4.085
1406.200	0.055	4.085
1406.400	0.055	4.085
1406.600	0.054	4.085
1406.800	0.054	4.085
1407.000	0.055	4.085
1407.200	0.053	4.085
1407.400	0.054	4.085
1407.600	0.054	4.085
1407.800	0.053	4.085
1408.000	0.054	4.085
1408.200	0.054	4.085
1408.400	0.054	4.085
1408.600	0.054	4.085
1408.800	0.055	4.085
1409.000	0.054	4.085
1409.200	0.055	4.085
1409.400	0.054	4.085
1409.600	0.055	4.085
1409.800	0.054	4.085
1410.000	0.056	4.085
1410.200	0.054	4.085
1410.400	0.054	4.085
1410.600	0.054	4.085
1410.800	0.054	4.085
1411.000	0.053	4.085
1411.200	0.055	4.085
1411.400	0.054	4.085
1411.600	0.055	4.085
1411.800	0.053	4.085
1412.000	0.055	4.085
1412.200	0.055	4.085
1412.400	0.054	4.085
1412.600	0.054	4.085
1412.800	0.053	4.085
1413.000	0.052	4.085
1413.200	0.053	4.085
1413.400	0.053	4.085
1413.600	0.052	4.085
1413.800	0.053	4.085
1414.000	0.054	4.085
1414.200	0.052	4.085
1414.400	0.054	4.085
1414.600	0.054	4.085
1414.800	0.053	4.085
1415.000	0.054	4.085
1415.200	0.055	4.085
1415.400	0.054	4.085
1415.600	0.053	4.085
1415.800	0.055	4.085
1416.000	0.054	4.085
1416.200	0.054	4.085
1416.400	0.053	4.085
1416.600	0.053	4.085
1416.800	0.053	4.085
1417.000	0.053	4.085
1417.200	0.054	4.085
1417.400	0.053	4.085
1417.600	0.052	4.085
1417.800	0.054	4.085
1418.000	0.054	4.085
1418.200	0.054	4.085
1418.400	0.054	4.085
1418.600	0.054	4.085
1418.800	0.054	4.085
1419.000	0.054	4.085
1419.200	0.054	4.085
1419.400	0.052	4.085
1419.600	0.053	4.085
1419.800	0.054	4.085
1420.000	0.054	4.085
1420.200	0.053	4.085
1420.400	0.054	4.085
1420.600	0.053	4.085
1420.800	0.053	4.085
1421.000	0.053	4.085
1421.200	0.054	4.085
1421.400	0.055	4.085
1421.600	0.054	4.085
1421.800	0.055	4.085
1422.000	0.055	4.085
1422.200	0.054	4.085
1422.400	0.054	4.085
1422.600	0.055	4.085
1422.800	0.054	4.085
1423.000	0.054	4.085
1423.200	0.055	4.085
1423.400	0.055	4.085
1423.600	0.053	4.085
1423.800	0.055	4.085
1424.000	0.055	4.085
1424.200	0.054	4.085
1424.400	0.054	4.085
1424.600	0.053	4.085
1424.800	0.054	4.085
1425.000	0.053	4.085
1425.200	0.056	4.085
1425.400	0.054	4.085
1425.600	0.053	4.085
1425.800	0.054	4.085
1426.000	0.055	4.085
1426.200	0.055	4.085
1426.400	0.054	4.085
1426.600	0.054	4.085
1426.800	0.054	4.085
1427.000	0.054	4.085
1427.200	0.053	4.085
1427.400	0.054	4.085
1427.600	0.055	4.085
1427.800	0.053	4.085
1428.000	0.052	4.085
1428.200	0.052	4.085
1428.400	0.054	4.085
1428.600	0.055	4.085
1428.800	0.055	4.085
1429.000	0.054	4.085
1429.200	0.056	4.085
1429.400	0.055	4.085
1429.600	0.055	4.085
1429.800	0.054	4.085
1430.000	0.055	4.085
1430.200	0.054	4.085
1430.400	0.054	4.085
1430.600	0.054	4.085
1430.800	0.053	4.085
1431.000	0.054	4.085
1431.200	0.055	4.085
1431.400	0.055	4.085
1431.600	0.055	4.085
1431.800	0.054	4.085
1432.000	0.054	4.085
1432.200	0.052	4.085
1432.400	0.053	4.085
1432.600	0.054	4.085
1432.800	0.052	4.085
1433.000	0.054	4.085
1433.200	0.053	4.085
1433.400	0.054	4.085
1433.600	0.053	4.085
1433.800	0.054	4.085
1434.000	0.056	4.085
1434.200	0.055	4.085
1434.400	0.055	4.085
1434.600	0.054	4.085
1434.800	0.053	4.085
1435.000	0.053	4.085
1435.200	0.054	4.085
1435.400	0.054	4.085
1435.600	0.051	4.085
1435.800	0.053	4.085
1436.000	0.053	4.085
1436.200	0.054	4.085
1436.400	0.053	4.085
1436.600	0.054	4.085
1436.800	0.055	4.085
1437.000	0.052	4.085
1437.200	0.053	4.085
1437.400	0.052	4.085
1437.600	0.053	4.085
1437.800	0.053	4.085
1438.000	0.053	4.085
1438.200	0.053	4.085
1438.400	0.053	4.085
1438.600	0.052	4.085
1438.800	0.052	4.085
1439.000	0.054	4.085
1439.200	0.052	4.085
1439.400	0.053	4.085
1439.600	0.054	4.085
1439.800	0.052	4.085
1440.000	0.053	4.085
1440.200	0.053	4.085
1440.400	0.053	4.085
1440.600	0.054	4.085
1440.800	0.055	4.085
1441.000	0.052	4.085
1441.200	0.053	4.085
1441.400	0.054	4.085
1441.600	0.053	4.085
1441.800	0.054	4.085
1442.000	0.054	4.085
1442.200	0.053	4.085
1442.400	0.054	4.085
1442.600	0.054	4.085
1442.800	0.054	4.085
1443.000	0.055	4.085
1443.200	0.053	4.085
1443.400	0.054	4.085
1443.600	0.057	4.085
1443.800	0.055	4.085
1444.000	0.054	4.085
1444.200	0.054	4.085
1444.400	0.052	4.085
1444.600	0.054	4.085
1444.800	0.054	4.085
1445.000	0.054	4.085
1445.200	0.053	4.085
1445.400	0.053	4.085
1445.600	0.054	4.085
1445.800	0.055	4.085
1446.000	0.053	4.085
1446.200	0.054	4.085
1446.400	0.052	4.085
1446.600	0.053	4.085
1446.800	0.053	4.085
1447.000	0.052	4.085
1447.200	0.054	4.085
1447.400	0.054	4.085
1447.600	0.055	4.085
1447.800	0.056	4.085
1448.000	0.053	4.085
1448.200	0.052	4.085
1448.400	0.053	4.085
1448.600	0.054	4.085
1448.800	0.053	4.085
1449.000	0.053	4.085
1449.200	0.053	4.085
1449.400	0.053	4.085
1449.600	0.052	4.085
1449.800	0.053	4.085
1450.000	0.053	4.085
1450.200	0.053	4.085
1450.400	0.053	4.085
1450.600	0.053	4.085
1450.800	0.053	4.085
1451.000	0.052	4.085
1451.200	0.052	4.085
1451.400	0.053	4.085
1451.600	0.052	4.085
1451.800	0.053	4.085
1452.000	0.053	4.085
1452.200	0.051	4.085
1452.400	0.053	4.085
1452.600	0.052	4.085
1452.800	0.052	4.085
1453.000	0.053	4.085
1453.200	0.052	4.085
1453.400	0.052	4.085
1453.600	0.054	4.085
1453.800	0.053	4.085
1454.000	0.054	4.085
1454.200	0.053	4.085
1454.400	0.054	4.085
1454.600	0.053	4.085
1454.800	0.053	4.085
1455.000	0.053	4.085
1455.200	0.052	4.085
1455.400	0.053	4.085
1455.600	0.054	4.085
1455.800	0.054	4.085
1456.000	0.054	4.085
1456.200	0.054	4.085
1456.400	0.053	4.085
1456.600	0.055	4.085
1456.800	0.054	4.085
1457.000	0.053	4.085
1457.200	0.054	4.085
1457.400	0.054	4.085
1457.600	0.054	4.085
1457.800	0.055	4.085
1458.000	0.055	4.085
1458.200	0.055	4.085
1458.400	0.055	4.085
1458.600	0.056	4.085
1458.800	0.055	4.085
1459.000	0.056	4.085
1459.200	0.054	4.085
1459.400	0.054	4.085
1459.600	0.056	4.085
1459.800	0.056	4.085
1460.000	0.057	4.085
1460.200	0.054	4.085
1460.400	0.055	4.085
1460.600	0.054	4.085
1460.800	0.054	4.085
1461.000	0.053	4.085
1461.200	0.053	4.085
1461.400	0.053	4.085
1461.600	0.052	4.085
1461.800	0.052	4.085
1462.000	0.054	4.085
1462.200	0.054	4.085
1462.400	0.054	4.085
1462.600	0.053	4.085
1462.800	0.053	4.085
1463.000	0.053	4.085
1463.200	0.052	4.085
1463.400	0.052	4.085
1463.600	0.053	4.085
1463.800	0.053	4.085
1464.000	0.051	4.085
1464.200	0.053	4.085
1464.400	0.053	4.085
1464.600	0.052	4.085
1464.800	0.052	4.085
1465.000	0.052	4.085
1465.200	0.052	4.085
1465.400	0.053	4.085
1465.600	0.052	4.085
1465.800	0.051	4.085
1466.000	0.052	4.085
1466.200	0.052	4.085
1466.400	0.053	4.085
1466.600	0.054	4.085
1466.800	0.053	4.085
1467.000	0.052	4.085
1467.200	0.053	4.085
1467.400	0.053	4.085
1467.600	0.052	4.085
1467.800	0.052	4.085
1468.000	0.053	4.085
1468.200	0.052	4.085
1468.400	0.052	4.085
1468.600	0.052	4.085
1468.800	0.052	4.085
1469.000	0.050	4.085
1469.200	0.051	4.085
1469.400	0.053	4.085
1469.600	0.052	4.085
1469.800	0.051	4.085
1470.000	0.052	4.085
1470.200	0.052	4.085
1470.400	0.054	4.085
1470.600	0.053	4.085
1470.800	0.052	4.085
1471.000	0.052	4.085
1471.200	0.052	4.085
1471.400	0.052	4.085
1471.600	0.050	4.085
1471.800	0.051	4.085
1472.000	0.052	4.085
1472.200	0.052	4.085
1472.400	0.052	4.085
1472.600	0.052	4.085
1472.800	0.052	4.085
1473.000	0.053	4.085
1473.200	0.053	4.085
1473.400	0.053	4.085
1473.600	0.052	4.085
1473.800	0.052	4.085
1474.000	0.050	4.085
1474.200	0.050	4.085
1474.400	0.051	4.085
1474.600	0.052	4.085
1474.800	0.053	4.085
1475.000	0.052	4.085
1475.200	0.054	4.085
1475.400	0.052	4.085
1475.600	0.052	4.085
1475.800	0.052	4.085
1476.000	0.051	4.085
1476.200	0.053	4.085
1476.400	0.052	4.085
1476.600	0.052	4.085
1476.800	0.053	4.085
1477.000	0.054	4.085
1477.200	0.055	4.085
1477.400	0.053	4.085
1477.600	0.053	4.085
1477.800	0.053	4.085
1478.000	0.053	4.085
1478.200	0.053	4.085
1478.400	0.052	4.085
1478.600	0.053	4.085
1478.800	0.053	4.085
1479.000	0.051	4.085
1479.200	0.051	4.085
1479.400	0.052	4.085
1479.600	0.052	4.085
1479.800	0.053	4.085
1480.000	0.052	4.085
1480.200	0.052	4.085
1480.400	0.052	4.085
1480.600	0.054	4.085
1480.800	0.053	4.085
1481.000	0.053	4.085
1481.200	0.053	4.085
1481.400	0.052	4.085
1481.600	0.053	4.085
1481.800	0.053	4.085
1482.000	0.053	4.085
1482.200	0.053	4.085
1482.400	0.051	4.085
1482.600	0.054	4.085
1482.800	0.052	4.085
1483.000	0.053	4.085
1483.200	0.053	4.085
1483.400	0.054	4.085
1483.600	0.053	4.085
1483.800	0.051	4.085
1484.000	0.053	4.085
1484.200	0.051	4.085
1484.400	0.052	4.085
1484.600	0.051	4.085
1484.800	0.051	4.085
1485.000	0.051	4.085
1485.200	0.053	4.085
1485.400	0.052	4.085
1485.600	0.053	4.085
1485.800	0.052	4.085
1486.000	0.052	4.085
1486.200	0.050	4.085
1486.400	0.050	4.085
1486.600	0.053	4.085
1486.800	0.053	4.085
1487.000	0.051	4.085
1487.200	0.051	4.085
1487.400	0.051	4.085
1487.600	0.051	4.085
1487.800	0.052	4.085
1488.000	0.051	4.085
1488.200	0.052	4.085
1488.400	0.051	4.085
1488.600	0.051	4.085
1488.800	0.053	4.085
1489.000	0.052	4.085
1489.200	0.052	4.085
1489.400	0.052	4.085
1489.600	0.053	4.085
1489.800	0.052	4.085
1490.000	0.050	4.085
1490.200	0.053	4.085
1490.400	0.051	4.085
1490.600	0.051	4.085
1490.800	0.051	4.085
1491.000	0.051	4.085
1491.200	0.052	4.085
1491.400	0.051	4.085
1491.600	0.051	4.085
1491.800	0.050	4.085
1492.000	0.052	4.085
1492.200	0.053	4.085
1492.400	0.051	4.085
1492.600	0.053	4.085
1492.800	0.053	4.085
1493.000	0.053	4.085
1493.200	0.052	4.085
1493.400	0.053	4.085
1493.600	0.053	4.085
1493.800	0.053	4.085
1494.000	0.052	4.085
1494.200	0.053	4.085
1494.400	0.053	4.085
1494.600	0.052	4.085
1494.800	0.052	4.085
1495.000	0.052	4.085
1495.200	0.052	4.085
1495.400	0.051	4.085
1495.600	0.052	4.085
1495.800	0.051	4.085
1496.000	0.052	4.085
1496.200	0.051	4.085
1496.400	0.052	4.085
1496.600	0.052	4.085
1496.800	0.051	4.085
1497.000	0.052	4.085
1497.200	0.051	4.085
1497.400	0.051	4.085
1497.600	0.054	4.085
1497.800	0.053	4.085
1498.000	0.053	4.085
1498.200	0.052	4.085
1498.400	0.051	4.085
1498.600	0.051	4.085
1498.800	0.052	4.085
1499.000	0.053	4.085
1499.200	0.053	4.085
1499.400	0.053	4.085
1499.600	0.053	4.085
1499.800	0.052	4.085
1500.000	0.053	4.085
1500.200	0.053	4.085
1500.400	0.052	4.085
1500.600	0.052	4.085
1500.800	0.051	4.085
1501.000	0.055	4.085
1501.200	0.053	4.085
1501.400	0.054	4.085
1501.600	0.055	4.085
1501.800	0.054	4.085
1502.000	0.054	4.085
1502.200	0.053	4.085
1502.400	0.054	4.085
1502.600	0.053	4.085
1502.800	0.055	4.085
1503.000	0.054	4.085
1503.200	0.054	4.085
1503.400	0.054	4.085
1503.600	0.053	4.085
1503.800	0.054	4.085
1504.000	0.053	4.085
1504.200	0.052	4.085
1504.400	0.054	4.085
1504.600	0.053	4.085
1504.800	0.053	4.085
1505.000	0.054	4.085
1505.200	0.054	4.085
1505.400	0.054	4.085
1505.600	0.053	4.085
1505.800	0.053	4.085
1506.000	0.054	4.085
1506.200	0.053	4.085
1506.400	0.053	4.085
1506.600	0.053	4.085
1506.800	0.053	4.085
1507.000	0.053	4.085
1507.200	0.053	4.085
1507.400	0.053	4.085
1507.600	0.054	4.085
1507.800	0.053	4.085
1508.000	0.053	4.085
1508.200	0.053	4.085
1508.400	0.052	4.085
1508.600	0.053	4.085
1508.800	0.052	4.085
1509.000	0.052	4.085
1509.200	0.051	4.085
1509.400	0.054	4.085
1509.600	0.054	4.085
1509.800	0.053	4.085
1510.000	0.054	4.085
1510.200	0.053	4.085
1510.400	0.053	4.085
1510.600	0.054	4.085
1510.800	0.053	4.085
1511.000	0.052	4.085
1511.200	0.050	4.085
1511.400	0.051	4.085
1511.600	0.053	4.085
1511.800	0.055	4.085
1512.000	0.053	4.085
1512.200	0.053	4.085
1512.400	0.053	4.085
1512.600	0.054	4.085
1512.800	0.052	4.085
1513.000	0.052	4.085
1513.200	0.053	4.085
1513.400	0.053	4.085
1513.600	0.054	4.085
1513.800	0.053	4.085
1514.000	0.052	4.085
1514.200	0.052	4.085
1514.400	0.053	4.085
1514.600	0.053	4.085
1514.800	0.052	4.085
1515.000	0.053	4.085
1515.200	0.052	4.085
1515.400	0.053	4.085
1515.600	0.053	4.085
1515.800	0.051	4.085
1516.000	0.052	4.085
1516.200	0.051	4.085
1516.400	0.053	4.085
1516.600	0.052	4.085
1516.800	0.053	4.085
1517.000	0.053	4.085
1517.200	0.053	4.085
1517.400	0.053	4.085
1517.600	0.052	4.085
1517.800	0.052	4.085
1518.000	0.053	4.085
1518.200	0.053	4.085
1518.400	0.053	4.085
1518.600	0.054	4.085
1518.800	0.054	4.085
1519.000	0.051	4.085
1519.200	0.053	4.085
1519.400	0.052	4.085
1519.600	0.053	4.085
1519.800	0.050	4.085
1520.000	0.053	4.085
1520.200	0.052	4.085
1520.400	0.053	4.085
1520.600	0.053	4.085
1520.800	0.054	4.085
1521.000	0.054	4.085
1521.200	0.054	4.085
1521.400	0.052	4.085
1521.600	0.053	4.085
1521.800	0.051	4.085
1522.000	0.054	4.085
1522.200	0.053	4.085
1522.400	0.052	4.085
1522.600	0.052	4.085
1522.800	0.054	4.085
1523.000	0.052	4.085
1523.200	0.053	4.085
1523.400	0.053	4.085
1523.600	0.053	4.085
1523.800	0.053	4.085
1524.000	0.053	4.085
1524.200	0.054	4.085
1524.400	0.055	4.085
1524.600	0.053	4.085
1524.800	0.053	4.085
1525.000	0.052	4.085
1525.200	0.053	4.085
1525.400	0.052	4.085
1525.600	0.054	4.085
1525.800	0.053	4.085
1526.000	0.054	4.085
1526.200	0.052	4.085
1526.400	0.053	4.085
1526.600	0.055	4.085
1526.800	0.053	4.085
1527.000	0.052	4.085
1527.200	0.054	4.085
1527.400	0.052	4.085
1527.600	0.053	4.085
1527.800	0.053	4.085
1528.000	0.054	4.085
1528.200	0.053	4.085
1528.400	0.055	4.085
1528.600	0.053	4.085
1528.800	0.054	4.085
1529.000	0.053	4.085
1529.200	0.054	4.085
1529.400	0.055	4.085
1529.600	0.054	4.085
1529.800	0.052	4.085
1530.000	0.054	4.085
1530.200	0.053	4.085
1530.400	0.053	4.085
1530.600	0.053	4.085
1530.800	0.052	4.085
1531.000	0.054	4.085
1531.200	0.053	4.085
1531.400	0.053	4.085
1531.600	0.054	4.085
1531.800	0.054	4.085
1532.000	0.054	4.085
1532.200	0.053	4.085
1532.400	0.056	4.085
1532.600	0.053	4.085
1532.800	0.054	4.085
1533.000	0.054	4.085
1533.200	0.054	4.085
1533.400	0.055	4.085
1533.600	0.054	4.085
1533.800	0.053	4.085
1534.000	0.054	4.085
1534.200	0.055	4.085
1534.400	0.055	4.085
1534.600	0.054	4.085
1534.800	0.053	4.085
1535.000	0.053	4.085
1535.200	0.052	4.085
1535.400	0.053	4.085
1535.600	0.052	4.085
1535.800	0.052	4.085
1536.000	0.052	4.085
1536.200	0.051	4.085
1536.400	0.054	4.085
1536.600	0.052	4.085
1536.800	0.051	4.085
1537.000	0.053	4.085
1537.200	0.053	4.085
1537.400	0.051	4.085
1537.600	0.051	4.085
1537.800	0.052	4.085
1538.000	0.051	4.085
1538.200	0.051	4.085
1538.400	0.051	4.085
1538.600	0.052	4.085
1538.800	0.053	4.085
1539.000	0.053	4.085
1539.200	0.052	4.085
1539.400	0.052	4.085
1539.600	0.053	4.085
1539.800	0.054	4.085
1540.000	0.053	4.085
1540.200	0.054	4.085
1540.400	0.053	4.085
1540.600	0.053	4.085
1540.800	0.051	4.085
1541.000	0.051	4.085
1541.200	0.052	4.085
1541.400	0.053	4.085
1541.600	0.052	4.085
1541.800	0.053	4.085
1542.000	0.054	4.085
1542.200	0.052	4.085
1542.400	0.055	4.085
1542.600	0.053	4.085
1542.800	0.054	4.085
1543.000	0.055	4.085
1543.200	0.057	4.085
1543.400	0.053	4.085
1543.600	0.054	4.085
1543.800	0.055	4.085
1544.000	0.054	4.085
1544.200	0.054	4.085
1544.400	0.053	4.085
1544.600	0.053	4.085
1544.800	0.053	4.085
1545.000	0.053	4.085
1545.200	0.054	4.085
1545.400	0.052	4.085
1545.600	0.054	4.085
1545.800	0.053	4.085
1546.000	0.053	4.085
1546.200	0.053	4.085
1546.400	0.052	4.085
1546.600	0.053	4.085
1546.800	0.054	4.085
1547.000	0.052	4.085
1547.200	0.055	4.085
1547.400	0.053	4.085
1547.600	0.051	4.085
1547.800	0.053	4.085
1548.000	0.053	4.085
1548.200	0.055	4.085
1548.400	0.055	4.085
1548.600	0.055	4.085
1548.800	0.055	4.085
1549.000	0.054	4.085
1549.200	0.055	4.085
1549.400	0.055	4.085
1549.600	0.055	4.085
1549.800	0.055	4.085
1550.000	0.054	4.085
1550.200	0.055	4.085
1550.400	0.055	4.085
1550.600	0.055	4.085
1550.800	0.055	4.085
1551.000	0.055	4.085
1551.200	0.053	4.085
1551.400	0.054	4.085
1551.600	0.055	4.085
1551.800	0.054	4.085
1552.000	0.055	4.085
1552.200	0.054	4.085
1552.400	0.055	4.085
1552.600	0.054	4.085
1552.800	0.054	4.085
1553.000	0.054	4.085
1553.200	0.055	4.085
1553.400	0.054	4.085
1553.600	0.055	4.085
1553.800	0.053	4.085
1554.000	0.053	4.085
1554.200	0.053	4.085
1554.400	0.053	4.085
1554.600	0.054	4.085
1554.800	0.055	4.085
1555.000	0.053	4.085
1555.200	0.055	4.085
1555.400	0.054	4.085
1555.600	0.056	4.085
1555.800	0.054	4.085
1556.000	0.054	4.085
1556.200	0.052	4.085
1556.400	0.053	4.085
1556.600	0.053	4.085
1556.800	0.054	4.085
1557.000	0.055	4.085
1557.200	0.055	4.085
1557.400	0.054	4.085
1557.600	0.054	4.085
1557.800	0.054	4.085
1558.000	0.054	4.085
1558.200	0.052	4.085
1558.400	0.054	4.085
1558.600	0.054	4.085
1558.800	0.053	4.085
1559.000	0.054	4.085
1559.200	0.055	4.085
1559.400	0.054	4.085
1559.600	0.055	4.085
1559.800	0.055	4.085
1560.000	0.055	4.085
1560.200	0.055	4.085
1560.400	0.055	4.085
1560.600	0.054	4.085
1560.800	0.054	4.085
1561.000	0.055	4.085
1561.200	0.056	4.085
1561.400	0.056	4.085
1561.600	0.056	4.085
1561.800	0.055	4.085
1562.000	0.054	4.085
1562.200	0.055	4.085
1562.400	0.054	4.085
1562.600	0.054	4.085
1562.800	0.055	4.085
1563.000	0.053	4.085
1563.200	0.055	4.085
1563.400	0.054	4.085
1563.600	0.054	4.085
1563.800	0.055	4.085
1564.000	0.057	4.085
1564.200	0.056	4.085
1564.400	0.053	4.085
1564.600	0.054	4.085
1564.800	0.054	4.085
1565.000	0.054	4.085
1565.200	0.056	4.085
1565.400	0.056	4.085
1565.600	0.056	4.085
1565.800	0.056	4.085
1566.000	0.055	4.085
1566.200	0.055	4.085
1566.400	0.054	4.085
1566.600	0.053	4.085
1566.800	0.053	4.085
1567.000	0.055	4.085
1567.200	0.052	4.085
1567.400	0.053	4.085
1567.600	0.053	4.085
1567.800	0.053	4.085
1568.000	0.054	4.085
1568.200	0.055	4.085
1568.400	0.053	4.085
1568.600	0.054	4.085
1568.800	0.054	4.085
1569.000	0.054	4.085
1569.200	0.053	4.085
1569.400	0.051	4.085
1569.600	0.053	4.085
1569.800	0.052	4.085
1570.000	0.053	4.085
1570.200	0.054	4.085
1570.400	0.052	4.085
1570.600	0.051	4.085
1570.800	0.053	4.085
1571.000	0.053	4.085
1571.200	0.052	4.085
1571.400	0.053	4.085
1571.600	0.053	4.085
1571.800	0.053	4.085
1572.000	0.054	4.085
1572.200	0.053	4.085
1572.400	0.054	4.085
1572.600	0.055	4.085
1572.800	0.053	4.085
1573.000	0.053	4.085
1573.200	0.053	4.085
1573.400	0.053	4.085
1573.600	0.053	4.085
1573.800	0.051	4.085
1574.000	0.052	4.085
1574.200	0.052	4.085
1574.400	0.052	4.085
1574.600	0.053	4.085
1574.800	0.053	4.085
1575.000	0.055	4.085
1575.200	0.052	4.085
1575.400	0.054	4.085
1575.600	0.054	4.085
1575.800	0.054	4.085
1576.000	0.054	4.085
1576.200	0.054	4.085
1576.400	0.054	4.085
1576.600	0.054	4.085
1576.800	0.054	4.085
1577.000	0.053	4.085
1577.200	0.053	4.085
1577.400	0.054	4.085
1577.600	0.053	4.085
1577.800	0.053	4.085
1578.000	0.054	4.085
1578.200	0.052	4.085
1578.400	0.054	4.085
1578.600	0.055	4.085
1578.800	0.054	4.085
1579.000	0.053	4.085
1579.200	0.053	4.085
1579.400	0.054	4.085
1579.600	0.052	4.085
1579.800	0.052	4.085
1580.000	0.054	4.085
1580.200	0.054	4.085
1580.400	0.054	4.085
1580.600	0.054	4.085
1580.800	0.053	4.085
1581.000	0.054	4.085
1581.200	0.055	4.085
1581.400	0.053	4.085
1581.600	0.053	4.085
1581.800	0.053	4.085
1582.000	0.055	4.085
1582.200	0.053	4.085
1582.400	0.053	4.085
1582.600	0.051	4.085
1582.800	0.053	4.085
1583.000	0.052	4.085
1583.200	0.054	4.085
1583.400	0.052	4.085
1583.600	0.052	4.085
1583.800	0.054	4.085
1584.000	0.055	4.085
1584.200	0.055	4.085
1584.400	0.054	4.085
1584.600	0.053	4.085
1584.800	0.054	4.085
1585.000	0.053	4.085
1585.200	0.053	4.085
1585.400	0.055	4.085
1585.600	0.053	4.085
1585.800	0.054	4.085
1586.000	0.053	4.085
1586.200	0.054	4.085
1586.400	0.052	4.085
1586.600	0.052	4.085
1586.800	0.052	4.085
1587.000	0.053	4.085
1587.200	0.051	4.085
1587.400	0.054	4.085
1587.600	0.052	4.085
1587.800	0.053	4.085
1588.000	0.053	4.085
1588.200	0.054	4.085
1588.400	0.053	4.085
1588.600	0.052	4.085
1588.800	0.056	4.085
1589.000	0.054	4.085
1589.200	0.054	4.085
1589.400	0.054	4.085
1589.600	0.055	4.085
1589.800	0.053	4.085
1590.000	0.053	4.085
1590.200	0.053	4.085
1590.400	0.054	4.085
1590.600	0.053	4.085
1590.800	0.053	4.085
1591.000	0.055	4.085
1591.200	0.054	4.085
1591.400	0.053	4.085
1591.600	0.053	4.085
1591.800	0.053	4.085
1592.000	0.052	4.085
1592.200	0.054	4.085
1592.400	0.055	4.085
1592.600	0.055	4.085
1592.800	0.054	4.085
1593.000	0.055	4.085
1593.200	0.054	4.085
1593.400	0.055	4.085
1593.600	0.053	4.085
1593.800	0.054	4.085
1594.000	0.052	4.085
1594.200	0.054	4.085
1594.400	0.052	4.085
1594.600	0.053	4.085
1594.800	0.054	4.085
1595.000	0.053	4.085
1595.200	0.053	4.085
1595.400	0.055	4.085
1595.600	0.053	4.085
1595.800	0.053	4.085
1596.000	0.053	4.085
1596.200	0.053	4.085
1596.400	0.052	4.085
1596.600	0.053	4.085
1596.800	0.053	4.085
1597.000	0.054	4.085
1597.200	0.053	4.085
1597.400	0.056	4.085
1597.600	0.055	4.085
1597.800	0.052	4.085
1598.000	0.052	4.085
1598.200	0.053	4.085
1598.400	0.052	4.085
1598.600	0.055	4.085
1598.800	0.053	4.085
1599.000	0.055	4.085
1599.200	0.052	4.085
1599.400	0.052	4.085
1599.600	0.052	4.085
1599.800	0.053	4.085
1600.000	0.053	4.085
1600.200	0.053	4.085
1600.400	0.053	4.085
1600.600	0.052	4.085
1600.800	0.053	4.085
1601.000	0.050	4.085
1601.200	0.053	4.085
1601.400	0.054	4.085
1601.600	0.054	4.085
1601.800	0.053	4.085
1602.000	0.053	4.085
1602.200	0.051	4.085
1602.400	0.051	4.085
1602.600	0.050	4.085
1602.800	0.051	4.085
1603.000	0.052	4.085
1603.200	0.052	4.085
1603.400	0.051	4.085
1603.600	0.052	4.085
1603.800	0.052	4.085
1604.000	0.051	4.085
1604.200	0.053	4.085
1604.400	0.053	4.085
1604.600	0.055	4.085
1604.800	0.052	4.085
1605.000	0.052	4.085
1605.200	0.053	4.085
1605.400	0.054	4.085
1605.600	0.052	4.085
1605.800	0.053	4.085
1606.000	0.053	4.085
1606.200	0.054	4.085
1606.400	0.052	4.085
1606.600	0.052	4.085
1606.800	0.053	4.085
1607.000	0.052	4.085
1607.200	0.052	4.085
1607.400	0.052	4.085
1607.600	0.052	4.085
1607.800	0.055	4.085
1608.000	0.053	4.085
1608.200	0.054	4.085
1608.400	0.051	4.085
1608.600	0.051	4.085
1608.800	0.052	4.085
1609.000	0.052	4.085
1609.200	0.051	4.085
1609.400	0.051	4.085
1609.600	0.051	4.085
1609.800	0.051	4.085
1610.000	0.051	4.085
1610.200	0.053	4.085
1610.400	0.051	4.085
1610.600	0.053	4.085
1610.800	0.054	4.085
1611.000	0.052	4.085
1611.200	0.050	4.085
1611.400	0.053	4.085
1611.600	0.052	4.085
1611.800	0.051	4.085
1612.000	0.052	4.085
1612.200	0.051	4.085
1612.400	0.052	4.085
1612.600	0.051	4.085
1612.800	0.054	4.085
1613.000	0.052	4.085
1613.200	0.052	4.085
1613.400	0.053	4.085
1613.600	0.054	4.085
1613.800	0.052	4.085
1614.000	0.053	4.085
1614.200	0.052	4.085
1614.400	0.054	4.085
1614.600	0.052	4.085
1614.800	0.052	4.085
1615.000	0.053	4.085
1615.200	0.051	4.085
1615.400	0.053	4.085
1615.600	0.052	4.085
1615.800	0.052	4.085
1616.000	0.053	4.085
1616.200	0.053	4.085
1616.400	0.052	4.085
1616.600	0.052	4.085
1616.800	0.052	4.085
1617.000	0.050	4.085
1617.200	0.052	4.085
1617.400	0.051	4.085
1617.600	0.051	4.085
1617.800	0.051	4.085
1618.000	0.053	4.085
1618.200	0.053	4.085
1618.400	0.051	4.085
1618.600	0.053	4.085
1618.800	0.051	4.085
1619.000	0.050	4.085
1619.200	0.052	4.085
1619.400	0.052	4.085
1619.600	0.051	4.085
1619.800	0.052	4.085
1620.000	0.051	4.085
1620.200	0.051	4.085
1620.400	0.052	4.085
1620.600	0.050	4.085
1620.800	0.053	4.085
1621.000	0.051	4.085
1621.200	0.052	4.085
1621.400	0.051	4.085
1621.600	0.051	4.085
1621.800	0.051	4.085
1622.000	0.051	4.085
1622.200	0.050	4.085
1622.400	0.051	4.085
1622.600	0.051	4.085
1622.800	0.050	4.085
1623.000	0.051	4.085
1623.200	0.051	4.085
1623.400	0.051	4.085
1623.600	0.052	4.085
1623.800	0.052	4.085
1624.000	0.049	4.085
1624.200	0.051	4.085
1624.400	0.051	4.085
1624.600	0.051	4.085
1624.800	0.051	4.085
1625.000	0.049	4.085
1625.200	0.050	4.085
1625.400	0.051	4.085
1625.600	0.051	4.085
1625.800	0.050	4.085
1626.000	0.051	4.085
1626.200	0.051	4.085
1626.400	0.049	4.085
1626.600	0.051	4.085
1626.800	0.051	4.085
1627.000	0.051	4.085
1627.200	0.051	4.085
1627.400	0.051	4.085
1627.600	0.053	4.085
1627.800	0.050	4.085
1628.000	0.051	4.085
1628.200	0.051	4.085
1628.400	0.053	4.085
1628.600	0.052	4.085
1628.800	0.052	4.085
1629.000	0.051	4.085
1629.200	0.050	4.085
1629.400	0.053	4.085
1629.600	0.051	4.085
1629.800	0.051	4.085
1630.000	0.049	4.085
1630.200	0.050	4.085
1630.400	0.050	4.085
1630.600	0.050	4.085
1630.800	0.050	4.085
1631.000	0.052	4.085
1631.200	0.051	4.085
1631.400	0.051	4.085
1631.600	0.050	4.085
1631.800	0.050	4.085
1632.000	0.051	4.085
1632.200	0.050	4.085
1632.400	0.050	4.085
1632.600	0.051	4.085
1632.800	0.051	4.085
1633.000	0.050	4.085
1633.200	0.053	4.085
1633.400	0.053	4.085
1633.600	0.053	4.085
1633.800	0.052	4.085
1634.000	0.051	4.085
1634.200	0.052	4.085
1634.400	0.051	4.085
1634.600	0.051	4.085
1634.800	0.051	4.085
1635.000	0.053	4.085
1635.200	0.051	4.085
1635.400	0.052	4.085
1635.600	0.051	4.085
1635.800	0.051	4.085
1636.000	0.052	4.085
1636.200	0.051	4.085
1636.400	0.051	4.085
1636.600	0.052	4.085
1636.800	0.052	4.085
1637.000	0.052	4.085
1637.200	0.051	4.085
1637.400	0.051	4.085
1637.600	0.052	4.085
1637.800	0.052	4.085
1638.000	0.051	4.085
1638.200	0.051	4.085
1638.400	0.050	4.085
1638.600	0.052	4.085
1638.800	0.052	4.085
1639.000	0.052	4.085
1639.200	0.054	4.085
1639.400	0.051	4.085
1639.600	0.054	4.085
1639.800	0.052	4.085
1640.000	0.049	4.085
1640.200	0.050	4.085
1640.400	0.051	4.085
1640.600	0.051	4.085
1640.800	0.051	4.085
1641.000	0.051	4.085
1641.200	0.051	4.085
1641.400	0.051	4.085
1641.600	0.053	4.085
1641.800	0.052	4.085
1642.000	0.053	4.085
1642.200	0.052	4.085
1642.400	0.053	4.085
1642.600	0.052	4.085
1642.800	0.053	4.085
1643.000	0.052	4.085
1643.200	0.051	4.085
1643.400	0.053	4.085
1643.600	0.052	4.085
1643.800	0.053	4.085
1644.000	0.053	4.085
1644.200	0.052	4.085
1644.400	0.052	4.085
1644.600	0.052	4.085
1644.800	0.052	4.085
1645.000	0.053	4.085
1645.200	0.053	4.085
1645.400	0.053	4.085
1645.600	0.052	4.085
1645.800	0.052	4.085
1646.000	0.052	4.085
1646.200	0.053	4.085
1646.400	0.053	4.085
1646.600	0.053	4.085
1646.800	0.051	4.085
1647.000	0.051	4.085
1647.200	0.051	4.085
1647.400	0.052	4.085
1647.600	0.052	4.085
1647.800	0.051	4.085
1648.000	0.052	4.085
1648.200	0.051	4.085
1648.400	0.051	4.085
1648.600	0.050	4.085
1648.800	0.051	4.085
1649.000	0.051	4.085
1649.200	0.051	4.085
1649.400	0.053	4.085
1649.600	0.051	4.085
1649.800	0.050	4.085
1650.000	0.050	4.085
1650.200	0.052	4.085
1650.400	0.052	4.085
1650.600	0.051	4.085
1650.800	0.052	4.085
1651.000	0.049	4.085
1651.200	0.050	4.085
1651.400	0.050	4.085
1651.600	0.051	4.085
1651.800	0.051	4.085
1652.000	0.050	4.085
1652.200	0.050	4.085
1652.400	0.049	4.085
1652.600	0.050	4.085
1652.800	0.053	4.085
1653.000	0.052	4.085
1653.200	0.051	4.085
1653.400	0.050	4.085
1653.600	0.052	4.085
1653.800	0.051	4.085
1654.000	0.050	4.085
1654.200	0.049	4.085
1654.400	0.052	4.085
1654.600	0.051	4.085
1654.800	0.052	4.085
1655.000	0.051	4.085
1655.200	0.052	4.085
1655.400	0.052	4.085
1655.600	0.052	4.085
1655.800	0.049	4.085
1656.000	0.052	4.085
1656.200	0.052	4.085
1656.400	0.051	4.085
1656.600	0.052	4.085
1656.800	0.051	4.085
1657.000	0.052	4.085
1657.200	0.050	4.085
1657.400	0.052	4.085
1657.600	0.053	4.085
1657.800	0.053	4.085
1658.000	0.053	4.085
1658.200	0.054	4.085
1658.400	0.053	4.085
1658.600	0.052	4.085
1658.800	0.053	4.085
1659.000	0.053	4.085
1659.200	0.052	4.085
1659.400	0.054	4.085
1659.600	0.054	4.085
1659.800	0.052	4.085
1660.000	0.051	4.085
1660.200	0.052	4.085
1660.400	0.053	4.085
1660.600	0.051	4.085
1660.800	0.051	4.085
1661.000	0.052	4.085
1661.200	0.051	4.085
1661.400	0.053	4.085
1661.600	0.052	4.085
1661.800	0.052	4.085
1662.000	0.053	4.085
1662.200	0.054	4.085
1662.400	0.052	4.085
1662.600	0.055	4.085
1662.800	0.052	4.085
1663.000	0.054	4.085
1663.200	0.053	4.085
1663.400	0.052	4.085
1663.600	0.053	4.085
1663.800	0.051	4.085
1664.000	0.050	4.085
1664.200	0.052	4.085
1664.400	0.052	4.085
1664.600	0.052	4.085
1664.800	0.054	4.085
1665.000	0.052	4.085
1665.200	0.053	4.085
1665.400	0.051	4.085
1665.600	0.052	4.085
1665.800	0.052	4.085
1666.000	0.053	4.085
1666.200	0.054	4.085
1666.400	0.052	4.085
1666.600	0.053	4.085
1666.800	0.052	4.085
1667.000	0.052	4.085
1667.200	0.051	4.085
1667.400	0.054	4.085
1667.600	0.052	4.085
1667.800	0.052	4.085
1668.000	0.053	4.085
1668.200	0.054	4.085
1668.400	0.053	4.085
1668.600	0.053	4.085
1668.800	0.054	4.085
1669.000	0.053	4.085
1669.200	0.054	4.085
1669.400	0.053	4.085
1669.600	0.052	4.085
1669.800	0.054	4.085
1670.000	0.053	4.085
1670.200	0.054	4.085
1670.400	0.054	4.085
1670.600	0.054	4.085
1670.800	0.054	4.085
1671.000	0.054	4.085
1671.200	0.052	4.085
1671.400	0.053	4.085
1671.600	0.053	4.085
1671.800	0.052	4.085
1672.000	0.052	4.085
1672.200	0.051	4.085
1672.400	0.052	4.085
1672.600	0.052	4.085
1672.800	0.054	4.085
1673.000	0.054	4.085
1673.200	0.053	4.085
1673.400	0.053	4.085
1673.600	0.051	4.085
1673.800	0.052	4.085
1674.000	0.049	4.085
1674.200	0.052	4.085
1674.400	0.053	4.085
1674.600	0.053	4.085
1674.800	0.051	4.085
1675.000	0.052	4.085
1675.200	0.052	4.085
1675.400	0.052	4.085
1675.600	0.053	4.085
1675.800	0.052	4.085
1676.000	0.051	4.085
1676.200	0.053	4.085
1676.400	0.053	4.085
1676.600	0.051	4.085
1676.800	0.050	4.085
1677.000	0.051	4.085
1677.200	0.051	4.085
1677.400	0.052	4.085
1677.600	0.052	4.085
1677.800	0.052	4.085
1678.000	0.052	4.085
1678.200	0.052	4.085
1678.400	0.051	4.085
1678.600	0.053	4.085
1678.800	0.052	4.085
1679.000	0.051	4.085
1679.200	0.052	4.085
1679.400	0.052	4.085
1679.600	0.052	4.085
1679.800	0.053	4.085
1680.000	0.052	4.085
1680.200	0.051	4.085
1680.400	0.052	4.085
1680.600	0.052	4.085
1680.800	0.053	4.085
1681.000	0.052	4.085
1681.200	0.052	4.085
1681.400	0.051	4.085
1681.600	0.052	4.085
1681.800	0.052	4.085
1682.000	0.051	4.085
1682.200	0.052	4.085
1682.400	0.052	4.085
1682.600	0.052	4.085
1682.800	0.053	4.085
1683.000	0.053	4.085
1683.200	0.053	4.085
1683.400	0.052	4.085
1683.600	0.052	4.085
1683.800	0.051	4.085
1684.000	0.051	4.085
1684.200	0.053	4.085
1684.400	0.051	4.085
1684.600	0.051	4.085
1684.800	0.051	4.085
1685.000	0.053	4.085
1685.200	0.052	4.085
1685.400	0.050	4.085
1685.600	0.051	4.085
1685.800	0.052	4.085
1686.000	0.049	4.085
1686.200	0.049	4.085
1686.400	0.048	4.085
1686.600	0.049	4.085
1686.800	0.048	4.085
1687.000	0.049	4.085
1687.200	0.049	4.085
1687.400	0.050	4.085
1687.600	0.050	4.085
1687.800	0.052	4.085
1688.000	0.051	4.085
1688.200	0.051	4.085
1688.400	0.050	4.085
1688.600	0.052	4.085
1688.800	0.050	4.085
1689.000	0.050	4.085
1689.200	0.052	4.085
1689.400	0.051	4.085
1689.600	0.052	4.085
1689.800	0.051	4.085
1690.000	0.050	4.085
1690.200	0.052	4.085
1690.400	0.051	4.085
1690.600	0.050	4.085
1690.800	0.052	4.085
1691.000	0.050	4.085
1691.200	0.050	4.085
1691.400	0.051	4.085
1691.600	0.050	4.085
1691.800	0.050	4.085
1692.000	0.049	4.085
1692.200	0.051	4.085
1692.400	0.050	4.085
1692.600	0.050	4.085
1692.800	0.050	4.085
1693.000	0.052	4.085
1693.200	0.051	4.085
1693.400	0.053	4.085
1693.600	0.050	4.085
1693.800	0.050	4.085
1694.000	0.051	4.085
1694.200	0.052	4.085
1694.400	0.050	4.085
1694.600	0.050	4.085
1694.800	0.051	4.085
1695.000	0.051	4.085
1695.200	0.050	4.085
1695.400	0.050	4.085
1695.600	0.050	4.085
1695.800	0.050	4.085
1696.000	0.050	4.085
1696.200	0.051	4.085
1696.400	0.050	4.085
1696.600	0.048	4.085
1696.800	0.050	4.085
1697.000	0.051	4.085
1697.200	0.049	4.085
1697.400	0.050	4.085
1697.600	0.050	4.085
1697.800	0.051	4.085
1698.000	0.053	4.085
1698.200	0.051	4.085
1698.400	0.050	4.085
1698.600	0.051	4.085
1698.800	0.050	4.085
1699.000	0.050	4.085
1699.200	0.050	4.085
1699.400	0.052	4.085
1699.600	0.053	4.085
1699.800	0.050	4.085
1700.000	0.050	4.085
1700.200	0.050	4.085
1700.400	0.050	4.085
1700.600	0.051	4.085
1700.800	0.051	4.085
1701.000	0.050	4.085
1701.200	0.051	4.085
1701.400	0.051	4.085
1701.600	0.052	4.085
1701.800	0.051	4.085
1702.000	0.053	4.085
1702.200	0.052	4.085
1702.400	0.052	4.085
1702.600	0.051	4.085
1702.800	0.051	4.085
1703.000	0.052	4.085
1703.200	0.051	4.085
1703.400	0.052	4.085
1703.600	0.052	4.085
1703.800	0.050	4.085
1704.000	0.050	4.085
1704.200	0.053	4.085
1704.400	0.052	4.085
1704.600	0.052	4.085
1704.800	0.052	4.085
1705.000	0.052	4.085
1705.200	0.053	4.085
1705.400	0.051	4.085
1705.600	0.052	4.085
1705.800	0.052	4.085
1706.000	0.053	4.085
1706.200	0.053	4.085
1706.400	0.052	4.085
1706.600	0.052	4.085
1706.800	0.052	4.085
1707.000	0.052	4.085
1707.200	0.053	4.085
1707.400	0.052	4.085
1707.600	0.051	4.085
1707.800	0.053	4.085
1708.000	0.054	4.085
1708.200	0.052	4.085
1708.400	0.052	4.085
1708.600	0.052	4.085
1708.800	0.053	4.085
1709.000	0.055	4.085
1709.200	0.054	4.085
1709.400	0.056	4.085
1709.600	0.055	4.085
1709.800	0.055	4.085
1710.000	0.054	4.085
1710.200	0.056	4.085
1710.400	0.054	4.085
1710.600	0.053	4.085
1710.800	0.054	4.085
1711.000	0.055	4.085
1711.200	0.054	4.085
1711.400	0.054	4.085
1711.600	0.054	4.085
1711.800	0.055	4.085
1712.000	0.056	4.085
1712.200	0.056	4.085
1712.400	0.056	4.085
1712.600	0.055	4.085
1712.800	0.054	4.085
1713.000	0.054	4.085
1713.200	0.053	4.085
1713.400	0.054	4.085
1713.600	0.055	4.085
1713.800	0.054	4.085
1714.000	0.054	4.085
1714.200	0.054	4.085
1714.400	0.054	4.085
1714.600	0.053	4.085
1714.800	0.054	4.085
1715.000	0.054	4.085
1715.200	0.054	4.085
1715.400	0.054	4.085
1715.600	0.054	4.085
1715.800	0.055	4.085
1716.000	0.056	4.085
1716.200	0.056	4.085
1716.400	0.054	4.085
1716.600	0.056	4.085
1716.800	0.053	4.085
1717.000	0.053	4.085
1717.200	0.055	4.085
1717.400	0.054	4.085
1717.600	0.055	4.085
1717.800	0.055	4.085
1718.000	0.054	4.085
1718.200	0.056	4.085
1718.400	0.054	4.085
1718.600	0.056	4.085
1718.800	0.054	4.085
1719.000	0.053	4.085
1719.200	0.055	4.085
1719.400	0.055	4.085
1719.600	0.055	4.085
1719.800	0.054	4.085
1720.000	0.054	4.085
1720.200	0.054	4.085
1720.400	0.054	4.085
1720.600	0.053	4.085
1720.800	0.052	4.085
1721.000	0.053	4.085
1721.200	0.052	4.085
1721.400	0.054	4.085
1721.600	0.054	4.085
1721.800	0.054	4.085
1722.000	0.053	4.085
1722.200	0.053	4.085
1722.400	0.053	4.085
1722.600	0.052	4.085
1722.800	0.054	4.085
1723.000	0.054	4.085
1723.200	0.054	4.085
1723.400	0.052	4.085
1723.600	0.053	4.085
1723.800	0.053	4.085
1724.000	0.054	4.085
1724.200	0.052	4.085
1724.400	0.052	4.085
1724.600	0.052	4.085
1724.800	0.053	4.085
1725.000	0.052	4.085
1725.200	0.053	4.085
1725.400	0.053	4.085
1725.600	0.053	4.085
1725.800	0.052	4.085
1726.000	0.053	4.085
1726.200	0.053	4.085
1726.400	0.051	4.085
1726.600	0.052	4.085
1726.800	0.052	4.085
1727.000	0.052	4.085
1727.200	0.053	4.085
1727.400	0.052	4.085
1727.600	0.054	4.085
1727.800	0.054	4.085
1728.000	0.053	4.085
1728.200	0.053	4.085
1728.400	0.052	4.085
1728.600	0.053	4.085
1728.800	0.052	4.085
1729.000	0.053	4.085
1729.200	0.053	4.085
1729.400	0.053	4.085
1729.600	0.053	4.085
1729.800	0.052	4.085
1730.000	0.052	4.085
1730.200	0.053	4.085
1730.400	0.052	4.085
1730.600	0.051	4.085
1730.800	0.053	4.085
1731.000	0.051	4.085
1731.200	0.052	4.085
1731.400	0.053	4.085
1731.600	0.053	4.085
1731.800	0.053	4.085
1732.000	0.052	4.085
1732.200	0.053	4.085
1732.400	0.055	4.085
1732.600	0.052	4.085
1732.800	0.054	4.085
1733.000	0.053	4.085
1733.200	0.054	4.085
1733.400	0.054	4.085
1733.600	0.053	4.085
1733.800	0.053	4.085
1734.000	0.053	4.085
1734.200	0.053	4.085
1734.400	0.051	4.085
1734.600	0.053	4.085
1734.800	0.053	4.085
1735.000	0.054	4.085
1735.200	0.053	4.085
1735.400	0.054	4.085
1735.600	0.055	4.085
1735.800	0.055	4.085
1736.000	0.052	4.085
1736.200	0.054	4.085
1736.400	0.053	4.085
1736.600	0.052	4.085
1736.800	0.052	4.085
1737.000	0.052	4.085
1737.200	0.053	4.085
1737.400	0.056	4.085
1737.600	0.054	4.085
1737.800	0.053	4.085
1738.000	0.052	4.085
1738.200	0.053	4.085
1738.400	0.052	4.085
1738.600	0.052	4.085
1738.800	0.052	4.085
1739.000	0.054	4.085
1739.200	0.052	4.085
1739.400	0.053	4.085
1739.600	0.053	4.085
1739.800	0.052	4.085
1740.000	0.053	4.085
1740.200	0.053	4.085
1740.400	0.052	4.085
1740.600	0.051	4.085
1740.800	0.053	4.085
1741.000	0.052	4.085
1741.200	0.051	4.085
1741.400	0.052	4.085
1741.600	0.051	4.085
1741.800	0.052	4.085
1742.000	0.053	4.085
1742.200	0.052	4.085
1742.400	0.053	4.085
1742.600	0.053	4.085
1742.800	0.054	4.085
1743.000	0.051	4.085
1743.200	0.053	4.085
1743.400	0.053	4.085
1743.600	0.052	4.085
1743.800	0.051	4.085
1744.000	0.053	4.085
1744.200	0.051	4.085
1744.400	0.051	4.085
1744.600	0.053	4.085
1744.800	0.053	4.085
1745.000	0.053	4.085
1745.200	0.053	4.085
1745.400	0.052	4.085
1745.600	0.053	4.085
1745.800	0.052	4.085
1746.000	0.053	4.085
1746.200	0.052	4.085
1746.400	0.053	4.085
1746.600	0.052	4.085
1746.800	0.054	4.085
1747.000	0.054	4.085
1747.200	0.053	4.085
1747.400	0.055	4.085
1747.600	0.053	4.085
1747.800	0.054	4.085
1748.000	0.052	4.085
1748.200	0.053	4.085
1748.400	0.053	4.085
1748.600	0.054	4.085
1748.800	0.054	4.085
1749.000	0.052	4.085
1749.200	0.054	4.085
1749.400	0.053	4.085
1749.600	0.055	4.085
1749.800	0.054	4.085
1750.000	0.053	4.085
1750.200	0.054	4.085
1750.400	0.053	4.085
1750.600	0.053	4.085
1750.800	0.052	4.085
1751.000	0.052	4.085
1751.200	0.053	4.085
1751.400	0.054	4.085
1751.600	0.052	4.085
1751.800	0.052	4.085
1752.000	0.052	4.085
1752.200	0.050	4.085
1752.400	0.051	4.085
1752.600	0.054	4.085
1752.800	0.052	4.085
1753.000	0.052	4.085
1753.200	0.053	4.085
1753.400	0.053	4.085
1753.600	0.052	4.085
1753.800	0.052	4.085
1754.000	0.051	4.085
1754.200	0.053	4.085
1754.400	0.053	4.085
1754.600	0.051	4.085
1754.800	0.052	4.085
1755.000	0.054	4.085
1755.200	0.053	4.085
1755.400	0.053	4.085
1755.600	0.053	4.085
1755.800	0.052	4.085
1756.000	0.052	4.085
1756.200	0.052	4.085
1756.400	0.052	4.085
1756.600	0.053	4.085
1756.800	0.053	4.085
1757.000	0.054	4.085
1757.200	0.054	4.085
1757.400	0.055	4.085
1757.600	0.054	4.085
1757.800	0.053	4.085
1758.000	0.053	4.085
1758.200	0.053	4.085
1758.400	0.052	4.085
1758.600	0.054	4.085
1758.800	0.055	4.085
1759.000	0.053	4.085
1759.200	0.055	4.085
1759.400	0.054	4.085
1759.600	0.055	4.085
1759.800	0.053	4.085
1760.000	0.054	4.085
1760.200	0.055	4.085
1760.400	0.054	4.085
1760.600	0.054	4.085
1760.800	0.053	4.085
1761.000	0.055	4.085
1761.200	0.053	4.085
1761.400	0.053	4.085
1761.600	0.054	4.085
1761.800	0.054	4.085
1762.000	0.054	4.085
1762.200	0.054	4.085
1762.400	0.053	4.085
1762.600	0.053	4.085
1762.800	0.054	4.085
1763.000	0.053	4.085
1763.200	0.054	4.085
1763.400	0.054	4.085
1763.600	0.052	4.085
1763.800	0.054	4.085
1764.000	0.054	4.085
1764.200	0.052	4.085
1764.400	0.052	4.085
1764.600	0.053	4.085
1764.800	0.052	4.085
1765.000	0.054	4.085
1765.200	0.054	4.085
1765.400	0.054	4.085
1765.600	0.054	4.085
1765.800	0.054	4.085
1766.000	0.055	4.085
1766.200	0.056	4.085
1766.400	0.055	4.085
1766.600	0.055	4.085
1766.800	0.054	4.085
1767.000	0.053	4.085
1767.200	0.056	4.085
1767.400	0.054	4.085
1767.600	0.055	4.085
1767.800	0.055	4.085
1768.000	0.054	4.085
1768.200	0.056	4.085
1768.400	0.056	4.085
1768.600	0.054	4.085
1768.800	0.055	4.085
1769.000	0.055	4.085
1769.200	0.054	4.085
1769.400	0.055	4.085
1769.600	0.054	4.085
1769.800	0.054	4.085
1770.000	0.055	4.085
1770.200	0.055	4.085
1770.400	0.055	4.085
1770.600	0.054	4.085
1770.800	0.056	4.085
1771.000	0.056	4.085
1771.200	0.054	4.085
1771.400	0.054	4.085
1771.600	0.054	4.085
1771.800	0.054	4.085
1772.000	0.054	4.085
1772.200	0.054	4.085
1772.400	0.052	4.085
1772.600	0.053	4.085
1772.800	0.052	4.085
1773.000	0.053	4.085
1773.200	0.054	4.085
1773.400	0.054	4.085
1773.600	0.054	4.085
1773.800	0.054	4.085
1774.000	0.055	4.085
1774.200	0.054	4.085
1774.400	0.054	4.085
1774.600	0.054	4.085
1774.800	0.055	4.085
1775.000	0.056	4.085
1775.200	0.054	4.085
1775.400	0.055	4.085
1775.600	0.053	4.085
1775.800	0.054	4.085
1776.000	0.053	4.085
1776.200	0.053	4.085
1776.400	0.053	4.085
1776.600	0.055	4.085
1776.800	0.054	4.085
1777.000	0.054	4.085
1777.200	0.055	4.085
1777.400	0.053	4.085
1777.600	0.054	4.085
1777.800	0.054	4.085
1778.000	0.053	4.085
1778.200	0.054	4.085
1778.400	0.054	4.085
1778.600	0.055	4.085
1778.800	0.054	4.085
1779.000	0.054	4.085
1779.200	0.054	4.085
1779.400	0.054	4.085
1779.600	0.053	4.085
1779.800	0.053	4.085
1780.000	0.054	4.085
1780.200	0.054	4.085
1780.400	0.053	4.085
1780.600	0.053	4.085
1780.800	0.055	4.085
1781.000	0.054	4.085
1781.200	0.055	4.085
1781.400	0.054	4.085
1781.600	0.054	4.085
1781.800	0.053	4.085
1782.000	0.052	4.085
1782.200	0.054	4.085
1782.400	0.054	4.085
1782.600	0.055	4.085
1782.800	0.054	4.085
1783.000	0.053	4.085
1783.200	0.053	4.085
1783.400	0.053	4.085
1783.600	0.054	4.085
1783.800	0.054	4.085
1784.000	0.053	4.085
1784.200	0.054	4.085
1784.400	0.053	4.085
1784.600	0.054	4.085
1784.800	0.054	4.085
1785.000	0.055	4.085
1785.200	0.054	4.085
1785.400	0.053	4.085
1785.600	0.054	4.085
1785.800	0.054	4.085
1786.000	0.054	4.085
1786.200	0.054	4.085
1786.400	0.054	4.085
1786.600	0.054	4.085
1786.800	0.054	4.085
1787.000	0.054	4.085
1787.200	0.053	4.085
1787.400	0.054	4.085
1787.600	0.052	4.085
1787.800	0.053	4.085
1788.000	0.054	4.085
1788.200	0.053	4.085
1788.400	0.055	4.085
1788.600	0.053	4.085
1788.800	0.053	4.085
1789.000	0.052	4.085
1789.200	0.054	4.085
1789.400	0.054	4.085
1789.600	0.053	4.085
1789.800	0.054	4.085
1790.000	0.054	4.085
1790.200	0.053	4.085
1790.400	0.052	4.085
1790.600	0.054	4.085
1790.800	0.053	4.085
1791.000	0.051	4.085
1791.200	0.052	4.085
1791.400	0.052	4.085
1791.600	0.052	4.085
1791.800	0.050	4.085
1792.000	0.053	4.085
1792.200	0.054	4.085
1792.400	0.052	4.085
1792.600	0.054	4.085
1792.800	0.052	4.085
1793.000	0.053	4.085
1793.200	0.052	4.085
1793.400	0.054	4.085
1793.600	0.053	4.085
1793.800	0.054	4.085
1794.000	0.052	4.085
1794.200	0.054	4.085
1794.400	0.053	4.085
1794.600	0.052	4.085
1794.800	0.054	4.085
1795.000	0.052	4.085
1795.200	0.052	4.085
1795.400	0.052	4.085
1795.600	0.054	4.085
1795.800	0.055	4.085
1796.000	0.054	4.085
1796.200	0.052	4.085
1796.400	0.054	4.085
1796.600	0.053	4.085
1796.800	0.053	4.085
1797.000	0.053	4.085
1797.200	0.053	4.085
1797.400	0.051	4.085
1797.600	0.052	4.085
1797.800	0.051	4.085
1798.000	0.051	4.085
1798.200	0.052	4.085
1798.400	0.052	4.085
1798.600	0.054	4.085
1798.800	0.052	4.085
1799.000	0.053	4.085
1799.200	0.053	4.085
1799.400	0.054	4.085
1799.600	0.052	4.085
1799.800	0.053	4.085
1800.000	0.054	4.085
1800.200	0.052	4.085
1800.400	0.053	4.085
1800.600	0.053	4.085
1800.800	0.054	4.085
1801.000	0.053	4.085
1801.200	0.054	4.085
1801.400	0.054	4.085
1801.600	0.054	4.085
1801.800	0.053	4.085
1802.000	0.054	4.085
1802.200	0.053	4.085
1802.400	0.053	4.085
1802.600	0.055	4.085
1802.800	0.055	4.085
1803.000	0.054	4.085
1803.200	0.055	4.085
1803.400	0.055	4.085
1803.600	0.054	4.085
1803.800	0.053	4.085
1804.000	0.053	4.085
1804.200	0.053	4.085
1804.400	0.051	4.085
1804.600	0.053	4.085
1804.800	0.052	4.085
1805.000	0.052	4.085
1805.200	0.053	4.085
1805.400	0.053	4.085
1805.600	0.052	4.085
1805.800	0.052	4.085
1806.000	0.054	4.085
1806.200	0.054	4.085
1806.400	0.054	4.085
1806.600	0.054	4.085
1806.800	0.055	4.085
1807.000	0.054	4.085
1807.200	0.053	4.085
1807.400	0.055	4.085
1807.600	0.055	4.085
1807.800	0.055	4.085
1808.000	0.055	4.085
1808.200	0.055	4.085
1808.400	0.053	4.085
1808.600	0.053	4.085
1808.800	0.053	4.085
1809.000	0.053	4.085
1809.200	0.055	4.085
1809.400	0.054	4.085
1809.600	0.053	4.085
1809.800	0.053	4.085
1810.000	0.053	4.085
1810.200	0.053	4.085
1810.400	0.053	4.085
1810.600	0.052	4.085
1810.800	0.053	4.085
1811.000	0.054	4.085
1811.200	0.054	4.085
1811.400	0.054	4.085
1811.600	0.053	4.085
1811.800	0.053	4.085
1812.000	0.053	4.085
1812.200	0.054	4.085
1812.400	0.053	4.085
1812.600	0.051	4.085
1812.800	0.053	4.085
1813.000	0.053	4.085
1813.200	0.053	4.085
1813.400	0.053	4.085
1813.600	0.053	4.085
1813.800	0.051	4.085
1814.000	0.055	4.085
1814.200	0.053	4.085
1814.400	0.052	4.085
1814.600	0.055	4.085
1814.800	0.054	4.085
1815.000	0.054	4.085
1815.200	0.053	4.085
1815.400	0.054	4.085
1815.600	0.056	4.085
1815.800	0.055	4.085
1816.000	0.054	4.085
1816.200	0.053	4.085
1816.400	0.054	4.085
1816.600	0.055	4.085
1816.800	0.054	4.085
1817.000	0.054	4.085
1817.200	0.053	4.085
1817.400	0.054	4.085
1817.600	0.054	4.085
1817.800	0.054	4.085
1818.000	0.054	4.085
1818.200	0.054	4.085
1818.400	0.052	4.085
1818.600	0.054	4.085
1818.800	0.052	4.085
1819.000	0.053	4.085
1819.200	0.055	4.085
1819.400	0.054	4.085
1819.600	0.054	4.085
1819.800	0.052	4.085
1820.000	0.052	4.085
1820.200	0.053	4.085
1820.400	0.053	4.085
1820.600	0.053	4.085
1820.800	0.054	4.085
1821.000	0.053	4.085
1821.200	0.052	4.085
1821.400	0.052	4.085
1821.600	0.053	4.085
1821.800	0.053	4.085
1822.000	0.051	4.085
1822.200	0.053	4.085
1822.400	0.053	4.085
1822.600	0.052	4.085
1822.800	0.052	4.085
1823.000	0.053	4.085
1823.200	0.051	4.085
1823.400	0.053	4.085
1823.600	0.053	4.085
1823.800	0.052	4.085
1824.000	0.052	4.085
1824.200	0.053	4.085
1824.400	0.052	4.085
1824.600	0.052	4.085
1824.800	0.052	4.085
1825.000	0.049	4.085
1825.200	0.052	4.085
1825.400	0.051	4.085
1825.600	0.052	4.085
1825.800	0.051	4.085
1826.000	0.052	4.085
1826.200	0.052	4.085
1826.400	0.053	4.085
1826.600	0.052	4.085
1826.800	0.052	4.085
1827.000	0.051	4.085
1827.200	0.052	4.085
1827.400	0.053	4.085
1827.600	0.053	4.085
1827.800	0.052	4.085
1828.000	0.051	4.085
1828.200	0.051	4.085
1828.400	0.052	4.085
1828.600	0.053	4.085
1828.800	0.053	4.085
1829.000	0.052	4.085
1829.200	0.052	4.085
1829.400	0.051	4.085
1829.600	0.051	4.085
1829.800	0.052	4.085
1830.000	0.052	4.085
1830.200	0.052	4.085
1830.400	0.051	4.085
1830.600	0.050	4.085
1830.800	0.052	4.085
1831.000	0.054	4.085
1831.200	0.053	4.085
1831.400	0.053	4.085
1831.600	0.054	4.085
1831.800	0.053	4.085
1832.000	0.054	4.085
1832.200	0.054	4.085
1832.400	0.054	4.085
1832.600	0.054	4.085
1832.800	0.052	4.085
1833.000	0.053	4.085
1833.200	0.051	4.085
1833.400	0.052	4.085
1833.600	0.053	4.085
1833.800	0.054	4.085
1834.000	0.054	4.085
1834.200	0.053	4.085
1834.400	0.053	4.085
1834.600	0.054	4.085
1834.800	0.054	4.085
1835.000	0.054	4.085
1835.200	0.054	4.085
1835.400	0.054	4.085
1835.600	0.054	4.085
1835.800	0.054	4.085
1836.000	0.054	4.085
1836.200	0.053	4.085
1836.400	0.054	4.085
1836.600	0.054	4.085
1836.800	0.055	4.085
1837.000	0.056	4.085
1837.200	0.053	4.085
1837.400	0.053	4.085
1837.600	0.053	4.085
1837.800	0.053	4.085
1838.000	0.055	4.085
1838.200	0.055	4.085
1838.400	0.055	4.085
1838.600	0.053	4.085
1838.800	0.056	4.085
1839.000	0.054	4.085
1839.200	0.054	4.085
1839.400	0.055	4.085
1839.600	0.056	4.085
1839.800	0.054	4.085
1840.000	0.054	4.085
1840.200	0.054	4.085
1840.400	0.053	4.085
1840.600	0.054	4.085
1840.800	0.054	4.085
1841.000	0.054	4.085
1841.200	0.055	4.085
1841.400	0.055	4.085
1841.600	0.054	4.085
1841.800	0.053	4.085
1842.000	0.052	4.085
1842.200	0.054	4.085
1842.400	0.054	4.085
1842.600	0.054	4.085
1842.800	0.054	4.085
1843.000	0.053	4.085
1843.200	0.053	4.085
1843.400	0.052	4.085
1843.600	0.053	4.085
1843.800	0.053	4.085
1844.000	0.054	4.085
1844.200	0.053	4.085
1844.400	0.054	4.085
1844.600	0.053	4.085
1844.800	0.054	4.085
1845.000	0.055	4.085
1845.200	0.053	4.085
1845.400	0.053	4.085
1845.600	0.053	4.085
1845.800	0.054	4.085
1846.000	0.055	4.085
1846.200	0.056	4.085
1846.400	0.054	4.085
1846.600	0.053	4.085
1846.800	0.052	4.085
1847.000	0.053	4.085
1847.200	0.054	4.085
1847.400	0.053	4.085
1847.600	0.053	4.085
1847.800	0.054	4.085
1848.000	0.054	4.085
1848.200	0.055	4.085
1848.400	0.055	4.085
1848.600	0.055	4.085
1848.800	0.055	4.085
1849.000	0.053	4.085
1849.200	0.055	4.085
1849.400	0.053	4.085
1849.600	0.054	4.085
1849.800	0.055	4.085
1850.000	0.054	4.085
1850.200	0.053	4.085
1850.400	0.053	4.085
1850.600	0.053	4.085
1850.800	0.053	4.085
1851.000	0.050	4.085
1851.200	0.053	4.085
1851.400	0.054	4.085
1851.600	0.053	4.085
1851.800	0.053	4.085
1852.000	0.051	4.085
1852.200	0.054	4.085
1852.400	0.052	4.085
1852.600	0.053	4.085
1852.800	0.051	4.085
1853.000	0.052	4.085
1853.200	0.051	4.085
1853.400	0.052	4.085
1853.600	0.052	4.085
1853.800	0.053	4.085
1854.000	0.054	4.085
1854.200	0.053	4.085
1854.400	0.054	4.085
1854.600	0.054	4.085
1854.800	0.054	4.085
1855.000	0.054	4.085
1855.200	0.054	4.085
1855.400	0.054	4.085
1855.600	0.053	4.085
1855.800	0.055	4.085
1856.000	0.053	4.085
1856.200	0.054	4.085
1856.400	0.054	4.085
1856.600	0.054	4.085
1856.800	0.053	4.085
1857.000	0.052	4.085
1857.200	0.054	4.085
1857.400	0.052	4.085
1857.600	0.053	4.085
1857.800	0.053	4.085
1858.000	0.055	4.085
1858.200	0.054	4.085
1858.400	0.055	4.085
1858.600	0.055	4.085
1858.800	0.055	4.085
1859.000	0.053	4.085
1859.200	0.052	4.085
1859.400	0.054	4.085
1859.600	0.053	4.085
1859.800	0.054	4.085
1860.000	0.052	4.085
1860.200	0.053	4.085
1860.400	0.053	4.085
1860.600	0.054	4.085
1860.800	0.053	4.085
1861.000	0.052	4.085
1861.200	0.054	4.085
1861.400	0.053	4.085
1861.600	0.053	4.085
1861.800	0.053	4.085
1862.000	0.053	4.085
1862.200	0.054	4.085
1862.400	0.054	4.085
1862.600	0.052	4.085
1862.800	0.053	4.085
1863.000	0.053	4.085
1863.200	0.053	4.085
1863.400	0.053	4.085
1863.600	0.054	4.085
1863.800	0.053	4.085
1864.000	0.053	4.085
1864.200	0.054	4.085
1864.400	0.055	4.085
1864.600	0.053	4.085
1864.800	0.055	4.085
1865.000	0.052	4.085
1865.200	0.054	4.085
1865.400	0.053	4.085
1865.600	0.054	4.085
1865.800	0.054	4.085
1866.000	0.054	4.085
1866.200	0.054	4.085
1866.400	0.053	4.085
1866.600	0.052	4.085
1866.800	0.052	4.085
1867.000	0.053	4.085
1867.200	0.051	4.085
1867.400	0.051	4.085
1867.600	0.052	4.085
1867.800	0.052	4.085
1868.000	0.052	4.085
1868.200	0.052	4.085
1868.400	0.055	4.085
1868.600	0.052	4.085
1868.800	0.052	4.085
1869.000	0.054	4.085
1869.200	0.052	4.085
1869.400	0.052	4.085
1869.600	0.050	4.085
1869.800	0.051	4.085
1870.000	0.052	4.085
1870.200	0.051	4.085
1870.400	0.050	4.085
1870.600	0.052	4.085
1870.800	0.051	4.085
1871.000	0.052	4.085
1871.200	0.054	4.085
1871.400	0.052	4.085
1871.600	0.051	4.085
1871.800	0.053	4.085
1872.000	0.053	4.085
1872.200	0.054	4.085
1872.400	0.053	4.085
1872.600	0.053	4.085
1872.800	0.053	4.085
1873.000	0.053	4.085
1873.200	0.055	4.085
1873.400	0.054	4.085
1873.600	0.053	4.085
1873.800	0.053	4.085
1874.000	0.052	4.085
1874.200	0.052	4.085
1874.400	0.053	4.085
1874.600	0.051	4.085
1874.800	0.052	4.085
1875.000	0.053	4.085
1875.200	0.053	4.085
1875.400	0.053	4.085
1875.600	0.052	4.085
1875.800	0.052	4.085
1876.000	0.054	4.085
1876.200	0.053	4.085
1876.400	0.050	4.085
1876.600	0.051	4.085
1876.800	0.051	4.085
1877.000	0.052	4.085
1877.200	0.051	4.085
1877.400	0.052	4.085
1877.600	0.051	4.085
1877.800	0.053	4.085
1878.000	0.053	4.085
1878.200	0.052	4.085
1878.400	0.052	4.085
1878.600	0.052	4.085
1878.800	0.054	4.085
1879.000	0.053	4.085
1879.200	0.053	4.085
1879.400	0.052	4.085
1879.600	0.053	4.085
1879.800	0.052	4.085
1880.000	0.052	4.085
1880.200	0.050	4.085
1880.400	0.052	4.085
1880.600	0.051	4.085
1880.800	0.051	4.085
1881.000	0.051	4.085
1881.200	0.051	4.085
1881.400	0.051	4.085
1881.600	0.053	4.085
1881.800	0.053	4.085
1882.000	0.051	4.085
1882.200	0.052	4.085
1882.400	0.051	4.085
1882.600	0.052	4.085
1882.800	0.053	4.085
1883.000	0.052	4.085
1883.200	0.052	4.085
1883.400	0.054	4.085
1883.600	0.051	4.085
1883.800	0.052	4.085
1884.000	0.052	4.085
1884.200	0.054	4.085
1884.400	0.054	4.085
1884.600	0.051	4.085
1884.800	0.051	4.085
1885.000	0.050	4.085
1885.200	0.052	4.085
1885.400	0.052	4.085
1885.600	0.051	4.085
1885.800	0.052	4.085
1886.000	0.052	4.085
1886.200	0.052	4.085
1886.400	0.052	4.085
1886.600	0.053	4.085
1886.800	0.052	4.085
1887.000	0.051	4.085
1887.200	0.050	4.085
1887.400	0.053	4.085
1887.600	0.051	4.085
1887.800	0.051	4.085
1888.000	0.052	4.085
1888.200	0.052	4.085
1888.400	0.052	4.085
1888.600	0.053	4.085
1888.800	0.053	4.085
1889.000	0.053	4.085
1889.200	0.050	4.085
1889.400	0.054	4.085
1889.600	0.052	4.085
1889.800	0.053	4.085
1890.000	0.053	4.085
1890.200	0.051	4.085
1890.400	0.052	4.085
1890.600	0.053	4.085
1890.800	0.052	4.085
1891.000	0.053	4.085
1891.200	0.054	4.085
1891.400	0.053	4.085
1891.600	0.052	4.085
1891.800	0.051	4.085
1892.000	0.050	4.085
1892.200	0.051	4.085
1892.400	0.052	4.085
1892.600	0.052	4.085
1892.800	0.051	4.085
1893.000	0.050	4.085
1893.200	0.051	4.085
1893.400	0.052	4.085
1893.600	0.051	4.085
1893.800	0.050	4.085
1894.000	0.049	4.085
1894.200	0.052	4.085
1894.400	0.051	4.085
1894.600	0.049	4.085
1894.800	0.050	4.085
1895.000	0.051	4.085
1895.200	0.054	4.085
1895.400	0.051	4.085
1895.600	0.050	4.085
1895.800	0.051	4.085
1896.000	0.053	4.085
1896.200	0.051	4.085
1896.400	0.051	4.085
1896.600	0.054	4.085
1896.800	0.054	4.085
1897.000	0.053	4.085
1897.200	0.054	4.085
1897.400	0.053	4.085
1897.600	0.053	4.085
1897.800	0.054	4.085
1898.000	0.052	4.085
1898.200	0.054	4.085
1898.400	0.052	4.085
1898.600	0.053	4.085
1898.800	0.054	4.085
1899.000	0.052	4.085
1899.200	0.054	4.085
1899.400	0.054	4.085
1899.600	0.054	4.085
1899.800	0.052	4.085
1900.000	0.054	4.085
1900.200	0.052	4.085
1900.400	0.053	4.085
1900.600	0.053	4.085
1900.800	0.054	4.085
1901.000	0.053	4.085
1901.200	0.054	4.085
1901.400	0.054	4.085
1901.600	0.054	4.085
1901.800	0.053	4.085
1902.000	0.052	4.085
1902.200	0.053	4.085
1902.400	0.054	4.085
1902.600	0.053	4.085
1902.800	0.053	4.085
1903.000	0.053	4.085
1903.200	0.053	4.085
1903.400	0.052	4.085
1903.600	0.052	4.085
1903.800	0.054	4.085
1904.000	0.055	4.085
1904.200	0.053	4.085
1904.400	0.053	4.085
1904.600	0.054	4.085
1904.800	0.053	4.085
1905.000	0.054	4.085
1905.200	0.055	4.085
1905.400	0.053	4.085
1905.600	0.054	4.085
1905.800	0.054	4.085
1906.000	0.053	4.085
1906.200	0.053	4.085
1906.400	0.051	4.085
1906.600	0.054	4.085
1906.800	0.053	4.085
1907.000	0.053	4.085
1907.200	0.054	4.085
1907.400	0.053	4.085
1907.600	0.055	4.085
1907.800	0.053	4.085
1908.000	0.054	4.085
1908.200	0.052	4.085
1908.400	0.052	4.085
1908.600	0.053	4.085
1908.800	0.053	4.085
1909.000	0.052	4.085
1909.200	0.052	4.085
1909.400	0.052	4.085
1909.600	0.053	4.085
1909.800	0.054	4.085
1910.000	0.054	4.085
1910.200	0.053	4.085
1910.400	0.053	4.085
1910.600	0.053	4.085
1910.800	0.053	4.085
1911.000	0.053	4.085
1911.200	0.053	4.085
1911.400	0.054	4.085
1911.600	0.053	4.085
1911.800	0.054	4.085
1912.000	0.053	4.085
1912.200	0.052	4.085
1912.400	0.053	4.085
1912.600	0.054	4.085
1912.800	0.054	4.085
1913.000	0.055	4.085
1913.200	0.056	4.085
1913.400	0.055	4.085
1913.600	0.055	4.085
1913.800	0.055	4.085
1914.000	0.055	4.085
1914.200	0.055	4.085
1914.400	0.055	4.085
1914.600	0.054	4.085
1914.800	0.053	4.085
1915.000	0.054	4.085
1915.200	0.054	4.085
1915.400	0.053	4.085
1915.600	0.053	4.085
1915.800	0.054	4.085
1916.000	0.055	4.085
1916.200	0.055	4.085
1916.400	0.053	4.085
1916.600	0.054	4.085
1916.800	0.055	4.085
1917.000	0.054	4.085
1917.200	0.055	4.085
1917.400	0.055	4.085
1917.600	0.054	4.085
1917.800	0.053	4.085
1918.000	0.055	4.085
1918.200	0.055	4.085
1918.400	0.054	4.085
1918.600	0.053	4.085
1918.800	0.053	4.085
1919.000	0.054	4.085
1919.200	0.054	4.085
1919.400	0.052	4.085
1919.600	0.053	4.085
1919.800	0.052	4.085
1920.000	0.052	4.085
1920.200	0.054	4.085
1920.400	0.054	4.085
1920.600	0.053	4.085
