time /s	I /mA	E /V
0.200	209.483	4.094
0.400	209.891	4.095
0.600	209.915	4.095
0.800	209.926	4.095
1.000	209.933	4.095
1.200	209.937	4.095
1.400	209.941	4.095
1.600	209.941	4.095
1.800	209.944	4.096
2.000	209.944	4.096
2.200	209.945	4.096
2.400	209.948	4.096
2.600	209.947	4.096
2.800	209.948	4.096
3.000	209.947	4.096
3.200	209.948	4.096
3.400	209.949	4.096
3.600	209.948	4.096
3.800	209.949	4.096
4.000	209.950	4.096
4.200	209.949	4.096
4.400	209.950	4.096
4.600	209.951	4.096
4.800	209.953	4.096
5.000	209.951	4.096
5.200	209.952	4.096
5.400	209.952	4.096
5.600	209.951	4.096
5.800	209.953	4.096
6.000	209.954	4.097
6.200	209.952	4.097
6.400	209.952	4.097
6.600	209.952	4.097
6.800	209.954	4.097
7.000	209.953	4.097
7.200	209.953	4.097
7.400	209.951	4.097
7.600	209.952	4.097
7.800	209.953	4.097
8.000	209.952	4.097
8.200	209.953	4.097
8.400	209.951	4.097
8.600	209.951	4.097
8.800	209.952	4.097
9.000	209.953	4.097
9.200	209.952	4.097
9.400	209.953	4.097
9.600	209.953	4.097
9.800	209.953	4.097
10.000	209.953	4.097
10.200	209.953	4.097
10.400	209.953	4.097
10.600	209.954	4.097
10.800	209.953	4.097
11.000	209.953	4.097
11.200	209.953	4.097
11.400	209.953	4.097
11.600	209.952	4.097
11.800	209.954	4.097
12.000	209.953	4.097
12.200	209.952	4.097
12.400	209.953	4.097
12.600	209.953	4.097
12.800	209.954	4.097
13.000	209.955	4.097
13.200	209.954	4.097
13.400	209.955	4.098
13.600	209.953	4.098
13.800	209.954	4.098
14.000	209.954	4.098
14.200	209.953	4.098
14.400	209.954	4.098
14.600	209.951	4.098
14.800	209.953	4.098
15.000	209.953	4.098
15.200	209.952	4.098
15.400	209.952	4.098
15.600	209.952	4.098
15.800	209.952	4.098
16.000	209.951	4.098
16.200	209.953	4.098
16.400	209.953	4.098
16.600	209.953	4.098
16.800	209.954	4.098
17.000	209.953	4.098
17.200	209.954	4.098
17.400	209.954	4.098
17.600	209.955	4.098
17.800	209.954	4.098
18.000	209.953	4.098
18.200	209.951	4.098
18.400	209.953	4.098
18.600	209.952	4.098
18.800	209.952	4.098
19.000	209.952	4.098
19.200	209.952	4.098
19.400	209.952	4.098
19.600	209.953	4.098
19.800	209.954	4.098
20.000	209.954	4.098
20.200	209.955	4.098
20.400	209.953	4.098
20.600	209.950	4.098
20.800	209.952	4.098
21.000	209.952	4.098
21.200	209.953	4.098
21.400	209.954	4.098
21.600	209.954	4.098
21.800	209.953	4.098
22.000	209.953	4.098
22.200	209.952	4.098
22.400	209.953	4.098
22.600	209.953	4.098
22.800	209.951	4.098
23.000	209.954	4.098
23.200	209.954	4.098
23.400	209.954	4.098
23.600	209.953	4.098
23.800	209.953	4.098
24.000	209.953	4.098
24.200	209.954	4.098
24.400	209.955	4.099
24.600	209.955	4.099
24.800	209.953	4.099
25.000	209.953	4.098
25.200	209.954	4.099
25.400	209.953	4.099
25.600	209.953	4.099
25.800	209.954	4.099
26.000	209.952	4.099
26.200	209.953	4.099
26.400	209.953	4.099
26.600	209.952	4.099
26.800	209.952	4.099
27.000	209.954	4.099
27.200	209.954	4.099
27.400	209.955	4.099
27.600	209.954	4.099
27.800	209.954	4.099
28.000	209.953	4.099
28.200	209.955	4.099
28.400	209.956	4.099
28.600	209.954	4.099
28.800	209.956	4.099
29.000	209.956	4.099
29.200	209.955	4.099
29.400	209.956	4.099
29.600	209.957	4.099
29.800	209.956	4.099
30.000	209.956	4.099
30.200	209.957	4.099
30.400	209.955	4.099
30.600	209.955	4.099
30.800	209.956	4.099
31.000	209.956	4.099
31.200	209.957	4.099
31.400	209.957	4.099
31.600	209.956	4.099
31.800	209.956	4.099
32.000	209.955	4.099
32.200	209.956	4.099
32.400	209.955	4.099
32.600	209.955	4.099
32.800	209.956	4.099
33.000	209.956	4.099
33.200	209.956	4.099
33.400	209.955	4.099
33.600	209.957	4.099
33.800	209.957	4.099
34.000	209.957	4.099
34.200	209.957	4.099
34.400	209.957	4.099
34.600	209.956	4.099
34.800	209.956	4.099
35.000	209.956	4.099
35.200	209.955	4.099
35.400	209.954	4.099
35.600	209.955	4.099
35.800	209.955	4.099
36.000	209.955	4.099
36.200	209.955	4.099
36.400	209.955	4.099
36.600	209.957	4.099
36.800	209.954	4.099
37.000	209.954	4.099
37.200	209.955	4.099
37.400	209.954	4.099
37.600	209.955	4.099
37.800	209.955	4.099
38.000	209.956	4.099
38.200	209.956	4.099
38.400	209.955	4.099
38.600	209.955	4.099
38.800	209.957	4.099
39.000	209.957	4.099
39.200	209.954	4.099
39.400	209.954	4.099
39.600	209.953	4.099
39.800	209.955	4.099
40.000	209.953	4.100
40.200	209.954	4.100
40.400	209.953	4.100
40.600	209.952	4.100
40.800	209.954	4.100
41.000	209.953	4.100
41.200	209.953	4.100
41.400	209.954	4.100
41.600	209.955	4.100
41.800	209.954	4.100
42.000	209.954	4.100
42.200	209.954	4.100
42.400	209.954	4.100
42.600	209.955	4.100
42.800	209.954	4.100
43.000	209.955	4.100
43.200	209.954	4.100
43.400	209.956	4.100
43.600	209.955	4.100
43.800	209.954	4.100
44.000	209.954	4.100
44.200	209.956	4.100
44.400	209.956	4.100
44.600	209.958	4.100
44.800	209.954	4.100
45.000	209.955	4.100
45.200	209.955	4.100
45.400	209.955	4.100
45.600	209.955	4.100
45.800	209.954	4.100
46.000	209.955	4.100
46.200	209.954	4.100
46.400	209.955	4.100
46.600	209.955	4.100
46.800	209.954	4.100
47.000	209.954	4.100
47.200	209.953	4.100
47.400	209.953	4.100
47.600	209.955	4.100
47.800	209.953	4.100
48.000	209.953	4.100
48.200	209.954	4.100
48.400	0.145	4.079
48.600	0.069	4.079
48.800	0.054	4.079
49.000	0.043	4.079
49.200	0.040	4.079
49.400	0.037	4.079
49.600	0.033	4.079
49.800	0.034	4.079
50.000	0.032	4.079
50.200	0.031	4.078
50.400	0.030	4.078
50.600	0.029	4.078
50.800	0.029	4.078
51.000	0.028	4.078
51.200	0.027	4.078
51.400	0.028	4.078
51.600	0.028	4.078
51.800	0.029	4.078
52.000	0.027	4.078
52.200	0.027	4.078
52.400	0.026	4.078
52.600	0.027	4.078
52.800	0.026	4.078
53.000	0.026	4.078
53.200	0.027	4.078
53.400	0.028	4.078
53.600	0.028	4.078
53.800	0.027	4.078
54.000	0.028	4.078
54.200	0.027	4.078
54.400	0.027	4.078
54.600	0.027	4.078
54.800	0.026	4.078
55.000	0.027	4.078
55.200	0.026	4.078
55.400	0.027	4.078
55.600	0.026	4.078
55.800	0.025	4.078
56.000	0.026	4.078
56.200	0.024	4.078
56.400	0.027	4.078
56.600	0.025	4.078
56.800	0.025	4.078
57.000	0.025	4.078
57.200	0.024	4.078
57.400	0.024	4.078
57.600	0.025	4.078
57.800	0.025	4.078
58.000	0.026	4.078
58.200	0.025	4.078
58.400	0.022	4.078
58.600	0.024	4.078
58.800	0.025	4.078
59.000	0.024	4.078
59.200	0.025	4.078
59.400	0.025	4.078
59.600	0.023	4.078
59.800	0.025	4.078
60.000	0.025	4.078
60.200	0.025	4.078
60.400	0.026	4.078
60.600	0.024	4.077
60.800	0.025	4.077
61.000	0.026	4.077
61.200	0.023	4.077
61.400	0.024	4.077
61.600	0.024	4.077
61.800	0.024	4.077
62.000	0.024	4.077
62.200	0.024	4.077
62.400	0.023	4.077
62.600	0.022	4.077
62.800	0.022	4.077
63.000	0.022	4.077
63.200	0.023	4.077
63.400	0.023	4.077
63.600	0.025	4.077
63.800	0.022	4.077
64.000	0.022	4.077
64.200	0.024	4.077
64.400	0.022	4.077
64.600	0.025	4.077
64.800	0.026	4.077
65.000	0.026	4.077
65.200	0.024	4.077
65.400	0.025	4.077
65.600	0.023	4.077
65.800	0.024	4.077
66.000	0.025	4.077
66.200	0.024	4.077
66.400	0.022	4.077
66.600	0.023	4.077
66.800	0.024	4.077
67.000	0.024	4.077
67.200	0.022	4.077
67.400	0.023	4.077
67.600	0.022	4.077
67.800	0.022	4.077
68.000	0.022	4.077
68.200	0.024	4.077
68.400	0.023	4.077
68.600	0.021	4.077
68.800	0.024	4.077
69.000	0.025	4.077
69.200	0.024	4.077
69.400	0.023	4.077
69.600	0.024	4.077
69.800	0.022	4.077
70.000	0.022	4.077
70.200	0.023	4.077
70.400	0.022	4.077
70.600	0.023	4.077
70.800	0.024	4.077
71.000	0.023	4.077
71.200	0.022	4.077
71.400	0.024	4.077
71.600	0.025	4.077
71.800	0.023	4.077
72.000	0.023	4.077
72.200	0.023	4.077
72.400	0.024	4.077
72.600	0.024	4.077
72.800	0.024	4.077
73.000	0.023	4.077
73.200	0.023	4.077
73.400	0.023	4.077
73.600	0.024	4.077
73.800	0.023	4.077
74.000	0.023	4.077
74.200	0.024	4.077
74.400	0.023	4.077
74.600	0.024	4.077
74.800	0.024	4.077
75.000	0.023	4.077
75.200	0.024	4.077
75.400	0.023	4.077
75.600	0.025	4.077
75.800	0.025	4.077
76.000	0.024	4.077
76.200	0.023	4.077
76.400	0.024	4.077
76.600	0.023	4.077
76.800	0.024	4.077
77.000	0.024	4.077
77.200	0.024	4.077
77.400	0.023	4.077
77.600	0.024	4.077
77.800	0.024	4.077
78.000	0.025	4.077
78.200	0.023	4.077
78.400	0.024	4.077
78.600	0.023	4.077
78.800	0.022	4.077
79.000	0.023	4.077
79.200	0.023	4.077
79.400	0.022	4.077
79.600	0.024	4.077
79.800	0.022	4.077
80.000	0.023	4.077
80.200	0.026	4.077
80.400	0.026	4.077
80.600	0.026	4.077
80.800	0.023	4.077
81.000	0.025	4.077
81.200	0.024	4.077
81.400	0.025	4.077
81.600	0.024	4.077
81.800	0.025	4.077
82.000	0.025	4.077
82.200	0.025	4.077
82.400	0.025	4.077
82.600	0.025	4.077
82.800	0.024	4.077
83.000	0.025	4.077
83.200	0.025	4.077
83.400	0.025	4.077
83.600	0.025	4.077
83.800	0.024	4.077
84.000	0.025	4.077
84.200	0.023	4.077
84.400	0.024	4.077
84.600	0.024	4.077
84.800	0.023	4.077
85.000	0.022	4.077
85.200	0.023	4.076
85.400	0.023	4.076
85.600	0.023	4.077
85.800	0.022	4.076
86.000	0.023	4.077
86.200	0.023	4.077
86.400	0.023	4.077
86.600	0.024	4.076
86.800	0.023	4.076
87.000	0.023	4.076
87.200	0.023	4.076
87.400	0.024	4.076
87.600	0.023	4.076
87.800	0.023	4.076
88.000	0.024	4.076
88.200	0.023	4.076
88.400	0.023	4.076
88.600	0.024	4.076
88.800	0.022	4.076
89.000	0.022	4.076
89.200	0.023	4.076
89.400	0.023	4.076
89.600	0.024	4.076
89.800	0.024	4.076
90.000	0.024	4.076
90.200	0.024	4.076
90.400	0.024	4.076
90.600	0.024	4.076
90.800	0.024	4.076
91.000	0.024	4.076
91.200	0.023	4.076
91.400	0.025	4.076
91.600	0.025	4.076
91.800	0.025	4.076
92.000	0.024	4.076
92.200	0.023	4.076
92.400	0.024	4.076
92.600	0.024	4.076
92.800	0.025	4.076
93.000	0.024	4.076
93.200	0.023	4.076
93.400	0.022	4.076
93.600	0.024	4.076
93.800	0.022	4.076
94.000	0.023	4.076
94.200	0.022	4.076
94.400	0.023	4.076
94.600	0.024	4.076
94.800	0.024	4.076
95.000	0.022	4.076
95.200	0.022	4.076
95.400	0.023	4.076
95.600	0.022	4.076
95.800	0.022	4.076
96.000	0.022	4.076
96.200	0.023	4.076
96.400	0.023	4.076
96.600	0.023	4.076
96.800	0.023	4.076
97.000	0.024	4.076
97.200	0.024	4.076
97.400	0.024	4.076
97.600	0.023	4.076
97.800	0.023	4.076
98.000	0.022	4.076
98.200	0.023	4.076
98.400	0.024	4.076
98.600	0.023	4.076
98.800	0.024	4.076
99.000	0.024	4.076
99.200	0.023	4.076
99.400	0.024	4.076
99.600	0.023	4.076
99.800	0.022	4.076
100.000	0.023	4.076
100.200	0.025	4.076
100.400	0.023	4.076
100.600	0.023	4.076
100.800	0.023	4.076
101.000	0.023	4.076
101.200	0.024	4.076
101.400	0.024	4.076
101.600	0.023	4.076
101.800	0.022	4.076
102.000	0.023	4.076
102.200	0.022	4.076
102.400	0.026	4.076
102.600	0.024	4.076
102.800	0.023	4.076
103.000	0.022	4.076
103.200	0.022	4.076
103.400	0.024	4.076
103.600	0.022	4.076
103.800	0.023	4.076
104.000	0.023	4.076
104.200	0.023	4.076
104.400	0.024	4.076
104.600	0.024	4.076
104.800	0.023	4.076
105.000	0.022	4.076
105.200	0.024	4.076
105.400	0.021	4.076
105.600	0.022	4.076
105.800	0.022	4.076
106.000	0.023	4.076
106.200	0.022	4.076
106.400	0.023	4.076
106.600	0.023	4.076
106.800	0.022	4.076
107.000	0.023	4.076
107.200	0.023	4.076
107.400	0.020	4.076
107.600	0.022	4.076
107.800	0.022	4.076
108.000	0.021	4.076
108.200	0.021	4.076
108.400	0.022	4.076
108.600	0.021	4.076
108.800	0.022	4.076
109.000	0.021	4.076
109.200	0.023	4.076
109.400	0.022	4.076
109.600	0.022	4.076
109.800	0.024	4.076
110.000	0.022	4.076
110.200	0.021	4.076
110.400	0.022	4.076
110.600	0.023	4.076
110.800	0.022	4.076
111.000	0.022	4.076
111.200	0.024	4.076
111.400	0.025	4.076
111.600	0.023	4.076
111.800	0.022	4.076
112.000	0.021	4.076
112.200	0.021	4.076
112.400	0.021	4.076
112.600	0.020	4.076
112.800	0.022	4.076
113.000	0.021	4.076
113.200	0.021	4.076
113.400	0.021	4.076
113.600	0.021	4.076
113.800	0.023	4.076
114.000	0.023	4.076
114.200	0.022	4.076
114.400	0.022	4.076
114.600	0.021	4.076
114.800	0.020	4.076
115.000	0.022	4.076
115.200	0.022	4.076
115.400	0.021	4.076
115.600	0.022	4.076
115.800	0.020	4.076
116.000	0.021	4.076
116.200	0.019	4.076
116.400	0.020	4.076
116.600	0.019	4.076
116.800	0.021	4.076
117.000	0.022	4.076
117.200	0.020	4.076
117.400	0.023	4.076
117.600	0.022	4.076
117.800	0.022	4.076
118.000	0.023	4.076
118.200	0.021	4.076
118.400	0.021	4.076
118.600	0.021	4.076
118.800	0.020	4.076
119.000	0.020	4.076
119.200	0.021	4.076
119.400	0.020	4.076
119.600	0.023	4.076
119.800	0.022	4.076
120.000	0.021	4.076
120.200	0.021	4.076
120.400	0.023	4.076
120.600	0.020	4.076
120.800	0.020	4.076
121.000	0.021	4.076
121.200	0.022	4.076
121.400	0.023	4.076
121.600	0.019	4.076
121.800	0.020	4.076
122.000	0.022	4.076
122.200	0.023	4.076
122.400	0.023	4.076
122.600	0.022	4.076
122.800	0.021	4.076
123.000	0.021	4.076
123.200	0.022	4.076
123.400	0.021	4.076
123.600	0.021	4.076
123.800	0.022	4.076
124.000	0.021	4.076
124.200	0.021	4.076
124.400	0.023	4.076
124.600	0.021	4.076
124.800	0.022	4.076
125.000	0.022	4.076
125.200	0.021	4.076
125.400	0.023	4.076
125.600	0.021	4.076
125.800	0.022	4.076
126.000	0.022	4.076
126.200	0.021	4.076
126.400	0.021	4.076
126.600	0.022	4.076
126.800	0.021	4.076
127.000	0.021	4.076
127.200	0.023	4.076
127.400	0.023	4.076
127.600	0.023	4.076
127.800	0.022	4.076
128.000	0.021	4.076
128.200	0.021	4.076
128.400	0.020	4.076
128.600	0.020	4.076
128.800	0.019	4.076
129.000	0.020	4.076
129.200	0.019	4.076
129.400	0.021	4.076
129.600	0.021	4.076
129.800	0.022	4.076
130.000	0.021	4.076
130.200	0.020	4.076
130.400	0.022	4.076
130.600	0.021	4.076
130.800	0.021	4.076
131.000	0.020	4.076
131.200	0.021	4.076
131.400	0.021	4.076
131.600	0.021	4.076
131.800	0.021	4.076
132.000	0.021	4.076
132.200	0.018	4.076
132.400	0.021	4.076
132.600	0.020	4.076
132.800	0.020	4.076
133.000	0.021	4.076
133.200	0.020	4.076
133.400	0.020	4.076
133.600	0.021	4.076
133.800	0.020	4.076
134.000	0.021	4.076
134.200	0.021	4.076
134.400	0.021	4.076
134.600	0.020	4.076
134.800	0.021	4.076
135.000	0.020	4.076
135.200	0.020	4.076
135.400	0.020	4.076
135.600	0.019	4.076
135.800	0.020	4.076
136.000	0.020	4.076
136.200	0.022	4.076
136.400	0.020	4.076
136.600	0.019	4.076
136.800	0.019	4.076
137.000	0.021	4.076
137.200	0.019	4.076
137.400	0.019	4.076
137.600	0.021	4.076
137.800	0.021	4.076
138.000	0.020	4.076
138.200	0.020	4.076
138.400	0.020	4.076
138.600	0.021	4.076
138.800	0.021	4.076
139.000	0.019	4.076
139.200	0.021	4.076
139.400	0.022	4.076
139.600	0.022	4.076
139.800	0.019	4.076
140.000	0.021	4.076
140.200	0.021	4.076
140.400	0.021	4.076
140.600	0.022	4.076
140.800	0.020	4.076
141.000	0.021	4.076
141.200	0.021	4.076
141.400	0.020	4.076
141.600	0.019	4.076
141.800	0.021	4.076
142.000	0.022	4.076
142.200	0.022	4.076
142.400	0.021	4.076
142.600	0.020	4.076
142.800	0.021	4.076
143.000	0.020	4.076
143.200	0.020	4.076
143.400	0.020	4.076
143.600	0.021	4.076
143.800	0.021	4.076
144.000	0.022	4.076
144.200	0.020	4.076
144.400	0.020	4.076
144.600	0.021	4.076
144.800	0.021	4.076
145.000	0.021	4.076
145.200	0.021	4.076
145.400	0.020	4.076
145.600	0.021	4.076
145.800	0.022	4.076
146.000	0.022	4.076
146.200	0.022	4.076
146.400	0.020	4.076
146.600	0.020	4.076
146.800	0.021	4.076
147.000	0.021	4.076
147.200	0.021	4.076
147.400	0.023	4.076
147.600	0.022	4.076
147.800	0.021	4.076
148.000	0.021	4.076
148.200	0.021	4.076
148.400	0.020	4.076
148.600	0.021	4.076
148.800	0.020	4.076
149.000	0.020	4.076
149.200	0.020	4.076
149.400	0.023	4.076
149.600	0.020	4.076
149.800	0.023	4.076
150.000	0.021	4.076
150.200	0.021	4.076
150.400	0.021	4.076
150.600	0.020	4.076
150.800	0.020	4.076
151.000	0.021	4.076
151.200	0.021	4.076
151.400	0.022	4.076
151.600	0.022	4.076
151.800	0.022	4.076
152.000	0.021	4.076
152.200	0.022	4.076
152.400	0.021	4.076
152.600	0.022	4.076
152.800	0.021	4.076
153.000	0.024	4.076
153.200	0.021	4.076
153.400	0.022	4.076
153.600	0.021	4.076
153.800	0.020	4.076
154.000	0.020	4.076
154.200	0.021	4.076
154.400	0.022	4.076
154.600	0.020	4.076
154.800	0.023	4.076
155.000	0.021	4.076
155.200	0.023	4.076
155.400	0.022	4.076
155.600	0.021	4.076
155.800	0.020	4.076
156.000	0.023	4.076
156.200	0.022	4.076
156.400	0.022	4.076
156.600	0.023	4.076
156.800	0.022	4.076
157.000	0.021	4.076
157.200	0.021	4.076
157.400	0.024	4.076
157.600	0.023	4.076
157.800	0.023	4.076
158.000	0.024	4.076
158.200	0.024	4.076
158.400	0.024	4.076
158.600	0.021	4.076
158.800	0.024	4.076
159.000	0.024	4.076
159.200	0.022	4.076
159.400	0.024	4.076
159.600	0.024	4.076
159.800	0.022	4.076
160.000	0.023	4.076
160.200	0.022	4.076
160.400	0.023	4.076
160.600	0.024	4.076
160.800	0.023	4.076
161.000	0.021	4.076
161.200	0.023	4.076
161.400	0.021	4.076
161.600	0.022	4.076
161.800	0.022	4.076
162.000	0.022	4.076
162.200	0.023	4.076
162.400	0.022	4.076
162.600	0.021	4.076
162.800	0.023	4.076
163.000	0.022	4.076
163.200	0.021	4.076
163.400	0.023	4.076
163.600	0.021	4.076
163.800	0.021	4.076
164.000	0.022	4.076
164.200	0.021	4.076
164.400	0.021	4.076
164.600	0.021	4.076
164.800	0.022	4.076
165.000	0.022	4.076
165.200	0.022	4.076
165.400	0.021	4.076
165.600	0.022	4.076
165.800	0.021	4.076
166.000	0.021	4.076
166.200	0.023	4.076
166.400	0.022	4.076
166.600	0.021	4.076
166.800	0.022	4.076
167.000	0.023	4.076
167.200	0.022	4.076
167.400	0.022	4.076
167.600	0.023	4.076
167.800	0.023	4.076
168.000	0.023	4.076
168.200	0.022	4.076
168.400	0.021	4.076
168.600	0.021	4.076
168.800	0.024	4.076
169.000	0.024	4.076
169.200	0.023	4.076
169.400	0.023	4.076
169.600	0.023	4.076
169.800	0.024	4.076
170.000	0.023	4.076
170.200	0.022	4.076
170.400	0.024	4.076
170.600	0.022	4.076
170.800	0.023	4.076
171.000	0.021	4.076
171.200	0.020	4.076
171.400	0.022	4.076
171.600	0.022	4.076
171.800	0.022	4.076
172.000	0.022	4.076
172.200	0.022	4.076
172.400	0.023	4.076
172.600	0.022	4.076
172.800	0.022	4.076
173.000	0.025	4.076
173.200	0.024	4.076
173.400	0.022	4.076
173.600	0.022	4.076
173.800	0.022	4.076
174.000	0.023	4.076
174.200	0.022	4.076
174.400	0.022	4.076
174.600	0.022	4.076
174.800	0.023	4.076
175.000	0.023	4.076
175.200	0.022	4.076
175.400	0.022	4.076
175.600	0.020	4.076
175.800	0.021	4.076
176.000	0.021	4.076
176.200	0.022	4.076
176.400	0.020	4.076
176.600	0.021	4.076
176.800	0.020	4.076
177.000	0.021	4.076
177.200	0.021	4.076
177.400	0.022	4.076
177.600	0.021	4.076
177.800	0.023	4.076
178.000	0.024	4.076
178.200	0.022	4.076
178.400	0.024	4.076
178.600	0.024	4.076
178.800	0.023	4.076
179.000	0.023	4.076
179.200	0.022	4.076
179.400	0.022	4.076
179.600	0.025	4.076
179.800	0.022	4.076
180.000	0.023	4.076
180.200	0.022	4.076
180.400	0.022	4.076
180.600	0.023	4.076
180.800	0.022	4.076
181.000	0.022	4.076
181.200	0.024	4.076
181.400	0.023	4.076
181.600	0.023	4.076
181.800	0.023	4.076
182.000	0.022	4.076
182.200	0.023	4.076
182.400	0.024	4.076
182.600	0.023	4.076
182.800	0.023	4.076
183.000	0.021	4.076
183.200	0.023	4.076
183.400	0.023	4.076
183.600	0.023	4.076
183.800	0.023	4.076
184.000	0.022	4.076
184.200	0.023	4.076
184.400	0.023	4.076
184.600	0.023	4.076
184.800	0.022	4.076
185.000	0.022	4.076
185.200	0.024	4.076
185.400	0.023	4.076
185.600	0.022	4.076
185.800	0.022	4.076
186.000	0.023	4.076
186.200	0.024	4.076
186.400	0.023	4.076
186.600	0.023	4.076
186.800	0.023	4.076
187.000	0.024	4.076
187.200	0.023	4.076
187.400	0.023	4.076
187.600	0.024	4.076
187.800	0.024	4.076
188.000	0.024	4.076
188.200	0.023	4.076
188.400	0.023	4.076
188.600	0.023	4.076
188.800	0.025	4.076
189.000	0.023	4.076
189.200	0.023	4.076
189.400	0.025	4.076
189.600	0.024	4.076
189.800	0.024	4.076
190.000	0.025	4.076
190.200	0.025	4.076
190.400	0.025	4.076
190.600	0.025	4.076
190.800	0.024	4.076
191.000	0.022	4.076
191.200	0.023	4.076
191.400	0.024	4.076
191.600	0.022	4.076
191.800	0.023	4.076
192.000	0.022	4.076
192.200	0.025	4.076
192.400	0.022	4.076
192.600	0.025	4.076
192.800	0.024	4.076
193.000	0.023	4.076
193.200	0.024	4.076
193.400	0.024	4.076
193.600	0.024	4.076
193.800	0.023	4.076
194.000	0.023	4.076
194.200	0.024	4.076
194.400	0.024	4.076
194.600	0.022	4.076
194.800	0.024	4.076
195.000	0.023	4.076
195.200	0.023	4.076
195.400	0.024	4.076
195.600	0.023	4.076
195.800	0.024	4.076
196.000	0.024	4.076
196.200	0.024	4.076
196.400	0.025	4.076
196.600	0.024	4.076
196.800	0.024	4.076
197.000	0.024	4.076
197.200	0.023	4.076
197.400	0.024	4.076
197.600	0.025	4.076
197.800	0.022	4.076
198.000	0.024	4.076
198.200	0.023	4.076
198.400	0.025	4.076
198.600	0.025	4.076
198.800	0.025	4.076
199.000	0.024	4.076
199.200	0.023	4.076
199.400	0.024	4.076
199.600	0.024	4.076
199.800	0.024	4.076
200.000	0.023	4.076
200.200	0.024	4.076
200.400	0.024	4.076
200.600	0.025	4.076
200.800	0.024	4.076
201.000	0.025	4.076
201.200	0.024	4.076
201.400	0.023	4.076
201.600	0.024	4.076
201.800	0.024	4.076
202.000	0.023	4.076
202.200	0.023	4.076
202.400	0.023	4.076
202.600	0.021	4.076
202.800	0.023	4.076
203.000	0.023	4.076
203.200	0.022	4.076
203.400	0.025	4.076
203.600	0.023	4.076
203.800	0.023	4.076
204.000	0.023	4.076
204.200	0.024	4.076
204.400	0.024	4.076
204.600	0.025	4.076
204.800	0.024	4.076
205.000	0.022	4.076
205.200	0.024	4.076
205.400	0.023	4.076
205.600	0.024	4.076
205.800	0.025	4.076
206.000	0.023	4.076
206.200	0.023	4.076
206.400	0.021	4.076
206.600	0.022	4.076
206.800	0.022	4.076
207.000	0.022	4.076
207.200	0.022	4.076
207.400	0.023	4.076
207.600	0.024	4.076
207.800	0.023	4.076
208.000	0.022	4.076
208.200	0.022	4.076
208.400	0.021	4.076
208.600	0.022	4.076
208.800	0.023	4.076
209.000	0.021	4.076
209.200	0.022	4.076
209.400	0.022	4.076
209.600	0.023	4.076
209.800	0.023	4.076
210.000	0.022	4.076
210.200	0.024	4.076
210.400	0.023	4.076
210.600	0.023	4.076
210.800	0.022	4.076
211.000	0.021	4.076
211.200	0.022	4.076
211.400	0.024	4.076
211.600	0.022	4.076
211.800	0.023	4.076
212.000	0.023	4.076
212.200	0.023	4.076
212.400	0.024	4.076
212.600	0.023	4.076
212.800	0.024	4.076
213.000	0.024	4.076
213.200	0.024	4.076
213.400	0.025	4.076
213.600	0.024	4.076
213.800	0.023	4.076
214.000	0.024	4.076
214.200	0.023	4.076
214.400	0.023	4.076
214.600	0.023	4.076
214.800	0.024	4.076
215.000	0.023	4.076
215.200	0.024	4.076
215.400	0.024	4.076
215.600	0.024	4.076
215.800	0.023	4.076
216.000	0.025	4.076
216.200	0.023	4.076
216.400	0.023	4.076
216.600	0.025	4.076
216.800	0.024	4.076
217.000	0.024	4.076
217.200	0.023	4.076
217.400	0.023	4.076
217.600	0.023	4.076
217.800	0.024	4.076
218.000	0.023	4.076
218.200	0.024	4.076
218.400	0.025	4.076
218.600	0.023	4.076
218.800	0.025	4.076
219.000	0.023	4.076
219.200	0.023	4.076
219.400	0.024	4.076
219.600	0.025	4.076
219.800	0.026	4.076
220.000	0.024	4.076
220.200	0.026	4.076
220.400	0.025	4.076
220.600	0.026	4.076
220.800	0.025	4.076
221.000	0.024	4.076
221.200	0.025	4.076
221.400	0.025	4.076
221.600	0.025	4.076
221.800	0.025	4.076
222.000	0.026	4.076
222.200	0.026	4.076
222.400	0.026	4.076
222.600	0.026	4.076
222.800	0.026	4.076
223.000	0.024	4.076
223.200	0.024	4.076
223.400	0.024	4.076
223.600	0.024	4.076
223.800	0.023	4.076
224.000	0.025	4.076
224.200	0.025	4.076
224.400	0.024	4.076
224.600	0.024	4.076
224.800	0.026	4.076
225.000	0.024	4.076
225.200	0.025	4.076
225.400	0.026	4.076
225.600	0.023	4.076
225.800	0.024	4.076
226.000	0.024	4.076
226.200	0.024	4.076
226.400	0.024	4.076
226.600	0.024	4.076
226.800	0.024	4.076
227.000	0.025	4.076
227.200	0.024	4.076
227.400	0.025	4.076
227.600	0.024	4.076
227.800	0.025	4.076
228.000	0.023	4.076
228.200	0.024	4.076
228.400	0.024	4.076
228.600	0.022	4.076
228.800	0.023	4.076
229.000	0.023	4.076
229.200	0.023	4.076
229.400	0.024	4.076
229.600	0.025	4.076
229.800	0.023	4.076
230.000	0.023	4.076
230.200	0.023	4.076
230.400	0.025	4.076
230.600	0.023	4.076
230.800	0.024	4.076
231.000	0.025	4.076
231.200	0.024	4.076
231.400	0.025	4.076
231.600	0.024	4.076
231.800	0.023	4.076
232.000	0.025	4.076
232.200	0.025	4.076
232.400	0.026	4.076
232.600	0.025	4.076
232.800	0.026	4.076
233.000	0.026	4.076
233.200	0.025	4.076
233.400	0.026	4.076
233.600	0.026	4.076
233.800	0.026	4.076
234.000	0.025	4.076
234.200	0.026	4.076
234.400	0.026	4.076
234.600	0.027	4.076
234.800	0.024	4.076
235.000	0.026	4.076
235.200	0.026	4.076
235.400	0.026	4.076
235.600	0.025	4.076
235.800	0.025	4.076
236.000	0.025	4.076
236.200	0.024	4.076
236.400	0.025	4.076
236.600	0.025	4.076
236.800	0.025	4.076
237.000	0.025	4.076
237.200	0.023	4.076
237.400	0.025	4.076
237.600	0.023	4.076
237.800	0.025	4.076
238.000	0.026	4.076
238.200	0.025	4.076
238.400	0.024	4.076
238.600	0.025	4.076
238.800	0.025	4.076
239.000	0.023	4.076
239.200	0.026	4.076
239.400	0.026	4.076
239.600	0.026	4.076
239.800	0.024	4.076
240.000	0.026	4.076
240.200	0.027	4.076
240.400	0.025	4.076
240.600	0.026	4.076
240.800	0.025	4.076
241.000	0.025	4.076
241.200	0.024	4.076
241.400	0.023	4.076
241.600	0.025	4.076
241.800	0.023	4.076
242.000	0.024	4.076
242.200	0.023	4.076
242.400	0.025	4.076
242.600	0.024	4.076
242.800	0.024	4.076
243.000	0.025	4.076
243.200	0.023	4.076
243.400	0.023	4.076
243.600	0.025	4.076
243.800	0.025	4.076
244.000	0.025	4.076
244.200	0.026	4.076
244.400	0.025	4.076
244.600	0.026	4.076
244.800	0.026	4.076
245.000	0.025	4.076
245.200	0.026	4.076
245.400	0.025	4.076
245.600	0.026	4.076
245.800	0.027	4.076
246.000	0.026	4.076
246.200	0.024	4.076
246.400	0.026	4.076
246.600	0.026	4.076
246.800	0.026	4.076
247.000	0.025	4.076
247.200	0.025	4.076
247.400	0.025	4.076
247.600	0.025	4.076
247.800	0.026	4.076
248.000	0.026	4.076
248.200	0.024	4.076
248.400	0.026	4.076
248.600	0.025	4.076
248.800	0.025	4.076
249.000	0.026	4.076
249.200	0.025	4.076
249.400	0.025	4.076
249.600	0.025	4.076
249.800	0.024	4.076
250.000	0.022	4.076
250.200	0.024	4.076
250.400	0.024	4.076
250.600	0.023	4.076
250.800	0.025	4.076
251.000	0.024	4.076
251.200	0.023	4.076
251.400	0.022	4.076
251.600	0.025	4.076
251.800	0.025	4.076
252.000	0.024	4.076
252.200	0.025	4.076
252.400	0.024	4.076
252.600	0.024	4.076
252.800	0.024	4.076
253.000	0.026	4.076
253.200	0.024	4.076
253.400	0.024	4.076
253.600	0.024	4.076
253.800	0.026	4.076
254.000	0.025	4.076
254.200	0.024	4.076
254.400	0.024	4.076
254.600	0.025	4.076
254.800	0.026	4.076
255.000	0.026	4.076
255.200	0.026	4.076
255.400	0.024	4.076
255.600	0.025	4.076
255.800	0.026	4.076
256.000	0.025	4.076
256.200	0.025	4.076
256.400	0.024	4.076
256.600	0.025	4.076
256.800	0.026	4.076
257.000	0.025	4.076
257.200	0.026	4.076
257.400	0.025	4.076
257.600	0.026	4.076
257.800	0.027	4.076
258.000	0.025	4.076
258.200	0.027	4.076
258.400	0.025	4.076
258.600	0.024	4.076
258.800	0.024	4.076
259.000	0.024	4.076
259.200	0.025	4.076
259.400	0.025	4.076
259.600	0.025	4.076
259.800	0.024	4.076
260.000	0.024	4.076
260.200	0.024	4.076
260.400	0.025	4.076
260.600	0.026	4.076
260.800	0.026	4.076
261.000	0.026	4.076
261.200	0.025	4.076
261.400	0.026	4.076
261.600	0.024	4.076
261.800	0.024	4.076
262.000	0.025	4.076
262.200	0.023	4.076
262.400	0.025	4.076
262.600	0.025	4.076
262.800	0.026	4.076
263.000	0.026	4.076
263.200	0.025	4.076
263.400	0.025	4.076
263.600	0.025	4.076
263.800	0.025	4.076
264.000	0.026	4.076
264.200	0.025	4.076
264.400	0.025	4.076
264.600	0.025	4.076
264.800	0.025	4.076
265.000	0.026	4.076
265.200	0.025	4.076
265.400	0.025	4.076
265.600	0.025	4.076
265.800	0.025	4.076
266.000	0.024	4.076
266.200	0.024	4.076
266.400	0.024	4.076
266.600	0.025	4.076
266.800	0.025	4.076
267.000	0.025	4.076
267.200	0.025	4.076
267.400	0.024	4.076
267.600	0.024	4.076
267.800	0.025	4.076
268.000	0.026	4.076
268.200	0.026	4.076
268.400	0.026	4.076
268.600	0.026	4.076
268.800	0.026	4.076
269.000	0.025	4.076
269.200	0.025	4.076
269.400	0.025	4.076
269.600	0.024	4.076
269.800	0.024	4.076
270.000	0.024	4.076
270.200	0.025	4.076
270.400	0.025	4.076
270.600	0.024	4.076
270.800	0.024	4.076
271.000	0.025	4.076
271.200	0.025	4.076
271.400	0.025	4.076
271.600	0.026	4.076
271.800	0.025	4.076
272.000	0.024	4.076
272.200	0.024	4.076
272.400	0.024	4.076
272.600	0.025	4.076
272.800	0.025	4.076
273.000	0.025	4.076
273.200	0.026	4.076
273.400	0.025	4.076
273.600	0.027	4.076
273.800	0.026	4.076
274.000	0.025	4.076
274.200	0.024	4.076
274.400	0.025	4.076
274.600	0.026	4.076
274.800	0.025	4.076
275.000	0.026	4.076
275.200	0.025	4.076
275.400	0.025	4.076
275.600	0.024	4.076
275.800	0.025	4.076
276.000	0.026	4.076
276.200	0.023	4.076
276.400	0.024	4.076
276.600	0.024	4.076
276.800	0.024	4.076
277.000	0.023	4.076
277.200	0.024	4.076
277.400	0.024	4.076
277.600	0.025	4.076
277.800	0.025	4.076
278.000	0.024	4.076
278.200	0.023	4.076
278.400	0.024	4.076
278.600	0.024	4.076
278.800	0.022	4.076
279.000	0.022	4.076
279.200	0.024	4.076
279.400	0.023	4.076
279.600	0.023	4.076
279.800	0.023	4.076
280.000	0.023	4.076
280.200	0.023	4.076
280.400	0.022	4.076
280.600	0.025	4.076
280.800	0.023	4.076
281.000	0.024	4.076
281.200	0.024	4.076
281.400	0.024	4.076
281.600	0.023	4.076
281.800	0.025	4.076
282.000	0.023	4.076
282.200	0.024	4.076
282.400	0.024	4.076
282.600	0.023	4.076
282.800	0.023	4.076
283.000	0.024	4.076
283.200	0.024	4.076
283.400	0.023	4.076
283.600	0.022	4.076
283.800	0.021	4.075
284.000	0.020	4.076
284.200	0.023	4.076
284.400	0.022	4.076
284.600	0.022	4.076
284.800	0.024	4.076
285.000	0.021	4.075
285.200	0.021	4.076
285.400	0.022	4.076
285.600	0.021	4.076
285.800	0.022	4.076
286.000	0.023	4.076
286.200	0.022	4.076
286.400	0.021	4.076
286.600	0.023	4.076
286.800	0.023	4.076
287.000	0.023	4.076
287.200	0.022	4.075
287.400	0.023	4.076
287.600	0.022	4.076
287.800	0.022	4.076
288.000	0.023	4.076
288.200	0.024	4.076
288.400	0.022	4.075
288.600	0.022	4.076
288.800	0.022	4.076
289.000	0.022	4.076
289.200	0.023	4.076
289.400	0.023	4.076
289.600	0.022	4.076
289.800	0.022	4.076
290.000	0.023	4.075
290.200	0.023	4.076
290.400	0.022	4.076
290.600	0.023	4.076
290.800	0.024	4.076
291.000	0.023	4.076
291.200	0.024	4.076
291.400	0.023	4.076
291.600	0.024	4.076
291.800	0.024	4.076
292.000	0.023	4.076
292.200	0.023	4.076
292.400	0.023	4.076
292.600	0.024	4.076
292.800	0.023	4.075
293.000	0.023	4.076
293.200	0.023	4.076
293.400	0.022	4.076
293.600	0.022	4.076
293.800	0.022	4.076
294.000	0.022	4.075
294.200	0.024	4.075
294.400	0.026	4.076
294.600	0.025	4.076
294.800	0.024	4.076
295.000	0.024	4.076
295.200	0.024	4.076
295.400	0.024	4.076
295.600	0.024	4.076
295.800	0.024	4.076
296.000	0.026	4.076
296.200	0.023	4.076
296.400	0.022	4.076
296.600	0.023	4.076
296.800	0.023	4.076
297.000	0.023	4.076
297.200	0.024	4.076
297.400	0.024	4.076
297.600	0.025	4.076
297.800	0.025	4.076
298.000	0.026	4.076
298.200	0.025	4.076
298.400	0.025	4.076
298.600	0.025	4.076
298.800	0.026	4.076
299.000	0.026	4.076
299.200	0.025	4.076
299.400	0.027	4.076
299.600	0.026	4.076
299.800	0.025	4.076
300.000	0.025	4.076
300.200	0.025	4.076
300.400	0.026	4.076
300.600	0.024	4.076
300.800	0.027	4.076
301.000	0.026	4.076
301.200	0.024	4.076
301.400	0.024	4.076
301.600	0.024	4.076
301.800	0.025	4.076
302.000	0.025	4.076
302.200	0.026	4.076
302.400	0.026	4.076
302.600	0.023	4.076
302.800	0.025	4.076
303.000	0.024	4.076
303.200	0.023	4.076
303.400	0.024	4.076
303.600	0.024	4.076
303.800	0.025	4.076
304.000	0.024	4.076
304.200	0.024	4.076
304.400	0.023	4.076
304.600	0.025	4.076
304.800	0.024	4.076
305.000	0.024	4.076
305.200	0.025	4.076
305.400	0.024	4.076
305.600	0.024	4.076
305.800	0.024	4.076
306.000	0.025	4.076
306.200	0.026	4.076
306.400	0.026	4.076
306.600	0.023	4.076
306.800	0.023	4.076
307.000	0.023	4.076
307.200	0.026	4.076
307.400	0.024	4.076
307.600	0.025	4.076
307.800	0.025	4.076
308.000	0.026	4.076
308.200	0.025	4.076
308.400	0.026	4.076
308.600	0.025	4.076
308.800	0.024	4.076
309.000	0.026	4.076
309.200	0.026	4.076
309.400	0.024	4.076
309.600	0.026	4.076
309.800	0.027	4.076
310.000	0.027	4.076
310.200	0.026	4.076
310.400	0.027	4.076
310.600	0.026	4.076
310.800	0.026	4.076
311.000	0.026	4.076
311.200	0.025	4.076
311.400	0.024	4.076
311.600	0.025	4.076
311.800	0.025	4.076
312.000	0.026	4.076
312.200	0.025	4.076
312.400	0.025	4.076
312.600	0.024	4.076
312.800	0.026	4.076
313.000	0.024	4.076
313.200	0.025	4.076
313.400	0.024	4.076
313.600	0.025	4.076
313.800	0.024	4.076
314.000	0.025	4.076
314.200	0.025	4.076
314.400	0.026	4.076
314.600	0.025	4.075
314.800	0.026	4.076
315.000	0.026	4.076
315.200	0.025	4.076
315.400	0.026	4.076
315.600	0.025	4.076
315.800	0.024	4.076
316.000	0.024	4.076
316.200	0.026	4.076
316.400	0.024	4.076
316.600	0.025	4.076
316.800	0.023	4.076
317.000	0.023	4.075
317.200	0.024	4.076
317.400	0.025	4.076
317.600	0.025	4.076
317.800	0.024	4.076
318.000	0.026	4.076
318.200	0.025	4.076
318.400	0.024	4.076
318.600	0.024	4.076
318.800	0.024	4.075
319.000	0.025	4.076
319.200	0.024	4.075
319.400	0.025	4.076
319.600	0.024	4.076
319.800	0.024	4.076
320.000	0.024	4.076
320.200	0.025	4.076
320.400	0.023	4.076
320.600	0.023	4.076
320.800	0.024	4.076
321.000	0.025	4.076
321.200	0.024	4.076
321.400	0.024	4.076
321.600	0.026	4.076
321.800	0.024	4.076
322.000	0.023	4.076
322.200	0.024	4.075
322.400	0.023	4.075
322.600	0.023	4.076
322.800	0.025	4.076
323.000	0.024	4.076
323.200	0.025	4.076
323.400	0.026	4.076
323.600	0.024	4.076
323.800	0.025	4.076
324.000	0.025	4.076
324.200	0.024	4.076
324.400	0.023	4.076
324.600	0.024	4.076
324.800	0.024	4.076
325.000	0.022	4.075
325.200	0.023	4.075
325.400	0.024	4.076
325.600	0.025	4.076
325.800	0.023	4.075
326.000	0.025	4.076
326.200	0.025	4.076
326.400	0.025	4.076
326.600	0.024	4.076
326.800	0.025	4.076
327.000	0.024	4.076
327.200	0.024	4.075
327.400	0.023	4.075
327.600	0.024	4.076
327.800	0.024	4.076
328.000	0.025	4.075
328.200	0.025	4.076
328.400	0.025	4.076
328.600	0.024	4.076
328.800	0.024	4.076
329.000	0.025	4.076
329.200	0.024	4.076
329.400	0.024	4.076
329.600	0.024	4.076
329.800	0.025	4.076
330.000	0.023	4.076
330.200	0.023	4.076
330.400	0.024	4.076
330.600	0.025	4.076
330.800	0.023	4.076
331.000	0.026	4.076
331.200	0.024	4.076
331.400	0.024	4.076
331.600	0.024	4.076
331.800	0.024	4.076
332.000	0.024	4.076
332.200	0.022	4.076
332.400	0.025	4.076
332.600	0.025	4.076
332.800	0.022	4.076
333.000	0.024	4.075
333.200	0.024	4.076
333.400	0.024	4.076
333.600	0.026	4.076
333.800	0.023	4.075
334.000	0.023	4.076
334.200	0.025	4.076
334.400	0.024	4.075
334.600	0.024	4.076
334.800	0.023	4.076
335.000	0.022	4.076
335.200	0.023	4.075
335.400	0.025	4.076
335.600	0.026	4.076
335.800	0.027	4.076
336.000	0.025	4.076
336.200	0.024	4.076
336.400	0.025	4.076
336.600	0.025	4.076
336.800	0.024	4.076
337.000	0.025	4.076
337.200	0.024	4.076
337.400	0.024	4.076
337.600	0.025	4.076
337.800	0.025	4.076
338.000	0.024	4.076
338.200	0.025	4.076
338.400	0.026	4.076
338.600	0.026	4.076
338.800	0.024	4.076
339.000	0.025	4.076
339.200	0.026	4.076
339.400	0.025	4.076
339.600	0.023	4.076
339.800	0.024	4.075
340.000	0.025	4.076
340.200	0.026	4.076
340.400	0.024	4.076
340.600	0.026	4.076
340.800	0.028	4.076
341.000	0.026	4.076
341.200	0.027	4.076
341.400	0.026	4.076
341.600	0.026	4.076
341.800	0.026	4.076
342.000	0.026	4.076
342.200	0.026	4.076
342.400	0.026	4.076
342.600	0.026	4.076
342.800	0.025	4.075
343.000	0.025	4.076
343.200	0.025	4.075
343.400	0.025	4.076
343.600	0.026	4.076
343.800	0.026	4.075
344.000	0.024	4.075
344.200	0.026	4.076
344.400	0.026	4.076
344.600	0.024	4.075
344.800	0.027	4.076
345.000	0.025	4.076
345.200	0.024	4.076
345.400	0.024	4.076
345.600	0.024	4.076
345.800	0.025	4.076
346.000	0.027	4.076
346.200	0.026	4.075
346.400	0.026	4.076
346.600	0.027	4.075
346.800	0.025	4.075
347.000	0.026	4.075
347.200	0.025	4.075
347.400	0.025	4.075
347.600	0.025	4.075
347.800	0.025	4.075
348.000	0.025	4.076
348.200	0.025	4.076
348.400	0.026	4.076
348.600	0.024	4.076
348.800	0.027	4.076
349.000	0.026	4.076
349.200	0.024	4.076
349.400	0.025	4.076
349.600	0.024	4.075
349.800	0.025	4.075
350.000	0.025	4.075
350.200	0.023	4.075
350.400	0.026	4.075
350.600	0.026	4.076
350.800	0.024	4.075
351.000	0.026	4.076
351.200	0.026	4.076
351.400	0.025	4.076
351.600	0.024	4.076
351.800	0.023	4.075
352.000	0.025	4.075
352.200	0.025	4.076
352.400	0.024	4.076
352.600	0.023	4.076
352.800	0.024	4.076
353.000	0.024	4.076
353.200	0.023	4.076
353.400	0.025	4.076
353.600	0.023	4.076
353.800	0.024	4.076
354.000	0.025	4.075
354.200	0.024	4.075
354.400	0.024	4.075
354.600	0.022	4.075
354.800	0.024	4.075
355.000	0.025	4.075
355.200	0.023	4.075
355.400	0.025	4.075
355.600	0.024	4.075
355.800	0.024	4.075
356.000	0.025	4.075
356.200	0.023	4.076
356.400	0.023	4.075
356.600	0.024	4.075
356.800	0.023	4.075
357.000	0.024	4.075
357.200	0.023	4.075
357.400	0.024	4.075
357.600	0.025	4.075
357.800	0.024	4.075
358.000	0.025	4.075
358.200	0.022	4.075
358.400	0.024	4.075
358.600	0.024	4.075
358.800	0.022	4.075
359.000	0.023	4.075
359.200	0.023	4.075
359.400	0.023	4.075
359.600	0.024	4.075
359.800	0.024	4.075
360.000	0.025	4.075
360.200	0.024	4.075
360.400	0.023	4.075
360.600	0.023	4.075
360.800	0.023	4.075
361.000	0.025	4.075
361.200	0.024	4.075
361.400	0.023	4.075
361.600	0.024	4.075
361.800	0.025	4.075
362.000	0.027	4.075
362.200	0.024	4.075
362.400	0.025	4.075
362.600	0.022	4.075
362.800	0.024	4.075
363.000	0.025	4.075
363.200	0.024	4.075
363.400	0.023	4.075
363.600	0.025	4.075
363.800	0.023	4.075
364.000	0.025	4.075
364.200	0.023	4.075
364.400	0.024	4.075
364.600	0.024	4.075
364.800	0.024	4.075
365.000	0.024	4.075
365.200	0.024	4.075
365.400	0.025	4.075
365.600	0.025	4.075
365.800	0.024	4.075
366.000	0.026	4.075
366.200	0.023	4.075
366.400	0.023	4.075
366.600	0.024	4.075
366.800	0.025	4.075
367.000	0.024	4.075
367.200	0.024	4.075
367.400	0.024	4.075
367.600	0.023	4.075
367.800	0.025	4.075
368.000	0.024	4.075
368.200	0.024	4.075
368.400	0.025	4.075
368.600	0.025	4.075
368.800	0.023	4.075
369.000	0.024	4.075
369.200	0.025	4.075
369.400	0.024	4.075
369.600	0.024	4.075
369.800	0.025	4.075
370.000	0.024	4.075
370.200	0.024	4.075
370.400	0.025	4.075
370.600	0.026	4.075
370.800	0.025	4.075
371.000	0.023	4.075
371.200	0.025	4.075
371.400	0.024	4.075
371.600	0.025	4.075
371.800	0.023	4.075
372.000	0.024	4.075
372.200	0.025	4.075
372.400	0.024	4.075
372.600	0.023	4.075
372.800	0.025	4.075
373.000	0.024	4.075
373.200	0.024	4.075
373.400	0.025	4.075
373.600	0.025	4.075
373.800	0.024	4.075
374.000	0.024	4.075
374.200	0.023	4.075
374.400	0.025	4.075
374.600	0.026	4.075
374.800	0.025	4.075
375.000	0.024	4.075
375.200	0.025	4.075
375.400	0.025	4.075
375.600	0.024	4.075
375.800	0.025	4.075
376.000	0.025	4.075
376.200	0.025	4.075
376.400	0.025	4.075
376.600	0.026	4.075
376.800	0.024	4.075
377.000	0.025	4.075
377.200	0.024	4.075
377.400	0.026	4.075
377.600	0.024	4.075
377.800	0.023	4.075
378.000	0.025	4.075
378.200	0.023	4.075
378.400	0.025	4.075
378.600	0.026	4.075
378.800	0.025	4.075
379.000	0.025	4.075
379.200	0.025	4.075
379.400	0.023	4.075
379.600	0.024	4.075
379.800	0.024	4.075
380.000	0.022	4.075
380.200	0.021	4.075
380.400	0.023	4.075
380.600	0.024	4.075
380.800	0.024	4.075
381.000	0.024	4.075
381.200	0.023	4.075
381.400	0.024	4.075
381.600	0.024	4.075
381.800	0.025	4.075
382.000	0.025	4.075
382.200	0.024	4.075
382.400	0.025	4.075
382.600	0.025	4.075
382.800	0.025	4.075
383.000	0.024	4.075
383.200	0.022	4.075
383.400	0.023	4.075
383.600	0.022	4.075
383.800	0.024	4.075
384.000	0.024	4.075
384.200	0.023	4.075
384.400	0.022	4.075
384.600	0.022	4.075
384.800	0.023	4.075
385.000	0.023	4.075
385.200	0.022	4.075
385.400	0.022	4.075
385.600	0.023	4.075
385.800	0.023	4.075
386.000	0.023	4.075
386.200	0.023	4.075
386.400	0.025	4.075
386.600	0.024	4.075
386.800	0.023	4.075
387.000	0.024	4.075
387.200	0.022	4.075
387.400	0.024	4.075
387.600	0.022	4.075
387.800	0.023	4.075
388.000	0.025	4.075
388.200	0.024	4.075
388.400	0.023	4.075
388.600	0.024	4.075
388.800	0.024	4.075
389.000	0.024	4.075
389.200	0.024	4.075
389.400	0.023	4.075
389.600	0.024	4.075
389.800	0.024	4.075
390.000	0.023	4.075
390.200	0.023	4.075
390.400	0.024	4.075
390.600	0.023	4.075
390.800	0.022	4.075
391.000	0.022	4.075
391.200	0.023	4.075
391.400	0.022	4.075
391.600	0.023	4.075
391.800	0.022	4.075
392.000	0.023	4.075
392.200	0.022	4.075
392.400	0.021	4.075
392.600	0.022	4.075
392.800	0.022	4.075
393.000	0.023	4.075
393.200	0.021	4.075
393.400	0.023	4.075
393.600	0.023	4.075
393.800	0.023	4.075
394.000	0.024	4.075
394.200	0.024	4.075
394.400	0.023	4.075
394.600	0.023	4.075
394.800	0.024	4.075
395.000	0.024	4.075
395.200	0.023	4.075
395.400	0.024	4.075
395.600	0.024	4.075
395.800	0.024	4.075
396.000	0.023	4.075
396.200	0.022	4.075
396.400	0.024	4.075
396.600	0.022	4.075
396.800	0.022	4.075
397.000	0.023	4.075
397.200	0.022	4.075
397.400	0.022	4.075
397.600	0.022	4.075
397.800	0.022	4.075
398.000	0.022	4.075
398.200	0.022	4.075
398.400	0.021	4.075
398.600	0.022	4.075
398.800	0.020	4.075
399.000	0.020	4.075
399.200	0.021	4.075
399.400	0.022	4.075
399.600	0.022	4.075
399.800	0.021	4.075
400.000	0.022	4.075
400.200	0.020	4.075
400.400	0.020	4.075
400.600	0.022	4.075
400.800	0.021	4.075
401.000	0.022	4.075
401.200	0.022	4.075
401.400	0.021	4.075
401.600	0.023	4.075
401.800	0.022	4.075
402.000	0.021	4.075
402.200	0.022	4.075
402.400	0.022	4.075
402.600	0.021	4.075
402.800	0.022	4.075
403.000	0.021	4.075
403.200	0.022	4.075
403.400	0.021	4.075
403.600	0.021	4.075
403.800	0.022	4.075
404.000	0.023	4.075
404.200	0.022	4.075
404.400	0.023	4.075
404.600	0.022	4.075
404.800	0.023	4.075
405.000	0.022	4.075
405.200	0.023	4.075
405.400	0.021	4.075
405.600	0.022	4.075
405.800	0.022	4.075
406.000	0.021	4.075
406.200	0.020	4.075
406.400	0.022	4.075
406.600	0.023	4.075
406.800	0.022	4.075
407.000	0.022	4.075
407.200	0.022	4.075
407.400	0.023	4.075
407.600	0.022	4.075
407.800	0.022	4.075
408.000	0.022	4.075
408.200	0.024	4.075
408.400	0.024	4.075
408.600	0.023	4.075
408.800	0.021	4.075
409.000	0.023	4.075
409.200	0.022	4.075
409.400	0.022	4.075
409.600	0.023	4.075
409.800	0.021	4.075
410.000	0.022	4.075
410.200	0.021	4.075
410.400	0.023	4.075
410.600	0.022	4.075
410.800	0.021	4.075
411.000	0.023	4.075
411.200	0.022	4.075
411.400	0.023	4.075
411.600	0.022	4.075
411.800	0.022	4.075
412.000	0.022	4.075
412.200	0.022	4.075
412.400	0.022	4.075
412.600	0.021	4.075
412.800	0.021	4.075
413.000	0.020	4.075
413.200	0.022	4.075
413.400	0.022	4.075
413.600	0.020	4.075
413.800	0.021	4.075
414.000	0.022	4.075
414.200	0.020	4.075
414.400	0.022	4.075
414.600	0.023	4.075
414.800	0.023	4.075
415.000	0.022	4.075
415.200	0.022	4.075
415.400	0.024	4.075
415.600	0.022	4.075
415.800	0.021	4.075
416.000	0.022	4.075
416.200	0.023	4.075
416.400	0.023	4.075
416.600	0.020	4.075
416.800	0.022	4.075
417.000	0.022	4.075
417.200	0.020	4.075
417.400	0.020	4.075
417.600	0.021	4.075
417.800	0.022	4.075
418.000	0.022	4.075
418.200	0.022	4.075
418.400	0.022	4.075
418.600	0.022	4.075
418.800	0.022	4.075
419.000	0.021	4.075
419.200	0.022	4.075
419.400	0.022	4.075
419.600	0.022	4.075
419.800	0.022	4.075
420.000	0.022	4.075
420.200	0.022	4.075
420.400	0.022	4.075
420.600	0.020	4.075
420.800	0.023	4.075
421.000	0.022	4.075
421.200	0.021	4.075
421.400	0.020	4.075
421.600	0.022	4.075
421.800	0.022	4.075
422.000	0.022	4.075
422.200	0.022	4.075
422.400	0.021	4.075
422.600	0.022	4.075
422.800	0.021	4.075
423.000	0.022	4.075
423.200	0.022	4.075
423.400	0.023	4.075
423.600	0.023	4.075
423.800	0.023	4.075
424.000	0.022	4.075
424.200	0.022	4.075
424.400	0.022	4.075
424.600	0.022	4.075
424.800	0.022	4.075
425.000	0.021	4.075
425.200	0.024	4.075
425.400	0.022	4.075
425.600	0.023	4.075
425.800	0.021	4.075
426.000	0.022	4.075
426.200	0.022	4.075
426.400	0.023	4.075
426.600	0.024	4.075
426.800	0.024	4.075
427.000	0.024	4.075
427.200	0.023	4.075
427.400	0.023	4.075
427.600	0.024	4.075
427.800	0.023	4.075
428.000	0.023	4.075
428.200	0.022	4.075
428.400	0.022	4.075
428.600	0.024	4.075
428.800	0.021	4.075
429.000	0.023	4.075
429.200	0.022	4.075
429.400	0.023	4.075
429.600	0.023	4.075
429.800	0.021	4.075
430.000	0.024	4.075
430.200	0.022	4.075
430.400	0.024	4.075
430.600	0.025	4.075
430.800	0.021	4.075
431.000	0.024	4.075
431.200	0.024	4.075
431.400	0.024	4.075
431.600	0.024	4.075
431.800	0.024	4.075
432.000	0.023	4.075
432.200	0.021	4.075
432.400	0.022	4.075
432.600	0.022	4.075
432.800	0.023	4.075
433.000	0.023	4.075
433.200	0.024	4.075
433.400	0.023	4.075
433.600	0.024	4.075
433.800	0.024	4.075
434.000	0.023	4.075
434.200	0.024	4.075
434.400	0.023	4.075
434.600	0.023	4.075
434.800	0.023	4.075
435.000	0.024	4.075
435.200	0.023	4.075
435.400	0.023	4.075
435.600	0.023	4.075
435.800	0.021	4.075
436.000	0.023	4.075
436.200	0.024	4.075
436.400	0.022	4.075
436.600	0.023	4.075
436.800	0.024	4.075
437.000	0.024	4.075
437.200	0.025	4.075
437.400	0.024	4.075
437.600	0.023	4.075
437.800	0.023	4.075
438.000	0.023	4.075
438.200	0.023	4.075
438.400	0.023	4.075
438.600	0.023	4.075
438.800	0.023	4.075
439.000	0.022	4.075
439.200	0.022	4.075
439.400	0.023	4.075
439.600	0.023	4.075
439.800	0.022	4.075
440.000	0.023	4.075
440.200	0.023	4.075
440.400	0.022	4.075
440.600	0.023	4.075
440.800	0.023	4.075
441.000	0.025	4.075
441.200	0.024	4.075
441.400	0.024	4.075
441.600	0.023	4.075
441.800	0.023	4.075
442.000	0.023	4.075
442.200	0.025	4.075
442.400	0.023	4.075
442.600	0.023	4.075
442.800	0.023	4.075
443.000	0.023	4.075
443.200	0.023	4.075
443.400	0.023	4.075
443.600	0.023	4.075
443.800	0.023	4.075
444.000	0.024	4.075
444.200	0.023	4.075
444.400	0.024	4.075
444.600	0.024	4.075
444.800	0.024	4.075
445.000	0.023	4.075
445.200	0.023	4.075
445.400	0.023	4.075
445.600	0.024	4.075
445.800	0.023	4.075
446.000	0.023	4.075
446.200	0.022	4.075
446.400	0.023	4.075
446.600	0.023	4.075
446.800	0.024	4.075
447.000	0.022	4.075
447.200	0.023	4.075
447.400	0.023	4.075
447.600	0.022	4.075
447.800	0.023	4.075
448.000	0.024	4.075
448.200	0.020	4.075
448.400	0.023	4.075
448.600	0.023	4.075
448.800	0.022	4.075
449.000	0.023	4.075
449.200	0.024	4.075
449.400	0.023	4.075
449.600	0.023	4.075
449.800	0.023	4.075
450.000	0.024	4.075
450.200	0.024	4.075
450.400	0.024	4.075
450.600	0.025	4.075
450.800	0.023	4.075
451.000	0.023	4.075
451.200	0.022	4.075
451.400	0.023	4.075
451.600	0.024	4.075
451.800	0.024	4.075
452.000	0.024	4.075
452.200	0.021	4.075
452.400	0.023	4.075
452.600	0.024	4.075
452.800	0.024	4.075
453.000	0.023	4.075
453.200	0.025	4.075
453.400	0.025	4.075
453.600	0.026	4.075
453.800	0.025	4.075
454.000	0.024	4.075
454.200	0.025	4.075
454.400	0.022	4.075
454.600	0.024	4.075
454.800	0.024	4.075
455.000	0.025	4.075
455.200	0.024	4.075
455.400	0.024	4.075
455.600	0.024	4.075
455.800	0.024	4.075
456.000	0.024	4.075
456.200	0.025	4.075
456.400	0.025	4.075
456.600	0.024	4.075
456.800	0.024	4.075
457.000	0.023	4.075
457.200	0.024	4.075
457.400	0.023	4.075
457.600	0.024	4.075
457.800	0.025	4.075
458.000	0.025	4.075
458.200	0.024	4.075
458.400	0.025	4.075
458.600	0.025	4.075
458.800	0.024	4.075
459.000	0.023	4.075
459.200	0.025	4.075
459.400	0.025	4.075
459.600	0.024	4.075
459.800	0.024	4.075
460.000	0.025	4.075
460.200	0.026	4.075
460.400	0.025	4.075
460.600	0.025	4.075
460.800	0.025	4.075
461.000	0.026	4.075
461.200	0.024	4.075
461.400	0.025	4.075
461.600	0.025	4.075
461.800	0.025	4.075
462.000	0.024	4.075
462.200	0.025	4.075
462.400	0.025	4.075
462.600	0.026	4.075
462.800	0.025	4.075
463.000	0.025	4.075
463.200	0.025	4.075
463.400	0.024	4.075
463.600	0.025	4.075
463.800	0.026	4.075
464.000	0.024	4.075
464.200	0.025	4.075
464.400	0.024	4.075
464.600	0.023	4.075
464.800	0.024	4.075
465.000	0.023	4.075
465.200	0.023	4.075
465.400	0.023	4.075
465.600	0.024	4.075
465.800	0.024	4.075
466.000	0.024	4.075
466.200	0.025	4.075
466.400	0.024	4.075
466.600	0.023	4.075
466.800	0.024	4.075
467.000	0.024	4.075
467.200	0.024	4.075
467.400	0.023	4.075
467.600	0.024	4.075
467.800	0.025	4.075
468.000	0.024	4.075
468.200	0.025	4.075
468.400	0.023	4.075
468.600	0.023	4.075
468.800	0.024	4.075
469.000	0.024	4.075
469.200	0.025	4.075
469.400	0.024	4.075
469.600	0.023	4.075
469.800	0.024	4.075
470.000	0.024	4.075
470.200	0.023	4.075
470.400	0.024	4.075
470.600	0.023	4.075
470.800	0.024	4.075
471.000	0.023	4.075
471.200	0.024	4.075
471.400	0.023	4.075
471.600	0.022	4.075
471.800	0.025	4.075
472.000	0.024	4.075
472.200	0.023	4.075
472.400	0.025	4.075
472.600	0.024	4.075
472.800	0.023	4.075
473.000	0.022	4.075
473.200	0.022	4.075
473.400	0.022	4.075
473.600	0.024	4.075
473.800	0.023	4.075
474.000	0.024	4.075
474.200	0.024	4.075
474.400	0.022	4.075
474.600	0.024	4.075
474.800	0.024	4.075
475.000	0.024	4.075
475.200	0.023	4.075
475.400	0.023	4.075
475.600	0.024	4.075
475.800	0.023	4.075
476.000	0.025	4.075
476.200	0.026	4.075
476.400	0.025	4.075
476.600	0.024	4.075
476.800	0.024	4.075
477.000	0.024	4.075
477.200	0.022	4.075
477.400	0.023	4.075
477.600	0.024	4.075
477.800	0.023	4.075
478.000	0.024	4.075
478.200	0.024	4.075
478.400	0.024	4.075
478.600	0.025	4.075
478.800	0.024	4.075
479.000	0.026	4.075
479.200	0.024	4.075
479.400	0.024	4.075
479.600	0.024	4.075
479.800	0.025	4.075
480.000	0.024	4.075
480.200	0.024	4.075
480.400	0.024	4.075
480.600	0.025	4.075
480.800	0.024	4.075
481.000	0.024	4.075
481.200	0.024	4.075
481.400	0.024	4.075
481.600	0.025	4.075
481.800	0.023	4.075
482.000	0.025	4.075
482.200	0.023	4.075
482.400	0.025	4.075
482.600	0.024	4.075
482.800	0.024	4.075
483.000	0.024	4.075
483.200	0.025	4.075
483.400	0.024	4.075
483.600	0.025	4.075
483.800	0.024	4.075
484.000	0.025	4.075
484.200	0.025	4.075
484.400	0.026	4.075
484.600	0.025	4.075
484.800	0.024	4.075
485.000	0.024	4.075
485.200	0.022	4.075
485.400	0.023	4.075
485.600	0.024	4.075
485.800	0.025	4.075
486.000	0.024	4.075
486.200	0.023	4.075
486.400	0.024	4.075
486.600	0.023	4.075
486.800	0.023	4.075
487.000	0.022	4.075
487.200	0.023	4.075
487.400	0.024	4.075
487.600	0.025	4.075
487.800	0.023	4.075
488.000	0.021	4.075
488.200	0.021	4.075
488.400	0.022	4.075
488.600	0.024	4.075
488.800	0.025	4.075
489.000	0.023	4.075
489.200	0.022	4.075
489.400	0.023	4.075
489.600	0.023	4.075
489.800	0.022	4.075
490.000	0.025	4.075
490.200	0.024	4.075
490.400	0.023	4.075
490.600	0.024	4.075
490.800	0.025	4.075
491.000	0.025	4.075
491.200	0.023	4.075
491.400	0.024	4.075
491.600	0.025	4.075
491.800	0.025	4.075
492.000	0.025	4.075
492.200	0.023	4.075
492.400	0.023	4.075
492.600	0.024	4.075
492.800	0.022	4.075
493.000	0.021	4.075
493.200	0.023	4.075
493.400	0.022	4.075
493.600	0.023	4.075
493.800	0.023	4.075
494.000	0.025	4.075
494.200	0.024	4.075
494.400	0.022	4.075
494.600	0.023	4.075
494.800	0.023	4.075
495.000	0.024	4.075
495.200	0.025	4.075
495.400	0.025	4.075
495.600	0.025	4.075
495.800	0.026	4.075
496.000	0.024	4.075
496.200	0.024	4.075
496.400	0.024	4.075
496.600	0.025	4.075
496.800	0.025	4.075
497.000	0.026	4.075
497.200	0.024	4.075
497.400	0.024	4.075
497.600	0.023	4.075
497.800	0.023	4.075
498.000	0.026	4.075
498.200	0.025	4.075
498.400	0.025	4.075
498.600	0.025	4.075
498.800	0.026	4.075
499.000	0.025	4.075
499.200	0.024	4.075
499.400	0.025	4.075
499.600	0.023	4.075
499.800	0.024	4.075
500.000	0.024	4.075
500.200	0.023	4.075
500.400	0.023	4.075
500.600	0.023	4.075
500.800	0.023	4.075
501.000	0.023	4.075
501.200	0.023	4.075
501.400	0.022	4.075
501.600	0.023	4.075
501.800	0.025	4.075
502.000	0.023	4.075
502.200	0.023	4.075
502.400	0.023	4.075
502.600	0.022	4.075
502.800	0.022	4.075
503.000	0.022	4.075
503.200	0.022	4.075
503.400	0.024	4.075
503.600	0.024	4.075
503.800	0.024	4.075
504.000	0.024	4.075
504.200	0.023	4.075
504.400	0.022	4.075
504.600	0.022	4.075
504.800	0.022	4.075
505.000	0.023	4.075
505.200	0.022	4.075
505.400	0.023	4.075
505.600	0.023	4.075
505.800	0.022	4.075
506.000	0.022	4.075
506.200	0.022	4.075
506.400	0.022	4.075
506.600	0.022	4.075
506.800	0.023	4.075
507.000	0.024	4.075
507.200	0.023	4.075
507.400	0.022	4.075
507.600	0.022	4.075
507.800	0.022	4.075
508.000	0.023	4.075
508.200	0.022	4.075
508.400	0.023	4.075
508.600	0.022	4.075
508.800	0.023	4.075
509.000	0.023	4.075
509.200	0.023	4.075
509.400	0.024	4.075
509.600	0.024	4.075
509.800	0.024	4.075
510.000	0.023	4.075
510.200	0.024	4.075
510.400	0.024	4.075
510.600	0.026	4.075
510.800	0.024	4.075
511.000	0.024	4.075
511.200	0.023	4.075
511.400	0.026	4.075
511.600	0.023	4.075
511.800	0.023	4.075
512.000	0.023	4.075
512.200	0.023	4.075
512.400	0.023	4.075
512.600	0.024	4.075
512.800	0.022	4.075
513.000	0.023	4.075
513.200	0.022	4.075
513.400	0.024	4.075
513.600	0.024	4.075
513.800	0.024	4.075
514.000	0.023	4.075
514.200	0.023	4.075
514.400	0.023	4.075
514.600	0.023	4.075
514.800	0.023	4.075
515.000	0.022	4.075
515.200	0.023	4.075
515.400	0.023	4.075
515.600	0.023	4.075
515.800	0.024	4.075
516.000	0.023	4.075
516.200	0.023	4.075
516.400	0.023	4.075
516.600	0.023	4.075
516.800	0.025	4.075
517.000	0.023	4.075
517.200	0.025	4.075
517.400	0.023	4.075
517.600	0.021	4.075
517.800	0.023	4.075
518.000	0.022	4.075
518.200	0.023	4.075
518.400	0.024	4.075
518.600	0.024	4.075
518.800	0.023	4.075
519.000	0.024	4.075
519.200	0.024	4.075
519.400	0.024	4.075
519.600	0.024	4.075
519.800	0.024	4.075
520.000	0.023	4.075
520.200	0.024	4.075
520.400	0.024	4.075
520.600	0.024	4.075
520.800	0.023	4.075
521.000	0.024	4.075
521.200	0.023	4.075
521.400	0.025	4.075
521.600	0.024	4.075
521.800	0.022	4.075
522.000	0.023	4.075
522.200	0.023	4.075
522.400	0.023	4.075
522.600	0.025	4.075
522.800	0.025	4.075
523.000	0.023	4.075
523.200	0.022	4.075
523.400	0.023	4.075
523.600	0.025	4.075
523.800	0.024	4.075
524.000	0.024	4.075
524.200	0.026	4.075
524.400	0.024	4.075
524.600	0.023	4.075
524.800	0.023	4.075
525.000	0.024	4.075
525.200	0.024	4.075
525.400	0.025	4.075
525.600	0.025	4.075
525.800	0.024	4.075
526.000	0.024	4.075
526.200	0.024	4.075
526.400	0.024	4.075
526.600	0.025	4.075
526.800	0.025	4.075
527.000	0.024	4.075
527.200	0.024	4.075
527.400	0.024	4.075
527.600	0.024	4.075
527.800	0.024	4.075
528.000	0.024	4.075
528.200	0.025	4.075
528.400	0.024	4.075
528.600	0.023	4.075
528.800	0.024	4.075
529.000	0.025	4.075
529.200	0.024	4.075
529.400	0.023	4.075
529.600	0.024	4.075
529.800	0.025	4.075
530.000	0.022	4.075
530.200	0.022	4.075
530.400	0.024	4.075
530.600	0.025	4.075
530.800	0.024	4.075
531.000	0.026	4.075
531.200	0.024	4.075
531.400	0.023	4.075
531.600	0.023	4.075
531.800	0.024	4.075
532.000	0.024	4.075
532.200	0.024	4.075
532.400	0.024	4.075
532.600	0.024	4.075
532.800	0.024	4.075
533.000	0.024	4.075
533.200	0.023	4.075
533.400	0.023	4.075
533.600	0.022	4.075
533.800	0.022	4.075
534.000	0.021	4.075
534.200	0.022	4.075
534.400	0.023	4.075
534.600	0.023	4.075
534.800	0.023	4.075
535.000	0.023	4.075
535.200	0.024	4.075
535.400	0.023	4.075
535.600	0.022	4.075
535.800	0.023	4.075
536.000	0.023	4.075
536.200	0.022	4.075
536.400	0.023	4.075
536.600	0.023	4.075
536.800	0.024	4.075
537.000	0.022	4.075
537.200	0.024	4.075
537.400	0.023	4.075
537.600	0.024	4.075
537.800	0.022	4.075
538.000	0.022	4.075
538.200	0.023	4.075
538.400	0.023	4.075
538.600	0.023	4.075
538.800	0.024	4.075
539.000	0.025	4.075
539.200	0.023	4.075
539.400	0.024	4.075
539.600	0.024	4.075
539.800	0.023	4.075
540.000	0.024	4.075
540.200	0.023	4.075
540.400	0.023	4.075
540.600	0.025	4.075
540.800	0.025	4.075
541.000	0.023	4.075
541.200	0.024	4.075
541.400	0.023	4.075
541.600	0.023	4.075
541.800	0.024	4.075
542.000	0.021	4.075
542.200	0.024	4.075
542.400	0.023	4.075
542.600	0.023	4.075
542.800	0.022	4.075
543.000	0.023	4.075
543.200	0.023	4.075
543.400	0.023	4.075
543.600	0.022	4.075
543.800	0.022	4.075
544.000	0.023	4.075
544.200	0.022	4.075
544.400	0.021	4.075
544.600	0.021	4.075
544.800	0.022	4.075
545.000	0.022	4.075
545.200	0.024	4.075
545.400	0.021	4.075
545.600	0.022	4.075
545.800	0.021	4.075
546.000	0.022	4.075
546.200	0.021	4.075
546.400	0.022	4.075
546.600	0.023	4.075
546.800	0.022	4.075
547.000	0.022	4.075
547.200	0.021	4.075
547.400	0.023	4.075
547.600	0.022	4.075
547.800	0.020	4.075
548.000	0.022	4.075
548.200	0.023	4.075
548.400	0.021	4.075
548.600	0.022	4.075
548.800	0.021	4.075
549.000	0.021	4.075
549.200	0.021	4.075
549.400	0.023	4.075
549.600	0.021	4.075
549.800	0.023	4.075
550.000	0.023	4.075
550.200	0.023	4.075
550.400	0.022	4.075
550.600	0.022	4.075
550.800	0.020	4.075
551.000	0.021	4.075
551.200	0.021	4.075
551.400	0.022	4.075
551.600	0.022	4.075
551.800	0.021	4.075
552.000	0.022	4.075
552.200	0.020	4.075
552.400	0.020	4.075
552.600	0.022	4.075
552.800	0.023	4.075
553.000	0.023	4.075
553.200	0.023	4.075
553.400	0.021	4.075
553.600	0.024	4.075
553.800	0.021	4.075
554.000	0.022	4.075
554.200	0.020	4.075
554.400	0.020	4.075
554.600	0.022	4.075
554.800	0.020	4.075
555.000	0.022	4.075
555.200	0.022	4.075
555.400	0.021	4.075
555.600	0.021	4.075
555.800	0.022	4.075
556.000	0.022	4.075
556.200	0.023	4.075
556.400	0.022	4.075
556.600	0.023	4.075
556.800	0.022	4.075
557.000	0.020	4.075
557.200	0.021	4.075
557.400	0.022	4.075
557.600	0.022	4.075
557.800	0.022	4.075
558.000	0.023	4.075
558.200	0.024	4.075
558.400	0.023	4.075
558.600	0.021	4.075
558.800	0.022	4.075
559.000	0.023	4.075
559.200	0.023	4.075
559.400	0.022	4.075
559.600	0.022	4.075
559.800	0.022	4.075
560.000	0.024	4.075
560.200	0.023	4.075
560.400	0.021	4.075
560.600	0.023	4.075
560.800	0.023	4.075
561.000	0.024	4.075
561.200	0.024	4.075
561.400	0.023	4.075
561.600	0.023	4.075
561.800	0.024	4.075
562.000	0.026	4.075
562.200	0.023	4.075
562.400	0.023	4.075
562.600	0.023	4.075
562.800	0.023	4.075
563.000	0.021	4.075
563.200	0.022	4.075
563.400	0.023	4.075
563.600	0.023	4.075
563.800	0.021	4.075
564.000	0.024	4.075
564.200	0.024	4.075
564.400	0.023	4.075
564.600	0.024	4.075
564.800	0.022	4.075
565.000	0.023	4.075
565.200	0.023	4.075
565.400	0.023	4.075
565.600	0.023	4.075
565.800	0.022	4.075
566.000	0.022	4.075
566.200	0.022	4.075
566.400	0.023	4.075
566.600	0.023	4.075
566.800	0.021	4.075
567.000	0.022	4.075
567.200	0.023	4.075
567.400	0.023	4.075
567.600	0.021	4.075
567.800	0.023	4.075
568.000	0.022	4.075
568.200	0.022	4.075
568.400	0.022	4.075
568.600	0.023	4.075
568.800	0.023	4.075
569.000	0.022	4.075
569.200	0.022	4.075
569.400	0.023	4.075
569.600	0.023	4.075
569.800	0.021	4.075
570.000	0.023	4.075
570.200	0.022	4.075
570.400	0.022	4.075
570.600	0.022	4.075
570.800	0.022	4.075
571.000	0.023	4.075
571.200	0.022	4.075
571.400	0.023	4.075
571.600	0.022	4.075
571.800	0.023	4.075
572.000	0.022	4.075
572.200	0.025	4.075
572.400	0.022	4.075
572.600	0.023	4.075
572.800	0.025	4.075
573.000	0.025	4.075
573.200	0.023	4.075
573.400	0.022	4.075
573.600	0.023	4.075
573.800	0.021	4.075
574.000	0.023	4.075
574.200	0.022	4.075
574.400	0.023	4.075
574.600	0.022	4.075
574.800	0.024	4.075
575.000	0.023	4.075
575.200	0.022	4.075
575.400	0.023	4.075
575.600	0.024	4.075
575.800	0.024	4.075
576.000	0.023	4.075
576.200	0.022	4.075
576.400	0.022	4.075
576.600	0.024	4.075
576.800	0.023	4.075
577.000	0.023	4.075
577.200	0.022	4.075
577.400	0.022	4.075
577.600	0.023	4.075
577.800	0.023	4.075
578.000	0.023	4.075
578.200	0.024	4.075
578.400	0.022	4.075
578.600	0.022	4.075
578.800	0.022	4.075
579.000	0.023	4.075
579.200	0.023	4.075
579.400	0.022	4.075
579.600	0.022	4.075
579.800	0.022	4.075
580.000	0.024	4.075
580.200	0.023	4.075
580.400	0.023	4.075
580.600	0.023	4.075
580.800	0.022	4.075
581.000	0.021	4.075
581.200	0.022	4.075
581.400	0.023	4.075
581.600	0.023	4.075
581.800	0.023	4.075
582.000	0.022	4.075
582.200	0.024	4.075
582.400	0.024	4.075
582.600	0.024	4.075
582.800	0.023	4.075
583.000	0.023	4.075
583.200	0.025	4.075
583.400	0.025	4.075
583.600	0.024	4.075
583.800	0.024	4.075
584.000	0.025	4.075
584.200	0.023	4.075
584.400	0.023	4.075
584.600	0.023	4.075
584.800	0.023	4.075
585.000	0.023	4.075
585.200	0.024	4.075
585.400	0.025	4.075
585.600	0.022	4.075
585.800	0.023	4.075
586.000	0.024	4.075
586.200	0.024	4.075
586.400	0.026	4.075
586.600	0.025	4.075
586.800	0.023	4.075
587.000	0.024	4.075
587.200	0.024	4.075
587.400	0.024	4.075
587.600	0.023	4.075
587.800	0.024	4.075
588.000	0.024	4.075
588.200	0.024	4.075
588.400	0.025	4.075
588.600	0.023	4.075
588.800	0.024	4.075
589.000	0.023	4.075
589.200	0.023	4.075
589.400	0.023	4.075
589.600	0.023	4.075
589.800	0.022	4.075
590.000	0.022	4.075
590.200	0.025	4.075
590.400	0.024	4.075
590.600	0.025	4.075
590.800	0.023	4.075
591.000	0.023	4.075
591.200	0.023	4.075
591.400	0.023	4.075
591.600	0.022	4.075
591.800	0.023	4.075
592.000	0.022	4.075
592.200	0.022	4.075
592.400	0.022	4.075
592.600	0.023	4.075
592.800	0.024	4.075
593.000	0.023	4.075
593.200	0.024	4.075
593.400	0.023	4.075
593.600	0.024	4.075
593.800	0.022	4.075
594.000	0.022	4.075
594.200	0.022	4.075
594.400	0.023	4.075
594.600	0.023	4.075
594.800	0.024	4.075
595.000	0.023	4.075
595.200	0.023	4.075
595.400	0.024	4.075
595.600	0.024	4.075
595.800	0.024	4.075
596.000	0.023	4.075
596.200	0.024	4.075
596.400	0.023	4.075
596.600	0.023	4.075
596.800	0.022	4.075
597.000	0.023	4.075
597.200	0.023	4.075
597.400	0.023	4.075
597.600	0.024	4.075
597.800	0.023	4.075
598.000	0.025	4.075
598.200	0.024	4.075
598.400	0.023	4.075
598.600	0.023	4.075
598.800	0.024	4.075
599.000	0.022	4.075
599.200	0.023	4.075
599.400	0.022	4.075
599.600	0.025	4.075
599.800	0.025	4.075
600.000	0.024	4.075
600.200	0.024	4.075
600.400	0.024	4.075
600.600	0.024	4.075
600.800	0.023	4.075
601.000	0.024	4.075
601.200	0.024	4.075
601.400	0.025	4.075
601.600	0.023	4.075
601.800	0.022	4.075
602.000	0.025	4.075
602.200	0.024	4.075
602.400	0.025	4.075
602.600	0.024	4.075
602.800	0.024	4.075
603.000	0.024	4.075
603.200	0.024	4.075
603.400	0.025	4.075
603.600	0.023	4.075
603.800	0.025	4.075
604.000	0.025	4.075
604.200	0.023	4.075
604.400	0.023	4.075
604.600	0.023	4.075
604.800	0.024	4.075
605.000	0.023	4.075
605.200	0.024	4.075
605.400	0.023	4.075
605.600	0.022	4.075
605.800	0.022	4.075
606.000	0.022	4.075
606.200	0.022	4.075
606.400	0.023	4.075
606.600	0.023	4.075
606.800	0.023	4.075
607.000	0.023	4.075
607.200	0.024	4.075
607.400	0.023	4.075
607.600	0.024	4.075
607.800	0.022	4.075
608.000	0.023	4.075
608.200	0.023	4.075
608.400	0.022	4.075
608.600	0.023	4.075
608.800	0.023	4.075
609.000	0.023	4.075
609.200	0.023	4.075
609.400	0.025	4.075
609.600	0.025	4.075
609.800	0.026	4.075
610.000	0.026	4.075
610.200	0.024	4.075
610.400	0.024	4.075
610.600	0.024	4.075
610.800	0.024	4.075
611.000	0.024	4.075
611.200	0.024	4.075
611.400	0.025	4.075
611.600	0.024	4.075
611.800	0.025	4.075
612.000	0.024	4.075
612.200	0.024	4.075
612.400	0.026	4.075
612.600	0.025	4.075
612.800	0.023	4.075
613.000	0.023	4.075
613.200	0.022	4.075
613.400	0.024	4.075
613.600	0.023	4.075
613.800	0.022	4.075
614.000	0.024	4.075
614.200	0.023	4.075
614.400	0.024	4.075
614.600	0.026	4.075
614.800	0.024	4.075
615.000	0.022	4.075
615.200	0.022	4.075
615.400	0.024	4.075
615.600	0.024	4.075
615.800	0.024	4.075
616.000	0.024	4.075
616.200	0.023	4.075
616.400	0.025	4.075
616.600	0.023	4.075
616.800	0.023	4.075
617.000	0.023	4.075
617.200	0.025	4.075
617.400	0.023	4.075
617.600	0.024	4.075
617.800	0.024	4.075
618.000	0.023	4.075
618.200	0.022	4.075
618.400	0.022	4.075
618.600	0.024	4.075
618.800	0.025	4.075
619.000	0.022	4.075
619.200	0.024	4.075
619.400	0.025	4.075
619.600	0.023	4.075
619.800	0.024	4.075
620.000	0.024	4.075
620.200	0.023	4.075
620.400	0.024	4.075
620.600	0.023	4.075
620.800	0.024	4.075
621.000	0.025	4.075
621.200	0.024	4.075
621.400	0.024	4.075
621.600	0.024	4.075
621.800	0.024	4.075
622.000	0.024	4.075
622.200	0.023	4.075
622.400	0.024	4.075
622.600	0.024	4.075
622.800	0.023	4.075
623.000	0.024	4.075
623.200	0.023	4.075
623.400	0.025	4.075
623.600	0.025	4.075
623.800	0.026	4.075
624.000	0.023	4.075
624.200	0.023	4.075
624.400	0.023	4.075
624.600	0.022	4.075
624.800	0.022	4.075
625.000	0.022	4.075
625.200	0.023	4.075
625.400	0.021	4.075
625.600	0.022	4.075
625.800	0.021	4.075
626.000	0.022	4.075
626.200	0.023	4.075
626.400	0.022	4.075
626.600	0.024	4.075
626.800	0.023	4.075
627.000	0.022	4.075
627.200	0.022	4.075
627.400	0.022	4.075
627.600	0.021	4.075
627.800	0.023	4.075
628.000	0.024	4.075
628.200	0.023	4.075
628.400	0.021	4.075
628.600	0.023	4.075
628.800	0.023	4.075
629.000	0.023	4.075
629.200	0.022	4.075
629.400	0.023	4.075
629.600	0.023	4.075
629.800	0.023	4.075
630.000	0.023	4.075
630.200	0.023	4.075
630.400	0.022	4.075
630.600	0.023	4.075
630.800	0.023	4.075
631.000	0.021	4.075
631.200	0.022	4.075
631.400	0.022	4.075
631.600	0.022	4.075
631.800	0.022	4.075
632.000	0.022	4.075
632.200	0.023	4.075
632.400	0.023	4.075
632.600	0.021	4.075
632.800	0.023	4.075
633.000	0.022	4.075
633.200	0.021	4.075
633.400	0.022	4.075
633.600	0.022	4.075
633.800	0.022	4.075
634.000	0.024	4.075
634.200	0.020	4.075
634.400	0.022	4.075
634.600	0.023	4.075
634.800	0.023	4.075
635.000	0.023	4.075
635.200	0.024	4.075
635.400	0.022	4.075
635.600	0.023	4.075
635.800	0.021	4.075
636.000	0.022	4.075
636.200	0.023	4.075
636.400	0.023	4.075
636.600	0.022	4.075
636.800	0.021	4.075
637.000	0.022	4.075
637.200	0.023	4.075
637.400	0.023	4.075
637.600	0.023	4.075
637.800	0.022	4.075
638.000	0.022	4.075
638.200	0.022	4.075
638.400	0.021	4.075
638.600	0.021	4.075
638.800	0.023	4.075
639.000	0.023	4.075
639.200	0.024	4.075
639.400	0.020	4.075
639.600	0.024	4.075
639.800	0.022	4.075
640.000	0.023	4.075
640.200	0.021	4.075
640.400	0.023	4.075
640.600	0.023	4.075
640.800	0.023	4.075
641.000	0.021	4.075
641.200	0.023	4.075
641.400	0.022	4.075
641.600	0.023	4.075
641.800	0.023	4.075
642.000	0.022	4.075
642.200	0.022	4.075
642.400	0.022	4.075
642.600	0.022	4.075
642.800	0.022	4.075
643.000	0.021	4.075
643.200	0.021	4.075
643.400	0.022	4.075
643.600	0.021	4.075
643.800	0.023	4.075
644.000	0.023	4.075
644.200	0.022	4.075
644.400	0.023	4.075
644.600	0.023	4.075
644.800	0.024	4.075
645.000	0.022	4.075
645.200	0.023	4.075
645.400	0.022	4.075
645.600	0.023	4.075
645.800	0.023	4.075
646.000	0.023	4.075
646.200	0.022	4.075
646.400	0.023	4.075
646.600	0.023	4.075
646.800	0.022	4.075
647.000	0.023	4.075
647.200	0.024	4.075
647.400	0.025	4.075
647.600	0.024	4.075
647.800	0.025	4.075
648.000	0.024	4.075
648.200	0.024	4.075
648.400	0.022	4.075
648.600	0.023	4.075
648.800	0.022	4.075
649.000	0.023	4.075
649.200	0.025	4.075
649.400	0.024	4.075
649.600	0.023	4.075
649.800	0.024	4.075
650.000	0.022	4.075
650.200	0.023	4.075
650.400	0.023	4.075
650.600	0.024	4.075
650.800	0.022	4.075
651.000	0.023	4.075
651.200	0.023	4.075
651.400	0.023	4.075
651.600	0.022	4.075
651.800	0.023	4.075
652.000	0.024	4.075
652.200	0.022	4.075
652.400	0.023	4.075
652.600	0.022	4.075
652.800	0.024	4.075
653.000	0.023	4.075
653.200	0.023	4.075
653.400	0.024	4.075
653.600	0.022	4.075
653.800	0.022	4.075
654.000	0.023	4.075
654.200	0.022	4.075
654.400	0.021	4.075
654.600	0.022	4.075
654.800	0.023	4.075
655.000	0.021	4.075
655.200	0.022	4.075
655.400	0.022	4.075
655.600	0.023	4.075
655.800	0.022	4.075
656.000	0.023	4.075
656.200	0.024	4.075
656.400	0.021	4.075
656.600	0.022	4.075
656.800	0.023	4.075
657.000	0.023	4.075
657.200	0.022	4.075
657.400	0.022	4.075
657.600	0.023	4.075
657.800	0.025	4.075
658.000	0.023	4.075
658.200	0.024	4.075
658.400	0.022	4.075
658.600	0.024	4.075
658.800	0.024	4.075
659.000	0.025	4.075
659.200	0.024	4.075
659.400	0.024	4.075
659.600	0.024	4.075
659.800	0.024	4.075
660.000	0.022	4.075
660.200	0.023	4.075
660.400	0.024	4.075
660.600	0.024	4.075
660.800	0.024	4.075
661.000	0.024	4.075
661.200	0.023	4.075
661.400	0.023	4.075
661.600	0.022	4.075
661.800	0.024	4.075
662.000	0.023	4.075
662.200	0.023	4.075
662.400	0.023	4.075
662.600	0.022	4.075
662.800	0.024	4.075
663.000	0.022	4.075
663.200	0.022	4.075
663.400	0.022	4.075
663.600	0.022	4.075
663.800	0.023	4.075
664.000	0.022	4.075
664.200	0.024	4.075
664.400	0.023	4.075
664.600	0.023	4.075
664.800	0.024	4.075
665.000	0.026	4.075
665.200	0.024	4.075
665.400	0.025	4.075
665.600	0.024	4.075
665.800	0.024	4.075
666.000	0.024	4.075
666.200	0.024	4.075
666.400	0.024	4.075
666.600	0.023	4.075
666.800	0.023	4.075
667.000	0.025	4.075
667.200	0.024	4.075
667.400	0.022	4.075
667.600	0.022	4.075
667.800	0.023	4.075
668.000	0.023	4.075
668.200	0.022	4.075
668.400	0.022	4.075
668.600	0.021	4.075
668.800	0.022	4.075
669.000	0.022	4.075
669.200	0.023	4.075
669.400	0.022	4.075
669.600	0.022	4.075
669.800	0.023	4.075
670.000	0.024	4.075
670.200	0.023	4.075
670.400	0.023	4.075
670.600	0.024	4.075
670.800	0.023	4.075
671.000	0.024	4.075
671.200	0.023	4.075
671.400	0.024	4.075
671.600	0.022	4.075
671.800	0.023	4.075
672.000	0.023	4.075
672.200	0.021	4.075
672.400	0.024	4.075
672.600	0.024	4.075
672.800	0.023	4.075
673.000	0.024	4.075
673.200	0.022	4.075
673.400	0.022	4.075
673.600	0.023	4.075
673.800	0.023	4.075
674.000	0.023	4.075
674.200	0.023	4.075
674.400	0.024	4.075
674.600	0.023	4.075
674.800	0.022	4.075
675.000	0.023	4.075
675.200	0.023	4.075
675.400	0.023	4.075
675.600	0.022	4.075
675.800	0.024	4.075
676.000	0.023	4.075
676.200	0.025	4.075
676.400	0.024	4.075
676.600	0.024	4.075
676.800	0.025	4.075
677.000	0.024	4.075
677.200	0.024	4.075
677.400	0.024	4.075
677.600	0.025	4.075
677.800	0.023	4.075
678.000	0.024	4.075
678.200	0.024	4.075
678.400	0.023	4.075
678.600	0.025	4.075
678.800	0.025	4.075
679.000	0.025	4.075
679.200	0.024	4.075
679.400	0.025	4.075
679.600	0.024	4.075
679.800	0.024	4.075
680.000	0.024	4.075
680.200	0.025	4.075
680.400	0.025	4.075
680.600	0.025	4.075
680.800	0.025	4.075
681.000	0.024	4.075
681.200	0.025	4.075
681.400	0.025	4.075
681.600	0.026	4.075
681.800	0.026	4.075
682.000	0.024	4.075
682.200	0.024	4.075
682.400	0.025	4.075
682.600	0.025	4.075
682.800	0.024	4.075
683.000	0.025	4.075
683.200	0.024	4.075
683.400	0.023	4.075
683.600	0.023	4.075
683.800	0.024	4.075
684.000	0.024	4.075
684.200	0.025	4.075
684.400	0.025	4.075
684.600	0.024	4.075
684.800	0.024	4.075
685.000	0.025	4.075
685.200	0.024	4.075
685.400	0.024	4.075
685.600	0.024	4.075
685.800	0.024	4.075
686.000	0.026	4.075
686.200	0.024	4.075
686.400	0.025	4.075
686.600	0.025	4.075
686.800	0.023	4.075
687.000	0.024	4.075
687.200	0.024	4.075
687.400	0.026	4.075
687.600	0.025	4.075
687.800	0.027	4.075
688.000	0.026	4.075
688.200	0.025	4.075
688.400	0.024	4.075
688.600	0.026	4.075
688.800	0.023	4.075
689.000	0.025	4.075
689.200	0.024	4.075
689.400	0.025	4.075
689.600	0.024	4.075
689.800	0.025	4.075
690.000	0.024	4.075
690.200	0.025	4.075
690.400	0.026	4.075
690.600	0.024	4.075
690.800	0.024	4.075
691.000	0.024	4.075
691.200	0.024	4.075
691.400	0.024	4.075
691.600	0.025	4.075
691.800	0.025	4.075
692.000	0.024	4.075
692.200	0.023	4.075
692.400	0.025	4.075
692.600	0.025	4.075
692.800	0.024	4.075
693.000	0.025	4.075
693.200	0.025	4.075
693.400	0.026	4.075
693.600	0.025	4.075
693.800	0.025	4.075
694.000	0.024	4.075
694.200	0.024	4.075
694.400	0.024	4.075
694.600	0.024	4.075
694.800	0.024	4.075
695.000	0.025	4.075
695.200	0.024	4.075
695.400	0.025	4.075
695.600	0.024	4.075
695.800	0.024	4.075
696.000	0.024	4.075
696.200	0.025	4.075
696.400	0.025	4.075
696.600	0.025	4.075
696.800	0.024	4.075
697.000	0.025	4.075
697.200	0.025	4.075
697.400	0.024	4.075
697.600	0.025	4.075
697.800	0.024	4.075
698.000	0.026	4.075
698.200	0.024	4.075
698.400	0.025	4.075
698.600	0.025	4.075
698.800	0.024	4.075
699.000	0.025	4.075
699.200	0.023	4.075
699.400	0.024	4.075
699.600	0.025	4.075
699.800	0.024	4.075
700.000	0.024	4.075
700.200	0.022	4.075
700.400	0.025	4.075
700.600	0.025	4.075
700.800	0.024	4.075
701.000	0.025	4.075
701.200	0.024	4.075
701.400	0.025	4.075
701.600	0.024	4.075
701.800	0.024	4.075
702.000	0.025	4.075
702.200	0.024	4.075
702.400	0.024	4.075
702.600	0.024	4.075
702.800	0.023	4.075
703.000	0.026	4.075
703.200	0.026	4.075
703.400	0.023	4.075
703.600	0.025	4.075
703.800	0.025	4.075
704.000	0.024	4.075
704.200	0.027	4.075
704.400	0.025	4.075
704.600	0.024	4.075
704.800	0.025	4.075
705.000	0.025	4.075
705.200	0.024	4.075
705.400	0.024	4.075
705.600	0.025	4.075
705.800	0.027	4.075
706.000	0.026	4.075
706.200	0.025	4.075
706.400	0.025	4.075
706.600	0.024	4.075
706.800	0.025	4.075
707.000	0.024	4.075
707.200	0.025	4.075
707.400	0.023	4.075
707.600	0.023	4.075
707.800	0.025	4.075
708.000	0.025	4.075
708.200	0.025	4.075
708.400	0.025	4.075
708.600	0.023	4.075
708.800	0.025	4.075
709.000	0.025	4.075
709.200	0.027	4.075
709.400	0.026	4.075
709.600	0.025	4.075
709.800	0.026	4.075
710.000	0.023	4.075
710.200	0.025	4.075
710.400	0.024	4.075
710.600	0.024	4.075
710.800	0.023	4.075
711.000	0.027	4.075
711.200	0.024	4.075
711.400	0.024	4.075
711.600	0.024	4.075
711.800	0.024	4.075
712.000	0.025	4.075
712.200	0.023	4.075
712.400	0.025	4.075
712.600	0.025	4.075
712.800	0.023	4.075
713.000	0.024	4.075
713.200	0.024	4.075
713.400	0.023	4.075
713.600	0.022	4.075
713.800	0.024	4.075
714.000	0.024	4.075
714.200	0.023	4.075
714.400	0.023	4.075
714.600	0.023	4.075
714.800	0.024	4.075
715.000	0.023	4.075
715.200	0.022	4.075
715.400	0.023	4.075
715.600	0.024	4.075
715.800	0.024	4.075
716.000	0.023	4.075
716.200	0.023	4.075
716.400	0.024	4.075
716.600	0.024	4.075
716.800	0.025	4.075
717.000	0.023	4.075
717.200	0.023	4.075
717.400	0.024	4.075
717.600	0.023	4.075
717.800	0.023	4.075
718.000	0.023	4.075
718.200	0.023	4.075
718.400	0.023	4.075
718.600	0.025	4.075
718.800	0.024	4.075
719.000	0.024	4.075
719.200	0.023	4.075
719.400	0.025	4.075
719.600	0.024	4.075
719.800	0.024	4.075
720.000	0.025	4.075
720.200	0.025	4.075
720.400	0.025	4.075
720.600	0.025	4.075
720.800	0.026	4.075
721.000	0.024	4.075
721.200	0.025	4.075
721.400	0.025	4.075
721.600	0.024	4.075
721.800	0.025	4.075
722.000	0.024	4.075
722.200	0.023	4.075
722.400	0.023	4.075
722.600	0.024	4.075
722.800	0.025	4.075
723.000	0.025	4.075
723.200	0.026	4.075
723.400	0.026	4.075
723.600	0.024	4.075
723.800	0.024	4.075
724.000	0.027	4.075
724.200	0.025	4.075
724.400	0.026	4.075
724.600	0.025	4.075
724.800	0.024	4.075
725.000	0.024	4.075
725.200	0.023	4.075
725.400	0.025	4.075
725.600	0.022	4.075
725.800	0.022	4.075
726.000	0.023	4.075
726.200	0.024	4.075
726.400	0.025	4.075
726.600	0.023	4.075
726.800	0.024	4.075
727.000	0.023	4.075
727.200	0.024	4.075
727.400	0.024	4.075
727.600	0.023	4.075
727.800	0.025	4.075
728.000	0.023	4.075
728.200	0.024	4.075
728.400	0.023	4.075
728.600	0.023	4.075
728.800	0.023	4.075
729.000	0.023	4.075
729.200	0.023	4.075
729.400	0.024	4.075
729.600	0.024	4.075
729.800	0.025	4.075
730.000	0.025	4.075
730.200	0.022	4.075
730.400	0.024	4.075
730.600	0.024	4.075
730.800	0.024	4.075
731.000	0.024	4.075
731.200	0.025	4.075
731.400	0.024	4.075
731.600	0.025	4.075
731.800	0.024	4.075
732.000	0.024	4.075
732.200	0.024	4.075
732.400	0.025	4.075
732.600	0.025	4.075
732.800	0.023	4.075
733.000	0.025	4.075
733.200	0.023	4.075
733.400	0.023	4.075
733.600	0.024	4.075
733.800	0.023	4.075
734.000	0.024	4.075
734.200	0.023	4.075
734.400	0.023	4.075
734.600	0.024	4.075
734.800	0.024	4.075
735.000	0.024	4.075
735.200	0.023	4.075
735.400	0.024	4.075
735.600	0.024	4.075
735.800	0.025	4.075
736.000	0.024	4.075
736.200	0.024	4.075
736.400	0.024	4.075
736.600	0.023	4.075
736.800	0.023	4.075
737.000	0.025	4.075
737.200	0.023	4.075
737.400	0.024	4.075
737.600	0.023	4.075
737.800	0.024	4.075
738.000	0.023	4.075
738.200	0.023	4.075
738.400	0.023	4.075
738.600	0.023	4.075
738.800	0.023	4.075
739.000	0.023	4.075
739.200	0.022	4.075
739.400	0.022	4.075
739.600	0.022	4.075
739.800	0.023	4.075
740.000	0.021	4.075
740.200	0.021	4.075
740.400	0.022	4.075
740.600	0.022	4.075
740.800	0.022	4.075
741.000	0.023	4.075
741.200	0.022	4.075
741.400	0.021	4.075
741.600	0.023	4.075
741.800	0.023	4.075
742.000	0.023	4.075
742.200	0.023	4.075
742.400	0.023	4.075
742.600	0.023	4.075
742.800	0.023	4.075
743.000	0.022	4.075
743.200	0.022	4.075
743.400	0.022	4.075
743.600	0.022	4.075
743.800	0.023	4.075
744.000	0.024	4.075
744.200	0.023	4.075
744.400	0.023	4.075
744.600	0.024	4.075
744.800	0.023	4.075
745.000	0.024	4.075
745.200	0.023	4.075
745.400	0.022	4.075
745.600	0.021	4.075
745.800	0.022	4.075
746.000	0.021	4.075
746.200	0.023	4.075
746.400	0.023	4.075
746.600	0.023	4.075
746.800	0.024	4.075
747.000	0.022	4.075
747.200	0.023	4.075
747.400	0.022	4.075
747.600	0.023	4.075
747.800	0.024	4.075
748.000	0.023	4.075
748.200	0.022	4.075
748.400	0.022	4.075
748.600	0.021	4.075
748.800	0.021	4.075
749.000	0.021	4.075
749.200	0.023	4.075
749.400	0.023	4.075
749.600	0.023	4.075
749.800	0.022	4.075
750.000	0.022	4.075
750.200	0.023	4.075
750.400	0.022	4.075
750.600	0.023	4.075
750.800	0.022	4.075
751.000	0.023	4.075
751.200	0.023	4.075
751.400	0.024	4.075
751.600	0.024	4.075
751.800	0.023	4.075
752.000	0.024	4.075
752.200	0.025	4.075
752.400	0.024	4.075
752.600	0.025	4.075
752.800	0.024	4.075
753.000	0.024	4.075
753.200	0.027	4.075
753.400	0.025	4.075
753.600	0.024	4.075
753.800	0.024	4.075
754.000	0.024	4.075
754.200	0.023	4.075
754.400	0.023	4.075
754.600	0.022	4.075
754.800	0.025	4.075
755.000	0.023	4.075
755.200	0.024	4.075
755.400	0.024	4.075
755.600	0.024	4.075
755.800	0.024	4.075
756.000	0.023	4.075
756.200	0.024	4.075
756.400	0.024	4.075
756.600	0.024	4.075
756.800	0.023	4.075
757.000	0.023	4.075
757.200	0.023	4.075
757.400	0.024	4.075
757.600	0.023	4.075
757.800	0.023	4.075
758.000	0.022	4.075
758.200	0.024	4.075
758.400	0.023	4.075
758.600	0.024	4.075
758.800	0.022	4.075
759.000	0.025	4.075
759.200	0.023	4.075
759.400	0.022	4.075
759.600	0.023	4.075
759.800	0.024	4.075
760.000	0.022	4.075
760.200	0.022	4.075
760.400	0.022	4.075
760.600	0.022	4.075
760.800	0.023	4.075
761.000	0.022	4.075
761.200	0.023	4.075
761.400	0.024	4.075
761.600	0.022	4.075
761.800	0.022	4.075
762.000	0.021	4.075
762.200	0.024	4.075
762.400	0.024	4.075
762.600	0.022	4.075
762.800	0.022	4.075
763.000	0.023	4.075
763.200	0.022	4.075
763.400	0.024	4.075
763.600	0.025	4.075
763.800	0.024	4.075
764.000	0.023	4.075
764.200	0.022	4.075
764.400	0.023	4.075
764.600	0.024	4.075
764.800	0.024	4.075
765.000	0.024	4.075
765.200	0.022	4.075
765.400	0.024	4.075
765.600	0.023	4.075
765.800	0.024	4.075
766.000	0.022	4.075
766.200	0.022	4.075
766.400	0.023	4.075
766.600	0.023	4.075
766.800	0.024	4.075
767.000	0.025	4.075
767.200	0.025	4.075
767.400	0.024	4.075
767.600	0.025	4.075
767.800	0.025	4.075
768.000	0.023	4.075
768.200	0.024	4.075
768.400	0.023	4.075
768.600	0.023	4.075
768.800	0.024	4.075
769.000	0.023	4.075
769.200	0.023	4.075
769.400	0.023	4.075
769.600	0.023	4.075
769.800	0.022	4.075
770.000	0.023	4.075
770.200	0.024	4.075
770.400	0.023	4.075
770.600	0.022	4.075
770.800	0.024	4.075
771.000	0.023	4.075
771.200	0.024	4.075
771.400	0.023	4.075
771.600	0.022	4.075
771.800	0.021	4.075
772.000	0.023	4.075
772.200	0.023	4.075
772.400	0.023	4.075
772.600	0.023	4.075
772.800	0.022	4.075
773.000	0.022	4.075
773.200	0.022	4.075
773.400	0.024	4.075
773.600	0.024	4.075
773.800	0.023	4.075
774.000	0.023	4.075
774.200	0.025	4.075
774.400	0.024	4.075
774.600	0.025	4.075
774.800	0.025	4.075
775.000	0.023	4.075
775.200	0.023	4.075
775.400	0.024	4.075
775.600	0.024	4.075
775.800	0.023	4.075
776.000	0.023	4.075
776.200	0.023	4.075
776.400	0.023	4.075
776.600	0.022	4.075
776.800	0.023	4.075
777.000	0.023	4.075
777.200	0.022	4.075
777.400	0.024	4.075
777.600	0.023	4.075
777.800	0.023	4.075
778.000	0.022	4.075
778.200	0.023	4.075
778.400	0.023	4.075
778.600	0.022	4.075
778.800	0.022	4.075
779.000	0.023	4.075
779.200	0.023	4.075
779.400	0.024	4.075
779.600	0.022	4.075
779.800	0.021	4.075
780.000	0.022	4.075
780.200	0.022	4.075
780.400	0.023	4.075
780.600	0.023	4.075
780.800	0.025	4.075
781.000	0.023	4.075
781.200	0.023	4.075
781.400	0.022	4.075
781.600	0.021	4.075
781.800	0.022	4.075
782.000	0.021	4.075
782.200	0.022	4.075
782.400	0.022	4.075
782.600	0.022	4.075
782.800	0.024	4.075
783.000	0.023	4.075
783.200	0.022	4.075
783.400	0.022	4.075
783.600	0.023	4.075
783.800	0.022	4.075
784.000	0.023	4.075
784.200	0.024	4.075
784.400	0.023	4.075
784.600	0.023	4.075
784.800	0.023	4.075
785.000	0.024	4.075
785.200	0.023	4.075
785.400	0.024	4.075
785.600	0.023	4.075
785.800	0.022	4.075
786.000	0.022	4.075
786.200	0.023	4.075
786.400	0.023	4.075
786.600	0.022	4.075
786.800	0.023	4.075
787.000	0.024	4.075
787.200	0.023	4.075
787.400	0.023	4.075
787.600	0.023	4.075
787.800	0.025	4.075
788.000	0.024	4.075
788.200	0.024	4.075
788.400	0.023	4.075
788.600	0.023	4.075
788.800	0.023	4.075
789.000	0.023	4.075
789.200	0.024	4.075
789.400	0.023	4.075
789.600	0.023	4.075
789.800	0.025	4.075
790.000	0.024	4.075
790.200	0.025	4.075
790.400	0.023	4.075
790.600	0.023	4.075
790.800	0.024	4.075
791.000	0.021	4.075
791.200	0.021	4.075
791.400	0.023	4.075
791.600	0.022	4.075
791.800	0.024	4.075
792.000	0.023	4.075
792.200	0.024	4.075
792.400	0.024	4.075
792.600	0.022	4.075
792.800	0.024	4.075
793.000	0.023	4.075
793.200	0.023	4.075
793.400	0.023	4.075
793.600	0.024	4.075
793.800	0.023	4.075
794.000	0.024	4.075
794.200	0.023	4.075
794.400	0.023	4.075
794.600	0.024	4.075
794.800	0.023	4.075
795.000	0.023	4.075
795.200	0.023	4.075
795.400	0.023	4.075
795.600	0.021	4.075
795.800	0.022	4.075
796.000	0.023	4.075
796.200	0.021	4.075
796.400	0.023	4.075
796.600	0.024	4.075
796.800	0.023	4.075
797.000	0.023	4.075
797.200	0.024	4.075
797.400	0.023	4.075
797.600	0.023	4.075
797.800	0.023	4.075
798.000	0.022	4.075
798.200	0.023	4.075
798.400	0.023	4.075
798.600	0.024	4.075
798.800	0.025	4.075
799.000	0.023	4.075
799.200	0.023	4.075
799.400	0.024	4.075
799.600	0.022	4.075
799.800	0.023	4.075
800.000	0.024	4.075
800.200	0.022	4.075
800.400	0.023	4.075
800.600	0.023	4.075
800.800	0.022	4.075
801.000	0.024	4.075
801.200	0.023	4.075
801.400	0.022	4.075
801.600	0.021	4.075
801.800	0.022	4.075
802.000	0.022	4.075
802.200	0.023	4.075
802.400	0.024	4.075
802.600	0.024	4.075
802.800	0.023	4.075
803.000	0.024	4.075
803.200	0.022	4.075
803.400	0.022	4.075
803.600	0.023	4.075
803.800	0.024	4.075
804.000	0.023	4.075
804.200	0.022	4.075
804.400	0.022	4.075
804.600	0.020	4.075
804.800	0.021	4.075
805.000	0.021	4.075
805.200	0.021	4.075
805.400	0.021	4.075
805.600	0.021	4.075
805.800	0.023	4.075
806.000	0.022	4.075
806.200	0.021	4.075
806.400	0.021	4.075
806.600	0.021	4.075
806.800	0.022	4.075
807.000	0.020	4.075
807.200	0.021	4.075
807.400	0.021	4.075
807.600	0.021	4.075
807.800	0.021	4.075
808.000	0.022	4.075
808.200	0.021	4.075
808.400	0.022	4.075
808.600	0.022	4.075
808.800	0.023	4.075
809.000	0.021	4.075
809.200	0.023	4.075
809.400	0.021	4.075
809.600	0.021	4.075
809.800	0.021	4.075
810.000	0.021	4.075
810.200	0.022	4.075
810.400	0.021	4.075
810.600	0.021	4.075
810.800	0.021	4.075
811.000	0.021	4.075
811.200	0.021	4.075
811.400	0.022	4.075
811.600	0.022	4.075
811.800	0.022	4.075
812.000	0.021	4.075
812.200	0.022	4.075
812.400	0.022	4.075
812.600	0.022	4.075
812.800	0.023	4.075
813.000	0.023	4.075
813.200	0.023	4.075
813.400	0.023	4.075
813.600	0.023	4.075
813.800	0.022	4.075
814.000	0.024	4.075
814.200	0.023	4.075
814.400	0.023	4.075
814.600	0.023	4.075
814.800	0.023	4.075
815.000	0.021	4.075
815.200	0.022	4.075
815.400	0.023	4.075
815.600	0.022	4.075
815.800	0.023	4.075
816.000	0.023	4.075
816.200	0.021	4.075
816.400	0.021	4.075
816.600	0.022	4.075
816.800	0.019	4.075
817.000	0.019	4.075
817.200	0.020	4.075
817.400	0.021	4.075
817.600	0.022	4.075
817.800	0.021	4.075
818.000	0.023	4.075
818.200	0.022	4.075
818.400	0.022	4.075
818.600	0.020	4.075
818.800	0.020	4.075
819.000	0.022	4.075
819.200	0.021	4.075
819.400	0.022	4.075
819.600	0.023	4.075
819.800	0.021	4.075
820.000	0.021	4.075
820.200	0.023	4.075
820.400	0.022	4.075
820.600	0.021	4.075
820.800	0.022	4.075
821.000	0.020	4.075
821.200	0.022	4.075
821.400	0.021	4.075
821.600	0.021	4.075
821.800	0.020	4.075
822.000	0.019	4.075
822.200	0.021	4.075
822.400	0.021	4.075
822.600	0.022	4.075
822.800	0.022	4.075
823.000	0.021	4.075
823.200	0.021	4.075
823.400	0.023	4.075
823.600	0.023	4.075
823.800	0.022	4.075
824.000	0.020	4.075
824.200	0.021	4.075
824.400	0.022	4.075
824.600	0.021	4.075
824.800	0.020	4.075
825.000	0.020	4.075
825.200	0.021	4.075
825.400	0.020	4.075
825.600	0.020	4.075
825.800	0.021	4.075
826.000	0.021	4.075
826.200	0.021	4.075
826.400	0.022	4.075
826.600	0.021	4.075
826.800	0.020	4.075
827.000	0.020	4.075
827.200	0.021	4.075
827.400	0.021	4.075
827.600	0.021	4.075
827.800	0.021	4.075
828.000	0.020	4.075
828.200	0.021	4.075
828.400	0.022	4.075
828.600	0.021	4.075
828.800	0.020	4.075
829.000	0.021	4.075
829.200	0.022	4.075
829.400	0.021	4.075
829.600	0.022	4.075
829.800	0.021	4.075
830.000	0.022	4.075
830.200	0.021	4.075
830.400	0.020	4.075
830.600	0.020	4.075
830.800	0.022	4.075
831.000	0.022	4.075
831.200	0.022	4.075
831.400	0.021	4.075
831.600	0.020	4.075
831.800	0.020	4.075
832.000	0.021	4.075
832.200	0.023	4.075
832.400	0.020	4.075
832.600	0.022	4.075
832.800	0.021	4.075
833.000	0.021	4.075
833.200	0.021	4.075
833.400	0.021	4.075
833.600	0.021	4.075
833.800	0.022	4.075
834.000	0.022	4.075
834.200	0.021	4.075
834.400	0.021	4.075
834.600	0.022	4.075
834.800	0.022	4.075
835.000	0.021	4.075
835.200	0.020	4.075
835.400	0.021	4.075
835.600	0.021	4.075
835.800	0.021	4.075
836.000	0.022	4.075
836.200	0.022	4.075
836.400	0.022	4.075
836.600	0.022	4.075
836.800	0.022	4.075
837.000	0.022	4.075
837.200	0.021	4.075
837.400	0.023	4.075
837.600	0.022	4.075
837.800	0.023	4.075
838.000	0.022	4.075
838.200	0.023	4.075
838.400	0.021	4.075
838.600	0.024	4.075
838.800	0.023	4.075
839.000	0.022	4.075
839.200	0.022	4.075
839.400	0.023	4.075
839.600	0.024	4.075
839.800	0.023	4.075
840.000	0.020	4.075
840.200	0.023	4.075
840.400	0.022	4.075
840.600	0.024	4.075
840.800	0.025	4.075
841.000	0.023	4.075
841.200	0.025	4.075
841.400	0.026	4.075
841.600	0.026	4.075
841.800	0.025	4.075
842.000	0.025	4.075
842.200	0.026	4.075
842.400	0.024	4.075
842.600	0.026	4.075
842.800	0.025	4.075
843.000	0.025	4.075
843.200	0.024	4.075
843.400	0.025	4.075
843.600	0.026	4.075
843.800	0.025	4.075
844.000	0.025	4.075
844.200	0.024	4.075
844.400	0.025	4.075
844.600	0.025	4.075
844.800	0.024	4.075
845.000	0.026	4.075
845.200	0.024	4.075
845.400	0.025	4.075
845.600	0.023	4.075
845.800	0.025	4.075
846.000	0.024	4.075
846.200	0.024	4.075
846.400	0.024	4.075
846.600	0.023	4.075
846.800	0.023	4.075
847.000	0.023	4.075
847.200	0.022	4.075
847.400	0.024	4.075
847.600	0.024	4.075
847.800	0.024	4.075
848.000	0.023	4.075
848.200	0.021	4.075
848.400	0.022	4.075
848.600	0.024	4.075
848.800	0.021	4.075
849.000	0.022	4.075
849.200	0.023	4.075
849.400	0.023	4.075
849.600	0.022	4.075
849.800	0.022	4.075
850.000	0.024	4.075
850.200	0.025	4.075
850.400	0.024	4.075
850.600	0.024	4.075
850.800	0.023	4.075
851.000	0.024	4.075
851.200	0.022	4.075
851.400	0.022	4.075
851.600	0.024	4.075
851.800	0.022	4.075
852.000	0.023	4.075
852.200	0.024	4.075
852.400	0.021	4.075
852.600	0.024	4.075
852.800	0.023	4.075
853.000	0.023	4.075
853.200	0.024	4.075
853.400	0.025	4.075
853.600	0.026	4.075
853.800	0.023	4.075
854.000	0.022	4.075
854.200	0.023	4.075
854.400	0.021	4.075
854.600	0.022	4.075
854.800	0.022	4.075
855.000	0.022	4.075
855.200	0.022	4.075
855.400	0.022	4.075
855.600	0.022	4.075
855.800	0.023	4.075
856.000	0.025	4.075
856.200	0.022	4.075
856.400	0.024	4.075
856.600	0.022	4.075
856.800	0.023	4.075
857.000	0.023	4.075
857.200	0.023	4.075
857.400	0.022	4.075
857.600	0.022	4.075
857.800	0.023	4.075
858.000	0.023	4.075
858.200	0.022	4.075
858.400	0.022	4.075
858.600	0.022	4.075
858.800	0.024	4.075
859.000	0.023	4.075
859.200	0.023	4.075
859.400	0.024	4.075
859.600	0.023	4.075
859.800	0.022	4.075
860.000	0.023	4.075
860.200	0.023	4.075
860.400	0.023	4.075
860.600	0.022	4.075
860.800	0.025	4.075
861.000	0.024	4.075
861.200	0.023	4.075
861.400	0.023	4.075
861.600	0.024	4.075
861.800	0.024	4.075
862.000	0.023	4.075
862.200	0.023	4.075
862.400	0.023	4.075
862.600	0.023	4.075
862.800	0.022	4.075
863.000	0.024	4.075
863.200	0.023	4.075
863.400	0.023	4.075
863.600	0.024	4.075
863.800	0.024	4.075
864.000	0.026	4.075
864.200	0.024	4.075
864.400	0.025	4.075
864.600	0.024	4.075
864.800	0.025	4.075
865.000	0.024	4.075
865.200	0.024	4.075
865.400	0.025	4.075
865.600	0.024	4.075
865.800	0.023	4.075
866.000	0.024	4.075
866.200	0.024	4.075
866.400	0.023	4.075
866.600	0.024	4.075
866.800	0.023	4.075
867.000	0.024	4.075
867.200	0.023	4.075
867.400	0.023	4.075
867.600	0.024	4.075
867.800	0.023	4.075
868.000	0.023	4.075
868.200	0.024	4.075
868.400	0.022	4.075
868.600	0.023	4.075
868.800	0.023	4.075
869.000	0.023	4.075
869.200	0.023	4.075
869.400	0.023	4.075
869.600	0.023	4.075
869.800	0.023	4.075
870.000	0.023	4.075
870.200	0.023	4.075
870.400	0.023	4.075
870.600	0.022	4.075
870.800	0.022	4.075
871.000	0.021	4.075
871.200	0.021	4.075
871.400	0.024	4.075
871.600	0.023	4.075
871.800	0.023	4.075
872.000	0.022	4.075
872.200	0.022	4.075
872.400	0.023	4.075
872.600	0.022	4.075
872.800	0.023	4.075
873.000	0.023	4.075
873.200	0.024	4.075
873.400	0.023	4.075
873.600	0.022	4.075
873.800	0.022	4.075
874.000	0.023	4.075
874.200	0.023	4.075
874.400	0.023	4.075
874.600	0.024	4.075
874.800	0.023	4.075
875.000	0.023	4.075
875.200	0.023	4.075
875.400	0.023	4.075
875.600	0.024	4.075
875.800	0.023	4.075
876.000	0.023	4.075
876.200	0.023	4.075
876.400	0.024	4.075
876.600	0.023	4.075
876.800	0.023	4.075
877.000	0.023	4.075
877.200	0.023	4.075
877.400	0.023	4.075
877.600	0.023	4.075
877.800	0.022	4.075
878.000	0.022	4.075
878.200	0.023	4.075
878.400	0.022	4.075
878.600	0.022	4.075
878.800	0.023	4.075
879.000	0.023	4.075
879.200	0.024	4.075
879.400	0.021	4.075
879.600	0.024	4.075
879.800	0.024	4.075
880.000	0.022	4.075
880.200	0.025	4.075
880.400	0.024	4.075
880.600	0.023	4.075
880.800	0.023	4.075
881.000	0.022	4.075
881.200	0.021	4.075
881.400	0.023	4.075
881.600	0.023	4.075
881.800	0.022	4.075
882.000	0.024	4.075
882.200	0.023	4.075
882.400	0.023	4.075
882.600	0.023	4.075
882.800	0.023	4.075
883.000	0.025	4.075
883.200	0.023	4.075
883.400	0.022	4.075
883.600	0.023	4.075
883.800	0.022	4.075
884.000	0.024	4.075
884.200	0.022	4.075
884.400	0.024	4.075
884.600	0.025	4.075
884.800	0.024	4.075
885.000	0.025	4.075
885.200	0.023	4.075
885.400	0.024	4.075
885.600	0.024	4.075
885.800	0.024	4.075
886.000	0.023	4.075
886.200	0.024	4.075
886.400	0.024	4.075
886.600	0.025	4.075
886.800	0.024	4.075
887.000	0.022	4.075
887.200	0.020	4.075
887.400	0.023	4.075
887.600	0.024	4.075
887.800	0.024	4.075
888.000	0.023	4.075
888.200	0.024	4.075
888.400	0.023	4.075
888.600	0.022	4.075
888.800	0.022	4.075
889.000	0.021	4.075
889.200	0.022	4.075
889.400	0.022	4.075
889.600	0.023	4.075
889.800	0.022	4.075
890.000	0.022	4.075
890.200	0.022	4.075
890.400	0.021	4.075
890.600	0.022	4.075
890.800	0.021	4.075
891.000	0.022	4.075
891.200	0.020	4.075
891.400	0.023	4.075
891.600	0.023	4.075
891.800	0.023	4.075
892.000	0.022	4.075
892.200	0.022	4.075
892.400	0.021	4.075
892.600	0.023	4.075
892.800	0.023	4.075
893.000	0.023	4.075
893.200	0.022	4.075
893.400	0.022	4.075
893.600	0.022	4.075
893.800	0.023	4.075
894.000	0.022	4.075
894.200	0.024	4.075
894.400	0.023	4.075
894.600	0.023	4.075
894.800	0.024	4.075
895.000	0.025	4.075
895.200	0.024	4.075
895.400	0.023	4.075
895.600	0.024	4.075
895.800	0.024	4.075
896.000	0.024	4.075
896.200	0.024	4.075
896.400	0.024	4.075
896.600	0.023	4.075
896.800	0.024	4.075
897.000	0.022	4.075
897.200	0.022	4.075
897.400	0.023	4.075
897.600	0.024	4.075
897.800	0.024	4.075
898.000	0.023	4.075
898.200	0.025	4.075
898.400	0.024	4.075
898.600	0.025	4.075
898.800	0.024	4.075
899.000	0.024	4.075
899.200	0.023	4.075
899.400	0.024	4.075
899.600	0.024	4.075
899.800	0.024	4.075
900.000	0.024	4.075
900.200	0.023	4.075
900.400	0.024	4.075
900.600	0.024	4.075
900.800	0.024	4.075
901.000	0.023	4.075
901.200	0.023	4.075
901.400	0.024	4.075
901.600	0.024	4.075
901.800	0.024	4.075
902.000	0.024	4.075
902.200	0.024	4.075
902.400	0.024	4.075
902.600	0.025	4.075
902.800	0.024	4.075
903.000	0.024	4.075
903.200	0.025	4.075
903.400	0.026	4.075
903.600	0.026	4.075
903.800	0.024	4.075
904.000	0.024	4.075
904.200	0.024	4.075
904.400	0.025	4.075
904.600	0.024	4.075
904.800	0.024	4.075
905.000	0.024	4.075
905.200	0.026	4.075
905.400	0.025	4.075
905.600	0.023	4.075
905.800	0.022	4.075
906.000	0.023	4.075
906.200	0.024	4.075
906.400	0.024	4.075
906.600	0.024	4.075
906.800	0.024	4.075
907.000	0.023	4.075
907.200	0.024	4.075
907.400	0.023	4.075
907.600	0.024	4.075
907.800	0.024	4.075
908.000	0.024	4.075
908.200	0.025	4.075
908.400	0.024	4.075
908.600	0.025	4.075
908.800	0.024	4.075
909.000	0.025	4.075
909.200	0.024	4.075
909.400	0.025	4.075
909.600	0.025	4.075
909.800	0.024	4.075
910.000	0.024	4.075
910.200	0.024	4.075
910.400	0.025	4.075
910.600	0.025	4.075
910.800	0.024	4.075
911.000	0.026	4.075
911.200	0.024	4.075
911.400	0.024	4.075
911.600	0.025	4.075
911.800	0.024	4.075
912.000	0.022	4.075
912.200	0.023	4.075
912.400	0.025	4.075
912.600	0.023	4.075
912.800	0.024	4.075
913.000	0.026	4.075
913.200	0.025	4.075
913.400	0.024	4.075
913.600	0.024	4.075
913.800	0.023	4.075
914.000	0.026	4.075
914.200	0.024	4.075
914.400	0.026	4.075
914.600	0.025	4.075
914.800	0.024	4.075
915.000	0.023	4.075
915.200	0.021	4.075
915.400	0.023	4.075
915.600	0.024	4.075
915.800	0.023	4.075
916.000	0.024	4.075
916.200	0.025	4.075
916.400	0.024	4.075
916.600	0.024	4.075
916.800	0.022	4.075
917.000	0.024	4.075
917.200	0.024	4.075
917.400	0.024	4.075
917.600	0.024	4.075
917.800	0.025	4.075
918.000	0.022	4.075
918.200	0.025	4.075
918.400	0.022	4.075
918.600	0.024	4.075
918.800	0.024	4.075
919.000	0.023	4.075
919.200	0.024	4.075
919.400	0.022	4.075
919.600	0.024	4.075
919.800	0.023	4.075
920.000	0.024	4.075
920.200	0.023	4.075
920.400	0.022	4.075
920.600	0.023	4.075
920.800	0.022	4.075
921.000	0.021	4.075
921.200	0.024	4.075
921.400	0.024	4.075
921.600	0.024	4.075
921.800	0.024	4.075
922.000	0.024	4.075
922.200	0.023	4.075
922.400	0.023	4.075
922.600	0.025	4.075
922.800	0.023	4.075
923.000	0.023	4.075
923.200	0.023	4.075
923.400	0.024	4.075
923.600	0.021	4.075
923.800	0.022	4.075
924.000	0.023	4.075
924.200	0.026	4.075
924.400	0.025	4.075
924.600	0.024	4.075
924.800	0.023	4.075
925.000	0.024	4.075
925.200	0.025	4.075
925.400	0.026	4.075
925.600	0.024	4.075
925.800	0.024	4.075
926.000	0.024	4.075
926.200	0.023	4.075
926.400	0.023	4.075
926.600	0.023	4.075
926.800	0.024	4.075
927.000	0.024	4.075
927.200	0.022	4.075
927.400	0.023	4.075
927.600	0.025	4.075
927.800	0.023	4.075
928.000	0.022	4.075
928.200	0.023	4.075
928.400	0.024	4.075
928.600	0.022	4.075
928.800	0.022	4.075
929.000	0.021	4.075
929.200	0.022	4.075
929.400	0.023	4.075
929.600	0.022	4.075
929.800	0.023	4.075
930.000	0.021	4.075
930.200	0.022	4.075
930.400	0.022	4.075
930.600	0.024	4.075
930.800	0.022	4.075
931.000	0.022	4.075
931.200	0.022	4.075
931.400	0.023	4.075
931.600	0.023	4.075
931.800	0.024	4.075
932.000	0.026	4.075
932.200	0.024	4.075
932.400	0.024	4.075
932.600	0.024	4.075
932.800	0.024	4.075
933.000	0.023	4.075
933.200	0.024	4.075
933.400	0.023	4.075
933.600	0.024	4.075
933.800	0.023	4.075
934.000	0.021	4.075
934.200	0.023	4.075
934.400	0.021	4.075
934.600	0.023	4.075
934.800	0.022	4.075
935.000	0.023	4.075
935.200	0.023	4.075
935.400	0.021	4.075
935.600	0.021	4.075
935.800	0.021	4.075
936.000	0.023	4.075
936.200	0.020	4.075
936.400	0.022	4.075
936.600	0.023	4.075
936.800	0.023	4.075
937.000	0.023	4.075
937.200	0.024	4.075
937.400	0.021	4.075
937.600	0.021	4.075
937.800	0.022	4.075
938.000	0.023	4.075
938.200	0.024	4.075
938.400	0.023	4.075
938.600	0.024	4.075
938.800	0.023	4.075
939.000	0.022	4.075
939.200	0.023	4.075
939.400	0.023	4.075
939.600	0.023	4.075
939.800	0.022	4.075
940.000	0.023	4.075
940.200	0.023	4.075
940.400	0.022	4.075
940.600	0.022	4.075
940.800	0.023	4.075
941.000	0.023	4.075
941.200	0.023	4.075
941.400	0.021	4.075
941.600	0.022	4.075
941.800	0.022	4.075
942.000	0.023	4.075
942.200	0.021	4.075
942.400	0.022	4.075
942.600	0.023	4.075
942.800	0.022	4.075
943.000	0.021	4.075
943.200	0.024	4.075
943.400	0.022	4.075
943.600	0.022	4.075
943.800	0.022	4.075
944.000	0.021	4.075
944.200	0.021	4.075
944.400	0.021	4.075
944.600	0.021	4.075
944.800	0.020	4.075
945.000	0.023	4.075
945.200	0.021	4.075
945.400	0.021	4.075
945.600	0.023	4.075
945.800	0.024	4.075
946.000	0.023	4.075
946.200	0.023	4.075
946.400	0.022	4.075
946.600	0.021	4.075
946.800	0.021	4.075
947.000	0.022	4.075
947.200	0.022	4.075
947.400	0.022	4.075
947.600	0.022	4.075
947.800	0.023	4.075
948.000	0.022	4.075
948.200	0.023	4.075
948.400	0.023	4.075
948.600	0.023	4.075
948.800	0.024	4.075
949.000	0.024	4.075
949.200	0.023	4.075
949.400	0.023	4.075
949.600	0.024	4.075
949.800	0.023	4.075
950.000	0.024	4.075
950.200	0.022	4.075
950.400	0.021	4.075
950.600	0.023	4.075
950.800	0.023	4.075
951.000	0.023	4.075
951.200	0.023	4.075
951.400	0.021	4.075
951.600	0.023	4.075
951.800	0.023	4.075
952.000	0.023	4.075
952.200	0.022	4.075
952.400	0.021	4.075
952.600	0.024	4.075
952.800	0.022	4.075
953.000	0.022	4.075
953.200	0.021	4.075
953.400	0.022	4.075
953.600	0.021	4.075
953.800	0.022	4.075
954.000	0.024	4.075
954.200	0.022	4.075
954.400	0.024	4.075
954.600	0.024	4.075
954.800	0.023	4.075
955.000	0.023	4.075
955.200	0.023	4.075
955.400	0.023	4.075
955.600	0.022	4.075
955.800	0.024	4.075
956.000	0.023	4.075
956.200	0.022	4.075
956.400	0.021	4.075
956.600	0.022	4.075
956.800	0.022	4.075
957.000	0.023	4.075
957.200	0.023	4.075
957.400	0.024	4.075
957.600	0.024	4.075
957.800	0.024	4.075
958.000	0.024	4.075
958.200	0.024	4.075
958.400	0.023	4.075
958.600	0.024	4.075
958.800	0.024	4.075
959.000	0.023	4.075
959.200	0.024	4.075
959.400	0.023	4.075
959.600	0.024	4.075
959.800	0.024	4.075
960.000	0.024	4.075
960.200	0.027	4.075
960.400	0.026	4.075
960.600	0.024	4.075
960.800	0.023	4.075
961.000	0.026	4.075
961.200	0.025	4.075
961.400	0.024	4.075
961.600	0.026	4.075
961.800	0.025	4.075
962.000	0.024	4.075
962.200	0.023	4.075
962.400	0.025	4.075
962.600	0.025	4.075
962.800	0.025	4.075
963.000	0.024	4.075
963.200	0.024	4.075
963.400	0.025	4.075
963.600	0.023	4.075
963.800	0.024	4.075
964.000	0.024	4.075
964.200	0.024	4.075
964.400	0.024	4.075
964.600	0.025	4.075
964.800	0.024	4.075
965.000	0.024	4.075
965.200	0.023	4.075
965.400	0.022	4.075
965.600	0.023	4.075
965.800	0.022	4.075
966.000	0.023	4.075
966.200	0.023	4.075
966.400	0.022	4.075
966.600	0.024	4.075
966.800	0.024	4.075
967.000	0.022	4.075
967.200	0.024	4.075
967.400	0.023	4.075
967.600	0.024	4.075
967.800	0.024	4.075
968.000	0.023	4.075
968.200	0.025	4.075
968.400	0.025	4.075
968.600	0.023	4.075
968.800	0.025	4.075
969.000	0.025	4.075
969.200	0.025	4.075
969.400	0.024	4.075
969.600	0.024	4.075
969.800	0.024	4.075
970.000	0.024	4.075
970.200	0.025	4.075
970.400	0.024	4.075
970.600	0.024	4.075
970.800	0.023	4.075
971.000	0.024	4.075
971.200	0.024	4.075
971.400	0.025	4.075
971.600	0.023	4.075
971.800	0.025	4.075
972.000	0.023	4.075
972.200	0.025	4.075
972.400	0.025	4.075
972.600	0.023	4.075
972.800	0.023	4.075
973.000	0.022	4.075
973.200	0.023	4.075
973.400	0.023	4.075
973.600	0.024	4.075
973.800	0.024	4.075
974.000	0.026	4.075
974.200	0.024	4.075
974.400	0.024	4.075
974.600	0.024	4.075
974.800	0.024	4.075
975.000	0.023	4.075
975.200	0.024	4.075
975.400	0.022	4.075
975.600	0.025	4.075
975.800	0.024	4.075
976.000	0.025	4.075
976.200	0.025	4.075
976.400	0.025	4.075
976.600	0.023	4.075
976.800	0.023	4.075
977.000	0.024	4.075
977.200	0.025	4.075
977.400	0.025	4.075
977.600	0.025	4.075
977.800	0.025	4.075
978.000	0.024	4.075
978.200	0.024	4.075
978.400	0.023	4.075
978.600	0.022	4.075
978.800	0.024	4.075
979.000	0.022	4.075
979.200	0.023	4.075
979.400	0.024	4.075
979.600	0.023	4.075
979.800	0.022	4.075
980.000	0.022	4.075
980.200	0.024	4.075
980.400	0.022	4.075
980.600	0.024	4.075
980.800	0.022	4.075
981.000	0.022	4.075
981.200	0.024	4.075
981.400	0.024	4.075
981.600	0.023	4.075
981.800	0.023	4.075
982.000	0.023	4.075
982.200	0.024	4.075
982.400	0.023	4.075
982.600	0.022	4.075
982.800	0.022	4.075
983.000	0.024	4.075
983.200	0.023	4.075
983.400	0.021	4.075
983.600	0.022	4.075
983.800	0.024	4.075
984.000	0.023	4.075
984.200	0.025	4.075
984.400	0.024	4.075
984.600	0.024	4.075
984.800	0.025	4.075
985.000	0.025	4.075
985.200	0.024	4.075
985.400	0.025	4.075
985.600	0.025	4.075
985.800	0.024	4.075
986.000	0.024	4.075
986.200	0.023	4.075
986.400	0.024	4.075
986.600	0.023	4.075
986.800	0.023	4.075
987.000	0.024	4.075
987.200	0.025	4.075
987.400	0.024	4.075
987.600	0.023	4.075
987.800	0.023	4.075
988.000	0.024	4.075
988.200	0.022	4.075
988.400	0.022	4.075
988.600	0.023	4.075
988.800	0.023	4.075
989.000	0.024	4.075
989.200	0.023	4.075
989.400	0.025	4.075
989.600	0.023	4.075
989.800	0.024	4.075
990.000	0.023	4.075
990.200	0.024	4.075
990.400	0.024	4.075
990.600	0.025	4.075
990.800	0.025	4.075
991.000	0.024	4.075
991.200	0.023	4.075
991.400	0.025	4.075
991.600	0.025	4.075
991.800	0.025	4.075
992.000	0.025	4.075
992.200	0.025	4.075
992.400	0.025	4.075
992.600	0.023	4.075
992.800	0.026	4.075
993.000	0.025	4.075
993.200	0.026	4.075
993.400	0.027	4.075
993.600	0.024	4.075
993.800	0.023	4.075
994.000	0.024	4.075
994.200	0.024	4.075
994.400	0.025	4.075
994.600	0.025	4.075
994.800	0.026	4.075
995.000	0.024	4.075
995.200	0.024	4.075
995.400	0.024	4.075
995.600	0.024	4.075
995.800	0.025	4.075
996.000	0.025	4.075
996.200	0.024	4.075
996.400	0.025	4.075
996.600	0.025	4.075
996.800	0.022	4.075
997.000	0.024	4.075
997.200	0.025	4.075
997.400	0.022	4.075
997.600	0.024	4.075
997.800	0.023	4.075
998.000	0.024	4.075
998.200	0.021	4.075
998.400	0.023	4.075
998.600	0.020	4.075
998.800	0.022	4.075
999.000	0.023	4.075
999.200	0.023	4.075
999.400	0.024	4.075
999.600	0.025	4.075
999.800	0.024	4.075
1000.000	0.023	4.075
1000.200	0.025	4.075
1000.400	0.024	4.075
1000.600	0.024	4.075
1000.800	0.023	4.075
1001.000	0.023	4.075
1001.200	0.023	4.075
1001.400	0.024	4.075
1001.600	0.024	4.075
1001.800	0.023	4.075
1002.000	0.024	4.075
1002.200	0.024	4.075
1002.400	0.024	4.075
1002.600	0.025	4.075
1002.800	0.026	4.075
1003.000	0.024	4.075
1003.200	0.025	4.075
1003.400	0.025	4.075
1003.600	0.023	4.075
1003.800	0.025	4.075
1004.000	0.024	4.075
1004.200	0.023	4.075
1004.400	0.022	4.075
1004.600	0.023	4.075
1004.800	0.023	4.075
1005.000	0.021	4.075
1005.200	0.022	4.075
1005.400	0.023	4.075
1005.600	0.023	4.075
1005.800	0.024	4.075
1006.000	0.024	4.075
1006.200	0.022	4.075
1006.400	0.023	4.075
1006.600	0.023	4.075
1006.800	0.022	4.075
1007.000	0.022	4.075
1007.200	0.023	4.075
1007.400	0.023	4.075
1007.600	0.023	4.075
1007.800	0.023	4.075
1008.000	0.023	4.075
1008.200	0.024	4.075
1008.400	0.024	4.075
1008.600	0.022	4.075
1008.800	0.024	4.075
1009.000	0.023	4.075
1009.200	0.022	4.075
1009.400	0.024	4.075
1009.600	0.023	4.075
1009.800	0.024	4.075
1010.000	0.022	4.075
1010.200	0.022	4.075
1010.400	0.025	4.075
1010.600	0.024	4.075
1010.800	0.024	4.075
1011.000	0.023	4.075
1011.200	0.023	4.075
1011.400	0.025	4.075
1011.600	0.023	4.075
1011.800	0.024	4.075
1012.000	0.023	4.075
1012.200	0.023	4.075
1012.400	0.023	4.075
1012.600	0.025	4.075
1012.800	0.024	4.075
1013.000	0.024	4.075
1013.200	0.024	4.075
1013.400	0.024	4.075
1013.600	0.024	4.075
1013.800	0.025	4.075
1014.000	0.024	4.075
1014.200	0.022	4.075
1014.400	0.025	4.075
1014.600	0.024	4.075
1014.800	0.025	4.075
1015.000	0.025	4.075
1015.200	0.025	4.075
1015.400	0.023	4.075
1015.600	0.025	4.075
1015.800	0.025	4.075
1016.000	0.025	4.075
1016.200	0.023	4.075
1016.400	0.024	4.075
1016.600	0.023	4.075
1016.800	0.024	4.075
1017.000	0.025	4.075
1017.200	0.024	4.075
1017.400	0.024	4.075
1017.600	0.023	4.075
1017.800	0.024	4.075
1018.000	0.024	4.075
1018.200	0.021	4.075
1018.400	0.023	4.075
1018.600	0.022	4.075
1018.800	0.022	4.075
1019.000	0.023	4.075
1019.200	0.023	4.075
1019.400	0.021	4.075
1019.600	0.024	4.075
1019.800	0.023	4.075
1020.000	0.024	4.075
1020.200	0.025	4.075
1020.400	0.022	4.075
1020.600	0.022	4.075
1020.800	0.023	4.075
1021.000	0.024	4.075
1021.200	0.023	4.075
1021.400	0.024	4.075
1021.600	0.022	4.075
1021.800	0.022	4.075
1022.000	0.022	4.075
1022.200	0.022	4.075
1022.400	0.025	4.075
1022.600	0.024	4.075
1022.800	0.025	4.075
1023.000	0.024	4.075
1023.200	0.023	4.075
1023.400	0.022	4.075
1023.600	0.022	4.075
1023.800	0.022	4.075
1024.000	0.023	4.075
1024.200	0.024	4.075
1024.400	0.024	4.075
1024.600	0.023	4.075
1024.800	0.023	4.075
1025.000	0.023	4.075
1025.200	0.025	4.075
1025.400	0.025	4.075
1025.600	0.024	4.075
1025.800	0.024	4.075
1026.000	0.023	4.075
1026.200	0.024	4.075
1026.400	0.023	4.075
1026.600	0.024	4.075
1026.800	0.025	4.075
1027.000	0.023	4.075
1027.200	0.024	4.075
1027.400	0.024	4.075
1027.600	0.024	4.075
1027.800	0.023	4.075
1028.000	0.023	4.075
1028.200	0.024	4.075
1028.400	0.024	4.075
1028.600	0.024	4.075
1028.800	0.023	4.075
1029.000	0.024	4.075
1029.200	0.022	4.075
1029.400	0.023	4.075
1029.600	0.023	4.075
1029.800	0.023	4.075
1030.000	0.022	4.075
1030.200	0.023	4.075
1030.400	0.024	4.075
1030.600	0.022	4.075
1030.800	0.023	4.075
1031.000	0.024	4.075
1031.200	0.024	4.075
1031.400	0.023	4.075
1031.600	0.024	4.075
1031.800	0.024	4.075
1032.000	0.024	4.075
1032.200	0.025	4.075
1032.400	0.025	4.075
1032.600	0.025	4.075
1032.800	0.023	4.075
1033.000	0.024	4.075
1033.200	0.024	4.075
1033.400	0.024	4.075
1033.600	0.021	4.075
1033.800	0.021	4.075
1034.000	0.020	4.075
1034.200	0.021	4.075
1034.400	0.022	4.075
1034.600	0.023	4.075
1034.800	0.023	4.075
1035.000	0.024	4.075
1035.200	0.023	4.075
1035.400	0.024	4.075
1035.600	0.024	4.075
1035.800	0.026	4.075
1036.000	0.023	4.075
1036.200	0.025	4.075
1036.400	0.025	4.075
1036.600	0.022	4.075
1036.800	0.024	4.075
1037.000	0.025	4.075
1037.200	0.025	4.075
1037.400	0.026	4.075
1037.600	0.025	4.075
1037.800	0.024	4.075
1038.000	0.024	4.075
1038.200	0.024	4.075
1038.400	0.025	4.075
1038.600	0.025	4.075
1038.800	0.024	4.075
1039.000	0.024	4.075
1039.200	0.025	4.075
1039.400	0.024	4.075
1039.600	0.025	4.075
1039.800	0.024	4.075
1040.000	0.023	4.075
1040.200	0.024	4.075
1040.400	0.023	4.075
1040.600	0.025	4.075
1040.800	0.022	4.075
1041.000	0.024	4.075
1041.200	0.024	4.075
1041.400	0.024	4.075
1041.600	0.024	4.075
1041.800	0.022	4.075
1042.000	0.022	4.075
1042.200	0.023	4.075
1042.400	0.023	4.075
1042.600	0.024	4.075
1042.800	0.023	4.075
1043.000	0.023	4.075
1043.200	0.023	4.075
1043.400	0.021	4.075
1043.600	0.022	4.075
1043.800	0.024	4.075
1044.000	0.023	4.075
1044.200	0.023	4.075
1044.400	0.022	4.075
1044.600	0.021	4.075
1044.800	0.020	4.075
1045.000	0.022	4.075
1045.200	0.020	4.075
1045.400	0.022	4.075
1045.600	0.022	4.075
1045.800	0.023	4.075
1046.000	0.021	4.075
1046.200	0.022	4.075
1046.400	0.022	4.075
1046.600	0.021	4.075
1046.800	0.021	4.075
1047.000	0.021	4.075
1047.200	0.021	4.075
1047.400	0.021	4.075
1047.600	0.022	4.075
1047.800	0.023	4.075
1048.000	0.023	4.075
1048.200	0.023	4.075
1048.400	0.022	4.075
1048.600	0.023	4.075
1048.800	0.023	4.075
1049.000	0.022	4.075
1049.200	0.023	4.075
1049.400	0.024	4.075
1049.600	0.022	4.075
1049.800	0.024	4.075
1050.000	0.022	4.075
1050.200	0.022	4.075
1050.400	0.021	4.075
1050.600	0.021	4.075
1050.800	0.022	4.075
1051.000	0.022	4.075
1051.200	0.024	4.075
1051.400	0.023	4.075
1051.600	0.024	4.075
1051.800	0.023	4.075
1052.000	0.022	4.075
1052.200	0.023	4.075
1052.400	0.023	4.075
1052.600	0.024	4.075
1052.800	0.022	4.075
1053.000	0.021	4.075
1053.200	0.024	4.075
1053.400	0.024	4.075
1053.600	0.023	4.075
1053.800	0.021	4.075
1054.000	0.023	4.075
1054.200	0.024	4.075
1054.400	0.025	4.075
1054.600	0.023	4.075
1054.800	0.023	4.075
1055.000	0.022	4.075
1055.200	0.023	4.075
1055.400	0.022	4.075
1055.600	0.022	4.075
1055.800	0.023	4.075
1056.000	0.024	4.075
1056.200	0.023	4.075
1056.400	0.022	4.075
1056.600	0.022	4.075
1056.800	0.022	4.075
1057.000	0.021	4.075
1057.200	0.021	4.075
1057.400	0.022	4.075
1057.600	0.023	4.075
1057.800	0.022	4.075
1058.000	0.021	4.075
1058.200	0.021	4.075
1058.400	0.022	4.075
1058.600	0.021	4.075
1058.800	0.021	4.075
1059.000	0.021	4.075
1059.200	0.023	4.075
1059.400	0.022	4.075
1059.600	0.021	4.075
1059.800	0.022	4.075
1060.000	0.023	4.075
1060.200	0.021	4.075
1060.400	0.021	4.075
1060.600	0.021	4.075
1060.800	0.020	4.075
1061.000	0.020	4.075
1061.200	0.022	4.075
1061.400	0.021	4.075
1061.600	0.021	4.075
1061.800	0.021	4.075
1062.000	0.021	4.075
1062.200	0.023	4.075
1062.400	0.024	4.075
1062.600	0.023	4.075
1062.800	0.022	4.075
1063.000	0.024	4.075
1063.200	0.024	4.075
1063.400	0.023	4.075
1063.600	0.026	4.075
1063.800	0.023	4.075
1064.000	0.024	4.075
1064.200	0.023	4.075
1064.400	0.021	4.075
1064.600	0.023	4.075
1064.800	0.024	4.075
1065.000	0.024	4.075
1065.200	0.022	4.075
1065.400	0.023	4.075
1065.600	0.023	4.075
1065.800	0.023	4.075
1066.000	0.022	4.075
1066.200	0.023	4.075
1066.400	0.023	4.075
1066.600	0.023	4.075
1066.800	0.022	4.075
1067.000	0.025	4.075
1067.200	0.026	4.075
1067.400	0.024	4.075
1067.600	0.024	4.075
1067.800	0.024	4.075
1068.000	0.025	4.075
1068.200	0.024	4.075
1068.400	0.025	4.075
1068.600	0.025	4.075
1068.800	0.025	4.075
1069.000	0.024	4.075
1069.200	0.023	4.075
1069.400	0.024	4.075
1069.600	0.025	4.075
1069.800	0.023	4.075
1070.000	0.024	4.075
1070.200	0.023	4.075
1070.400	0.026	4.075
1070.600	0.024	4.075
1070.800	0.024	4.075
1071.000	0.023	4.075
1071.200	0.023	4.075
1071.400	0.023	4.075
1071.600	0.024	4.075
1071.800	0.024	4.075
1072.000	0.024	4.075
1072.200	0.023	4.075
1072.400	0.023	4.075
1072.600	0.023	4.075
1072.800	0.024	4.075
1073.000	0.022	4.075
1073.200	0.022	4.075
1073.400	0.022	4.075
1073.600	0.023	4.075
1073.800	0.023	4.075
1074.000	0.023	4.075
1074.200	0.022	4.075
1074.400	0.022	4.075
1074.600	0.022	4.075
1074.800	0.022	4.075
1075.000	0.022	4.075
1075.200	0.022	4.075
1075.400	0.024	4.075
1075.600	0.023	4.075
1075.800	0.021	4.075
1076.000	0.022	4.075
1076.200	0.022	4.075
1076.400	0.022	4.075
1076.600	0.021	4.075
1076.800	0.023	4.075
1077.000	0.024	4.075
1077.200	0.024	4.075
1077.400	0.024	4.075
1077.600	0.024	4.075
1077.800	0.025	4.075
1078.000	0.024	4.075
1078.200	0.024	4.075
1078.400	0.024	4.075
1078.600	0.023	4.075
1078.800	0.023	4.075
1079.000	0.024	4.075
1079.200	0.023	4.075
1079.400	0.023	4.075
1079.600	0.023	4.075
1079.800	0.024	4.075
1080.000	0.022	4.075
1080.200	0.025	4.075
1080.400	0.024	4.075
1080.600	0.023	4.075
1080.800	0.024	4.075
1081.000	0.024	4.075
1081.200	0.024	4.075
1081.400	0.024	4.075
1081.600	0.023	4.075
1081.800	0.023	4.075
1082.000	0.023	4.075
1082.200	0.023	4.075
1082.400	0.021	4.075
1082.600	0.023	4.075
1082.800	0.023	4.075
1083.000	0.024	4.075
1083.200	0.022	4.075
1083.400	0.023	4.075
1083.600	0.024	4.075
1083.800	0.022	4.075
1084.000	0.023	4.075
1084.200	0.021	4.075
1084.400	0.022	4.075
1084.600	0.021	4.075
1084.800	0.022	4.075
1085.000	0.021	4.075
1085.200	0.022	4.075
1085.400	0.022	4.075
1085.600	0.021	4.075
1085.800	0.022	4.075
1086.000	0.023	4.075
1086.200	0.021	4.075
1086.400	0.024	4.075
1086.600	0.022	4.075
1086.800	0.021	4.075
1087.000	0.023	4.075
1087.200	0.021	4.075
1087.400	0.022	4.075
1087.600	0.023	4.075
1087.800	0.023	4.075
1088.000	0.022	4.075
1088.200	0.022	4.075
1088.400	0.022	4.075
1088.600	0.023	4.075
1088.800	0.023	4.075
1089.000	0.022	4.075
1089.200	0.023	4.075
1089.400	0.021	4.075
1089.600	0.021	4.075
1089.800	0.020	4.075
1090.000	0.022	4.075
1090.200	0.023	4.075
1090.400	0.022	4.075
1090.600	0.023	4.075
1090.800	0.022	4.075
1091.000	0.023	4.075
1091.200	0.022	4.075
1091.400	0.021	4.075
1091.600	0.022	4.075
1091.800	0.022	4.075
1092.000	0.022	4.075
1092.200	0.020	4.075
1092.400	0.022	4.075
1092.600	0.021	4.075
1092.800	0.021	4.075
1093.000	0.021	4.075
1093.200	0.022	4.075
1093.400	0.022	4.075
1093.600	0.021	4.075
1093.800	0.020	4.075
1094.000	0.021	4.075
1094.200	0.022	4.075
1094.400	0.022	4.075
1094.600	0.021	4.075
1094.800	0.021	4.075
1095.000	0.022	4.075
1095.200	0.023	4.075
1095.400	0.022	4.075
1095.600	0.023	4.075
1095.800	0.024	4.075
1096.000	0.022	4.075
1096.200	0.024	4.075
1096.400	0.023	4.075
1096.600	0.023	4.075
1096.800	0.021	4.075
1097.000	0.022	4.075
1097.200	0.022	4.075
1097.400	0.022	4.075
1097.600	0.022	4.075
1097.800	0.021	4.075
1098.000	0.022	4.075
1098.200	0.022	4.075
1098.400	0.022	4.075
1098.600	0.022	4.075
1098.800	0.021	4.075
1099.000	0.021	4.075
1099.200	0.023	4.075
1099.400	0.022	4.075
1099.600	0.022	4.075
1099.800	0.022	4.075
1100.000	0.022	4.075
1100.200	0.022	4.075
1100.400	0.022	4.075
1100.600	0.022	4.075
1100.800	0.023	4.075
1101.000	0.021	4.075
1101.200	0.022	4.075
1101.400	0.023	4.075
1101.600	0.025	4.075
1101.800	0.023	4.075
1102.000	0.024	4.075
1102.200	0.024	4.075
1102.400	0.024	4.075
1102.600	0.023	4.075
1102.800	0.024	4.075
1103.000	0.024	4.075
1103.200	0.025	4.075
1103.400	0.023	4.075
1103.600	0.026	4.075
1103.800	0.026	4.075
1104.000	0.027	4.075
1104.200	0.025	4.075
1104.400	0.024	4.075
1104.600	0.023	4.075
1104.800	0.024	4.075
1105.000	0.024	4.075
1105.200	0.024	4.075
1105.400	0.023	4.075
1105.600	0.024	4.075
1105.800	0.026	4.075
1106.000	0.025	4.075
1106.200	0.023	4.075
1106.400	0.025	4.075
1106.600	0.024	4.075
1106.800	0.024	4.075
1107.000	0.025	4.075
1107.200	0.025	4.075
1107.400	0.024	4.075
1107.600	0.025	4.075
1107.800	0.024	4.075
1108.000	0.024	4.075
1108.200	0.023	4.075
1108.400	0.024	4.075
1108.600	0.024	4.075
1108.800	0.026	4.075
1109.000	0.024	4.075
1109.200	0.025	4.075
1109.400	0.026	4.075
1109.600	0.024	4.075
1109.800	0.025	4.075
1110.000	0.025	4.075
1110.200	0.024	4.075
1110.400	0.023	4.075
1110.600	0.024	4.075
1110.800	0.023	4.075
1111.000	0.024	4.075
1111.200	0.024	4.075
1111.400	0.024	4.075
1111.600	0.025	4.075
1111.800	0.024	4.075
1112.000	0.024	4.075
1112.200	0.025	4.075
1112.400	0.024	4.075
1112.600	0.024	4.075
1112.800	0.024	4.075
1113.000	0.024	4.075
1113.200	0.024	4.075
1113.400	0.024	4.075
1113.600	0.023	4.075
1113.800	0.024	4.075
1114.000	0.023	4.075
1114.200	0.024	4.075
1114.400	0.025	4.075
1114.600	0.023	4.075
1114.800	0.024	4.075
1115.000	0.026	4.075
1115.200	0.025	4.075
1115.400	0.024	4.075
1115.600	0.025	4.075
1115.800	0.024	4.075
1116.000	0.025	4.075
1116.200	0.023	4.075
1116.400	0.026	4.075
1116.600	0.026	4.075
1116.800	0.024	4.075
1117.000	0.022	4.075
1117.200	0.024	4.075
1117.400	0.025	4.075
1117.600	0.024	4.075
1117.800	0.023	4.075
1118.000	0.023	4.075
1118.200	0.025	4.075
1118.400	0.025	4.075
1118.600	0.023	4.075
1118.800	0.024	4.075
1119.000	0.024	4.075
1119.200	0.025	4.075
1119.400	0.024	4.075
1119.600	0.025	4.075
1119.800	0.025	4.075
1120.000	0.025	4.075
1120.200	0.024	4.075
1120.400	0.023	4.075
1120.600	0.024	4.075
1120.800	0.024	4.075
1121.000	0.024	4.075
1121.200	0.023	4.075
1121.400	0.025	4.075
1121.600	0.025	4.075
1121.800	0.024	4.075
1122.000	0.025	4.075
1122.200	0.024	4.075
1122.400	0.024	4.075
1122.600	0.024	4.075
1122.800	0.025	4.075
1123.000	0.025	4.075
1123.200	0.025	4.075
1123.400	0.024	4.075
1123.600	0.025	4.075
1123.800	0.025	4.075
1124.000	0.024	4.075
1124.200	0.025	4.075
1124.400	0.024	4.075
1124.600	0.025	4.075
1124.800	0.026	4.075
1125.000	0.026	4.075
1125.200	0.024	4.075
1125.400	0.026	4.075
1125.600	0.026	4.075
1125.800	0.026	4.075
1126.000	0.024	4.075
1126.200	0.024	4.075
1126.400	0.024	4.075
1126.600	0.025	4.075
1126.800	0.025	4.075
1127.000	0.025	4.075
1127.200	0.025	4.075
1127.400	0.025	4.075
1127.600	0.025	4.075
1127.800	0.025	4.075
1128.000	0.026	4.075
1128.200	0.025	4.075
1128.400	0.025	4.075
1128.600	0.023	4.075
1128.800	0.023	4.075
1129.000	0.024	4.075
1129.200	0.025	4.075
1129.400	0.026	4.075
1129.600	0.023	4.075
1129.800	0.025	4.075
1130.000	0.025	4.075
1130.200	0.025	4.075
1130.400	0.025	4.075
1130.600	0.025	4.075
1130.800	0.025	4.075
1131.000	0.024	4.075
1131.200	0.023	4.075
1131.400	0.023	4.075
1131.600	0.024	4.075
1131.800	0.024	4.075
1132.000	0.022	4.075
1132.200	0.023	4.075
1132.400	0.024	4.075
1132.600	0.024	4.075
1132.800	0.024	4.075
1133.000	0.024	4.075
1133.200	0.024	4.075
1133.400	0.025	4.075
1133.600	0.023	4.075
1133.800	0.023	4.075
1134.000	0.025	4.075
1134.200	0.025	4.075
1134.400	0.024	4.075
1134.600	0.025	4.075
1134.800	0.026	4.075
1135.000	0.024	4.075
1135.200	0.025	4.075
1135.400	0.024	4.075
1135.600	0.023	4.075
1135.800	0.025	4.075
1136.000	0.025	4.075
1136.200	0.025	4.075
1136.400	0.025	4.075
1136.600	0.024	4.075
1136.800	0.026	4.075
1137.000	0.024	4.075
1137.200	0.026	4.075
1137.400	0.024	4.075
1137.600	0.024	4.075
1137.800	0.024	4.075
1138.000	0.024	4.075
1138.200	0.024	4.075
1138.400	0.026	4.075
1138.600	0.025	4.075
1138.800	0.025	4.075
1139.000	0.026	4.075
1139.200	0.024	4.075
1139.400	0.024	4.075
1139.600	0.024	4.075
1139.800	0.027	4.075
1140.000	0.027	4.075
1140.200	0.025	4.075
1140.400	0.026	4.075
1140.600	0.027	4.075
1140.800	0.026	4.075
1141.000	0.024	4.075
1141.200	0.024	4.075
1141.400	0.026	4.075
1141.600	0.025	4.075
1141.800	0.025	4.075
1142.000	0.024	4.075
1142.200	0.025	4.075
1142.400	0.025	4.075
1142.600	0.025	4.075
1142.800	0.023	4.075
1143.000	0.025	4.075
1143.200	0.026	4.075
1143.400	0.024	4.075
1143.600	0.024	4.075
1143.800	0.025	4.075
1144.000	0.023	4.075
1144.200	0.023	4.075
1144.400	0.025	4.075
1144.600	0.024	4.075
1144.800	0.024	4.075
1145.000	0.024	4.075
1145.200	0.027	4.075
1145.400	0.026	4.075
1145.600	0.027	4.075
1145.800	0.027	4.075
1146.000	0.026	4.075
1146.200	0.027	4.075
1146.400	0.026	4.075
1146.600	0.026	4.075
1146.800	0.025	4.075
1147.000	0.025	4.075
1147.200	0.027	4.075
1147.400	0.026	4.075
1147.600	0.026	4.075
1147.800	0.026	4.075
1148.000	0.026	4.075
1148.200	0.026	4.075
1148.400	0.026	4.075
1148.600	0.024	4.075
1148.800	0.026	4.075
1149.000	0.027	4.075
1149.200	0.026	4.075
1149.400	0.026	4.075
1149.600	0.026	4.075
1149.800	0.026	4.075
1150.000	0.025	4.075
1150.200	0.026	4.075
1150.400	0.025	4.075
1150.600	0.025	4.075
1150.800	0.025	4.075
1151.000	0.027	4.075
1151.200	0.026	4.075
1151.400	0.026	4.075
1151.600	0.026	4.075
1151.800	0.027	4.075
1152.000	0.024	4.075
1152.200	0.025	4.075
1152.400	0.024	4.075
1152.600	0.023	4.075
1152.800	0.023	4.075
1153.000	0.024	4.075
1153.200	0.025	4.075
1153.400	0.024	4.075
1153.600	0.025	4.075
1153.800	0.026	4.075
1154.000	0.026	4.075
1154.200	0.026	4.075
1154.400	0.026	4.075
1154.600	0.025	4.075
1154.800	0.025	4.075
1155.000	0.026	4.075
1155.200	0.027	4.075
1155.400	0.025	4.075
1155.600	0.026	4.075
1155.800	0.025	4.075
1156.000	0.026	4.075
1156.200	0.025	4.075
1156.400	0.027	4.075
1156.600	0.027	4.075
1156.800	0.027	4.075
1157.000	0.025	4.075
1157.200	0.025	4.075
1157.400	0.026	4.075
1157.600	0.027	4.075
1157.800	0.026	4.075
1158.000	0.026	4.075
1158.200	0.025	4.075
1158.400	0.025	4.075
1158.600	0.027	4.075
1158.800	0.025	4.075
1159.000	0.026	4.075
1159.200	0.026	4.075
1159.400	0.025	4.075
1159.600	0.026	4.075
1159.800	0.027	4.075
1160.000	0.027	4.075
1160.200	0.025	4.075
1160.400	0.023	4.075
1160.600	0.026	4.075
1160.800	0.025	4.075
1161.000	0.025	4.075
1161.200	0.028	4.075
1161.400	0.026	4.075
1161.600	0.026	4.075
1161.800	0.026	4.075
1162.000	0.027	4.075
1162.200	0.028	4.075
1162.400	0.027	4.075
1162.600	0.027	4.075
1162.800	0.026	4.075
1163.000	0.026	4.075
1163.200	0.026	4.075
1163.400	0.028	4.075
1163.600	0.026	4.075
1163.800	0.025	4.075
1164.000	0.027	4.075
1164.200	0.027	4.075
1164.400	0.026	4.075
1164.600	0.026	4.075
1164.800	0.026	4.075
1165.000	0.025	4.075
1165.200	0.026	4.075
1165.400	0.026	4.075
1165.600	0.026	4.075
1165.800	0.027	4.075
1166.000	0.025	4.075
1166.200	0.025	4.075
1166.400	0.025	4.075
1166.600	0.024	4.075
1166.800	0.026	4.075
1167.000	0.024	4.075
1167.200	0.025	4.075
1167.400	0.025	4.075
1167.600	0.026	4.075
1167.800	0.026	4.075
1168.000	0.026	4.075
1168.200	0.025	4.075
1168.400	0.026	4.075
1168.600	0.027	4.075
1168.800	0.027	4.075
1169.000	0.026	4.075
1169.200	0.025	4.075
1169.400	0.024	4.075
1169.600	0.025	4.075
1169.800	0.024	4.075
1170.000	0.026	4.075
1170.200	0.024	4.075
1170.400	0.025	4.075
1170.600	0.024	4.075
1170.800	0.025	4.075
1171.000	0.025	4.075
1171.200	0.025	4.075
1171.400	0.026	4.075
1171.600	0.026	4.075
1171.800	0.026	4.075
1172.000	0.025	4.075
1172.200	0.026	4.075
1172.400	0.025	4.075
1172.600	0.025	4.075
1172.800	0.025	4.075
1173.000	0.028	4.075
1173.200	0.026	4.075
1173.400	0.025	4.075
1173.600	0.025	4.075
1173.800	0.025	4.075
1174.000	0.025	4.075
1174.200	0.025	4.075
1174.400	0.027	4.075
1174.600	0.027	4.075
1174.800	0.026	4.075
1175.000	0.026	4.075
1175.200	0.027	4.075
1175.400	0.026	4.075
1175.600	0.026	4.075
1175.800	0.024	4.075
1176.000	0.026	4.075
1176.200	0.025	4.075
1176.400	0.024	4.075
1176.600	0.025	4.075
1176.800	0.026	4.075
1177.000	0.024	4.075
1177.200	0.025	4.075
1177.400	0.025	4.075
1177.600	0.025	4.075
1177.800	0.024	4.075
1178.000	0.026	4.075
1178.200	0.025	4.075
1178.400	0.025	4.075
1178.600	0.025	4.075
1178.800	0.028	4.075
1179.000	0.025	4.075
1179.200	0.026	4.075
1179.400	0.025	4.075
1179.600	0.027	4.075
1179.800	0.025	4.075
1180.000	0.025	4.075
1180.200	0.025	4.075
1180.400	0.026	4.075
1180.600	0.026	4.075
1180.800	0.025	4.075
1181.000	0.026	4.075
1181.200	0.026	4.075
1181.400	0.027	4.075
1181.600	0.024	4.075
1181.800	0.024	4.075
1182.000	0.024	4.075
1182.200	0.025	4.075
1182.400	0.026	4.075
1182.600	0.025	4.075
1182.800	0.025	4.075
1183.000	0.025	4.075
1183.200	0.026	4.075
1183.400	0.022	4.075
1183.600	0.024	4.075
1183.800	0.025	4.075
1184.000	0.025	4.075
1184.200	0.024	4.075
1184.400	0.026	4.075
1184.600	0.025	4.075
1184.800	0.025	4.075
1185.000	0.025	4.075
1185.200	0.024	4.075
1185.400	0.023	4.075
1185.600	0.024	4.075
1185.800	0.025	4.075
1186.000	0.025	4.075
1186.200	0.024	4.075
1186.400	0.023	4.075
1186.600	0.025	4.075
1186.800	0.025	4.075
1187.000	0.026	4.075
1187.200	0.026	4.075
1187.400	0.024	4.075
1187.600	0.024	4.075
1187.800	0.026	4.075
1188.000	0.026	4.075
1188.200	0.025	4.075
1188.400	0.026	4.075
1188.600	0.026	4.075
1188.800	0.025	4.075
1189.000	0.024	4.075
1189.200	0.026	4.075
1189.400	0.025	4.075
1189.600	0.026	4.075
1189.800	0.026	4.075
1190.000	0.025	4.075
1190.200	0.026	4.075
1190.400	0.025	4.075
1190.600	0.025	4.075
1190.800	0.025	4.075
1191.000	0.025	4.075
1191.200	0.025	4.075
1191.400	0.026	4.075
1191.600	0.025	4.075
1191.800	0.025	4.075
1192.000	0.025	4.075
1192.200	0.026	4.075
1192.400	0.026	4.075
1192.600	0.026	4.075
1192.800	0.025	4.075
1193.000	0.025	4.075
1193.200	0.024	4.075
1193.400	0.026	4.075
1193.600	0.026	4.075
1193.800	0.026	4.075
1194.000	0.025	4.075
1194.200	0.025	4.075
1194.400	0.026	4.075
1194.600	0.026	4.075
1194.800	0.024	4.075
1195.000	0.025	4.075
1195.200	0.025	4.075
1195.400	0.027	4.075
1195.600	0.025	4.075
1195.800	0.025	4.075
1196.000	0.026	4.075
1196.200	0.024	4.075
1196.400	0.024	4.075
1196.600	0.026	4.075
1196.800	0.025	4.075
1197.000	0.025	4.075
1197.200	0.024	4.075
1197.400	0.026	4.075
1197.600	0.026	4.075
1197.800	0.025	4.075
1198.000	0.026	4.075
1198.200	0.024	4.075
1198.400	0.023	4.075
1198.600	0.025	4.075
1198.800	0.024	4.075
1199.000	0.024	4.075
1199.200	0.025	4.075
1199.400	0.025	4.075
1199.600	0.026	4.075
1199.800	0.026	4.075
1200.000	0.025	4.075
1200.200	0.025	4.075
1200.400	0.023	4.075
1200.600	0.025	4.075
1200.800	0.025	4.075
1201.000	0.025	4.075
1201.200	0.025	4.075
1201.400	0.024	4.075
1201.600	0.026	4.075
1201.800	0.025	4.075
1202.000	0.025	4.075
1202.200	0.024	4.075
1202.400	0.026	4.075
1202.600	0.024	4.075
1202.800	0.026	4.075
1203.000	0.026	4.075
1203.200	0.025	4.075
1203.400	0.025	4.075
1203.600	0.025	4.075
1203.800	0.025	4.075
1204.000	0.025	4.075
1204.200	0.025	4.075
1204.400	0.025	4.075
1204.600	0.027	4.075
1204.800	0.027	4.075
1205.000	0.026	4.075
1205.200	0.027	4.075
1205.400	0.026	4.075
1205.600	0.026	4.075
1205.800	0.025	4.075
1206.000	0.024	4.075
1206.200	0.025	4.075
1206.400	0.025	4.075
1206.600	0.025	4.075
1206.800	0.027	4.075
1207.000	0.026	4.075
1207.200	0.026	4.075
1207.400	0.027	4.075
1207.600	0.027	4.075
1207.800	0.025	4.075
1208.000	0.026	4.075
1208.200	0.027	4.075
1208.400	0.026	4.075
1208.600	0.027	4.075
1208.800	0.029	4.075
1209.000	0.028	4.075
1209.200	0.027	4.075
1209.400	0.027	4.075
1209.600	0.028	4.075
1209.800	0.027	4.075
1210.000	0.025	4.075
1210.200	0.026	4.075
1210.400	0.026	4.075
1210.600	0.025	4.075
1210.800	0.025	4.075
1211.000	0.024	4.075
1211.200	0.025	4.075
1211.400	0.026	4.075
1211.600	0.026	4.075
1211.800	0.026	4.075
1212.000	0.026	4.075
1212.200	0.026	4.075
1212.400	0.026	4.075
1212.600	0.026	4.075
1212.800	0.027	4.075
1213.000	0.027	4.075
1213.200	0.025	4.075
1213.400	0.026	4.075
1213.600	0.027	4.075
1213.800	0.025	4.075
1214.000	0.025	4.075
1214.200	0.026	4.075
1214.400	0.026	4.075
1214.600	0.026	4.075
1214.800	0.027	4.075
1215.000	0.027	4.075
1215.200	0.027	4.075
1215.400	0.026	4.075
1215.600	0.026	4.075
1215.800	0.025	4.075
1216.000	0.024	4.075
1216.200	0.025	4.075
1216.400	0.027	4.075
1216.600	0.026	4.075
1216.800	0.025	4.075
1217.000	0.025	4.075
1217.200	0.024	4.075
1217.400	0.024	4.075
1217.600	0.024	4.075
1217.800	0.026	4.075
1218.000	0.025	4.075
1218.200	0.025	4.075
1218.400	0.025	4.075
1218.600	0.026	4.075
1218.800	0.026	4.075
1219.000	0.025	4.075
1219.200	0.026	4.075
1219.400	0.025	4.075
1219.600	0.026	4.075
1219.800	0.025	4.075
1220.000	0.027	4.075
1220.200	0.026	4.075
1220.400	0.024	4.075
1220.600	0.024	4.075
1220.800	0.026	4.075
1221.000	0.024	4.075
1221.200	0.025	4.075
1221.400	0.025	4.075
1221.600	0.025	4.075
1221.800	0.026	4.075
1222.000	0.026	4.075
1222.200	0.026	4.075
1222.400	0.026	4.075
1222.600	0.024	4.075
1222.800	0.024	4.075
1223.000	0.024	4.075
1223.200	0.023	4.075
1223.400	0.025	4.075
1223.600	0.023	4.075
1223.800	0.025	4.075
1224.000	0.025	4.075
1224.200	0.023	4.075
1224.400	0.024	4.075
1224.600	0.024	4.075
1224.800	0.025	4.075
1225.000	0.026	4.075
1225.200	0.023	4.075
1225.400	0.022	4.075
1225.600	0.024	4.075
1225.800	0.025	4.075
1226.000	0.024	4.075
1226.200	0.024	4.075
1226.400	0.024	4.075
1226.600	0.025	4.075
1226.800	0.025	4.075
1227.000	0.025	4.075
1227.200	0.024	4.075
1227.400	0.024	4.075
1227.600	0.024	4.075
1227.800	0.024	4.075
1228.000	0.025	4.075
1228.200	0.023	4.075
1228.400	0.024	4.075
1228.600	0.022	4.075
1228.800	0.023	4.075
1229.000	0.023	4.075
1229.200	0.023	4.075
1229.400	0.024	4.075
1229.600	0.024	4.075
1229.800	0.024	4.075
1230.000	0.023	4.075
1230.200	0.022	4.075
1230.400	0.023	4.075
1230.600	0.024	4.075
1230.800	0.023	4.075
1231.000	0.021	4.075
1231.200	0.023	4.075
1231.400	0.024	4.075
1231.600	0.023	4.075
1231.800	0.022	4.075
1232.000	0.024	4.075
1232.200	0.024	4.075
1232.400	0.024	4.075
1232.600	0.025	4.075
1232.800	0.024	4.075
1233.000	0.024	4.075
1233.200	0.024	4.075
1233.400	0.022	4.075
1233.600	0.022	4.075
1233.800	0.023	4.075
1234.000	0.024	4.075
1234.200	0.024	4.075
1234.400	0.023	4.075
1234.600	0.022	4.075
1234.800	0.023	4.075
1235.000	0.023	4.075
1235.200	0.023	4.075
1235.400	0.022	4.075
1235.600	0.024	4.075
1235.800	0.023	4.075
1236.000	0.024	4.075
1236.200	0.023	4.075
1236.400	0.024	4.075
1236.600	0.024	4.075
1236.800	0.022	4.075
1237.000	0.022	4.075
1237.200	0.027	4.075
1237.400	0.024	4.075
1237.600	0.025	4.075
1237.800	0.023	4.075
1238.000	0.023	4.075
1238.200	0.025	4.075
1238.400	0.024	4.075
1238.600	0.025	4.075
1238.800	0.023	4.075
1239.000	0.024	4.075
1239.200	0.024	4.075
1239.400	0.024	4.075
1239.600	0.024	4.075
1239.800	0.024	4.075
1240.000	0.025	4.075
1240.200	0.025	4.075
1240.400	0.023	4.075
1240.600	0.025	4.075
1240.800	0.025	4.075
1241.000	0.026	4.075
1241.200	0.025	4.075
1241.400	0.025	4.075
1241.600	0.025	4.075
1241.800	0.026	4.075
1242.000	0.026	4.075
1242.200	0.026	4.075
1242.400	0.024	4.075
1242.600	0.025	4.075
1242.800	0.024	4.075
1243.000	0.026	4.075
1243.200	0.026	4.075
1243.400	0.025	4.075
1243.600	0.026	4.075
1243.800	0.025	4.075
1244.000	0.026	4.075
1244.200	0.026	4.075
1244.400	0.025	4.075
1244.600	0.027	4.075
1244.800	0.026	4.075
1245.000	0.026	4.075
1245.200	0.026	4.075
1245.400	0.026	4.075
1245.600	0.025	4.075
1245.800	0.025	4.075
1246.000	0.026	4.075
1246.200	0.026	4.075
1246.400	0.026	4.075
1246.600	0.026	4.075
1246.800	0.025	4.075
1247.000	0.025	4.075
1247.200	0.026	4.075
1247.400	0.027	4.075
1247.600	0.026	4.075
1247.800	0.026	4.075
1248.000	0.025	4.075
1248.200	0.026	4.075
1248.400	0.025	4.075
1248.600	0.023	4.075
1248.800	0.025	4.075
1249.000	0.024	4.075
1249.200	0.025	4.075
1249.400	0.025	4.075
1249.600	0.024	4.075
1249.800	0.025	4.075
1250.000	0.024	4.075
1250.200	0.026	4.075
1250.400	0.025	4.075
1250.600	0.023	4.075
1250.800	0.025	4.075
1251.000	0.024	4.075
1251.200	0.025	4.075
1251.400	0.024	4.075
1251.600	0.025	4.075
1251.800	0.025	4.075
1252.000	0.025	4.075
1252.200	0.026	4.075
1252.400	0.025	4.075
1252.600	0.024	4.075
1252.800	0.024	4.075
1253.000	0.022	4.075
1253.200	0.024	4.075
1253.400	0.023	4.075
1253.600	0.025	4.075
1253.800	0.026	4.075
1254.000	0.026	4.075
1254.200	0.023	4.075
1254.400	0.024	4.075
1254.600	0.022	4.075
1254.800	0.024	4.075
1255.000	0.024	4.075
1255.200	0.023	4.075
1255.400	0.024	4.075
1255.600	0.024	4.075
1255.800	0.025	4.075
1256.000	0.024	4.075
1256.200	0.024	4.075
1256.400	0.023	4.075
1256.600	0.024	4.075
1256.800	0.024	4.075
1257.000	0.022	4.075
1257.200	0.023	4.075
1257.400	0.024	4.075
1257.600	0.023	4.075
1257.800	0.023	4.075
1258.000	0.022	4.075
1258.200	0.023	4.075
1258.400	0.023	4.075
1258.600	0.024	4.075
1258.800	0.024	4.075
1259.000	0.024	4.075
1259.200	0.026	4.075
1259.400	0.025	4.075
1259.600	0.025	4.075
1259.800	0.024	4.075
1260.000	0.025	4.075
1260.200	0.024	4.075
1260.400	0.024	4.075
1260.600	0.024	4.075
1260.800	0.023	4.075
1261.000	0.024	4.075
1261.200	0.026	4.075
1261.400	0.021	4.075
1261.600	0.021	4.075
1261.800	0.021	4.075
1262.000	0.022	4.075
1262.200	0.023	4.075
1262.400	0.023	4.075
1262.600	0.023	4.075
1262.800	0.023	4.075
1263.000	0.024	4.075
1263.200	0.022	4.075
1263.400	0.023	4.075
1263.600	0.023	4.075
1263.800	0.023	4.075
1264.000	0.024	4.075
1264.200	0.025	4.075
1264.400	0.024	4.075
1264.600	0.022	4.075
1264.800	0.024	4.075
1265.000	0.025	4.075
1265.200	0.023	4.075
1265.400	0.024	4.075
1265.600	0.023	4.075
1265.800	0.024	4.075
1266.000	0.024	4.075
1266.200	0.024	4.075
1266.400	0.027	4.075
1266.600	0.024	4.075
1266.800	0.024	4.075
1267.000	0.024	4.075
1267.200	0.023	4.075
1267.400	0.025	4.075
1267.600	0.025	4.075
1267.800	0.028	4.075
1268.000	0.027	4.075
1268.200	0.025	4.075
1268.400	0.025	4.075
1268.600	0.024	4.075
1268.800	0.025	4.075
1269.000	0.025	4.075
1269.200	0.025	4.075
1269.400	0.026	4.075
1269.600	0.027	4.075
1269.800	0.027	4.075
1270.000	0.027	4.075
1270.200	0.026	4.075
1270.400	0.026	4.075
1270.600	0.026	4.075
1270.800	0.026	4.075
1271.000	0.025	4.075
1271.200	0.026	4.075
1271.400	0.025	4.075
1271.600	0.025	4.075
1271.800	0.024	4.075
1272.000	0.024	4.075
1272.200	0.025	4.075
1272.400	0.025	4.075
1272.600	0.024	4.075
1272.800	0.024	4.075
1273.000	0.023	4.075
1273.200	0.023	4.075
1273.400	0.023	4.075
1273.600	0.024	4.075
1273.800	0.024	4.075
1274.000	0.024	4.075
1274.200	0.024	4.075
1274.400	0.024	4.075
1274.600	0.023	4.075
1274.800	0.024	4.075
1275.000	0.023	4.075
1275.200	0.025	4.075
1275.400	0.024	4.075
1275.600	0.025	4.075
1275.800	0.026	4.075
1276.000	0.023	4.075
1276.200	0.023	4.075
1276.400	0.023	4.075
1276.600	0.024	4.075
1276.800	0.023	4.075
1277.000	0.022	4.075
1277.200	0.024	4.075
1277.400	0.023	4.075
1277.600	0.024	4.075
1277.800	0.024	4.075
1278.000	0.024	4.075
1278.200	0.024	4.075
1278.400	0.025	4.075
1278.600	0.024	4.075
1278.800	0.024	4.075
1279.000	0.024	4.075
1279.200	0.027	4.075
1279.400	0.024	4.075
1279.600	0.024	4.075
1279.800	0.025	4.075
1280.000	0.025	4.075
1280.200	0.024	4.075
1280.400	0.024	4.075
1280.600	0.023	4.075
1280.800	0.024	4.075
1281.000	0.024	4.075
1281.200	0.023	4.075
1281.400	0.023	4.075
1281.600	0.024	4.075
1281.800	0.024	4.075
1282.000	0.024	4.075
1282.200	0.024	4.075
1282.400	0.024	4.075
1282.600	0.026	4.075
1282.800	0.025	4.075
1283.000	0.025	4.075
1283.200	0.025	4.075
1283.400	0.025	4.075
1283.600	0.025	4.075
1283.800	0.025	4.075
1284.000	0.024	4.075
1284.200	0.024	4.075
1284.400	0.026	4.075
1284.600	0.025	4.075
1284.800	0.023	4.075
1285.000	0.024	4.075
1285.200	0.025	4.075
1285.400	0.024	4.075
1285.600	0.024	4.075
1285.800	0.024	4.075
1286.000	0.022	4.075
1286.200	0.024	4.075
1286.400	0.024	4.075
1286.600	0.026	4.075
1286.800	0.026	4.075
1287.000	0.028	4.075
1287.200	0.025	4.075
1287.400	0.026	4.075
1287.600	0.025	4.075
1287.800	0.024	4.075
1288.000	0.026	4.075
1288.200	0.026	4.075
1288.400	0.025	4.075
1288.600	0.026	4.075
1288.800	0.024	4.075
1289.000	0.026	4.075
1289.200	0.026	4.075
1289.400	0.025	4.075
1289.600	0.025	4.075
1289.800	0.025	4.075
1290.000	0.025	4.075
1290.200	0.025	4.075
1290.400	0.026	4.075
1290.600	0.026	4.075
1290.800	0.025	4.075
1291.000	0.024	4.075
1291.200	0.025	4.075
1291.400	0.024	4.075
1291.600	0.023	4.075
1291.800	0.024	4.075
1292.000	0.025	4.075
1292.200	0.024	4.075
1292.400	0.024	4.075
1292.600	0.024	4.075
1292.800	0.025	4.075
1293.000	0.024	4.075
1293.200	0.023	4.075
1293.400	0.024	4.075
1293.600	0.023	4.075
1293.800	0.024	4.075
1294.000	0.024	4.075
1294.200	0.023	4.075
1294.400	0.023	4.075
1294.600	0.023	4.075
1294.800	0.022	4.075
1295.000	0.025	4.075
1295.200	0.022	4.075
1295.400	0.024	4.075
1295.600	0.023	4.075
1295.800	0.024	4.075
1296.000	0.024	4.075
1296.200	0.025	4.075
1296.400	0.026	4.075
1296.600	0.024	4.075
1296.800	0.025	4.075
1297.000	0.026	4.075
1297.200	0.025	4.075
1297.400	0.025	4.075
1297.600	0.024	4.075
1297.800	0.025	4.075
1298.000	0.026	4.075
1298.200	0.026	4.075
1298.400	0.026	4.075
1298.600	0.024	4.075
1298.800	0.026	4.075
1299.000	0.025	4.075
1299.200	0.026	4.075
1299.400	0.025	4.075
1299.600	0.024	4.075
1299.800	0.026	4.075
1300.000	0.024	4.075
1300.200	0.024	4.075
1300.400	0.023	4.075
1300.600	0.024	4.075
1300.800	0.024	4.075
1301.000	0.023	4.075
1301.200	0.025	4.075
1301.400	0.025	4.075
1301.600	0.025	4.075
1301.800	0.026	4.075
1302.000	0.026	4.075
1302.200	0.024	4.075
1302.400	0.023	4.075
1302.600	0.024	4.075
1302.800	0.024	4.075
1303.000	0.026	4.075
1303.200	0.025	4.075
1303.400	0.025	4.075
1303.600	0.024	4.075
1303.800	0.025	4.075
1304.000	0.025	4.075
1304.200	0.025	4.075
1304.400	0.025	4.075
1304.600	0.024	4.075
1304.800	0.024	4.075
1305.000	0.025	4.075
1305.200	0.025	4.075
1305.400	0.024	4.075
1305.600	0.024	4.075
1305.800	0.025	4.075
1306.000	0.024	4.075
1306.200	0.025	4.075
1306.400	0.026	4.075
1306.600	0.027	4.075
1306.800	0.025	4.075
1307.000	0.026	4.075
1307.200	0.026	4.075
1307.400	0.027	4.075
1307.600	0.026	4.075
1307.800	0.027	4.075
1308.000	0.025	4.075
1308.200	0.025	4.075
1308.400	0.027	4.075
1308.600	0.027	4.075
1308.800	0.026	4.075
1309.000	0.026	4.075
1309.200	0.025	4.075
1309.400	0.026	4.075
1309.600	0.025	4.075
1309.800	0.025	4.075
1310.000	0.026	4.075
1310.200	0.025	4.075
1310.400	0.025	4.075
1310.600	0.025	4.075
1310.800	0.024	4.075
1311.000	0.026	4.075
1311.200	0.025	4.075
1311.400	0.025	4.075
1311.600	0.025	4.075
1311.800	0.024	4.075
1312.000	0.025	4.075
1312.200	0.025	4.075
1312.400	0.025	4.075
1312.600	0.025	4.075
1312.800	0.025	4.075
1313.000	0.025	4.075
1313.200	0.024	4.075
1313.400	0.023	4.075
1313.600	0.025	4.075
1313.800	0.025	4.075
1314.000	0.024	4.075
1314.200	0.026	4.075
1314.400	0.024	4.075
1314.600	0.023	4.075
1314.800	0.023	4.075
1315.000	0.025	4.075
1315.200	0.024	4.075
1315.400	0.025	4.075
1315.600	0.025	4.075
1315.800	0.025	4.075
1316.000	0.025	4.075
1316.200	0.024	4.075
1316.400	0.026	4.075
1316.600	0.024	4.075
1316.800	0.024	4.075
1317.000	0.025	4.075
1317.200	0.024	4.075
1317.400	0.026	4.075
1317.600	0.024	4.075
1317.800	0.025	4.075
1318.000	0.026	4.075
1318.200	0.024	4.075
1318.400	0.024	4.075
1318.600	0.024	4.075
1318.800	0.024	4.075
1319.000	0.025	4.075
1319.200	0.025	4.075
1319.400	0.025	4.075
1319.600	0.025	4.075
1319.800	0.026	4.075
1320.000	0.024	4.075
1320.200	0.025	4.075
1320.400	0.025	4.075
1320.600	0.025	4.075
1320.800	0.025	4.075
1321.000	0.025	4.075
1321.200	0.025	4.075
1321.400	0.025	4.075
1321.600	0.026	4.075
1321.800	0.024	4.075
1322.000	0.025	4.075
1322.200	0.025	4.075
1322.400	0.026	4.075
1322.600	0.024	4.075
1322.800	0.024	4.075
1323.000	0.025	4.075
1323.200	0.026	4.075
1323.400	0.026	4.075
1323.600	0.027	4.075
1323.800	0.024	4.075
1324.000	0.025	4.075
1324.200	0.026	4.075
1324.400	0.027	4.075
1324.600	0.026	4.075
1324.800	0.025	4.075
1325.000	0.026	4.075
1325.200	0.026	4.075
1325.400	0.026	4.075
1325.600	0.026	4.075
1325.800	0.025	4.075
1326.000	0.026	4.075
1326.200	0.024	4.075
1326.400	0.026	4.075
1326.600	0.027	4.075
1326.800	0.025	4.075
1327.000	0.026	4.075
1327.200	0.027	4.075
1327.400	0.025	4.075
1327.600	0.026	4.075
1327.800	0.026	4.075
1328.000	0.025	4.075
1328.200	0.026	4.075
1328.400	0.027	4.075
1328.600	0.027	4.075
1328.800	0.026	4.075
1329.000	0.026	4.075
1329.200	0.025	4.075
1329.400	0.025	4.075
1329.600	0.026	4.075
1329.800	0.026	4.075
1330.000	0.026	4.075
1330.200	0.025	4.075
1330.400	0.025	4.075
1330.600	0.023	4.075
1330.800	0.023	4.075
1331.000	0.024	4.075
1331.200	0.022	4.075
1331.400	0.023	4.075
1331.600	0.025	4.075
1331.800	0.024	4.075
1332.000	0.024	4.075
1332.200	0.025	4.075
1332.400	0.024	4.075
1332.600	0.022	4.075
1332.800	0.023	4.075
1333.000	0.024	4.075
1333.200	0.024	4.075
1333.400	0.024	4.075
1333.600	0.023	4.075
1333.800	0.026	4.075
1334.000	0.023	4.075
1334.200	0.025	4.075
1334.400	0.025	4.075
1334.600	0.025	4.075
1334.800	0.024	4.075
1335.000	0.025	4.075
1335.200	0.025	4.075
1335.400	0.024	4.075
1335.600	0.023	4.075
1335.800	0.023	4.075
1336.000	0.023	4.075
1336.200	0.025	4.075
1336.400	0.024	4.075
1336.600	0.025	4.075
1336.800	0.023	4.075
1337.000	0.027	4.075
1337.200	0.024	4.075
1337.400	0.024	4.075
1337.600	0.026	4.075
1337.800	0.025	4.075
1338.000	0.026	4.075
1338.200	0.024	4.075
1338.400	0.024	4.075
1338.600	0.025	4.075
1338.800	0.025	4.075
1339.000	0.024	4.075
1339.200	0.025	4.075
1339.400	0.025	4.075
1339.600	0.026	4.075
1339.800	0.025	4.075
1340.000	0.025	4.075
1340.200	0.024	4.075
1340.400	0.025	4.075
1340.600	0.025	4.075
1340.800	0.023	4.075
1341.000	0.023	4.075
1341.200	0.024	4.075
1341.400	0.024	4.075
1341.600	0.024	4.075
1341.800	0.024	4.075
1342.000	0.025	4.075
1342.200	0.023	4.075
1342.400	0.023	4.075
1342.600	0.023	4.075
1342.800	0.025	4.075
1343.000	0.023	4.075
1343.200	0.025	4.075
1343.400	0.025	4.075
1343.600	0.023	4.075
1343.800	0.023	4.075
1344.000	0.021	4.075
1344.200	0.022	4.075
1344.400	0.024	4.075
1344.600	0.025	4.075
1344.800	0.025	4.075
1345.000	0.025	4.075
1345.200	0.024	4.075
1345.400	0.024	4.075
1345.600	0.025	4.075
1345.800	0.024	4.075
1346.000	0.022	4.075
1346.200	0.023	4.075
1346.400	0.022	4.075
1346.600	0.024	4.075
1346.800	0.023	4.075
1347.000	0.025	4.075
1347.200	0.024	4.075
1347.400	0.024	4.075
1347.600	0.023	4.075
1347.800	0.024	4.075
1348.000	0.023	4.075
1348.200	0.024	4.075
1348.400	0.026	4.075
1348.600	0.025	4.075
1348.800	0.024	4.075
1349.000	0.024	4.075
1349.200	0.024	4.075
1349.400	0.024	4.075
1349.600	0.024	4.075
1349.800	0.024	4.075
1350.000	0.023	4.075
1350.200	0.024	4.075
1350.400	0.022	4.075
1350.600	0.023	4.075
1350.800	0.022	4.075
1351.000	0.023	4.075
1351.200	0.024	4.075
1351.400	0.023	4.075
1351.600	0.023	4.075
1351.800	0.022	4.075
1352.000	0.024	4.075
1352.200	0.024	4.075
1352.400	0.024	4.075
1352.600	0.024	4.075
1352.800	0.024	4.075
1353.000	0.023	4.075
1353.200	0.023	4.075
1353.400	0.023	4.075
1353.600	0.022	4.075
1353.800	0.024	4.075
1354.000	0.021	4.075
1354.200	0.023	4.075
1354.400	0.023	4.075
1354.600	0.025	4.075
1354.800	0.023	4.075
1355.000	0.024	4.075
1355.200	0.024	4.075
1355.400	0.023	4.075
1355.600	0.024	4.075
1355.800	0.023	4.075
1356.000	0.024	4.075
1356.200	0.024	4.075
1356.400	0.025	4.075
1356.600	0.026	4.075
1356.800	0.026	4.075
1357.000	0.025	4.075
1357.200	0.024	4.075
1357.400	0.024	4.075
1357.600	0.025	4.075
1357.800	0.027	4.075
1358.000	0.026	4.075
1358.200	0.026	4.075
1358.400	0.025	4.075
1358.600	0.025	4.075
1358.800	0.024	4.075
1359.000	0.024	4.075
1359.200	0.023	4.075
1359.400	0.023	4.075
1359.600	0.026	4.075
1359.800	0.025	4.075
1360.000	0.023	4.075
1360.200	0.024	4.075
1360.400	0.024	4.075
1360.600	0.023	4.075
1360.800	0.023	4.075
1361.000	0.024	4.075
1361.200	0.025	4.075
1361.400	0.024	4.075
1361.600	0.023	4.075
1361.800	0.024	4.075
1362.000	0.023	4.075
1362.200	0.023	4.075
1362.400	0.024	4.075
1362.600	0.024	4.075
1362.800	0.025	4.075
1363.000	0.026	4.075
1363.200	0.026	4.075
1363.400	0.025	4.075
1363.600	0.025	4.075
1363.800	0.025	4.075
1364.000	0.024	4.075
1364.200	0.024	4.075
1364.400	0.024	4.075
1364.600	0.025	4.075
1364.800	0.026	4.075
1365.000	0.025	4.075
1365.200	0.025	4.075
1365.400	0.025	4.075
1365.600	0.025	4.075
1365.800	0.025	4.075
1366.000	0.023	4.075
1366.200	0.024	4.075
1366.400	0.024	4.075
1366.600	0.026	4.075
1366.800	0.023	4.075
1367.000	0.024	4.075
1367.200	0.023	4.075
1367.400	0.024	4.075
1367.600	0.026	4.075
1367.800	0.024	4.075
1368.000	0.024	4.075
1368.200	0.024	4.075
1368.400	0.024	4.075
1368.600	0.024	4.075
1368.800	0.024	4.075
1369.000	0.023	4.075
1369.200	0.024	4.075
1369.400	0.025	4.075
1369.600	0.026	4.075
1369.800	0.025	4.075
1370.000	0.025	4.075
1370.200	0.026	4.075
1370.400	0.025	4.075
1370.600	0.025	4.075
1370.800	0.025	4.075
1371.000	0.027	4.075
1371.200	0.027	4.075
1371.400	0.027	4.075
1371.600	0.026	4.075
1371.800	0.025	4.075
1372.000	0.023	4.075
1372.200	0.025	4.075
1372.400	0.024	4.075
1372.600	0.024	4.075
1372.800	0.025	4.075
1373.000	0.024	4.075
1373.200	0.027	4.075
1373.400	0.025	4.075
1373.600	0.026	4.075
1373.800	0.026	4.075
1374.000	0.025	4.075
1374.200	0.026	4.075
1374.400	0.025	4.075
1374.600	0.026	4.075
1374.800	0.025	4.075
1375.000	0.026	4.075
1375.200	0.026	4.075
1375.400	0.025	4.075
1375.600	0.026	4.075
1375.800	0.025	4.075
1376.000	0.025	4.075
1376.200	0.024	4.075
1376.400	0.026	4.075
1376.600	0.024	4.075
1376.800	0.024	4.075
1377.000	0.025	4.075
1377.200	0.023	4.075
1377.400	0.025	4.075
1377.600	0.025	4.075
1377.800	0.024	4.075
1378.000	0.026	4.075
1378.200	0.025	4.075
1378.400	0.025	4.075
1378.600	0.025	4.075
1378.800	0.026	4.075
1379.000	0.023	4.075
1379.200	0.025	4.075
1379.400	0.024	4.075
1379.600	0.025	4.075
1379.800	0.025	4.075
1380.000	0.024	4.075
1380.200	0.025	4.075
1380.400	0.025	4.075
1380.600	0.025	4.075
1380.800	0.027	4.075
1381.000	0.027	4.075
1381.200	0.025	4.075
1381.400	0.027	4.075
1381.600	0.025	4.075
1381.800	0.027	4.075
1382.000	0.026	4.075
1382.200	0.026	4.075
1382.400	0.025	4.075
1382.600	0.025	4.075
1382.800	0.026	4.075
1383.000	0.025	4.075
1383.200	0.026	4.075
1383.400	0.025	4.075
1383.600	0.026	4.075
1383.800	0.024	4.075
1384.000	0.025	4.075
1384.200	0.026	4.075
1384.400	0.026	4.075
1384.600	0.026	4.075
1384.800	0.026	4.075
1385.000	0.026	4.075
1385.200	0.026	4.075
1385.400	0.027	4.075
1385.600	0.025	4.075
1385.800	0.025	4.075
1386.000	0.024	4.075
1386.200	0.023	4.075
1386.400	0.025	4.075
1386.600	0.025	4.075
1386.800	0.025	4.075
1387.000	0.024	4.075
1387.200	0.025	4.075
1387.400	0.025	4.075
1387.600	0.025	4.075
1387.800	0.025	4.075
1388.000	0.024	4.075
1388.200	0.024	4.075
1388.400	0.026	4.075
1388.600	0.024	4.075
1388.800	0.025	4.075
1389.000	0.025	4.075
1389.200	0.024	4.075
1389.400	0.026	4.075
1389.600	0.025	4.075
1389.800	0.025	4.075
1390.000	0.026	4.075
1390.200	0.025	4.075
1390.400	0.025	4.075
1390.600	0.025	4.075
1390.800	0.026	4.075
1391.000	0.025	4.075
1391.200	0.024	4.075
1391.400	0.023	4.075
1391.600	0.025	4.075
1391.800	0.024	4.075
1392.000	0.025	4.075
1392.200	0.024	4.075
1392.400	0.025	4.075
1392.600	0.024	4.075
1392.800	0.026	4.075
1393.000	0.026	4.075
1393.200	0.026	4.075
1393.400	0.025	4.075
1393.600	0.027	4.075
1393.800	0.027	4.075
1394.000	0.026	4.075
1394.200	0.027	4.075
1394.400	0.025	4.075
1394.600	0.027	4.075
1394.800	0.026	4.075
1395.000	0.025	4.075
1395.200	0.026	4.075
1395.400	0.027	4.075
1395.600	0.028	4.075
1395.800	0.028	4.075
1396.000	0.028	4.075
1396.200	0.027	4.075
1396.400	0.027	4.075
1396.600	0.025	4.075
1396.800	0.027	4.075
1397.000	0.027	4.075
1397.200	0.026	4.075
1397.400	0.025	4.075
1397.600	0.026	4.075
1397.800	0.025	4.075
1398.000	0.025	4.075
1398.200	0.026	4.075
1398.400	0.025	4.075
1398.600	0.025	4.075
1398.800	0.026	4.075
1399.000	0.027	4.075
1399.200	0.025	4.075
1399.400	0.025	4.075
1399.600	0.026	4.075
1399.800	0.024	4.075
1400.000	0.026	4.075
1400.200	0.026	4.075
1400.400	0.026	4.075
1400.600	0.025	4.075
1400.800	0.025	4.075
1401.000	0.028	4.075
1401.200	0.026	4.075
1401.400	0.026	4.075
1401.600	0.027	4.075
1401.800	0.027	4.075
1402.000	0.026	4.075
1402.200	0.026	4.075
1402.400	0.026	4.075
1402.600	0.026	4.075
1402.800	0.025	4.075
1403.000	0.026	4.075
1403.200	0.026	4.075
1403.400	0.025	4.075
1403.600	0.025	4.075
1403.800	0.025	4.075
1404.000	0.025	4.075
1404.200	0.024	4.075
1404.400	0.026	4.075
1404.600	0.026	4.075
1404.800	0.024	4.075
1405.000	0.024	4.075
1405.200	0.023	4.075
1405.400	0.024	4.075
1405.600	0.023	4.075
1405.800	0.024	4.075
1406.000	0.024	4.075
1406.200	0.023	4.075
1406.400	0.024	4.075
1406.600	0.024	4.075
1406.800	0.024	4.075
1407.000	0.024	4.075
1407.200	0.024	4.075
1407.400	0.025	4.075
1407.600	0.024	4.075
1407.800	0.024	4.075
1408.000	0.025	4.075
1408.200	0.023	4.075
1408.400	0.024	4.075
1408.600	0.023	4.075
1408.800	0.025	4.075
1409.000	0.024	4.075
1409.200	0.026	4.075
1409.400	0.024	4.075
1409.600	0.024	4.075
1409.800	0.025	4.075
1410.000	0.024	4.075
1410.200	0.024	4.075
1410.400	0.025	4.075
1410.600	0.024	4.075
1410.800	0.025	4.075
1411.000	0.024	4.075
1411.200	0.026	4.075
1411.400	0.025	4.075
1411.600	0.025	4.075
1411.800	0.024	4.075
1412.000	0.025	4.075
1412.200	0.024	4.075
1412.400	0.025	4.075
1412.600	0.024	4.075
1412.800	0.024	4.075
1413.000	0.024	4.075
1413.200	0.023	4.075
1413.400	0.025	4.075
1413.600	0.023	4.075
1413.800	0.025	4.075
1414.000	0.024	4.075
1414.200	0.025	4.075
1414.400	0.024	4.075
1414.600	0.023	4.075
1414.800	0.024	4.075
1415.000	0.024	4.075
1415.200	0.023	4.075
1415.400	0.024	4.075
1415.600	0.024	4.075
1415.800	0.024	4.075
1416.000	0.022	4.075
1416.200	0.024	4.075
1416.400	0.024	4.075
1416.600	0.025	4.075
1416.800	0.024	4.075
1417.000	0.023	4.075
1417.200	0.023	4.075
1417.400	0.023	4.075
1417.600	0.024	4.075
1417.800	0.024	4.075
1418.000	0.024	4.075
1418.200	0.025	4.075
1418.400	0.024	4.075
1418.600	0.023	4.075
1418.800	0.024	4.075
1419.000	0.025	4.075
1419.200	0.024	4.075
1419.400	0.025	4.075
1419.600	0.024	4.075
1419.800	0.025	4.075
1420.000	0.024	4.075
1420.200	0.024	4.075
1420.400	0.024	4.075
1420.600	0.024	4.075
1420.800	0.023	4.075
1421.000	0.024	4.075
1421.200	0.023	4.075
1421.400	0.024	4.075
1421.600	0.025	4.075
1421.800	0.024	4.075
1422.000	0.026	4.075
1422.200	0.024	4.075
1422.400	0.025	4.075
1422.600	0.025	4.075
1422.800	0.024	4.075
1423.000	0.024	4.075
1423.200	0.022	4.075
1423.400	0.024	4.075
1423.600	0.024	4.075
1423.800	0.025	4.075
1424.000	0.023	4.075
1424.200	0.023	4.075
1424.400	0.023	4.075
1424.600	0.024	4.075
1424.800	0.024	4.075
1425.000	0.024	4.075
1425.200	0.024	4.075
1425.400	0.024	4.075
1425.600	0.024	4.075
1425.800	0.024	4.075
1426.000	0.022	4.075
1426.200	0.022	4.075
1426.400	0.022	4.075
1426.600	0.022	4.075
1426.800	0.023	4.075
1427.000	0.024	4.075
1427.200	0.024	4.075
1427.400	0.023	4.075
1427.600	0.023	4.075
1427.800	0.021	4.075
1428.000	0.022	4.075
1428.200	0.022	4.075
1428.400	0.022	4.075
1428.600	0.022	4.075
1428.800	0.025	4.075
1429.000	0.022	4.075
1429.200	0.023	4.075
1429.400	0.025	4.075
1429.600	0.023	4.075
1429.800	0.024	4.075
1430.000	0.025	4.075
1430.200	0.024	4.075
1430.400	0.022	4.075
1430.600	0.024	4.075
1430.800	0.024	4.075
1431.000	0.024	4.075
1431.200	0.024	4.075
1431.400	0.023	4.075
1431.600	0.023	4.075
1431.800	0.023	4.075
1432.000	0.025	4.075
1432.200	0.024	4.075
1432.400	0.024	4.075
1432.600	0.024	4.075
1432.800	0.024	4.075
1433.000	0.023	4.075
1433.200	0.022	4.075
1433.400	0.023	4.075
1433.600	0.023	4.075
1433.800	0.025	4.075
1434.000	0.022	4.075
1434.200	0.021	4.075
1434.400	0.023	4.075
1434.600	0.022	4.075
1434.800	0.023	4.075
1435.000	0.023	4.075
1435.200	0.022	4.075
1435.400	0.024	4.075
1435.600	0.026	4.075
1435.800	0.023	4.075
1436.000	0.023	4.075
1436.200	0.022	4.075
1436.400	0.022	4.075
1436.600	0.024	4.075
1436.800	0.024	4.075
1437.000	0.024	4.075
1437.200	0.024	4.075
1437.400	0.023	4.075
1437.600	0.023	4.075
1437.800	0.024	4.075
1438.000	0.022	4.075
1438.200	0.023	4.075
1438.400	0.024	4.075
1438.600	0.023	4.075
1438.800	0.024	4.075
1439.000	0.022	4.075
1439.200	0.023	4.075
1439.400	0.023	4.075
1439.600	0.024	4.075
1439.800	0.025	4.075
1440.000	0.025	4.075
1440.200	0.022	4.075
1440.400	0.023	4.075
1440.600	0.021	4.075
1440.800	0.022	4.075
1441.000	0.023	4.075
1441.200	0.022	4.075
1441.400	0.023	4.075
1441.600	0.021	4.075
1441.800	0.022	4.075
1442.000	0.023	4.075
1442.200	0.023	4.075
1442.400	0.023	4.075
1442.600	0.023	4.075
1442.800	0.025	4.075
1443.000	0.022	4.075
1443.200	0.023	4.075
1443.400	0.022	4.075
1443.600	0.021	4.075
1443.800	0.023	4.075
1444.000	0.022	4.075
1444.200	0.023	4.075
1444.400	0.022	4.075
1444.600	0.024	4.075
1444.800	0.023	4.075
1445.000	0.022	4.075
1445.200	0.023	4.075
1445.400	0.023	4.075
1445.600	0.023	4.075
1445.800	0.024	4.075
1446.000	0.024	4.075
1446.200	0.022	4.075
1446.400	0.023	4.075
1446.600	0.024	4.075
1446.800	0.023	4.075
1447.000	0.022	4.075
1447.200	0.024	4.075
1447.400	0.025	4.075
1447.600	0.026	4.075
1447.800	0.024	4.075
1448.000	0.023	4.075
1448.200	0.024	4.075
1448.400	0.026	4.075
1448.600	0.023	4.075
1448.800	0.024	4.075
1449.000	0.022	4.075
1449.200	0.023	4.075
1449.400	0.024	4.075
1449.600	0.023	4.075
1449.800	0.024	4.075
1450.000	0.023	4.075
1450.200	0.024	4.075
1450.400	0.025	4.075
1450.600	0.024	4.075
1450.800	0.024	4.075
1451.000	0.023	4.075
1451.200	0.024	4.075
1451.400	0.025	4.075
1451.600	0.025	4.075
1451.800	0.025	4.075
1452.000	0.024	4.075
1452.200	0.024	4.075
1452.400	0.024	4.075
1452.600	0.023	4.075
1452.800	0.025	4.075
1453.000	0.025	4.075
1453.200	0.023	4.075
1453.400	0.023	4.075
1453.600	0.022	4.075
1453.800	0.024	4.075
1454.000	0.024	4.075
1454.200	0.025	4.075
1454.400	0.024	4.075
1454.600	0.024	4.075
1454.800	0.023	4.075
1455.000	0.023	4.075
1455.200	0.024	4.075
1455.400	0.025	4.075
1455.600	0.024	4.075
1455.800	0.025	4.075
1456.000	0.025	4.075
1456.200	0.024	4.075
1456.400	0.023	4.075
1456.600	0.023	4.075
1456.800	0.022	4.075
1457.000	0.023	4.075
1457.200	0.023	4.075
1457.400	0.023	4.075
1457.600	0.022	4.075
1457.800	0.023	4.075
1458.000	0.022	4.075
1458.200	0.022	4.075
1458.400	0.023	4.075
1458.600	0.023	4.075
1458.800	0.023	4.075
1459.000	0.023	4.075
1459.200	0.023	4.075
1459.400	0.021	4.075
1459.600	0.023	4.075
1459.800	0.024	4.075
1460.000	0.024	4.075
1460.200	0.023	4.075
1460.400	0.023	4.075
1460.600	0.023	4.075
1460.800	0.022	4.075
1461.000	0.024	4.075
1461.200	0.024	4.075
1461.400	0.022	4.075
1461.600	0.024	4.075
1461.800	0.022	4.075
1462.000	0.024	4.075
1462.200	0.023	4.075
1462.400	0.021	4.075
1462.600	0.023	4.075
1462.800	0.025	4.075
1463.000	0.025	4.075
1463.200	0.024	4.075
1463.400	0.023	4.075
1463.600	0.024	4.075
1463.800	0.023	4.075
1464.000	0.022	4.075
1464.200	0.024	4.075
1464.400	0.024	4.075
1464.600	0.025	4.075
1464.800	0.024	4.075
1465.000	0.025	4.075
1465.200	0.025	4.075
1465.400	0.025	4.075
1465.600	0.024	4.075
1465.800	0.025	4.075
1466.000	0.027	4.075
1466.200	0.025	4.075
1466.400	0.025	4.075
1466.600	0.024	4.075
1466.800	0.024	4.075
1467.000	0.023	4.075
1467.200	0.023	4.075
1467.400	0.025	4.075
1467.600	0.024	4.075
1467.800	0.023	4.075
1468.000	0.023	4.075
1468.200	0.023	4.075
1468.400	0.022	4.075
1468.600	0.024	4.075
1468.800	0.023	4.075
1469.000	0.024	4.075
1469.200	0.023	4.075
1469.400	0.025	4.075
1469.600	0.024	4.075
1469.800	0.024	4.075
1470.000	0.024	4.075
1470.200	0.025	4.075
1470.400	0.025	4.075
1470.600	0.026	4.075
1470.800	0.024	4.075
1471.000	0.024	4.075
1471.200	0.025	4.075
1471.400	0.026	4.075
1471.600	0.026	4.075
1471.800	0.025	4.075
1472.000	0.026	4.075
1472.200	0.026	4.075
1472.400	0.026	4.075
1472.600	0.026	4.075
1472.800	0.024	4.075
1473.000	0.026	4.075
1473.200	0.025	4.075
1473.400	0.026	4.075
1473.600	0.025	4.075
1473.800	0.026	4.075
1474.000	0.024	4.075
1474.200	0.025	4.075
1474.400	0.025	4.075
1474.600	0.024	4.075
1474.800	0.025	4.075
1475.000	0.026	4.075
1475.200	0.023	4.075
1475.400	0.024	4.075
1475.600	0.024	4.075
1475.800	0.024	4.075
1476.000	0.024	4.075
1476.200	0.025	4.075
1476.400	0.025	4.075
1476.600	0.025	4.075
1476.800	0.023	4.075
1477.000	0.025	4.075
1477.200	0.025	4.075
1477.400	0.025	4.075
1477.600	0.025	4.075
1477.800	0.023	4.075
1478.000	0.025	4.075
1478.200	0.023	4.075
1478.400	0.023	4.075
1478.600	0.024	4.075
1478.800	0.025	4.075
1479.000	0.025	4.075
1479.200	0.025	4.075
1479.400	0.024	4.075
1479.600	0.025	4.075
1479.800	0.025	4.075
1480.000	0.025	4.075
1480.200	0.024	4.075
1480.400	0.025	4.075
1480.600	0.025	4.075
1480.800	0.024	4.075
1481.000	0.024	4.075
1481.200	0.024	4.075
1481.400	0.024	4.075
1481.600	0.025	4.075
1481.800	0.025	4.075
1482.000	0.024	4.075
1482.200	0.025	4.075
1482.400	0.025	4.075
1482.600	0.025	4.075
1482.800	0.024	4.075
1483.000	0.027	4.075
1483.200	0.025	4.075
1483.400	0.026	4.075
1483.600	0.026	4.075
1483.800	0.026	4.075
1484.000	0.025	4.075
1484.200	0.026	4.075
1484.400	0.027	4.075
1484.600	0.024	4.075
1484.800	0.026	4.075
1485.000	0.025	4.075
1485.200	0.026	4.075
1485.400	0.025	4.075
1485.600	0.025	4.075
1485.800	0.025	4.075
1486.000	0.026	4.075
1486.200	0.026	4.075
1486.400	0.027	4.075
1486.600	0.027	4.075
1486.800	0.025	4.075
1487.000	0.027	4.075
1487.200	0.026	4.075
1487.400	0.026	4.075
1487.600	0.027	4.075
1487.800	0.026	4.075
1488.000	0.025	4.075
1488.200	0.026	4.075
1488.400	0.025	4.075
1488.600	0.026	4.075
1488.800	0.025	4.075
1489.000	0.025	4.075
1489.200	0.025	4.075
1489.400	0.026	4.075
1489.600	0.025	4.075
1489.800	0.025	4.075
1490.000	0.024	4.075
1490.200	0.026	4.075
1490.400	0.024	4.075
1490.600	0.025	4.075
1490.800	0.024	4.075
1491.000	0.024	4.075
1491.200	0.024	4.075
1491.400	0.025	4.075
1491.600	0.026	4.075
1491.800	0.024	4.075
1492.000	0.025	4.075
1492.200	0.026	4.075
1492.400	0.026	4.075
1492.600	0.026	4.075
1492.800	0.026	4.075
1493.000	0.026	4.075
1493.200	0.024	4.075
1493.400	0.024	4.075
1493.600	0.024	4.075
1493.800	0.023	4.075
1494.000	0.023	4.075
1494.200	0.023	4.075
1494.400	0.024	4.075
1494.600	0.023	4.075
1494.800	0.026	4.075
1495.000	0.024	4.075
1495.200	0.026	4.075
1495.400	0.025	4.075
1495.600	0.026	4.075
1495.800	0.024	4.075
1496.000	0.023	4.075
1496.200	0.024	4.075
1496.400	0.025	4.075
1496.600	0.025	4.075
1496.800	0.023	4.075
1497.000	0.024	4.075
1497.200	0.023	4.075
1497.400	0.024	4.075
1497.600	0.025	4.075
1497.800	0.024	4.075
1498.000	0.024	4.075
1498.200	0.023	4.075
1498.400	0.023	4.075
1498.600	0.024	4.075
1498.800	0.024	4.075
1499.000	0.024	4.075
1499.200	0.024	4.075
1499.400	0.024	4.075
1499.600	0.024	4.075
1499.800	0.022	4.075
1500.000	0.024	4.075
1500.200	0.023	4.075
1500.400	0.023	4.075
1500.600	0.024	4.075
1500.800	0.023	4.075
1501.000	0.024	4.075
1501.200	0.025	4.075
1501.400	0.023	4.075
1501.600	0.025	4.075
1501.800	0.024	4.075
1502.000	0.025	4.075
1502.200	0.026	4.075
1502.400	0.026	4.075
1502.600	0.025	4.075
1502.800	0.024	4.075
1503.000	0.026	4.075
1503.200	0.026	4.075
1503.400	0.025	4.075
1503.600	0.026	4.075
1503.800	0.025	4.075
1504.000	0.024	4.075
1504.200	0.025	4.075
1504.400	0.025	4.075
1504.600	0.026	4.075
1504.800	0.025	4.075
1505.000	0.025	4.075
1505.200	0.024	4.075
1505.400	0.025	4.075
1505.600	0.023	4.075
1505.800	0.025	4.075
1506.000	0.024	4.075
1506.200	0.024	4.075
1506.400	0.025	4.075
1506.600	0.023	4.075
1506.800	0.024	4.075
1507.000	0.025	4.075
1507.200	0.024	4.075
1507.400	0.025	4.075
1507.600	0.023	4.075
1507.800	0.024	4.075
1508.000	0.023	4.075
1508.200	0.023	4.075
1508.400	0.024	4.075
1508.600	0.023	4.075
1508.800	0.025	4.075
1509.000	0.025	4.075
1509.200	0.025	4.075
1509.400	0.025	4.075
1509.600	0.024	4.075
1509.800	0.025	4.075
1510.000	0.024	4.075
1510.200	0.024	4.075
1510.400	0.025	4.075
1510.600	0.024	4.075
1510.800	0.024	4.075
1511.000	0.025	4.075
1511.200	0.025	4.075
1511.400	0.024	4.075
1511.600	0.025	4.075
1511.800	0.025	4.075
1512.000	0.025	4.075
1512.200	0.025	4.075
1512.400	0.025	4.075
1512.600	0.024	4.075
1512.800	0.025	4.075
1513.000	0.026	4.075
1513.200	0.026	4.075
1513.400	0.024	4.075
1513.600	0.024	4.075
1513.800	0.025	4.075
1514.000	0.026	4.075
1514.200	0.024	4.075
1514.400	0.023	4.075
1514.600	0.025	4.075
1514.800	0.024	4.075
1515.000	0.026	4.075
1515.200	0.025	4.075
1515.400	0.024	4.075
1515.600	0.025	4.075
1515.800	0.024	4.075
1516.000	0.025	4.075
1516.200	0.024	4.075
1516.400	0.026	4.075
1516.600	0.025	4.075
1516.800	0.024	4.075
1517.000	0.024	4.075
1517.200	0.027	4.075
1517.400	0.026	4.075
1517.600	0.026	4.075
1517.800	0.024	4.075
1518.000	0.025	4.075
1518.200	0.025	4.075
1518.400	0.026	4.075
1518.600	0.025	4.075
1518.800	0.024	4.075
1519.000	0.023	4.075
1519.200	0.026	4.075
1519.400	0.025	4.075
1519.600	0.024	4.075
1519.800	0.024	4.075
1520.000	0.025	4.075
1520.200	0.024	4.075
1520.400	0.024	4.075
1520.600	0.025	4.075
1520.800	0.025	4.075
1521.000	0.027	4.075
1521.200	0.026	4.075
1521.400	0.025	4.075
1521.600	0.025	4.075
1521.800	0.025	4.075
1522.000	0.024	4.075
1522.200	0.025	4.075
1522.400	0.024	4.075
1522.600	0.024	4.075
1522.800	0.024	4.075
1523.000	0.023	4.075
1523.200	0.026	4.075
1523.400	0.023	4.075
1523.600	0.025	4.075
1523.800	0.025	4.075
1524.000	0.026	4.075
1524.200	0.025	4.075
1524.400	0.023	4.075
1524.600	0.024	4.075
1524.800	0.022	4.075
1525.000	0.024	4.075
1525.200	0.024	4.075
1525.400	0.024	4.075
1525.600	0.025	4.075
1525.800	0.025	4.075
1526.000	0.024	4.075
1526.200	0.026	4.075
1526.400	0.026	4.075
1526.600	0.025	4.075
1526.800	0.025	4.075
1527.000	0.025	4.075
1527.200	0.025	4.075
1527.400	0.027	4.075
1527.600	0.025	4.075
1527.800	0.025	4.075
1528.000	0.025	4.075
1528.200	0.024	4.075
1528.400	0.025	4.075
1528.600	0.025	4.075
1528.800	0.024	4.075
1529.000	0.025	4.075
1529.200	0.024	4.075
1529.400	0.024	4.075
1529.600	0.025	4.075
1529.800	0.025	4.075
1530.000	0.023	4.075
1530.200	0.025	4.075
1530.400	0.025	4.075
1530.600	0.025	4.075
1530.800	0.024	4.075
1531.000	0.025	4.075
1531.200	0.026	4.075
1531.400	0.025	4.075
1531.600	0.024	4.075
1531.800	0.024	4.075
1532.000	0.024	4.075
1532.200	0.025	4.075
1532.400	0.024	4.075
1532.600	0.023	4.075
1532.800	0.026	4.075
1533.000	0.024	4.075
1533.200	0.024	4.075
1533.400	0.025	4.075
1533.600	0.023	4.075
1533.800	0.022	4.075
1534.000	0.024	4.075
1534.200	0.023	4.075
1534.400	0.024	4.075
1534.600	0.024	4.075
1534.800	0.024	4.075
1535.000	0.024	4.075
1535.200	0.024	4.075
1535.400	0.023	4.075
1535.600	0.024	4.075
1535.800	0.024	4.075
1536.000	0.024	4.075
1536.200	0.024	4.075
1536.400	0.023	4.075
1536.600	0.024	4.075
1536.800	0.025	4.075
1537.000	0.024	4.075
1537.200	0.024	4.075
1537.400	0.024	4.075
1537.600	0.022	4.075
1537.800	0.022	4.075
1538.000	0.021	4.075
1538.200	0.023	4.075
1538.400	0.025	4.075
1538.600	0.025	4.075
1538.800	0.024	4.075
1539.000	0.024	4.075
1539.200	0.024	4.075
1539.400	0.023	4.075
1539.600	0.024	4.075
1539.800	0.023	4.075
1540.000	0.023	4.075
1540.200	0.024	4.075
1540.400	0.022	4.075
1540.600	0.021	4.075
1540.800	0.022	4.075
1541.000	0.021	4.075
1541.200	0.020	4.075
1541.400	0.022	4.075
1541.600	0.021	4.075
1541.800	0.023	4.075
1542.000	0.023	4.075
1542.200	0.023	4.075
1542.400	0.023	4.075
1542.600	0.023	4.075
1542.800	0.024	4.075
1543.000	0.024	4.075
1543.200	0.024	4.075
1543.400	0.023	4.075
1543.600	0.023	4.075
1543.800	0.025	4.075
1544.000	0.023	4.075
1544.200	0.022	4.075
1544.400	0.023	4.075
1544.600	0.024	4.075
1544.800	0.023	4.075
1545.000	0.022	4.075
1545.200	0.022	4.075
1545.400	0.022	4.075
1545.600	0.023	4.075
1545.800	0.022	4.075
1546.000	0.024	4.075
1546.200	0.022	4.075
1546.400	0.023	4.075
1546.600	0.023	4.075
1546.800	0.024	4.075
1547.000	0.024	4.075
1547.200	0.022	4.075
1547.400	0.023	4.075
1547.600	0.022	4.075
1547.800	0.023	4.075
1548.000	0.022	4.075
1548.200	0.024	4.075
1548.400	0.024	4.075
1548.600	0.025	4.075
1548.800	0.023	4.075
1549.000	0.024	4.075
1549.200	0.023	4.075
1549.400	0.023	4.075
1549.600	0.025	4.075
1549.800	0.024	4.075
1550.000	0.025	4.075
1550.200	0.024	4.075
1550.400	0.024	4.075
1550.600	0.023	4.075
1550.800	0.022	4.075
1551.000	0.023	4.075
1551.200	0.024	4.075
1551.400	0.024	4.075
1551.600	0.024	4.075
1551.800	0.023	4.075
1552.000	0.024	4.075
1552.200	0.023	4.075
1552.400	0.023	4.075
1552.600	0.023	4.075
1552.800	0.024	4.075
1553.000	0.022	4.075
1553.200	0.023	4.075
1553.400	0.024	4.075
1553.600	0.025	4.075
1553.800	0.025	4.075
1554.000	0.025	4.075
1554.200	0.027	4.075
1554.400	0.025	4.075
1554.600	0.023	4.075
1554.800	0.025	4.075
1555.000	0.024	4.075
1555.200	0.025	4.075
1555.400	0.025	4.075
1555.600	0.025	4.075
1555.800	0.026	4.075
1556.000	0.026	4.075
1556.200	0.026	4.075
1556.400	0.026	4.075
1556.600	0.025	4.075
1556.800	0.026	4.075
1557.000	0.025	4.075
1557.200	0.025	4.075
1557.400	0.024	4.075
1557.600	0.023	4.075
1557.800	0.025	4.075
1558.000	0.025	4.075
1558.200	0.025	4.075
1558.400	0.026	4.075
1558.600	0.026	4.075
1558.800	0.024	4.075
1559.000	0.025	4.075
1559.200	0.024	4.075
1559.400	0.026	4.075
1559.600	0.024	4.075
1559.800	0.024	4.075
1560.000	0.021	4.075
1560.200	0.024	4.075
1560.400	0.023	4.075
1560.600	0.024	4.075
1560.800	0.025	4.075
1561.000	0.024	4.075
1561.200	0.025	4.075
1561.400	0.025	4.075
1561.600	0.025	4.075
1561.800	0.025	4.075
1562.000	0.026	4.075
1562.200	0.025	4.075
1562.400	0.025	4.075
1562.600	0.024	4.075
1562.800	0.025	4.075
1563.000	0.025	4.075
1563.200	0.025	4.075
1563.400	0.025	4.075
1563.600	0.024	4.075
1563.800	0.025	4.075
1564.000	0.023	4.075
1564.200	0.024	4.075
1564.400	0.024	4.075
1564.600	0.023	4.075
1564.800	0.024	4.075
1565.000	0.023	4.075
1565.200	0.024	4.075
1565.400	0.024	4.075
1565.600	0.023	4.075
1565.800	0.025	4.075
1566.000	0.024	4.075
1566.200	0.025	4.075
1566.400	0.024	4.075
1566.600	0.025	4.075
1566.800	0.025	4.075
1567.000	0.024	4.075
1567.200	0.024	4.075
1567.400	0.023	4.075
1567.600	0.024	4.075
1567.800	0.023	4.075
1568.000	0.023	4.075
1568.200	0.025	4.075
1568.400	0.024	4.075
1568.600	0.023	4.075
1568.800	0.024	4.075
1569.000	0.026	4.075
1569.200	0.025	4.075
1569.400	0.024	4.075
1569.600	0.025	4.075
1569.800	0.025	4.075
1570.000	0.025	4.075
1570.200	0.025	4.075
1570.400	0.023	4.075
1570.600	0.024	4.075
1570.800	0.023	4.075
1571.000	0.024	4.075
1571.200	0.025	4.075
1571.400	0.024	4.075
1571.600	0.024	4.075
1571.800	0.024	4.075
1572.000	0.024	4.075
1572.200	0.024	4.075
1572.400	0.022	4.075
1572.600	0.023	4.075
1572.800	0.023	4.075
1573.000	0.022	4.075
1573.200	0.024	4.075
1573.400	0.022	4.075
1573.600	0.023	4.075
1573.800	0.023	4.075
1574.000	0.022	4.075
1574.200	0.024	4.075
1574.400	0.024	4.075
1574.600	0.023	4.075
1574.800	0.024	4.075
1575.000	0.023	4.075
1575.200	0.022	4.075
1575.400	0.022	4.075
1575.600	0.022	4.075
1575.800	0.024	4.075
1576.000	0.022	4.075
1576.200	0.024	4.075
1576.400	0.022	4.075
1576.600	0.024	4.075
1576.800	0.023	4.075
1577.000	0.023	4.075
1577.200	0.023	4.075
1577.400	0.023	4.075
1577.600	0.022	4.075
1577.800	0.024	4.075
1578.000	0.024	4.075
1578.200	0.024	4.075
1578.400	0.023	4.075
1578.600	0.023	4.075
1578.800	0.023	4.075
1579.000	0.023	4.075
1579.200	0.024	4.075
1579.400	0.024	4.075
1579.600	0.023	4.075
1579.800	0.023	4.075
1580.000	0.024	4.075
1580.200	0.023	4.075
1580.400	0.023	4.075
1580.600	0.022	4.075
1580.800	0.022	4.075
1581.000	0.022	4.075
1581.200	0.023	4.075
1581.400	0.023	4.075
1581.600	0.024	4.075
1581.800	0.024	4.075
1582.000	0.024	4.075
1582.200	0.023	4.075
1582.400	0.023	4.075
1582.600	0.023	4.075
1582.800	0.025	4.075
1583.000	0.023	4.075
1583.200	0.024	4.075
1583.400	0.024	4.075
1583.600	0.023	4.075
1583.800	0.026	4.075
1584.000	0.025	4.075
1584.200	0.024	4.075
1584.400	0.025	4.075
1584.600	0.025	4.075
1584.800	0.024	4.075
1585.000	0.023	4.075
1585.200	0.024	4.075
1585.400	0.024	4.075
1585.600	0.024	4.075
1585.800	0.023	4.075
1586.000	0.024	4.075
1586.200	0.025	4.075
1586.400	0.024	4.075
1586.600	0.026	4.075
1586.800	0.024	4.075
1587.000	0.023	4.075
1587.200	0.024	4.075
1587.400	0.023	4.075
1587.600	0.024	4.075
1587.800	0.024	4.075
1588.000	0.024	4.075
1588.200	0.023	4.075
1588.400	0.024	4.075
1588.600	0.024	4.075
1588.800	0.025	4.075
1589.000	0.025	4.075
1589.200	0.025	4.075
1589.400	0.024	4.075
1589.600	0.023	4.075
1589.800	0.024	4.075
1590.000	0.024	4.075
1590.200	0.023	4.075
1590.400	0.024	4.075
1590.600	0.024	4.075
1590.800	0.023	4.075
1591.000	0.023	4.075
1591.200	0.023	4.075
1591.400	0.024	4.075
1591.600	0.024	4.075
1591.800	0.025	4.075
1592.000	0.024	4.075
1592.200	0.024	4.075
1592.400	0.025	4.075
1592.600	0.026	4.075
1592.800	0.024	4.075
1593.000	0.024	4.075
1593.200	0.023	4.075
1593.400	0.023	4.075
1593.600	0.023	4.075
1593.800	0.023	4.075
1594.000	0.023	4.075
1594.200	0.025	4.075
1594.400	0.025	4.075
1594.600	0.024	4.075
1594.800	0.023	4.075
1595.000	0.024	4.075
1595.200	0.025	4.075
1595.400	0.024	4.075
1595.600	0.024	4.075
1595.800	0.025	4.075
1596.000	0.023	4.075
1596.200	0.024	4.075
1596.400	0.023	4.075
1596.600	0.024	4.075
1596.800	0.022	4.075
1597.000	0.023	4.075
1597.200	0.023	4.075
1597.400	0.023	4.075
1597.600	0.025	4.075
1597.800	0.025	4.075
1598.000	0.023	4.075
1598.200	0.025	4.075
1598.400	0.023	4.075
1598.600	0.024	4.075
1598.800	0.023	4.075
1599.000	0.023	4.075
1599.200	0.024	4.075
1599.400	0.025	4.075
1599.600	0.025	4.075
1599.800	0.024	4.075
1600.000	0.024	4.075
1600.200	0.023	4.075
1600.400	0.024	4.075
1600.600	0.025	4.075
1600.800	0.024	4.075
1601.000	0.022	4.075
1601.200	0.025	4.075
1601.400	0.025	4.075
1601.600	0.024	4.075
1601.800	0.024	4.075
1602.000	0.024	4.075
1602.200	0.022	4.075
1602.400	0.023	4.075
1602.600	0.023	4.075
1602.800	0.023	4.075
1603.000	0.025	4.075
1603.200	0.025	4.075
1603.400	0.024	4.075
1603.600	0.025	4.075
1603.800	0.025	4.075
1604.000	0.024	4.075
1604.200	0.024	4.075
1604.400	0.025	4.075
1604.600	0.024	4.075
1604.800	0.024	4.075
1605.000	0.025	4.075
1605.200	0.025	4.075
1605.400	0.027	4.075
1605.600	0.025	4.075
1605.800	0.024	4.075
1606.000	0.023	4.075
1606.200	0.024	4.075
1606.400	0.025	4.075
1606.600	0.025	4.075
1606.800	0.024	4.075
1607.000	0.023	4.075
1607.200	0.024	4.075
1607.400	0.024	4.075
1607.600	0.025	4.075
1607.800	0.025	4.075
1608.000	0.024	4.075
1608.200	0.025	4.075
1608.400	0.025	4.075
1608.600	0.025	4.075
1608.800	0.024	4.075
1609.000	0.026	4.075
1609.200	0.025	4.075
1609.400	0.025	4.075
1609.600	0.026	4.075
1609.800	0.024	4.075
1610.000	0.024	4.075
1610.200	0.024	4.075
1610.400	0.025	4.075
1610.600	0.024	4.075
1610.800	0.025	4.075
1611.000	0.023	4.075
1611.200	0.023	4.075
1611.400	0.023	4.075
1611.600	0.024	4.075
1611.800	0.022	4.075
1612.000	0.025	4.075
1612.200	0.022	4.075
1612.400	0.023	4.075
1612.600	0.023	4.075
1612.800	0.023	4.075
1613.000	0.024	4.075
1613.200	0.023	4.075
1613.400	0.023	4.075
1613.600	0.023	4.075
1613.800	0.023	4.075
1614.000	0.023	4.075
1614.200	0.023	4.075
1614.400	0.023	4.075
1614.600	0.024	4.075
1614.800	0.024	4.075
1615.000	0.023	4.075
1615.200	0.024	4.075
1615.400	0.023	4.075
1615.600	0.025	4.075
1615.800	0.023	4.075
1616.000	0.023	4.075
1616.200	0.022	4.075
1616.400	0.022	4.075
1616.600	0.022	4.075
1616.800	0.022	4.075
1617.000	0.022	4.075
1617.200	0.023	4.075
1617.400	0.023	4.075
1617.600	0.022	4.075
1617.800	0.022	4.075
1618.000	0.023	4.075
1618.200	0.022	4.075
1618.400	0.023	4.075
1618.600	0.023	4.075
1618.800	0.023	4.075
1619.000	0.023	4.075
1619.200	0.019	4.075
1619.400	0.021	4.075
1619.600	0.022	4.075
1619.800	0.022	4.075
1620.000	0.022	4.075
1620.200	0.022	4.075
1620.400	0.023	4.075
1620.600	0.022	4.075
1620.800	0.023	4.075
1621.000	0.023	4.075
1621.200	0.023	4.075
1621.400	0.022	4.075
1621.600	0.023	4.075
1621.800	0.024	4.075
1622.000	0.022	4.075
1622.200	0.023	4.075
1622.400	0.024	4.075
1622.600	0.022	4.075
1622.800	0.023	4.075
1623.000	0.023	4.075
1623.200	0.021	4.075
1623.400	0.024	4.075
1623.600	0.023	4.075
1623.800	0.023	4.075
1624.000	0.023	4.075
1624.200	0.023	4.075
1624.400	0.023	4.075
1624.600	0.022	4.075
1624.800	0.023	4.075
1625.000	0.022	4.075
1625.200	0.022	4.075
1625.400	0.024	4.075
1625.600	0.023	4.075
1625.800	0.023	4.075
1626.000	0.023	4.075
1626.200	0.024	4.075
1626.400	0.023	4.075
1626.600	0.022	4.075
1626.800	0.023	4.075
1627.000	0.023	4.075
1627.200	0.025	4.075
1627.400	0.022	4.075
1627.600	0.024	4.075
1627.800	0.023	4.075
1628.000	0.022	4.075
1628.200	0.023	4.075
1628.400	0.023	4.075
1628.600	0.023	4.075
1628.800	0.022	4.075
1629.000	0.023	4.075
1629.200	0.023	4.075
1629.400	0.022	4.075
1629.600	0.023	4.075
1629.800	0.021	4.075
1630.000	0.023	4.075
1630.200	0.024	4.075
1630.400	0.024	4.075
1630.600	0.023	4.075
1630.800	0.023	4.075
1631.000	0.024	4.075
1631.200	0.023	4.075
1631.400	0.023	4.075
1631.600	0.023	4.075
1631.800	0.024	4.075
1632.000	0.025	4.075
1632.200	0.024	4.075
1632.400	0.023	4.075
1632.600	0.023	4.075
1632.800	0.024	4.075
1633.000	0.025	4.075
1633.200	0.024	4.075
1633.400	0.024	4.075
1633.600	0.023	4.075
1633.800	0.023	4.075
1634.000	0.023	4.075
1634.200	0.022	4.075
1634.400	0.023	4.075
1634.600	0.022	4.075
1634.800	0.023	4.075
1635.000	0.023	4.075
1635.200	0.023	4.075
1635.400	0.023	4.075
1635.600	0.023	4.075
1635.800	0.022	4.075
1636.000	0.023	4.075
1636.200	0.021	4.075
1636.400	0.022	4.075
1636.600	0.021	4.075
1636.800	0.023	4.075
1637.000	0.022	4.075
1637.200	0.023	4.075
1637.400	0.022	4.075
1637.600	0.022	4.075
1637.800	0.024	4.075
1638.000	0.022	4.075
1638.200	0.021	4.075
1638.400	0.023	4.075
1638.600	0.023	4.075
1638.800	0.023	4.075
1639.000	0.023	4.075
1639.200	0.023	4.075
1639.400	0.023	4.075
1639.600	0.025	4.075
1639.800	0.023	4.075
1640.000	0.023	4.075
1640.200	0.023	4.075
1640.400	0.022	4.075
1640.600	0.024	4.075
1640.800	0.023	4.075
1641.000	0.023	4.075
1641.200	0.022	4.075
1641.400	0.023	4.075
1641.600	0.023	4.075
1641.800	0.023	4.075
1642.000	0.023	4.075
1642.200	0.021	4.075
1642.400	0.023	4.075
1642.600	0.021	4.075
1642.800	0.021	4.075
1643.000	0.020	4.075
1643.200	0.023	4.075
1643.400	0.022	4.075
1643.600	0.022	4.075
1643.800	0.023	4.075
1644.000	0.023	4.075
1644.200	0.024	4.075
1644.400	0.021	4.075
1644.600	0.023	4.075
1644.800	0.023	4.075
1645.000	0.022	4.075
1645.200	0.022	4.075
1645.400	0.022	4.075
1645.600	0.022	4.075
1645.800	0.023	4.075
1646.000	0.021	4.075
1646.200	0.021	4.075
1646.400	0.021	4.075
1646.600	0.021	4.075
1646.800	0.022	4.075
1647.000	0.022	4.075
1647.200	0.022	4.075
1647.400	0.021	4.075
1647.600	0.022	4.075
1647.800	0.022	4.075
1648.000	0.023	4.075
1648.200	0.023	4.075
1648.400	0.024	4.075
1648.600	0.023	4.075
1648.800	0.024	4.075
1649.000	0.023	4.075
1649.200	0.024	4.075
1649.400	0.023	4.075
1649.600	0.024	4.075
1649.800	0.024	4.075
1650.000	0.022	4.075
1650.200	0.022	4.075
1650.400	0.023	4.075
1650.600	0.023	4.075
1650.800	0.023	4.075
1651.000	0.022	4.075
1651.200	0.023	4.075
1651.400	0.022	4.075
1651.600	0.023	4.075
1651.800	0.025	4.075
1652.000	0.023	4.075
1652.200	0.025	4.075
1652.400	0.026	4.075
1652.600	0.023	4.075
1652.800	0.025	4.075
1653.000	0.026	4.075
1653.200	0.025	4.075
1653.400	0.025	4.075
1653.600	0.025	4.075
1653.800	0.025	4.075
1654.000	0.025	4.075
1654.200	0.025	4.075
1654.400	0.024	4.075
1654.600	0.025	4.075
1654.800	0.024	4.075
1655.000	0.022	4.075
1655.200	0.025	4.075
1655.400	0.023	4.075
1655.600	0.023	4.075
1655.800	0.022	4.075
1656.000	0.022	4.075
1656.200	0.024	4.075
1656.400	0.023	4.075
1656.600	0.024	4.075
1656.800	0.023	4.075
1657.000	0.023	4.075
1657.200	0.024	4.075
1657.400	0.024	4.075
1657.600	0.024	4.075
1657.800	0.023	4.075
1658.000	0.023	4.075
1658.200	0.025	4.075
1658.400	0.024	4.075
1658.600	0.025	4.075
1658.800	0.025	4.075
1659.000	0.025	4.075
1659.200	0.025	4.075
1659.400	0.024	4.075
1659.600	0.024	4.075
1659.800	0.024	4.075
1660.000	0.025	4.075
1660.200	0.025	4.075
1660.400	0.024	4.075
1660.600	0.023	4.075
1660.800	0.024	4.075
1661.000	0.025	4.075
1661.200	0.025	4.075
1661.400	0.026	4.075
1661.600	0.025	4.075
1661.800	0.023	4.075
1662.000	0.024	4.075
1662.200	0.026	4.075
1662.400	0.026	4.075
1662.600	0.024	4.075
1662.800	0.023	4.075
1663.000	0.024	4.075
1663.200	0.024	4.075
1663.400	0.026	4.075
1663.600	0.025	4.075
1663.800	0.023	4.075
1664.000	0.023	4.075
1664.200	0.024	4.075
1664.400	0.026	4.075
1664.600	0.026	4.075
1664.800	0.025	4.075
1665.000	0.025	4.075
1665.200	0.024	4.075
1665.400	0.025	4.075
1665.600	0.025	4.075
1665.800	0.024	4.075
1666.000	0.025	4.075
1666.200	0.024	4.075
1666.400	0.022	4.075
1666.600	0.025	4.075
1666.800	0.023	4.075
1667.000	0.025	4.075
1667.200	0.025	4.075
1667.400	0.023	4.075
1667.600	0.024	4.075
1667.800	0.024	4.075
1668.000	0.024	4.075
1668.200	0.025	4.075
1668.400	0.024	4.075
1668.600	0.025	4.075
1668.800	0.025	4.075
1669.000	0.024	4.075
1669.200	0.025	4.075
1669.400	0.025	4.075
1669.600	0.024	4.075
1669.800	0.025	4.075
1670.000	0.024	4.075
1670.200	0.024	4.075
1670.400	0.025	4.075
1670.600	0.024	4.075
1670.800	0.023	4.075
1671.000	0.023	4.075
1671.200	0.023	4.075
1671.400	0.023	4.075
1671.600	0.023	4.075
1671.800	0.024	4.075
1672.000	0.023	4.075
1672.200	0.022	4.075
1672.400	0.024	4.075
1672.600	0.025	4.075
1672.800	0.024	4.075
1673.000	0.023	4.075
1673.200	0.022	4.075
1673.400	0.023	4.075
1673.600	0.022	4.075
1673.800	0.023	4.075
1674.000	0.025	4.075
1674.200	0.025	4.075
1674.400	0.023	4.075
1674.600	0.023	4.075
1674.800	0.023	4.075
1675.000	0.023	4.075
1675.200	0.025	4.075
1675.400	0.024	4.075
1675.600	0.024	4.075
1675.800	0.025	4.075
1676.000	0.026	4.075
1676.200	0.026	4.075
1676.400	0.025	4.075
1676.600	0.025	4.075
1676.800	0.024	4.075
1677.000	0.025	4.075
1677.200	0.024	4.075
1677.400	0.025	4.075
1677.600	0.025	4.075
1677.800	0.024	4.075
1678.000	0.025	4.075
1678.200	0.026	4.075
1678.400	0.025	4.075
1678.600	0.025	4.075
1678.800	0.026	4.075
1679.000	0.025	4.075
1679.200	0.026	4.075
1679.400	0.025	4.075
1679.600	0.025	4.075
1679.800	0.025	4.075
1680.000	0.025	4.075
1680.200	0.026	4.075
1680.400	0.025	4.075
1680.600	0.025	4.075
1680.800	0.025	4.075
1681.000	0.025	4.075
1681.200	0.024	4.075
1681.400	0.025	4.075
1681.600	0.026	4.075
1681.800	0.025	4.075
1682.000	0.026	4.075
1682.200	0.024	4.075
1682.400	0.026	4.075
1682.600	0.026	4.075
1682.800	0.026	4.075
1683.000	0.027	4.075
1683.200	0.025	4.075
1683.400	0.024	4.075
1683.600	0.024	4.075
1683.800	0.024	4.075
1684.000	0.026	4.075
1684.200	0.024	4.075
1684.400	0.023	4.075
1684.600	0.024	4.075
1684.800	0.025	4.075
1685.000	0.024	4.075
1685.200	0.025	4.075
1685.400	0.026	4.075
1685.600	0.026	4.075
1685.800	0.023	4.075
1686.000	0.023	4.075
1686.200	0.024	4.075
1686.400	0.025	4.075
1686.600	0.025	4.075
1686.800	0.024	4.075
1687.000	0.025	4.075
1687.200	0.023	4.075
1687.400	0.025	4.075
1687.600	0.026	4.075
1687.800	0.025	4.075
1688.000	0.024	4.075
1688.200	0.024	4.075
1688.400	0.025	4.075
1688.600	0.024	4.075
1688.800	0.024	4.075
1689.000	0.025	4.075
1689.200	0.024	4.075
1689.400	0.024	4.075
1689.600	0.024	4.075
1689.800	0.025	4.075
1690.000	0.024	4.075
1690.200	0.024	4.075
1690.400	0.027	4.075
1690.600	0.025	4.075
1690.800	0.025	4.075
1691.000	0.024	4.075
1691.200	0.024	4.075
1691.400	0.024	4.075
1691.600	0.024	4.075
1691.800	0.026	4.075
1692.000	0.025	4.075
1692.200	0.024	4.075
1692.400	0.024	4.075
1692.600	0.025	4.075
1692.800	0.024	4.075
1693.000	0.025	4.075
1693.200	0.024	4.075
1693.400	0.024	4.075
1693.600	0.024	4.075
1693.800	0.024	4.075
1694.000	0.025	4.075
1694.200	0.025	4.075
1694.400	0.024	4.075
1694.600	0.024	4.075
1694.800	0.026	4.075
1695.000	0.026	4.075
1695.200	0.024	4.075
1695.400	0.024	4.075
1695.600	0.025	4.075
1695.800	0.022	4.075
1696.000	0.024	4.075
1696.200	0.026	4.075
1696.400	0.025	4.075
1696.600	0.026	4.075
1696.800	0.024	4.075
1697.000	0.024	4.075
1697.200	0.024	4.075
1697.400	0.023	4.075
1697.600	0.024	4.075
1697.800	0.023	4.075
1698.000	0.025	4.075
1698.200	0.024	4.075
1698.400	0.025	4.075
1698.600	0.024	4.075
1698.800	0.025	4.075
1699.000	0.025	4.075
1699.200	0.024	4.075
1699.400	0.024	4.075
1699.600	0.025	4.075
1699.800	0.025	4.075
1700.000	0.025	4.075
1700.200	0.026	4.075
1700.400	0.026	4.075
1700.600	0.025	4.075
1700.800	0.024	4.075
1701.000	0.024	4.075
1701.200	0.026	4.075
1701.400	0.025	4.075
1701.600	0.024	4.075
1701.800	0.024	4.075
1702.000	0.024	4.075
1702.200	0.025	4.075
1702.400	0.025	4.075
1702.600	0.026	4.075
1702.800	0.026	4.075
1703.000	0.025	4.075
1703.200	0.024	4.075
1703.400	0.025	4.075
1703.600	0.026	4.075
1703.800	0.025	4.075
1704.000	0.025	4.075
1704.200	0.024	4.075
1704.400	0.025	4.075
1704.600	0.024	4.075
1704.800	0.025	4.075
1705.000	0.022	4.075
1705.200	0.024	4.075
1705.400	0.025	4.075
1705.600	0.024	4.075
1705.800	0.023	4.075
1706.000	0.023	4.075
1706.200	0.024	4.075
1706.400	0.024	4.075
1706.600	0.023	4.075
1706.800	0.024	4.075
1707.000	0.024	4.075
1707.200	0.024	4.075
1707.400	0.024	4.075
1707.600	0.024	4.075
1707.800	0.024	4.075
1708.000	0.024	4.075
1708.200	0.024	4.075
1708.400	0.023	4.075
1708.600	0.023	4.075
1708.800	0.023	4.075
1709.000	0.023	4.075
1709.200	0.023	4.075
1709.400	0.024	4.075
1709.600	0.023	4.075
1709.800	0.023	4.075
1710.000	0.023	4.075
1710.200	0.023	4.075
1710.400	0.023	4.075
1710.600	0.023	4.075
1710.800	0.023	4.075
1711.000	0.024	4.075
1711.200	0.024	4.075
1711.400	0.024	4.075
1711.600	0.024	4.075
1711.800	0.022	4.075
1712.000	0.025	4.075
1712.200	0.025	4.075
1712.400	0.026	4.075
1712.600	0.023	4.075
1712.800	0.022	4.075
1713.000	0.024	4.075
1713.200	0.024	4.075
1713.400	0.024	4.075
1713.600	0.023	4.075
1713.800	0.023	4.075
1714.000	0.024	4.075
1714.200	0.023	4.075
1714.400	0.023	4.075
1714.600	0.025	4.075
1714.800	0.024	4.075
1715.000	0.025	4.075
1715.200	0.025	4.075
1715.400	0.023	4.075
1715.600	0.023	4.075
1715.800	0.023	4.075
1716.000	0.023	4.075
1716.200	0.025	4.075
1716.400	0.025	4.075
1716.600	0.024	4.075
1716.800	0.023	4.075
1717.000	0.023	4.075
1717.200	0.024	4.075
1717.400	0.025	4.075
1717.600	0.025	4.075
1717.800	0.025	4.075
1718.000	0.025	4.075
1718.200	0.025	4.075
1718.400	0.026	4.075
1718.600	0.025	4.075
1718.800	0.024	4.075
1719.000	0.024	4.075
1719.200	0.024	4.075
1719.400	0.023	4.075
1719.600	0.024	4.075
1719.800	0.025	4.075
1720.000	0.026	4.075
1720.200	0.024	4.075
1720.400	0.025	4.075
1720.600	0.025	4.075
1720.800	0.024	4.075
1721.000	0.025	4.075
1721.200	0.024	4.075
1721.400	0.024	4.075
1721.600	0.025	4.075
1721.800	0.024	4.075
1722.000	0.023	4.075
1722.200	0.024	4.075
1722.400	0.024	4.075
1722.600	0.023	4.075
1722.800	0.025	4.075
1723.000	0.024	4.075
1723.200	0.024	4.075
1723.400	0.024	4.075
1723.600	0.023	4.075
1723.800	0.024	4.075
1724.000	0.024	4.075
1724.200	0.024	4.075
1724.400	0.024	4.075
1724.600	0.025	4.075
1724.800	0.023	4.075
1725.000	0.023	4.075
1725.200	0.023	4.075
1725.400	0.024	4.075
1725.600	0.024	4.075
1725.800	0.022	4.075
1726.000	0.023	4.075
1726.200	0.024	4.075
1726.400	0.024	4.075
1726.600	0.023	4.075
1726.800	0.023	4.075
1727.000	0.023	4.075
1727.200	0.022	4.075
1727.400	0.025	4.075
1727.600	0.024	4.075
1727.800	0.023	4.075
1728.000	0.022	4.075
1728.200	0.023	4.075
1728.400	0.024	4.075
1728.600	0.024	4.075
1728.800	0.021	4.075
1729.000	0.023	4.075
1729.200	0.023	4.075
1729.400	0.024	4.075
1729.600	0.023	4.075
1729.800	0.023	4.075
1730.000	0.024	4.075
1730.200	0.023	4.075
1730.400	0.023	4.075
1730.600	0.023	4.075
1730.800	0.024	4.075
1731.000	0.023	4.075
1731.200	0.024	4.075
1731.400	0.025	4.075
1731.600	0.023	4.075
1731.800	0.023	4.075
1732.000	0.021	4.075
1732.200	0.024	4.075
1732.400	0.024	4.075
1732.600	0.024	4.075
1732.800	0.024	4.075
1733.000	0.023	4.075
1733.200	0.025	4.075
1733.400	0.024	4.075
1733.600	0.023	4.075
1733.800	0.022	4.075
1734.000	0.023	4.075
1734.200	0.022	4.075
1734.400	0.022	4.075
1734.600	0.021	4.075
1734.800	0.023	4.075
1735.000	0.024	4.075
1735.200	0.021	4.075
1735.400	0.022	4.075
1735.600	0.023	4.075
1735.800	0.021	4.075
1736.000	0.022	4.075
1736.200	0.021	4.075
1736.400	0.022	4.075
1736.600	0.022	4.075
1736.800	0.022	4.075
1737.000	0.021	4.075
1737.200	0.022	4.075
1737.400	0.021	4.075
1737.600	0.021	4.075
1737.800	0.023	4.075
1738.000	0.021	4.075
1738.200	0.021	4.075
1738.400	0.023	4.075
1738.600	0.021	4.075
1738.800	0.022	4.075
1739.000	0.022	4.075
1739.200	0.022	4.075
1739.400	0.022	4.075
1739.600	0.023	4.075
1739.800	0.022	4.075
1740.000	0.022	4.075
1740.200	0.022	4.075
1740.400	0.022	4.075
1740.600	0.022	4.075
1740.800	0.022	4.075
1741.000	0.023	4.075
1741.200	0.021	4.075
1741.400	0.023	4.075
1741.600	0.023	4.075
1741.800	0.022	4.075
1742.000	0.023	4.075
1742.200	0.023	4.075
1742.400	0.024	4.075
1742.600	0.025	4.075
1742.800	0.025	4.075
1743.000	0.023	4.075
1743.200	0.025	4.075
1743.400	0.022	4.075
1743.600	0.024	4.075
1743.800	0.024	4.075
1744.000	0.023	4.075
1744.200	0.024	4.075
1744.400	0.025	4.075
1744.600	0.024	4.075
1744.800	0.024	4.075
1745.000	0.024	4.075
1745.200	0.024	4.075
1745.400	0.024	4.075
1745.600	0.024	4.075
1745.800	0.024	4.075
1746.000	0.025	4.075
1746.200	0.024	4.075
1746.400	0.025	4.075
1746.600	0.024	4.075
1746.800	0.025	4.075
1747.000	0.023	4.075
1747.200	0.024	4.075
1747.400	0.024	4.075
1747.600	0.026	4.075
1747.800	0.025	4.075
1748.000	0.026	4.075
1748.200	0.025	4.075
1748.400	0.024	4.075
1748.600	0.026	4.075
1748.800	0.023	4.075
1749.000	0.025	4.075
1749.200	0.024	4.075
1749.400	0.024	4.075
1749.600	0.025	4.075
1749.800	0.025	4.075
1750.000	0.024	4.075
1750.200	0.025	4.075
1750.400	0.025	4.075
1750.600	0.025	4.075
1750.800	0.025	4.075
1751.000	0.026	4.075
1751.200	0.026	4.075
1751.400	0.026	4.075
1751.600	0.025	4.075
1751.800	0.025	4.075
1752.000	0.025	4.075
1752.200	0.025	4.075
1752.400	0.025	4.075
1752.600	0.027	4.075
1752.800	0.027	4.075
1753.000	0.025	4.075
1753.200	0.026	4.075
1753.400	0.025	4.075
1753.600	0.026	4.075
1753.800	0.024	4.075
1754.000	0.026	4.075
1754.200	0.025	4.075
1754.400	0.025	4.075
1754.600	0.025	4.075
1754.800	0.025	4.075
1755.000	0.025	4.075
1755.200	0.024	4.075
1755.400	0.025	4.075
1755.600	0.025	4.075
1755.800	0.026	4.075
1756.000	0.026	4.075
1756.200	0.027	4.075
1756.400	0.025	4.075
1756.600	0.025	4.075
1756.800	0.026	4.075
1757.000	0.024	4.075
1757.200	0.023	4.075
1757.400	0.025	4.075
1757.600	0.025	4.075
1757.800	0.025	4.075
1758.000	0.025	4.075
1758.200	0.025	4.075
1758.400	0.025	4.075
1758.600	0.025	4.075
1758.800	0.025	4.075
1759.000	0.026	4.075
1759.200	0.025	4.075
1759.400	0.024	4.075
1759.600	0.026	4.075
1759.800	0.025	4.075
1760.000	0.025	4.075
1760.200	0.024	4.075
1760.400	0.024	4.075
1760.600	0.024	4.075
1760.800	0.026	4.075
1761.000	0.025	4.075
1761.200	0.027	4.075
1761.400	0.026	4.075
1761.600	0.026	4.075
1761.800	0.023	4.075
1762.000	0.025	4.075
1762.200	0.024	4.075
1762.400	0.024	4.075
1762.600	0.023	4.075
1762.800	0.024	4.075
1763.000	0.024	4.075
1763.200	0.024	4.075
1763.400	0.024	4.075
1763.600	0.024	4.075
1763.800	0.023	4.075
1764.000	0.022	4.075
1764.200	0.024	4.075
1764.400	0.024	4.075
1764.600	0.025	4.075
1764.800	0.024	4.075
1765.000	0.025	4.075
1765.200	0.025	4.075
1765.400	0.025	4.075
1765.600	0.026	4.075
1765.800	0.025	4.075
1766.000	0.025	4.075
1766.200	0.025	4.075
1766.400	0.023	4.075
1766.600	0.026	4.075
1766.800	0.025	4.075
1767.000	0.025	4.075
1767.200	0.024	4.075
1767.400	0.023	4.075
1767.600	0.024	4.075
1767.800	0.025	4.075
1768.000	0.025	4.075
1768.200	0.024	4.075
1768.400	0.024	4.075
1768.600	0.025	4.075
1768.800	0.025	4.075
1769.000	0.025	4.075
1769.200	0.026	4.075
1769.400	0.025	4.075
1769.600	0.025	4.075
1769.800	0.024	4.075
1770.000	0.025	4.075
1770.200	0.025	4.075
1770.400	0.026	4.075
1770.600	0.025	4.075
1770.800	0.025	4.075
1771.000	0.025	4.075
1771.200	0.023	4.075
1771.400	0.023	4.075
1771.600	0.024	4.075
1771.800	0.023	4.075
1772.000	0.023	4.075
1772.200	0.024	4.075
1772.400	0.024	4.075
1772.600	0.024	4.075
1772.800	0.024	4.075
1773.000	0.026	4.075
1773.200	0.023	4.075
1773.400	0.023	4.075
1773.600	0.025	4.075
1773.800	0.023	4.075
1774.000	0.024	4.075
1774.200	0.024	4.075
1774.400	0.025	4.075
1774.600	0.025	4.075
1774.800	0.025	4.075
1775.000	0.025	4.075
1775.200	0.024	4.075
1775.400	0.024	4.075
1775.600	0.025	4.075
1775.800	0.026	4.075
1776.000	0.025	4.075
1776.200	0.023	4.075
1776.400	0.025	4.075
1776.600	0.023	4.075
1776.800	0.023	4.075
1777.000	0.025	4.075
1777.200	0.024	4.075
1777.400	0.024	4.075
1777.600	0.024	4.075
1777.800	0.022	4.075
1778.000	0.024	4.075
1778.200	0.024	4.075
1778.400	0.024	4.075
1778.600	0.024	4.075
1778.800	0.024	4.075
1779.000	0.022	4.075
1779.200	0.022	4.075
1779.400	0.022	4.075
1779.600	0.024	4.075
1779.800	0.024	4.075
1780.000	0.023	4.075
1780.200	0.024	4.075
1780.400	0.024	4.075
1780.600	0.023	4.075
1780.800	0.025	4.075
1781.000	0.025	4.075
1781.200	0.026	4.075
1781.400	0.025	4.075
1781.600	0.025	4.075
1781.800	0.024	4.075
1782.000	0.025	4.075
1782.200	0.024	4.075
1782.400	0.026	4.075
1782.600	0.026	4.075
1782.800	0.024	4.075
1783.000	0.026	4.075
1783.200	0.026	4.075
1783.400	0.026	4.075
1783.600	0.024	4.075
1783.800	0.025	4.075
1784.000	0.025	4.075
1784.200	0.025	4.075
1784.400	0.024	4.075
1784.600	0.024	4.075
1784.800	0.025	4.075
1785.000	0.025	4.075
1785.200	0.026	4.075
1785.400	0.026	4.075
1785.600	0.024	4.075
1785.800	0.026	4.075
1786.000	0.026	4.075
1786.200	0.025	4.075
1786.400	0.026	4.075
1786.600	0.024	4.075
1786.800	0.025	4.075
1787.000	0.025	4.075
1787.200	0.024	4.075
1787.400	0.025	4.075
1787.600	0.025	4.075
1787.800	0.025	4.075
1788.000	0.025	4.075
1788.200	0.025	4.075
1788.400	0.025	4.075
1788.600	0.024	4.075
1788.800	0.024	4.075
1789.000	0.025	4.075
1789.200	0.026	4.075
1789.400	0.025	4.075
1789.600	0.025	4.075
1789.800	0.024	4.075
1790.000	0.025	4.075
1790.200	0.025	4.075
1790.400	0.024	4.075
1790.600	0.025	4.075
1790.800	0.024	4.075
1791.000	0.025	4.075
1791.200	0.025	4.075
1791.400	0.025	4.075
1791.600	0.025	4.075
1791.800	0.025	4.075
1792.000	0.026	4.075
1792.200	0.026	4.075
1792.400	0.024	4.075
1792.600	0.023	4.075
1792.800	0.024	4.075
1793.000	0.023	4.075
1793.200	0.023	4.075
1793.400	0.023	4.075
1793.600	0.022	4.075
1793.800	0.022	4.075
1794.000	0.024	4.075
1794.200	0.024	4.075
1794.400	0.024	4.075
1794.600	0.023	4.075
1794.800	0.023	4.075
1795.000	0.023	4.075
1795.200	0.024	4.075
1795.400	0.022	4.075
1795.600	0.022	4.075
1795.800	0.023	4.075
1796.000	0.022	4.075
1796.200	0.022	4.075
1796.400	0.023	4.075
1796.600	0.023	4.075
1796.800	0.024	4.075
1797.000	0.023	4.075
1797.200	0.023	4.075
1797.400	0.023	4.075
1797.600	0.023	4.075
1797.800	0.023	4.075
1798.000	0.023	4.075
1798.200	0.024	4.075
1798.400	0.023	4.075
1798.600	0.022	4.075
1798.800	0.023	4.075
1799.000	0.023	4.075
1799.200	0.022	4.075
1799.400	0.022	4.075
1799.600	0.022	4.075
1799.800	0.021	4.075
1800.000	0.022	4.075
1800.200	0.022	4.075
1800.400	0.022	4.075
1800.600	0.022	4.075
1800.800	0.022	4.075
1801.000	0.023	4.075
1801.200	0.021	4.075
1801.400	0.022	4.075
1801.600	0.023	4.075
1801.800	0.022	4.075
1802.000	0.023	4.075
1802.200	0.023	4.075
1802.400	0.024	4.075
1802.600	0.024	4.075
1802.800	0.023	4.075
1803.000	0.023	4.075
1803.200	0.021	4.075
1803.400	0.023	4.075
1803.600	0.022	4.075
1803.800	0.022	4.075
1804.000	0.023	4.075
1804.200	0.022	4.075
1804.400	0.021	4.075
1804.600	0.022	4.075
1804.800	0.021	4.075
1805.000	0.021	4.075
1805.200	0.022	4.075
1805.400	0.023	4.075
1805.600	0.022	4.075
1805.800	0.022	4.075
1806.000	0.022	4.075
1806.200	0.022	4.075
1806.400	0.024	4.075
1806.600	0.025	4.075
1806.800	0.024	4.075
1807.000	0.024	4.075
1807.200	0.024	4.075
1807.400	0.024	4.075
1807.600	0.023	4.075
1807.800	0.022	4.075
1808.000	0.023	4.075
1808.200	0.024	4.075
1808.400	0.024	4.075
1808.600	0.024	4.075
1808.800	0.022	4.075
1809.000	0.023	4.075
1809.200	0.025	4.075
1809.400	0.025	4.075
1809.600	0.025	4.075
1809.800	0.024	4.075
1810.000	0.024	4.075
1810.200	0.023	4.075
1810.400	0.023	4.075
1810.600	0.024	4.075
1810.800	0.025	4.075
1811.000	0.022	4.075
1811.200	0.023	4.075
1811.400	0.024	4.075
1811.600	0.022	4.075
1811.800	0.022	4.075
1812.000	0.022	4.075
1812.200	0.024	4.075
1812.400	0.023	4.075
1812.600	0.024	4.075
1812.800	0.025	4.075
1813.000	0.024	4.075
1813.200	0.023	4.075
1813.400	0.025	4.075
1813.600	0.026	4.075
1813.800	0.025	4.075
1814.000	0.026	4.075
1814.200	0.024	4.075
1814.400	0.026	4.075
1814.600	0.023	4.075
1814.800	0.024	4.075
1815.000	0.024	4.075
1815.200	0.026	4.075
1815.400	0.022	4.075
1815.600	0.025	4.075
1815.800	0.023	4.075
1816.000	0.024	4.075
1816.200	0.024	4.075
1816.400	0.023	4.075
1816.600	0.023	4.075
1816.800	0.024	4.075
1817.000	0.025	4.075
1817.200	0.025	4.075
1817.400	0.025	4.075
1817.600	0.023	4.075
1817.800	0.023	4.075
1818.000	0.023	4.075
1818.200	0.024	4.075
1818.400	0.025	4.075
1818.600	0.025	4.075
1818.800	0.024	4.075
1819.000	0.023	4.075
1819.200	0.026	4.075
1819.400	0.024	4.075
1819.600	0.025	4.075
1819.800	0.026	4.075
1820.000	0.025	4.075
1820.200	0.025	4.075
1820.400	0.025	4.075
1820.600	0.024	4.075
1820.800	0.025	4.075
1821.000	0.023	4.075
1821.200	0.025	4.075
1821.400	0.024	4.075
1821.600	0.025	4.075
1821.800	0.024	4.075
1822.000	0.024	4.075
1822.200	0.025	4.075
1822.400	0.024	4.075
1822.600	0.024	4.075
1822.800	0.024	4.075
1823.000	0.024	4.075
1823.200	0.025	4.075
1823.400	0.024	4.075
1823.600	0.024	4.075
1823.800	0.024	4.075
1824.000	0.023	4.075
1824.200	0.023	4.075
1824.400	0.025	4.075
1824.600	0.025	4.075
1824.800	0.025	4.075
1825.000	0.027	4.075
1825.200	0.025	4.075
1825.400	0.026	4.075
1825.600	0.025	4.075
1825.800	0.026	4.075
1826.000	0.026	4.075
1826.200	0.025	4.075
1826.400	0.026	4.075
1826.600	0.025	4.075
1826.800	0.025	4.075
1827.000	0.025	4.075
1827.200	0.023	4.075
1827.400	0.026	4.075
1827.600	0.025	4.075
1827.800	0.027	4.075
1828.000	0.024	4.075
1828.200	0.025	4.075
1828.400	0.024	4.075
1828.600	0.023	4.075
1828.800	0.025	4.075
1829.000	0.026	4.075
1829.200	0.026	4.075
1829.400	0.024	4.075
1829.600	0.023	4.075
1829.800	0.026	4.075
1830.000	0.025	4.075
1830.200	0.025	4.075
1830.400	0.025	4.075
1830.600	0.026	4.075
1830.800	0.026	4.075
1831.000	0.025	4.075
1831.200	0.025	4.075
1831.400	0.024	4.075
1831.600	0.024	4.075
1831.800	0.024	4.075
1832.000	0.026	4.075
1832.200	0.026	4.075
1832.400	0.024	4.075
1832.600	0.023	4.075
1832.800	0.025	4.075
1833.000	0.024	4.075
1833.200	0.023	4.075
1833.400	0.023	4.075
1833.600	0.023	4.075
1833.800	0.025	4.075
1834.000	0.024	4.075
1834.200	0.024	4.075
1834.400	0.023	4.075
1834.600	0.024	4.075
1834.800	0.023	4.075
1835.000	0.024	4.075
1835.200	0.025	4.075
1835.400	0.024	4.075
1835.600	0.024	4.075
1835.800	0.024	4.075
1836.000	0.025	4.075
1836.200	0.023	4.075
1836.400	0.024	4.075
1836.600	0.023	4.075
1836.800	0.025	4.075
1837.000	0.023	4.075
1837.200	0.025	4.075
1837.400	0.024	4.075
1837.600	0.023	4.075
1837.800	0.025	4.075
1838.000	0.025	4.075
1838.200	0.024	4.075
1838.400	0.024	4.075
1838.600	0.024	4.075
1838.800	0.026	4.075
1839.000	0.024	4.075
1839.200	0.024	4.075
1839.400	0.025	4.075
1839.600	0.024	4.075
1839.800	0.024	4.075
1840.000	0.025	4.075
1840.200	0.026	4.075
1840.400	0.025	4.075
1840.600	0.024	4.075
1840.800	0.025	4.075
1841.000	0.026	4.075
1841.200	0.025	4.075
1841.400	0.026	4.075
1841.600	0.024	4.075
1841.800	0.024	4.075
1842.000	0.024	4.075
1842.200	0.024	4.075
1842.400	0.024	4.075
1842.600	0.026	4.075
1842.800	0.026	4.075
1843.000	0.025	4.075
1843.200	0.026	4.075
1843.400	0.026	4.075
1843.600	0.024	4.075
1843.800	0.024	4.075
1844.000	0.025	4.075
1844.200	0.025	4.075
1844.400	0.024	4.075
1844.600	0.023	4.075
1844.800	0.023	4.075
1845.000	0.025	4.075
1845.200	0.023	4.075
1845.400	0.024	4.075
1845.600	0.023	4.075
1845.800	0.024	4.075
1846.000	0.024	4.075
1846.200	0.024	4.075
1846.400	0.024	4.075
1846.600	0.024	4.075
1846.800	0.024	4.075
1847.000	0.024	4.075
1847.200	0.025	4.075
1847.400	0.024	4.075
1847.600	0.023	4.075
1847.800	0.023	4.075
1848.000	0.024	4.075
1848.200	0.023	4.075
