time /s	I /mA	E /V
0.200	209.499	4.089
0.400	209.895	4.090
0.600	209.918	4.090
0.800	209.927	4.090
1.000	209.934	4.090
1.200	209.938	4.090
1.400	209.940	4.090
1.600	209.942	4.090
1.800	209.945	4.090
2.000	209.945	4.090
2.200	209.946	4.090
2.400	209.946	4.091
2.600	209.947	4.091
2.800	209.947	4.091
3.000	209.946	4.091
3.200	209.947	4.091
3.400	209.948	4.091
3.600	209.948	4.091
3.800	209.948	4.091
4.000	209.947	4.091
4.200	209.950	4.091
4.400	209.948	4.091
4.600	209.949	4.091
4.800	209.950	4.091
5.000	209.949	4.091
5.200	209.948	4.091
5.400	209.952	4.091
5.600	209.949	4.091
5.800	209.950	4.091
6.000	209.950	4.091
6.200	209.950	4.091
6.400	209.951	4.091
6.600	209.950	4.091
6.800	209.950	4.091
7.000	209.949	4.091
7.200	209.949	4.091
7.400	209.950	4.091
7.600	209.949	4.091
7.800	209.950	4.091
8.000	209.951	4.092
8.200	209.950	4.092
8.400	209.950	4.092
8.600	209.950	4.092
8.800	209.951	4.092
9.000	209.951	4.092
9.200	209.951	4.092
9.400	209.953	4.092
9.600	209.951	4.092
9.800	209.950	4.092
10.000	209.950	4.092
10.200	209.949	4.092
10.400	209.949	4.092
10.600	209.951	4.092
10.800	209.950	4.092
11.000	209.950	4.092
11.200	209.952	4.092
11.400	209.951	4.092
11.600	209.949	4.092
11.800	209.952	4.092
12.000	209.952	4.092
12.200	209.953	4.092
12.400	209.952	4.092
12.600	209.951	4.092
12.800	209.950	4.092
13.000	209.952	4.092
13.200	209.951	4.092
13.400	209.952	4.092
13.600	209.951	4.092
13.800	209.950	4.092
14.000	209.951	4.092
14.200	209.950	4.092
14.400	209.950	4.092
14.600	209.951	4.092
14.800	209.952	4.092
15.000	209.952	4.092
15.200	209.952	4.092
15.400	209.952	4.092
15.600	209.953	4.092
15.800	209.951	4.092
16.000	209.951	4.092
16.200	209.951	4.092
16.400	209.952	4.092
16.600	209.951	4.092
16.800	209.951	4.093
17.000	209.950	4.092
17.200	209.951	4.093
17.400	209.949	4.093
17.600	209.951	4.093
17.800	209.950	4.093
18.000	209.952	4.093
18.200	209.949	4.093
18.400	209.951	4.093
18.600	209.948	4.093
18.800	209.947	4.093
19.000	209.948	4.093
19.200	209.949	4.093
19.400	209.951	4.093
19.600	209.950	4.093
19.800	209.950	4.093
20.000	209.949	4.093
20.200	209.948	4.093
20.400	209.949	4.093
20.600	209.952	4.093
20.800	209.949	4.093
21.000	209.951	4.093
21.200	209.949	4.093
21.400	209.950	4.093
21.600	209.950	4.093
21.800	209.950	4.093
22.000	209.950	4.093
22.200	209.949	4.093
22.400	209.949	4.093
22.600	209.950	4.093
22.800	209.950	4.093
23.000	209.948	4.093
23.200	209.949	4.093
23.400	209.949	4.093
23.600	209.948	4.093
23.800	209.949	4.093
24.000	209.950	4.093
24.200	209.949	4.093
24.400	209.952	4.093
24.600	209.951	4.093
24.800	209.950	4.093
25.000	209.949	4.093
25.200	209.952	4.093
25.400	209.951	4.093
25.600	209.950	4.093
25.800	209.951	4.093
26.000	209.951	4.093
26.200	209.952	4.093
26.400	209.951	4.093
26.600	209.951	4.093
26.800	209.949	4.093
27.000	209.951	4.093
27.200	209.950	4.093
27.400	209.951	4.093
27.600	209.949	4.093
27.800	209.949	4.093
28.000	209.951	4.093
28.200	209.952	4.093
28.400	209.951	4.093
28.600	209.951	4.093
28.800	209.951	4.093
29.000	209.951	4.093
29.200	209.952	4.093
29.400	209.952	4.093
29.600	209.952	4.093
29.800	209.951	4.094
30.000	209.951	4.094
30.200	209.950	4.094
30.400	209.951	4.094
30.600	209.951	4.094
30.800	209.950	4.094
31.000	209.950	4.094
31.200	209.948	4.094
31.400	209.950	4.094
31.600	209.948	4.094
31.800	209.950	4.094
32.000	209.950	4.094
32.200	209.950	4.094
32.400	209.950	4.094
32.600	209.950	4.094
32.800	209.950	4.094
33.000	209.950	4.094
33.200	209.951	4.094
33.400	209.948	4.094
33.600	209.950	4.094
33.800	209.950	4.094
34.000	209.949	4.094
34.200	209.949	4.094
34.400	209.951	4.094
34.600	209.952	4.094
34.800	209.949	4.094
35.000	209.951	4.094
35.200	209.951	4.094
35.400	209.950	4.094
35.600	209.950	4.094
35.800	209.952	4.094
36.000	209.951	4.094
36.200	209.951	4.094
36.400	209.950	4.094
36.600	209.951	4.094
36.800	209.951	4.094
37.000	209.953	4.094
37.200	209.952	4.094
37.400	209.951	4.094
37.600	209.951	4.094
37.800	209.952	4.094
38.000	209.951	4.094
38.200	209.951	4.094
38.400	209.953	4.094
38.600	209.951	4.094
38.800	209.952	4.094
39.000	209.952	4.094
39.200	209.952	4.094
39.400	209.952	4.094
39.600	209.953	4.094
39.800	209.954	4.094
40.000	209.953	4.094
40.200	209.952	4.094
40.400	209.952	4.094
40.600	209.953	4.094
40.800	209.952	4.094
41.000	209.953	4.094
41.200	209.954	4.094
41.400	209.955	4.094
41.600	209.953	4.094
41.800	209.952	4.094
42.000	209.952	4.094
42.200	209.953	4.094
42.400	209.952	4.094
42.600	209.953	4.094
42.800	209.953	4.094
43.000	209.951	4.094
43.200	209.954	4.094
43.400	209.952	4.094
43.600	209.953	4.094
43.800	209.952	4.094
44.000	209.951	4.094
44.200	209.951	4.094
44.400	209.953	4.094
44.600	209.952	4.094
44.800	209.953	4.094
45.000	209.952	4.094
45.200	209.951	4.094
45.400	209.952	4.094
45.600	209.952	4.094
45.800	209.952	4.094
46.000	209.952	4.094
46.200	209.952	4.095
46.400	209.953	4.094
46.600	209.953	4.094
46.800	209.954	4.095
47.000	209.954	4.095
47.200	209.953	4.094
47.400	209.953	4.095
47.600	209.953	4.095
47.800	209.952	4.095
48.000	209.952	4.095
48.200	209.952	4.095
48.400	209.952	4.095
48.600	209.952	4.095
48.800	209.951	4.095
49.000	209.951	4.095
49.200	209.952	4.095
49.400	209.952	4.095
49.600	209.952	4.095
49.800	209.952	4.095
50.000	209.952	4.095
50.200	209.952	4.095
50.400	209.953	4.095
50.600	209.952	4.095
50.800	209.952	4.095
51.000	209.953	4.095
51.200	209.953	4.095
51.400	209.952	4.095
51.600	209.951	4.095
51.800	209.950	4.095
52.000	209.952	4.095
52.200	209.951	4.095
52.400	209.950	4.095
52.600	209.949	4.095
52.800	209.952	4.095
53.000	209.951	4.095
53.200	209.951	4.095
53.400	209.952	4.095
53.600	209.951	4.095
53.800	209.952	4.095
54.000	209.952	4.095
54.200	209.951	4.095
54.400	209.951	4.095
54.600	209.951	4.095
54.800	209.950	4.095
55.000	209.948	4.095
55.200	209.951	4.095
55.400	209.952	4.095
55.600	209.952	4.095
55.800	209.952	4.095
56.000	209.952	4.095
56.200	209.951	4.095
56.400	209.950	4.095
56.600	209.952	4.095
56.800	209.952	4.095
57.000	209.954	4.095
57.200	209.952	4.095
57.400	209.950	4.095
57.600	209.952	4.095
57.800	209.950	4.095
58.000	209.950	4.095
58.200	209.952	4.095
58.400	209.952	4.095
58.600	209.951	4.095
58.800	209.951	4.095
59.000	209.950	4.095
59.200	209.953	4.095
59.400	209.952	4.095
59.600	209.953	4.095
59.800	209.951	4.095
60.000	209.953	4.095
60.200	209.952	4.095
60.400	209.952	4.095
60.600	209.953	4.095
60.800	209.954	4.095
61.000	209.954	4.095
61.200	209.953	4.095
61.400	209.952	4.095
61.600	209.954	4.095
61.800	209.954	4.095
62.000	209.953	4.095
62.200	209.953	4.095
62.400	209.954	4.095
62.600	209.953	4.095
62.800	209.952	4.095
63.000	209.953	4.095
63.200	209.953	4.095
63.400	209.952	4.095
63.600	209.953	4.095
63.800	209.953	4.095
64.000	209.953	4.095
64.200	209.953	4.095
64.400	209.952	4.095
64.600	209.952	4.095
64.800	209.954	4.095
65.000	209.955	4.095
65.200	209.952	4.095
65.400	209.952	4.096
65.600	209.953	4.095
65.800	209.954	4.095
66.000	209.952	4.095
66.200	209.953	4.096
66.400	209.952	4.096
66.600	209.952	4.096
66.800	209.953	4.096
67.000	209.952	4.096
67.200	209.954	4.096
67.400	209.954	4.096
67.600	209.953	4.096
67.800	209.953	4.096
68.000	209.954	4.096
68.200	209.953	4.096
68.400	209.952	4.096
68.600	209.951	4.096
68.800	209.952	4.096
69.000	209.952	4.096
69.200	209.953	4.096
69.400	209.953	4.096
69.600	209.952	4.096
69.800	209.954	4.096
70.000	209.953	4.096
70.200	209.953	4.096
70.400	209.955	4.096
70.600	209.953	4.096
70.800	209.952	4.096
71.000	209.951	4.096
71.200	209.953	4.096
71.400	209.952	4.096
71.600	209.954	4.096
71.800	209.953	4.096
72.000	209.953	4.096
72.200	209.954	4.096
72.400	209.953	4.096
72.600	209.955	4.096
72.800	209.954	4.096
73.000	209.955	4.096
73.200	209.952	4.096
73.400	209.953	4.096
73.600	209.953	4.096
73.800	209.954	4.096
74.000	209.953	4.096
74.200	209.953	4.096
74.400	209.953	4.096
74.600	209.953	4.096
74.800	209.954	4.096
75.000	209.955	4.096
75.200	209.954	4.096
75.400	209.954	4.096
75.600	209.953	4.096
75.800	209.953	4.096
76.000	209.954	4.096
76.200	209.953	4.096
76.400	209.952	4.096
76.600	209.953	4.096
76.800	209.953	4.096
77.000	209.954	4.096
77.200	209.953	4.096
77.400	209.954	4.096
77.600	209.953	4.096
77.800	209.955	4.096
78.000	209.955	4.096
78.200	209.955	4.096
78.400	209.954	4.096
78.600	209.955	4.096
78.800	209.954	4.096
79.000	209.953	4.096
79.200	209.953	4.096
79.400	209.954	4.096
79.600	209.953	4.096
79.800	209.954	4.096
80.000	209.953	4.096
80.200	209.954	4.096
80.400	209.954	4.096
80.600	209.954	4.096
80.800	209.953	4.096
81.000	209.952	4.096
81.200	209.954	4.096
81.400	209.953	4.096
81.600	209.953	4.096
81.800	209.953	4.096
82.000	209.952	4.096
82.200	209.951	4.096
82.400	209.952	4.096
82.600	209.952	4.096
82.800	209.955	4.096
83.000	209.953	4.096
83.200	209.952	4.096
83.400	209.954	4.096
83.600	209.953	4.096
83.800	209.954	4.096
84.000	209.953	4.096
84.200	209.953	4.096
84.400	209.952	4.096
84.600	209.953	4.096
84.800	209.953	4.096
85.000	209.954	4.096
85.200	209.952	4.096
85.400	209.955	4.096
85.600	209.954	4.096
85.800	209.954	4.096
86.000	209.952	4.096
86.200	209.952	4.096
86.400	209.954	4.096
86.600	209.953	4.096
86.800	209.953	4.096
87.000	209.952	4.096
87.200	209.953	4.096
87.400	209.953	4.097
87.600	209.953	4.097
87.800	209.954	4.097
88.000	209.953	4.097
88.200	209.953	4.097
88.400	209.953	4.097
88.600	209.953	4.097
88.800	209.954	4.097
89.000	209.953	4.097
89.200	209.954	4.097
89.400	209.952	4.097
89.600	209.953	4.097
89.800	209.952	4.097
90.000	209.955	4.097
90.200	209.954	4.097
90.400	209.954	4.097
90.600	209.953	4.097
90.800	209.953	4.097
91.000	209.952	4.097
91.200	209.952	4.097
91.400	209.953	4.097
91.600	209.952	4.097
91.800	209.953	4.097
92.000	209.952	4.097
92.200	209.954	4.097
92.400	209.954	4.097
92.600	209.951	4.097
92.800	209.952	4.097
93.000	209.950	4.097
93.200	209.953	4.097
93.400	209.953	4.097
93.600	209.953	4.097
93.800	209.953	4.097
94.000	209.950	4.097
94.200	209.953	4.097
94.400	209.954	4.097
94.600	209.954	4.097
94.800	209.953	4.097
95.000	209.953	4.097
95.200	209.954	4.097
95.400	209.953	4.097
95.600	209.953	4.097
95.800	209.952	4.097
96.000	209.953	4.097
96.200	209.953	4.097
96.400	209.954	4.097
96.600	209.954	4.097
96.800	209.955	4.097
97.000	209.953	4.097
97.200	209.954	4.097
97.400	209.953	4.097
97.600	209.954	4.097
97.800	209.954	4.097
98.000	209.953	4.097
98.200	209.953	4.097
98.400	209.951	4.097
98.600	209.953	4.097
98.800	209.954	4.097
99.000	209.953	4.097
99.200	209.951	4.097
99.400	209.952	4.097
99.600	209.951	4.097
99.800	209.953	4.097
100.000	209.952	4.097
100.200	209.953	4.097
100.400	209.954	4.097
100.600	209.954	4.097
100.800	209.954	4.097
101.000	209.956	4.097
101.200	209.953	4.097
101.400	209.955	4.097
101.600	209.955	4.097
101.800	209.955	4.097
102.000	209.954	4.097
102.200	209.953	4.097
102.400	209.955	4.097
102.600	209.954	4.097
102.800	209.954	4.097
103.000	209.953	4.097
103.200	209.954	4.097
103.400	209.954	4.097
103.600	209.953	4.097
103.800	209.953	4.097
104.000	209.954	4.097
104.200	209.953	4.097
104.400	209.955	4.097
104.600	209.955	4.097
104.800	209.953	4.097
105.000	209.953	4.097
105.200	209.954	4.097
105.400	209.952	4.097
105.600	209.953	4.097
105.800	209.954	4.097
106.000	209.956	4.097
106.200	209.955	4.097
106.400	209.954	4.097
106.600	209.953	4.097
106.800	209.954	4.097
107.000	209.953	4.097
107.200	209.954	4.097
107.400	209.953	4.097
107.600	209.954	4.097
107.800	209.955	4.097
108.000	209.955	4.097
108.200	209.953	4.097
108.400	209.953	4.097
108.600	209.954	4.097
108.800	209.953	4.097
109.000	209.954	4.097
109.200	209.953	4.097
109.400	209.952	4.097
109.600	209.954	4.097
109.800	209.953	4.097
110.000	209.952	4.097
110.200	209.954	4.097
110.400	209.953	4.097
110.600	209.953	4.097
110.800	209.954	4.097
111.000	209.953	4.097
111.200	209.954	4.098
111.400	209.953	4.097
111.600	209.953	4.097
111.800	209.951	4.098
112.000	209.952	4.098
112.200	209.953	4.098
112.400	209.954	4.098
112.600	209.954	4.098
112.800	209.953	4.098
113.000	209.954	4.098
113.200	209.953	4.098
113.400	209.954	4.098
113.600	209.954	4.098
113.800	209.953	4.098
114.000	209.954	4.098
114.200	209.955	4.098
114.400	209.954	4.098
114.600	209.953	4.098
114.800	209.955	4.098
115.000	209.954	4.098
115.200	209.954	4.098
115.400	209.954	4.098
115.600	209.954	4.098
115.800	209.955	4.098
116.000	209.955	4.098
116.200	209.955	4.098
116.400	209.955	4.098
116.600	209.954	4.098
116.800	209.954	4.098
117.000	209.952	4.098
117.200	209.953	4.098
117.400	209.953	4.098
117.600	209.952	4.098
117.800	209.953	4.098
118.000	209.954	4.098
118.200	209.953	4.098
118.400	209.952	4.098
118.600	209.953	4.098
118.800	209.954	4.098
119.000	209.953	4.098
119.200	209.956	4.098
119.400	209.954	4.098
119.600	209.955	4.098
119.800	209.956	4.098
120.000	209.956	4.098
120.200	209.955	4.098
120.400	209.957	4.098
120.600	209.955	4.098
120.800	209.957	4.098
121.000	209.957	4.098
121.200	209.955	4.098
121.400	209.955	4.098
121.600	209.955	4.098
121.800	209.955	4.098
122.000	209.955	4.098
122.200	209.956	4.098
122.400	209.956	4.098
122.600	209.956	4.098
122.800	209.956	4.098
123.000	209.956	4.098
123.200	209.956	4.098
123.400	209.958	4.098
123.600	209.956	4.098
123.800	209.957	4.098
124.000	209.957	4.098
124.200	209.957	4.098
124.400	209.955	4.098
124.600	209.955	4.098
124.800	209.956	4.098
125.000	209.956	4.098
125.200	209.957	4.098
125.400	209.956	4.098
125.600	209.956	4.098
125.800	209.956	4.098
126.000	209.957	4.098
126.200	209.955	4.098
126.400	209.954	4.098
126.600	209.957	4.098
126.800	209.956	4.098
127.000	209.957	4.098
127.200	209.956	4.098
127.400	209.956	4.098
127.600	209.957	4.098
127.800	209.956	4.098
128.000	209.957	4.098
128.200	209.955	4.098
128.400	209.957	4.098
128.600	209.956	4.098
128.800	209.955	4.098
129.000	209.956	4.098
129.200	209.956	4.098
129.400	209.956	4.098
129.600	209.956	4.098
129.800	209.955	4.098
130.000	209.955	4.098
130.200	209.958	4.098
130.400	209.955	4.098
130.600	209.956	4.098
130.800	209.955	4.098
131.000	209.954	4.098
131.200	209.956	4.098
131.400	209.955	4.098
131.600	209.956	4.098
131.800	209.956	4.098
132.000	209.957	4.098
132.200	209.957	4.098
132.400	209.956	4.098
132.600	209.956	4.098
132.800	209.955	4.098
133.000	209.954	4.098
133.200	209.956	4.098
133.400	209.955	4.098
133.600	209.956	4.098
133.800	209.959	4.098
134.000	209.956	4.098
134.200	209.959	4.098
134.400	209.958	4.098
134.600	209.958	4.098
134.800	209.958	4.098
135.000	209.957	4.098
135.200	209.958	4.098
135.400	209.958	4.098
135.600	209.956	4.098
135.800	209.958	4.098
136.000	209.957	4.098
136.200	209.957	4.098
136.400	209.958	4.098
136.600	209.958	4.098
136.800	209.958	4.099
137.000	209.957	4.098
137.200	209.958	4.099
137.400	209.957	4.099
137.600	209.957	4.099
137.800	209.956	4.099
138.000	209.957	4.099
138.200	209.954	4.099
138.400	209.956	4.099
138.600	209.956	4.099
138.800	209.956	4.099
139.000	209.955	4.099
139.200	209.957	4.099
139.400	209.956	4.099
139.600	209.957	4.099
139.800	209.957	4.099
140.000	209.956	4.099
140.200	209.957	4.099
140.400	209.956	4.099
140.600	209.956	4.099
140.800	209.955	4.099
141.000	209.956	4.099
141.200	209.956	4.099
141.400	209.956	4.099
141.600	209.957	4.099
141.800	209.958	4.099
142.000	209.957	4.099
142.200	209.955	4.099
142.400	209.954	4.099
142.600	209.955	4.099
142.800	209.955	4.099
143.000	209.956	4.099
143.200	209.955	4.099
143.400	209.955	4.099
143.600	209.957	4.099
143.800	209.956	4.099
144.000	209.956	4.099
144.200	209.955	4.099
144.400	209.957	4.099
144.600	209.955	4.099
144.800	209.955	4.099
145.000	209.956	4.099
145.200	209.955	4.099
145.400	209.955	4.099
145.600	209.957	4.099
145.800	209.956	4.099
146.000	209.955	4.099
146.200	209.955	4.099
146.400	209.953	4.099
146.600	209.956	4.099
146.800	209.954	4.099
147.000	209.955	4.099
147.200	209.955	4.099
147.400	209.956	4.099
147.600	209.955	4.099
147.800	209.953	4.099
148.000	209.954	4.099
148.200	209.954	4.099
148.400	209.953	4.099
148.600	209.954	4.099
148.800	209.953	4.099
149.000	209.954	4.099
149.200	209.954	4.099
149.400	209.953	4.099
149.600	209.951	4.099
149.800	209.954	4.099
150.000	209.953	4.099
150.200	209.955	4.099
150.400	209.954	4.099
150.600	209.953	4.099
150.800	209.952	4.099
151.000	209.953	4.099
151.200	209.954	4.099
151.400	209.953	4.099
151.600	209.952	4.099
151.800	209.954	4.099
152.000	209.953	4.099
152.200	209.952	4.099
152.400	209.954	4.099
152.600	209.955	4.099
152.800	209.954	4.099
153.000	209.955	4.099
153.200	209.954	4.099
153.400	209.954	4.099
153.600	209.954	4.099
153.800	209.955	4.099
154.000	209.952	4.099
154.200	209.955	4.099
154.400	209.955	4.099
154.600	209.952	4.099
154.800	209.952	4.099
155.000	209.954	4.099
155.200	209.955	4.099
155.400	209.953	4.099
155.600	209.953	4.099
155.800	209.956	4.099
156.000	209.954	4.099
156.200	209.954	4.099
156.400	209.954	4.099
156.600	209.954	4.099
156.800	209.956	4.099
157.000	209.954	4.099
157.200	209.956	4.099
157.400	209.954	4.099
157.600	209.954	4.099
157.800	209.955	4.099
158.000	209.956	4.099
158.200	209.954	4.099
158.400	209.955	4.099
158.600	209.955	4.099
158.800	209.954	4.099
159.000	209.953	4.099
159.200	209.954	4.099
159.400	209.954	4.099
159.600	209.954	4.099
159.800	209.953	4.099
160.000	209.952	4.099
160.200	209.954	4.099
160.400	209.954	4.099
160.600	209.955	4.099
160.800	209.953	4.099
161.000	209.955	4.099
161.200	209.953	4.099
161.400	209.952	4.099
161.600	209.954	4.099
161.800	209.953	4.099
162.000	209.955	4.099
162.200	209.955	4.099
162.400	209.955	4.099
162.600	209.952	4.099
162.800	209.954	4.099
163.000	209.952	4.099
163.200	209.954	4.099
163.400	209.953	4.099
163.600	209.952	4.099
163.800	209.952	4.099
164.000	209.952	4.099
164.200	209.951	4.099
164.400	209.953	4.099
164.600	209.953	4.099
164.800	209.952	4.099
165.000	209.954	4.100
165.200	209.954	4.099
165.400	209.954	4.099
165.600	209.954	4.100
165.800	209.953	4.100
166.000	209.954	4.099
166.200	209.953	4.099
166.400	209.953	4.100
166.600	209.954	4.100
166.800	209.953	4.100
167.000	209.955	4.100
167.200	209.952	4.100
167.400	209.952	4.100
167.600	209.952	4.100
167.800	209.953	4.100
168.000	209.951	4.100
168.200	209.952	4.100
168.400	209.953	4.100
168.600	209.952	4.100
168.800	209.954	4.100
169.000	209.953	4.100
169.200	209.953	4.100
169.400	209.955	4.100
169.600	209.953	4.100
169.800	209.955	4.100
170.000	209.953	4.100
170.200	209.954	4.100
170.400	209.955	4.100
170.600	209.953	4.100
170.800	209.954	4.100
171.000	209.954	4.100
171.200	209.954	4.100
171.400	209.955	4.100
171.600	209.955	4.100
171.800	209.952	4.100
172.000	209.954	4.100
172.200	209.954	4.100
172.400	209.954	4.100
172.600	209.953	4.100
172.800	209.953	4.100
173.000	209.954	4.100
173.200	209.954	4.100
173.400	209.954	4.100
173.600	209.954	4.100
173.800	209.954	4.100
174.000	209.953	4.100
174.200	209.954	4.100
174.400	209.955	4.100
174.600	209.954	4.100
174.800	209.953	4.100
175.000	209.953	4.100
175.200	209.954	4.100
175.400	209.954	4.100
175.600	209.953	4.100
175.800	209.955	4.100
176.000	209.954	4.100
176.200	209.954	4.100
176.400	209.956	4.100
176.600	209.952	4.100
176.800	209.954	4.100
177.000	209.953	4.100
177.200	209.956	4.100
177.400	209.955	4.100
177.600	209.955	4.100
177.800	209.955	4.100
178.000	209.955	4.100
178.200	209.956	4.100
178.400	209.955	4.100
178.600	209.955	4.100
178.800	209.956	4.100
179.000	209.956	4.100
179.200	209.955	4.100
179.400	209.955	4.100
179.600	209.955	4.100
179.800	209.955	4.100
180.000	209.955	4.100
180.200	209.955	4.100
180.400	0.157	4.079
180.600	0.075	4.079
180.800	0.058	4.079
181.000	0.048	4.079
181.200	0.044	4.079
181.400	0.040	4.079
181.600	0.037	4.079
181.800	0.037	4.079
182.000	0.037	4.079
182.200	0.034	4.078
182.400	0.033	4.078
182.600	0.033	4.078
182.800	0.031	4.078
183.000	0.034	4.078
183.200	0.032	4.078
183.400	0.031	4.078
183.600	0.032	4.078
183.800	0.031	4.078
184.000	0.031	4.078
184.200	0.029	4.078
184.400	0.028	4.078
184.600	0.029	4.078
184.800	0.030	4.078
185.000	0.030	4.078
185.200	0.029	4.078
185.400	0.030	4.078
185.600	0.030	4.078
185.800	0.030	4.078
186.000	0.029	4.078
186.200	0.027	4.078
186.400	0.028	4.078
186.600	0.028	4.078
186.800	0.029	4.078
187.000	0.028	4.078
187.200	0.028	4.078
187.400	0.029	4.078
187.600	0.030	4.078
187.800	0.030	4.078
188.000	0.028	4.078
188.200	0.027	4.078
188.400	0.027	4.078
188.600	0.028	4.078
188.800	0.027	4.078
189.000	0.026	4.077
189.200	0.027	4.077
189.400	0.026	4.077
189.600	0.026	4.077
189.800	0.028	4.077
190.000	0.026	4.077
190.200	0.027	4.077
190.400	0.028	4.077
190.600	0.027	4.077
190.800	0.028	4.077
191.000	0.027	4.077
191.200	0.026	4.077
191.400	0.026	4.077
191.600	0.027	4.077
191.800	0.027	4.077
192.000	0.028	4.077
192.200	0.027	4.077
192.400	0.026	4.077
192.600	0.027	4.077
192.800	0.027	4.077
193.000	0.028	4.077
193.200	0.025	4.077
193.400	0.026	4.077
193.600	0.026	4.077
193.800	0.026	4.077
194.000	0.025	4.077
194.200	0.027	4.077
194.400	0.025	4.077
194.600	0.027	4.077
194.800	0.026	4.077
195.000	0.026	4.077
195.200	0.026	4.077
195.400	0.026	4.077
195.600	0.024	4.077
195.800	0.024	4.077
196.000	0.024	4.077
196.200	0.024	4.077
196.400	0.026	4.077
196.600	0.027	4.077
196.800	0.026	4.077
197.000	0.025	4.077
197.200	0.025	4.077
197.400	0.025	4.077
197.600	0.025	4.077
197.800	0.025	4.077
198.000	0.025	4.077
198.200	0.026	4.077
198.400	0.024	4.077
198.600	0.024	4.077
198.800	0.026	4.077
199.000	0.024	4.077
199.200	0.024	4.077
199.400	0.027	4.077
199.600	0.025	4.077
199.800	0.026	4.077
200.000	0.025	4.077
200.200	0.026	4.077
200.400	0.026	4.077
200.600	0.027	4.077
200.800	0.027	4.077
201.000	0.027	4.077
201.200	0.025	4.077
201.400	0.028	4.077
201.600	0.026	4.076
201.800	0.025	4.076
202.000	0.025	4.076
202.200	0.026	4.076
202.400	0.026	4.076
202.600	0.025	4.076
202.800	0.026	4.076
203.000	0.026	4.076
203.200	0.026	4.076
203.400	0.025	4.076
203.600	0.026	4.076
203.800	0.024	4.076
204.000	0.027	4.076
204.200	0.027	4.076
204.400	0.025	4.076
204.600	0.025	4.076
204.800	0.026	4.076
205.000	0.025	4.076
205.200	0.025	4.076
205.400	0.026	4.076
205.600	0.027	4.076
205.800	0.025	4.076
206.000	0.025	4.076
206.200	0.024	4.076
206.400	0.026	4.076
206.600	0.024	4.076
206.800	0.024	4.076
207.000	0.024	4.076
207.200	0.024	4.076
207.400	0.024	4.076
207.600	0.027	4.076
207.800	0.025	4.076
208.000	0.026	4.076
208.200	0.027	4.076
208.400	0.026	4.076
208.600	0.024	4.076
208.800	0.025	4.076
209.000	0.026	4.076
209.200	0.024	4.076
209.400	0.027	4.076
209.600	0.025	4.076
209.800	0.025	4.076
210.000	0.024	4.076
210.200	0.026	4.076
210.400	0.025	4.076
210.600	0.024	4.076
210.800	0.025	4.076
211.000	0.025	4.076
211.200	0.026	4.076
211.400	0.025	4.076
211.600	0.025	4.076
211.800	0.025	4.076
212.000	0.025	4.076
212.200	0.027	4.076
212.400	0.025	4.076
212.600	0.025	4.076
212.800	0.026	4.076
213.000	0.025	4.076
213.200	0.025	4.076
213.400	0.024	4.076
213.600	0.024	4.076
213.800	0.024	4.076
214.000	0.023	4.076
214.200	0.024	4.076
214.400	0.023	4.076
214.600	0.024	4.076
214.800	0.023	4.076
215.000	0.024	4.076
215.200	0.023	4.076
215.400	0.023	4.076
215.600	0.025	4.076
215.800	0.024	4.076
216.000	0.026	4.076
216.200	0.025	4.076
216.400	0.024	4.076
216.600	0.022	4.076
216.800	0.024	4.076
217.000	0.023	4.076
217.200	0.024	4.076
217.400	0.024	4.076
217.600	0.022	4.076
217.800	0.024	4.076
218.000	0.023	4.076
218.200	0.023	4.076
218.400	0.023	4.076
218.600	0.024	4.076
218.800	0.024	4.076
219.000	0.024	4.076
219.200	0.025	4.076
219.400	0.025	4.076
219.600	0.025	4.076
219.800	0.024	4.076
220.000	0.024	4.076
220.200	0.024	4.076
220.400	0.024	4.076
220.600	0.024	4.076
220.800	0.024	4.076
221.000	0.025	4.076
221.200	0.026	4.076
221.400	0.025	4.076
221.600	0.024	4.076
221.800	0.025	4.076
222.000	0.025	4.076
222.200	0.025	4.076
222.400	0.025	4.076
222.600	0.023	4.076
222.800	0.025	4.076
223.000	0.025	4.076
223.200	0.026	4.076
223.400	0.024	4.076
223.600	0.023	4.076
223.800	0.025	4.076
224.000	0.025	4.076
224.200	0.025	4.076
224.400	0.024	4.076
224.600	0.025	4.076
224.800	0.023	4.076
225.000	0.023	4.076
225.200	0.025	4.076
225.400	0.024	4.076
225.600	0.024	4.076
225.800	0.024	4.076
226.000	0.024	4.076
226.200	0.026	4.076
226.400	0.025	4.076
226.600	0.023	4.076
226.800	0.022	4.076
227.000	0.022	4.076
227.200	0.023	4.076
227.400	0.025	4.076
227.600	0.025	4.076
227.800	0.024	4.075
228.000	0.025	4.076
228.200	0.025	4.076
228.400	0.023	4.075
228.600	0.025	4.076
228.800	0.025	4.075
229.000	0.024	4.075
229.200	0.025	4.075
229.400	0.024	4.075
229.600	0.024	4.076
229.800	0.025	4.075
230.000	0.024	4.076
230.200	0.024	4.075
230.400	0.025	4.075
230.600	0.025	4.075
230.800	0.024	4.075
231.000	0.025	4.075
231.200	0.025	4.075
231.400	0.025	4.075
231.600	0.026	4.075
231.800	0.025	4.075
232.000	0.024	4.075
232.200	0.023	4.075
232.400	0.025	4.075
232.600	0.024	4.075
232.800	0.025	4.075
233.000	0.024	4.075
233.200	0.027	4.075
233.400	0.024	4.075
233.600	0.025	4.075
233.800	0.026	4.075
234.000	0.025	4.075
234.200	0.025	4.075
234.400	0.025	4.075
234.600	0.026	4.075
234.800	0.025	4.075
235.000	0.028	4.075
235.200	0.028	4.075
235.400	0.026	4.075
235.600	0.024	4.075
235.800	0.026	4.075
236.000	0.026	4.075
236.200	0.025	4.075
236.400	0.025	4.075
236.600	0.026	4.075
236.800	0.025	4.075
237.000	0.025	4.075
237.200	0.025	4.075
237.400	0.026	4.075
237.600	0.026	4.075
237.800	0.027	4.075
238.000	0.025	4.075
238.200	0.026	4.075
238.400	0.027	4.075
238.600	0.025	4.075
238.800	0.026	4.075
239.000	0.026	4.075
239.200	0.026	4.075
239.400	0.025	4.075
239.600	0.024	4.075
239.800	0.025	4.075
240.000	0.025	4.075
240.200	0.027	4.075
240.400	0.027	4.075
240.600	0.026	4.075
240.800	0.027	4.075
241.000	0.028	4.075
241.200	0.025	4.075
241.400	0.025	4.075
241.600	0.028	4.075
241.800	0.027	4.075
242.000	0.025	4.075
242.200	0.025	4.075
242.400	0.026	4.075
242.600	0.028	4.075
242.800	0.028	4.075
243.000	0.027	4.075
243.200	0.027	4.075
243.400	0.026	4.075
243.600	0.025	4.075
243.800	0.025	4.075
244.000	0.025	4.075
244.200	0.026	4.075
244.400	0.027	4.075
244.600	0.028	4.075
244.800	0.027	4.075
245.000	0.027	4.075
245.200	0.027	4.075
245.400	0.026	4.075
245.600	0.025	4.075
245.800	0.027	4.075
246.000	0.026	4.075
246.200	0.025	4.075
246.400	0.026	4.075
246.600	0.027	4.075
246.800	0.026	4.075
247.000	0.026	4.075
247.200	0.027	4.075
247.400	0.028	4.075
247.600	0.027	4.075
247.800	0.026	4.075
248.000	0.025	4.075
248.200	0.025	4.075
248.400	0.026	4.075
248.600	0.025	4.075
248.800	0.026	4.075
249.000	0.025	4.075
249.200	0.025	4.075
249.400	0.026	4.075
249.600	0.026	4.075
249.800	0.024	4.075
250.000	0.024	4.075
250.200	0.024	4.075
250.400	0.025	4.075
250.600	0.025	4.075
250.800	0.024	4.075
251.000	0.023	4.075
251.200	0.024	4.075
251.400	0.024	4.075
251.600	0.023	4.075
251.800	0.024	4.075
252.000	0.023	4.075
252.200	0.027	4.075
252.400	0.024	4.075
252.600	0.025	4.075
252.800	0.024	4.075
253.000	0.026	4.075
253.200	0.026	4.075
253.400	0.025	4.075
253.600	0.024	4.075
253.800	0.025	4.075
254.000	0.024	4.075
254.200	0.025	4.075
254.400	0.024	4.075
254.600	0.025	4.075
254.800	0.024	4.075
255.000	0.024	4.075
255.200	0.025	4.075
255.400	0.026	4.075
255.600	0.025	4.075
255.800	0.026	4.075
256.000	0.024	4.075
256.200	0.024	4.075
256.400	0.025	4.075
256.600	0.026	4.075
256.800	0.025	4.075
257.000	0.025	4.075
257.200	0.024	4.075
257.400	0.026	4.075
257.600	0.025	4.075
257.800	0.024	4.075
258.000	0.024	4.075
258.200	0.024	4.075
258.400	0.023	4.075
258.600	0.024	4.075
258.800	0.025	4.075
259.000	0.026	4.075
259.200	0.025	4.075
259.400	0.025	4.075
259.600	0.025	4.075
259.800	0.025	4.075
260.000	0.024	4.075
260.200	0.024	4.075
260.400	0.026	4.075
260.600	0.024	4.075
260.800	0.024	4.075
261.000	0.024	4.075
261.200	0.025	4.075
261.400	0.026	4.075
261.600	0.023	4.075
261.800	0.025	4.075
262.000	0.023	4.075
262.200	0.024	4.075
262.400	0.023	4.075
262.600	0.025	4.075
262.800	0.024	4.075
263.000	0.025	4.075
263.200	0.025	4.075
263.400	0.025	4.075
263.600	0.024	4.075
263.800	0.023	4.075
264.000	0.025	4.075
264.200	0.026	4.075
264.400	0.025	4.075
264.600	0.025	4.075
264.800	0.024	4.075
265.000	0.025	4.075
265.200	0.025	4.075
265.400	0.024	4.075
265.600	0.025	4.075
265.800	0.026	4.075
266.000	0.026	4.075
266.200	0.025	4.075
266.400	0.026	4.075
266.600	0.023	4.075
266.800	0.025	4.075
267.000	0.024	4.075
267.200	0.024	4.075
267.400	0.024	4.075
267.600	0.023	4.075
267.800	0.024	4.075
268.000	0.024	4.075
268.200	0.024	4.075
268.400	0.025	4.075
268.600	0.023	4.075
268.800	0.024	4.075
269.000	0.024	4.075
269.200	0.022	4.075
269.400	0.024	4.075
269.600	0.024	4.075
269.800	0.023	4.075
270.000	0.024	4.075
270.200	0.024	4.075
270.400	0.025	4.075
270.600	0.025	4.075
270.800	0.023	4.075
271.000	0.024	4.075
271.200	0.023	4.075
271.400	0.022	4.075
271.600	0.023	4.075
271.800	0.023	4.075
272.000	0.023	4.075
272.200	0.025	4.075
272.400	0.026	4.075
272.600	0.026	4.075
272.800	0.025	4.075
273.000	0.024	4.075
273.200	0.024	4.075
273.400	0.024	4.075
273.600	0.025	4.075
273.800	0.024	4.075
274.000	0.025	4.075
274.200	0.025	4.075
274.400	0.025	4.075
274.600	0.025	4.075
274.800	0.025	4.075
275.000	0.025	4.075
275.200	0.025	4.075
275.400	0.024	4.075
275.600	0.023	4.075
275.800	0.024	4.075
276.000	0.025	4.075
276.200	0.023	4.075
276.400	0.023	4.075
276.600	0.024	4.075
276.800	0.025	4.075
277.000	0.023	4.075
277.200	0.024	4.075
277.400	0.024	4.075
277.600	0.022	4.075
277.800	0.022	4.075
278.000	0.022	4.075
278.200	0.023	4.075
278.400	0.024	4.075
278.600	0.022	4.075
278.800	0.023	4.075
279.000	0.023	4.075
279.200	0.023	4.075
279.400	0.024	4.075
279.600	0.023	4.075
279.800	0.024	4.075
280.000	0.024	4.075
280.200	0.024	4.075
280.400	0.023	4.075
280.600	0.023	4.075
280.800	0.023	4.075
281.000	0.023	4.075
281.200	0.024	4.075
281.400	0.025	4.075
281.600	0.024	4.075
281.800	0.022	4.075
282.000	0.023	4.075
282.200	0.023	4.075
282.400	0.022	4.075
282.600	0.023	4.075
282.800	0.024	4.075
283.000	0.023	4.075
283.200	0.023	4.075
283.400	0.023	4.075
283.600	0.023	4.075
283.800	0.022	4.075
284.000	0.022	4.075
284.200	0.022	4.075
284.400	0.023	4.075
284.600	0.022	4.075
284.800	0.022	4.075
285.000	0.023	4.075
285.200	0.023	4.075
285.400	0.022	4.075
285.600	0.025	4.075
285.800	0.023	4.075
286.000	0.023	4.075
286.200	0.022	4.075
286.400	0.024	4.075
286.600	0.022	4.075
286.800	0.023	4.075
287.000	0.022	4.075
287.200	0.022	4.075
287.400	0.022	4.075
287.600	0.024	4.075
287.800	0.021	4.075
288.000	0.023	4.075
288.200	0.022	4.075
288.400	0.023	4.075
288.600	0.022	4.075
288.800	0.024	4.075
289.000	0.022	4.075
289.200	0.021	4.075
289.400	0.021	4.075
289.600	0.023	4.075
289.800	0.022	4.075
290.000	0.021	4.075
290.200	0.023	4.075
290.400	0.023	4.075
290.600	0.024	4.075
290.800	0.022	4.075
291.000	0.021	4.075
291.200	0.022	4.075
291.400	0.022	4.075
291.600	0.022	4.075
291.800	0.023	4.075
292.000	0.023	4.075
292.200	0.021	4.075
292.400	0.022	4.075
292.600	0.021	4.075
292.800	0.022	4.075
293.000	0.022	4.075
293.200	0.022	4.075
293.400	0.022	4.075
293.600	0.021	4.075
293.800	0.023	4.075
294.000	0.023	4.075
294.200	0.021	4.075
294.400	0.022	4.075
294.600	0.023	4.075
294.800	0.022	4.075
295.000	0.023	4.075
295.200	0.023	4.075
295.400	0.022	4.075
295.600	0.024	4.075
295.800	0.024	4.075
296.000	0.024	4.075
296.200	0.024	4.075
296.400	0.023	4.075
296.600	0.023	4.075
296.800	0.022	4.075
297.000	0.023	4.075
297.200	0.022	4.075
297.400	0.023	4.075
297.600	0.023	4.075
297.800	0.023	4.075
298.000	0.024	4.075
298.200	0.023	4.075
298.400	0.023	4.075
298.600	0.023	4.075
298.800	0.023	4.075
299.000	0.023	4.075
299.200	0.021	4.075
299.400	0.023	4.075
299.600	0.024	4.075
299.800	0.024	4.075
300.000	0.023	4.075
300.200	0.023	4.075
300.400	0.024	4.075
300.600	0.023	4.075
300.800	0.023	4.075
301.000	0.022	4.075
301.200	0.023	4.075
301.400	0.023	4.075
301.600	0.024	4.075
301.800	0.026	4.075
302.000	0.024	4.075
302.200	0.024	4.075
302.400	0.025	4.075
302.600	0.024	4.075
302.800	0.023	4.075
303.000	0.023	4.075
303.200	0.023	4.075
303.400	0.024	4.075
303.600	0.023	4.075
303.800	0.023	4.075
304.000	0.023	4.075
304.200	0.023	4.075
304.400	0.025	4.075
304.600	0.025	4.075
304.800	0.025	4.075
305.000	0.025	4.075
305.200	0.024	4.075
305.400	0.024	4.075
305.600	0.023	4.075
305.800	0.023	4.075
306.000	0.023	4.075
306.200	0.024	4.075
306.400	0.024	4.075
306.600	0.024	4.075
306.800	0.024	4.075
307.000	0.024	4.075
307.200	0.024	4.075
307.400	0.023	4.075
307.600	0.024	4.075
307.800	0.024	4.075
308.000	0.022	4.075
308.200	0.023	4.075
308.400	0.025	4.075
308.600	0.024	4.075
308.800	0.025	4.075
309.000	0.022	4.074
309.200	0.024	4.075
309.400	0.024	4.075
309.600	0.023	4.075
309.800	0.023	4.075
310.000	0.023	4.075
310.200	0.024	4.075
310.400	0.025	4.074
310.600	0.023	4.075
310.800	0.022	4.074
311.000	0.022	4.074
311.200	0.023	4.075
311.400	0.022	4.074
311.600	0.022	4.074
311.800	0.020	4.075
312.000	0.021	4.074
312.200	0.022	4.074
312.400	0.023	4.075
312.600	0.022	4.075
312.800	0.022	4.074
313.000	0.022	4.074
313.200	0.022	4.075
313.400	0.021	4.074
313.600	0.020	4.074
313.800	0.021	4.074
314.000	0.022	4.075
314.200	0.021	4.074
314.400	0.021	4.074
314.600	0.021	4.074
314.800	0.022	4.074
315.000	0.022	4.075
315.200	0.022	4.074
315.400	0.021	4.074
315.600	0.021	4.074
315.800	0.022	4.074
316.000	0.022	4.074
316.200	0.022	4.074
316.400	0.021	4.074
316.600	0.023	4.074
316.800	0.022	4.074
317.000	0.021	4.074
317.200	0.021	4.074
317.400	0.021	4.074
317.600	0.022	4.074
317.800	0.022	4.074
318.000	0.022	4.074
318.200	0.022	4.074
318.400	0.021	4.074
318.600	0.020	4.074
318.800	0.021	4.074
319.000	0.021	4.074
319.200	0.021	4.074
319.400	0.021	4.074
319.600	0.021	4.074
319.800	0.021	4.074
320.000	0.021	4.074
320.200	0.020	4.074
320.400	0.021	4.074
320.600	0.022	4.074
320.800	0.022	4.074
321.000	0.022	4.074
321.200	0.020	4.074
321.400	0.021	4.074
321.600	0.021	4.074
321.800	0.022	4.074
322.000	0.021	4.074
322.200	0.022	4.074
322.400	0.020	4.074
322.600	0.022	4.074
322.800	0.020	4.074
323.000	0.021	4.074
323.200	0.021	4.074
323.400	0.022	4.074
323.600	0.023	4.074
323.800	0.022	4.074
324.000	0.023	4.074
324.200	0.022	4.074
324.400	0.021	4.074
324.600	0.023	4.074
324.800	0.023	4.074
325.000	0.022	4.074
325.200	0.023	4.074
325.400	0.022	4.074
325.600	0.022	4.074
325.800	0.024	4.074
326.000	0.023	4.074
326.200	0.022	4.074
326.400	0.023	4.074
326.600	0.022	4.074
326.800	0.023	4.074
327.000	0.022	4.074
327.200	0.023	4.074
327.400	0.022	4.074
327.600	0.022	4.074
327.800	0.024	4.074
328.000	0.022	4.074
328.200	0.023	4.074
328.400	0.023	4.074
328.600	0.022	4.074
328.800	0.023	4.074
329.000	0.021	4.074
329.200	0.023	4.074
329.400	0.022	4.074
329.600	0.022	4.074
329.800	0.023	4.074
330.000	0.022	4.074
330.200	0.023	4.074
330.400	0.022	4.074
330.600	0.023	4.074
330.800	0.023	4.074
331.000	0.022	4.074
331.200	0.021	4.074
331.400	0.023	4.074
331.600	0.023	4.074
331.800	0.023	4.074
332.000	0.022	4.074
332.200	0.023	4.074
332.400	0.023	4.074
332.600	0.021	4.074
332.800	0.023	4.074
333.000	0.023	4.074
333.200	0.023	4.074
333.400	0.022	4.074
333.600	0.021	4.074
333.800	0.022	4.074
334.000	0.023	4.074
334.200	0.022	4.074
334.400	0.021	4.074
334.600	0.020	4.074
334.800	0.022	4.074
335.000	0.022	4.074
335.200	0.023	4.074
335.400	0.023	4.074
335.600	0.023	4.074
335.800	0.021	4.074
336.000	0.022	4.074
336.200	0.021	4.074
336.400	0.021	4.074
336.600	0.022	4.074
336.800	0.021	4.074
337.000	0.022	4.074
337.200	0.021	4.074
337.400	0.021	4.074
337.600	0.020	4.074
337.800	0.022	4.074
338.000	0.022	4.074
338.200	0.022	4.074
338.400	0.020	4.074
338.600	0.020	4.074
338.800	0.021	4.074
339.000	0.021	4.074
339.200	0.021	4.074
339.400	0.022	4.074
339.600	0.020	4.074
339.800	0.020	4.074
340.000	0.021	4.074
340.200	0.021	4.074
340.400	0.021	4.074
340.600	0.021	4.074
340.800	0.021	4.074
341.000	0.021	4.074
341.200	0.022	4.074
341.400	0.023	4.074
341.600	0.022	4.074
341.800	0.022	4.074
342.000	0.021	4.074
342.200	0.021	4.074
342.400	0.022	4.074
342.600	0.023	4.074
342.800	0.021	4.074
343.000	0.022	4.074
343.200	0.021	4.074
343.400	0.023	4.074
343.600	0.022	4.074
343.800	0.022	4.074
344.000	0.020	4.074
344.200	0.020	4.074
344.400	0.021	4.074
344.600	0.022	4.074
344.800	0.023	4.074
345.000	0.021	4.074
345.200	0.025	4.074
345.400	0.023	4.074
345.600	0.021	4.074
345.800	0.023	4.074
346.000	0.022	4.074
346.200	0.021	4.074
346.400	0.023	4.074
346.600	0.022	4.074
346.800	0.022	4.074
347.000	0.022	4.074
347.200	0.022	4.074
347.400	0.021	4.074
347.600	0.021	4.074
347.800	0.022	4.074
348.000	0.022	4.074
348.200	0.022	4.074
348.400	0.022	4.074
348.600	0.023	4.074
348.800	0.023	4.074
349.000	0.024	4.074
349.200	0.021	4.074
349.400	0.022	4.074
349.600	0.022	4.074
349.800	0.022	4.074
350.000	0.023	4.074
350.200	0.023	4.074
350.400	0.023	4.074
350.600	0.023	4.074
350.800	0.023	4.074
351.000	0.023	4.074
351.200	0.022	4.074
351.400	0.023	4.074
351.600	0.023	4.074
351.800	0.023	4.074
352.000	0.023	4.074
352.200	0.023	4.074
352.400	0.024	4.074
352.600	0.024	4.074
352.800	0.025	4.074
353.000	0.022	4.074
353.200	0.024	4.074
353.400	0.023	4.074
353.600	0.025	4.074
353.800	0.023	4.074
354.000	0.024	4.074
354.200	0.022	4.074
354.400	0.022	4.074
354.600	0.021	4.074
354.800	0.023	4.074
355.000	0.021	4.074
355.200	0.022	4.074
355.400	0.023	4.074
355.600	0.022	4.074
355.800	0.023	4.074
356.000	0.021	4.074
356.200	0.022	4.074
356.400	0.022	4.074
356.600	0.022	4.074
356.800	0.021	4.074
357.000	0.021	4.074
357.200	0.021	4.074
357.400	0.022	4.074
357.600	0.021	4.074
357.800	0.023	4.074
358.000	0.021	4.074
358.200	0.023	4.074
358.400	0.024	4.074
358.600	0.023	4.074
358.800	0.023	4.074
359.000	0.023	4.074
359.200	0.023	4.074
359.400	0.025	4.074
359.600	0.024	4.074
359.800	0.022	4.074
360.000	0.021	4.074
360.200	0.024	4.074
360.400	0.024	4.074
360.600	0.024	4.074
360.800	0.024	4.074
361.000	0.023	4.074
361.200	0.023	4.074
361.400	0.024	4.074
361.600	0.023	4.074
361.800	0.022	4.074
362.000	0.023	4.074
362.200	0.024	4.074
362.400	0.024	4.074
362.600	0.025	4.074
362.800	0.024	4.074
363.000	0.023	4.074
363.200	0.023	4.074
363.400	0.022	4.074
363.600	0.022	4.074
363.800	0.019	4.074
364.000	0.023	4.074
364.200	0.023	4.074
364.400	0.023	4.074
364.600	0.022	4.074
364.800	0.020	4.074
365.000	0.022	4.074
365.200	0.023	4.074
365.400	0.023	4.074
365.600	0.023	4.074
365.800	0.023	4.074
366.000	0.023	4.074
366.200	0.024	4.074
366.400	0.023	4.074
366.600	0.022	4.074
366.800	0.021	4.074
367.000	0.022	4.074
367.200	0.022	4.074
367.400	0.022	4.074
367.600	0.022	4.074
367.800	0.022	4.074
368.000	0.023	4.074
368.200	0.022	4.074
368.400	0.023	4.074
368.600	0.022	4.074
368.800	0.023	4.074
369.000	0.023	4.074
369.200	0.023	4.074
369.400	0.024	4.074
369.600	0.023	4.074
369.800	0.023	4.074
370.000	0.023	4.074
370.200	0.024	4.074
370.400	0.024	4.074
370.600	0.021	4.074
370.800	0.023	4.074
371.000	0.021	4.074
371.200	0.022	4.074
371.400	0.024	4.074
371.600	0.025	4.074
371.800	0.023	4.074
372.000	0.022	4.074
372.200	0.022	4.074
372.400	0.023	4.074
372.600	0.023	4.074
372.800	0.022	4.074
373.000	0.022	4.074
373.200	0.021	4.074
373.400	0.023	4.074
373.600	0.025	4.074
373.800	0.023	4.074
374.000	0.023	4.074
374.200	0.023	4.074
374.400	0.022	4.074
374.600	0.023	4.074
374.800	0.023	4.074
375.000	0.024	4.074
375.200	0.024	4.074
375.400	0.024	4.074
375.600	0.025	4.074
375.800	0.024	4.074
376.000	0.024	4.074
376.200	0.024	4.074
376.400	0.024	4.074
376.600	0.025	4.074
376.800	0.024	4.074
377.000	0.023	4.074
377.200	0.023	4.074
377.400	0.022	4.074
377.600	0.023	4.074
377.800	0.024	4.074
378.000	0.023	4.074
378.200	0.024	4.074
378.400	0.022	4.074
378.600	0.022	4.074
378.800	0.024	4.074
379.000	0.024	4.074
379.200	0.024	4.074
379.400	0.024	4.074
379.600	0.024	4.074
379.800	0.025	4.074
380.000	0.026	4.074
380.200	0.024	4.074
380.400	0.022	4.074
380.600	0.024	4.074
380.800	0.023	4.074
381.000	0.022	4.074
381.200	0.023	4.074
381.400	0.022	4.074
381.600	0.023	4.074
381.800	0.022	4.074
382.000	0.023	4.074
382.200	0.023	4.074
382.400	0.023	4.074
382.600	0.022	4.074
382.800	0.023	4.074
383.000	0.025	4.074
383.200	0.023	4.074
383.400	0.024	4.074
383.600	0.024	4.074
383.800	0.024	4.074
384.000	0.024	4.074
384.200	0.024	4.074
384.400	0.024	4.074
384.600	0.023	4.074
384.800	0.024	4.074
385.000	0.023	4.074
385.200	0.022	4.074
385.400	0.023	4.074
385.600	0.022	4.074
385.800	0.022	4.074
386.000	0.024	4.074
386.200	0.023	4.074
386.400	0.022	4.074
386.600	0.021	4.074
386.800	0.022	4.074
387.000	0.022	4.074
387.200	0.024	4.074
387.400	0.023	4.074
387.600	0.022	4.074
387.800	0.023	4.074
388.000	0.022	4.074
388.200	0.023	4.074
388.400	0.023	4.074
388.600	0.021	4.074
388.800	0.023	4.074
389.000	0.020	4.074
389.200	0.022	4.074
389.400	0.021	4.074
389.600	0.021	4.074
389.800	0.023	4.074
390.000	0.022	4.074
390.200	0.022	4.074
390.400	0.022	4.074
390.600	0.021	4.074
390.800	0.022	4.074
391.000	0.024	4.074
391.200	0.023	4.074
391.400	0.022	4.074
391.600	0.022	4.074
391.800	0.023	4.074
392.000	0.025	4.074
392.200	0.024	4.074
392.400	0.023	4.074
392.600	0.023	4.074
392.800	0.023	4.074
393.000	0.024	4.074
393.200	0.023	4.074
393.400	0.022	4.074
393.600	0.023	4.074
393.800	0.023	4.074
394.000	0.024	4.074
394.200	0.023	4.074
394.400	0.022	4.074
394.600	0.022	4.074
394.800	0.023	4.074
395.000	0.023	4.074
395.200	0.022	4.074
395.400	0.021	4.074
395.600	0.022	4.074
395.800	0.021	4.074
396.000	0.021	4.074
396.200	0.022	4.074
396.400	0.020	4.074
396.600	0.022	4.074
396.800	0.022	4.074
397.000	0.021	4.074
397.200	0.023	4.074
397.400	0.022	4.074
397.600	0.020	4.074
397.800	0.019	4.074
398.000	0.022	4.074
398.200	0.023	4.074
398.400	0.021	4.074
398.600	0.021	4.074
398.800	0.020	4.074
399.000	0.022	4.074
399.200	0.021	4.074
399.400	0.022	4.074
399.600	0.022	4.074
399.800	0.021	4.074
400.000	0.022	4.074
400.200	0.021	4.074
400.400	0.022	4.074
400.600	0.020	4.074
400.800	0.021	4.074
401.000	0.022	4.074
401.200	0.021	4.074
401.400	0.022	4.074
401.600	0.022	4.074
401.800	0.022	4.074
402.000	0.020	4.074
402.200	0.020	4.074
402.400	0.023	4.074
402.600	0.023	4.074
402.800	0.022	4.074
403.000	0.022	4.074
403.200	0.023	4.074
403.400	0.023	4.074
403.600	0.023	4.074
403.800	0.023	4.074
404.000	0.023	4.074
404.200	0.022	4.074
404.400	0.023	4.074
404.600	0.022	4.074
404.800	0.022	4.074
405.000	0.022	4.074
405.200	0.022	4.074
405.400	0.021	4.074
405.600	0.021	4.074
405.800	0.023	4.074
406.000	0.024	4.074
406.200	0.022	4.074
406.400	0.022	4.074
406.600	0.022	4.074
406.800	0.022	4.074
407.000	0.021	4.074
407.200	0.022	4.074
407.400	0.021	4.074
407.600	0.022	4.074
407.800	0.020	4.074
408.000	0.022	4.074
408.200	0.022	4.074
408.400	0.021	4.074
408.600	0.021	4.074
408.800	0.022	4.074
409.000	0.021	4.074
409.200	0.021	4.074
409.400	0.022	4.074
409.600	0.021	4.074
409.800	0.021	4.074
410.000	0.021	4.074
410.200	0.022	4.074
410.400	0.022	4.074
410.600	0.020	4.074
410.800	0.021	4.074
411.000	0.020	4.074
411.200	0.021	4.074
411.400	0.021	4.074
411.600	0.022	4.074
411.800	0.022	4.074
412.000	0.021	4.074
412.200	0.021	4.074
412.400	0.022	4.074
412.600	0.023	4.074
412.800	0.023	4.074
413.000	0.023	4.074
413.200	0.022	4.074
413.400	0.021	4.074
413.600	0.022	4.074
413.800	0.022	4.074
414.000	0.021	4.074
414.200	0.021	4.074
414.400	0.021	4.074
414.600	0.021	4.074
414.800	0.023	4.074
415.000	0.021	4.074
415.200	0.020	4.074
415.400	0.022	4.074
415.600	0.021	4.074
415.800	0.022	4.074
416.000	0.021	4.074
416.200	0.022	4.074
416.400	0.022	4.074
416.600	0.021	4.074
416.800	0.022	4.074
417.000	0.022	4.074
417.200	0.021	4.074
417.400	0.023	4.074
417.600	0.022	4.074
417.800	0.023	4.074
418.000	0.023	4.074
418.200	0.023	4.074
418.400	0.023	4.074
418.600	0.023	4.074
418.800	0.024	4.074
419.000	0.024	4.074
419.200	0.024	4.074
419.400	0.024	4.074
419.600	0.024	4.074
419.800	0.023	4.074
420.000	0.023	4.074
420.200	0.023	4.074
420.400	0.023	4.074
420.600	0.024	4.074
420.800	0.023	4.074
421.000	0.024	4.074
421.200	0.024	4.074
421.400	0.024	4.074
421.600	0.024	4.074
421.800	0.024	4.074
422.000	0.023	4.074
422.200	0.023	4.074
422.400	0.021	4.074
422.600	0.022	4.074
422.800	0.022	4.074
423.000	0.023	4.074
423.200	0.023	4.074
423.400	0.024	4.074
423.600	0.022	4.074
423.800	0.024	4.074
424.000	0.023	4.074
424.200	0.023	4.074
424.400	0.022	4.074
424.600	0.021	4.074
424.800	0.023	4.074
425.000	0.023	4.074
425.200	0.024	4.074
425.400	0.024	4.074
425.600	0.023	4.074
425.800	0.022	4.074
426.000	0.023	4.074
426.200	0.023	4.074
426.400	0.022	4.074
426.600	0.023	4.074
426.800	0.023	4.074
427.000	0.023	4.074
427.200	0.024	4.074
427.400	0.023	4.074
427.600	0.024	4.074
427.800	0.025	4.074
428.000	0.023	4.074
428.200	0.025	4.074
428.400	0.022	4.074
428.600	0.023	4.074
428.800	0.022	4.074
429.000	0.024	4.074
429.200	0.023	4.074
429.400	0.023	4.074
429.600	0.021	4.074
429.800	0.022	4.074
430.000	0.021	4.074
430.200	0.022	4.074
430.400	0.021	4.074
430.600	0.024	4.074
430.800	0.024	4.074
431.000	0.024	4.074
431.200	0.022	4.074
431.400	0.024	4.074
431.600	0.024	4.074
431.800	0.022	4.074
432.000	0.022	4.074
432.200	0.022	4.074
432.400	0.023	4.074
432.600	0.022	4.074
432.800	0.024	4.074
433.000	0.021	4.074
433.200	0.022	4.074
433.400	0.022	4.074
433.600	0.023	4.074
433.800	0.023	4.074
434.000	0.023	4.074
434.200	0.020	4.074
434.400	0.021	4.074
434.600	0.020	4.074
434.800	0.020	4.074
435.000	0.022	4.074
435.200	0.022	4.074
435.400	0.021	4.074
435.600	0.021	4.074
435.800	0.020	4.074
436.000	0.020	4.074
436.200	0.021	4.074
436.400	0.022	4.074
436.600	0.021	4.074
436.800	0.022	4.074
437.000	0.021	4.074
437.200	0.022	4.074
437.400	0.022	4.074
437.600	0.021	4.074
437.800	0.023	4.074
438.000	0.021	4.074
438.200	0.022	4.074
438.400	0.023	4.074
438.600	0.021	4.074
438.800	0.022	4.074
439.000	0.022	4.074
439.200	0.021	4.074
439.400	0.021	4.074
439.600	0.022	4.074
439.800	0.023	4.074
440.000	0.021	4.074
440.200	0.023	4.074
440.400	0.025	4.074
440.600	0.023	4.074
440.800	0.024	4.074
441.000	0.022	4.074
441.200	0.023	4.074
441.400	0.021	4.074
441.600	0.023	4.074
441.800	0.022	4.074
442.000	0.022	4.074
442.200	0.022	4.074
442.400	0.024	4.074
442.600	0.023	4.074
442.800	0.022	4.074
443.000	0.022	4.074
443.200	0.022	4.074
443.400	0.021	4.074
443.600	0.022	4.074
443.800	0.024	4.074
444.000	0.022	4.074
444.200	0.021	4.074
444.400	0.022	4.074
444.600	0.024	4.074
444.800	0.021	4.074
445.000	0.023	4.074
445.200	0.022	4.074
445.400	0.023	4.074
445.600	0.021	4.074
445.800	0.022	4.074
446.000	0.023	4.074
446.200	0.023	4.074
446.400	0.023	4.074
446.600	0.022	4.074
446.800	0.022	4.074
447.000	0.024	4.074
447.200	0.022	4.074
447.400	0.023	4.074
447.600	0.024	4.074
447.800	0.023	4.074
448.000	0.022	4.074
448.200	0.022	4.074
448.400	0.022	4.074
448.600	0.023	4.074
448.800	0.022	4.074
449.000	0.023	4.074
449.200	0.023	4.074
449.400	0.022	4.074
449.600	0.023	4.074
449.800	0.024	4.074
450.000	0.023	4.074
450.200	0.024	4.074
450.400	0.023	4.074
450.600	0.025	4.074
450.800	0.023	4.074
451.000	0.022	4.074
451.200	0.022	4.074
451.400	0.024	4.074
451.600	0.024	4.074
451.800	0.024	4.074
452.000	0.024	4.074
452.200	0.024	4.074
452.400	0.025	4.074
452.600	0.024	4.074
452.800	0.024	4.074
453.000	0.024	4.074
453.200	0.024	4.074
453.400	0.023	4.074
453.600	0.022	4.074
453.800	0.023	4.074
454.000	0.025	4.074
454.200	0.024	4.074
454.400	0.023	4.074
454.600	0.024	4.074
454.800	0.023	4.074
455.000	0.024	4.074
455.200	0.024	4.074
455.400	0.023	4.074
455.600	0.022	4.074
455.800	0.023	4.074
456.000	0.024	4.074
456.200	0.023	4.074
456.400	0.023	4.074
456.600	0.024	4.074
456.800	0.025	4.074
457.000	0.025	4.074
457.200	0.023	4.074
457.400	0.022	4.074
457.600	0.023	4.074
457.800	0.023	4.074
458.000	0.025	4.074
458.200	0.025	4.074
458.400	0.024	4.074
458.600	0.025	4.074
458.800	0.024	4.074
459.000	0.024	4.074
459.200	0.024	4.074
459.400	0.026	4.074
459.600	0.024	4.074
459.800	0.023	4.074
460.000	0.025	4.074
460.200	0.025	4.074
460.400	0.023	4.074
460.600	0.023	4.074
460.800	0.023	4.074
461.000	0.021	4.074
461.200	0.022	4.074
461.400	0.022	4.074
461.600	0.021	4.074
461.800	0.020	4.074
462.000	0.021	4.074
462.200	0.022	4.074
462.400	0.021	4.074
462.600	0.022	4.074
462.800	0.022	4.074
463.000	0.022	4.074
463.200	0.022	4.074
463.400	0.021	4.074
463.600	0.023	4.074
463.800	0.022	4.074
464.000	0.023	4.074
464.200	0.023	4.074
464.400	0.022	4.074
464.600	0.022	4.074
464.800	0.021	4.074
465.000	0.021	4.074
465.200	0.021	4.074
465.400	0.022	4.074
465.600	0.020	4.074
465.800	0.020	4.074
466.000	0.021	4.074
466.200	0.021	4.074
466.400	0.022	4.074
466.600	0.020	4.074
466.800	0.021	4.074
467.000	0.021	4.074
467.200	0.020	4.074
467.400	0.021	4.074
467.600	0.021	4.074
467.800	0.022	4.074
468.000	0.022	4.074
468.200	0.021	4.074
468.400	0.022	4.074
468.600	0.022	4.074
468.800	0.021	4.074
469.000	0.022	4.074
469.200	0.022	4.074
469.400	0.023	4.074
469.600	0.022	4.074
469.800	0.022	4.074
470.000	0.023	4.074
470.200	0.021	4.074
470.400	0.022	4.074
470.600	0.021	4.074
470.800	0.021	4.074
471.000	0.023	4.074
471.200	0.022	4.074
471.400	0.021	4.074
471.600	0.022	4.074
471.800	0.023	4.074
472.000	0.022	4.074
472.200	0.023	4.074
472.400	0.022	4.074
472.600	0.022	4.074
472.800	0.023	4.074
473.000	0.021	4.074
473.200	0.021	4.074
473.400	0.023	4.074
473.600	0.022	4.074
473.800	0.021	4.074
474.000	0.022	4.074
474.200	0.022	4.074
474.400	0.022	4.074
474.600	0.021	4.074
474.800	0.021	4.074
475.000	0.021	4.074
475.200	0.022	4.074
475.400	0.022	4.074
475.600	0.022	4.074
475.800	0.023	4.074
476.000	0.022	4.074
476.200	0.022	4.074
476.400	0.023	4.074
476.600	0.023	4.074
476.800	0.022	4.074
477.000	0.023	4.074
477.200	0.023	4.074
477.400	0.023	4.074
477.600	0.023	4.074
477.800	0.023	4.074
478.000	0.021	4.074
478.200	0.021	4.074
478.400	0.023	4.074
478.600	0.022	4.074
478.800	0.021	4.074
479.000	0.022	4.074
479.200	0.022	4.074
479.400	0.021	4.074
479.600	0.021	4.074
479.800	0.021	4.074
480.000	0.021	4.074
480.200	0.023	4.074
480.400	0.022	4.074
480.600	0.022	4.074
480.800	0.024	4.074
481.000	0.023	4.074
481.200	0.022	4.074
481.400	0.020	4.074
481.600	0.021	4.074
481.800	0.021	4.074
482.000	0.021	4.074
482.200	0.021	4.074
482.400	0.021	4.074
482.600	0.021	4.074
482.800	0.020	4.074
483.000	0.021	4.074
483.200	0.022	4.074
483.400	0.022	4.074
483.600	0.022	4.074
483.800	0.021	4.074
484.000	0.022	4.074
484.200	0.023	4.074
484.400	0.022	4.074
484.600	0.022	4.074
484.800	0.022	4.074
485.000	0.022	4.074
485.200	0.022	4.074
485.400	0.022	4.074
485.600	0.022	4.074
485.800	0.021	4.074
486.000	0.022	4.074
486.200	0.022	4.074
486.400	0.022	4.074
486.600	0.022	4.074
486.800	0.021	4.074
487.000	0.023	4.074
487.200	0.023	4.074
487.400	0.022	4.074
487.600	0.021	4.074
487.800	0.020	4.074
488.000	0.021	4.074
488.200	0.022	4.074
488.400	0.023	4.074
488.600	0.021	4.074
488.800	0.021	4.074
489.000	0.020	4.074
489.200	0.020	4.074
489.400	0.021	4.074
489.600	0.022	4.074
489.800	0.021	4.074
490.000	0.020	4.074
490.200	0.023	4.074
490.400	0.021	4.074
490.600	0.022	4.074
490.800	0.022	4.074
491.000	0.021	4.074
491.200	0.023	4.074
491.400	0.022	4.074
491.600	0.021	4.074
491.800	0.024	4.074
492.000	0.022	4.074
492.200	0.023	4.074
492.400	0.023	4.074
492.600	0.022	4.074
492.800	0.021	4.074
493.000	0.022	4.074
493.200	0.022	4.074
493.400	0.021	4.074
493.600	0.022	4.074
493.800	0.021	4.074
494.000	0.021	4.074
494.200	0.022	4.074
494.400	0.022	4.074
494.600	0.021	4.074
494.800	0.021	4.074
495.000	0.021	4.074
495.200	0.021	4.074
495.400	0.020	4.074
495.600	0.022	4.074
495.800	0.020	4.074
496.000	0.021	4.074
496.200	0.020	4.074
496.400	0.022	4.074
496.600	0.020	4.074
496.800	0.020	4.074
497.000	0.019	4.074
497.200	0.019	4.074
497.400	0.020	4.074
497.600	0.022	4.074
497.800	0.022	4.074
498.000	0.020	4.074
498.200	0.022	4.074
498.400	0.022	4.074
498.600	0.022	4.074
498.800	0.021	4.074
499.000	0.022	4.074
499.200	0.021	4.074
499.400	0.021	4.074
499.600	0.023	4.074
499.800	0.022	4.074
500.000	0.020	4.074
500.200	0.019	4.074
500.400	0.021	4.074
500.600	0.021	4.074
500.800	0.022	4.074
501.000	0.022	4.074
501.200	0.020	4.074
501.400	0.022	4.074
501.600	0.021	4.074
501.800	0.021	4.074
502.000	0.022	4.074
502.200	0.022	4.074
502.400	0.021	4.074
502.600	0.022	4.074
502.800	0.020	4.074
503.000	0.020	4.074
503.200	0.020	4.074
503.400	0.020	4.074
503.600	0.020	4.074
503.800	0.020	4.074
504.000	0.020	4.074
504.200	0.020	4.074
504.400	0.019	4.074
504.600	0.019	4.074
504.800	0.020	4.074
505.000	0.020	4.074
505.200	0.020	4.074
505.400	0.020	4.074
505.600	0.021	4.074
505.800	0.021	4.074
506.000	0.019	4.074
506.200	0.021	4.074
506.400	0.021	4.074
506.600	0.019	4.074
506.800	0.019	4.074
507.000	0.020	4.074
507.200	0.021	4.074
507.400	0.019	4.074
507.600	0.021	4.074
507.800	0.019	4.074
508.000	0.020	4.074
508.200	0.020	4.074
508.400	0.020	4.074
508.600	0.020	4.074
508.800	0.021	4.074
509.000	0.019	4.074
509.200	0.020	4.074
509.400	0.021	4.074
509.600	0.021	4.074
509.800	0.022	4.074
510.000	0.021	4.074
510.200	0.022	4.074
510.400	0.021	4.074
510.600	0.019	4.074
510.800	0.020	4.074
511.000	0.019	4.074
511.200	0.021	4.074
511.400	0.022	4.074
511.600	0.020	4.074
511.800	0.019	4.074
512.000	0.019	4.074
512.200	0.019	4.074
512.400	0.019	4.074
512.600	0.020	4.074
512.800	0.020	4.074
513.000	0.021	4.074
513.200	0.020	4.074
513.400	0.022	4.074
513.600	0.019	4.074
513.800	0.021	4.074
514.000	0.021	4.074
514.200	0.021	4.074
514.400	0.021	4.074
514.600	0.021	4.074
514.800	0.020	4.074
515.000	0.021	4.074
515.200	0.021	4.074
515.400	0.021	4.074
515.600	0.021	4.074
515.800	0.020	4.074
516.000	0.020	4.074
516.200	0.020	4.074
516.400	0.020	4.074
516.600	0.021	4.074
516.800	0.020	4.074
517.000	0.020	4.074
517.200	0.020	4.074
517.400	0.019	4.074
517.600	0.020	4.074
517.800	0.019	4.074
518.000	0.021	4.074
518.200	0.020	4.074
518.400	0.019	4.074
518.600	0.020	4.074
518.800	0.020	4.074
519.000	0.020	4.074
519.200	0.021	4.074
519.400	0.019	4.074
519.600	0.019	4.074
519.800	0.020	4.074
520.000	0.019	4.074
520.200	0.019	4.074
520.400	0.019	4.074
520.600	0.020	4.074
520.800	0.018	4.074
521.000	0.020	4.074
521.200	0.020	4.074
521.400	0.020	4.074
521.600	0.020	4.074
521.800	0.019	4.074
522.000	0.019	4.074
522.200	0.020	4.074
522.400	0.020	4.074
522.600	0.019	4.074
522.800	0.020	4.074
523.000	0.020	4.074
523.200	0.020	4.074
523.400	0.020	4.074
523.600	0.019	4.074
523.800	0.020	4.074
524.000	0.020	4.074
524.200	0.019	4.074
524.400	0.021	4.074
524.600	0.020	4.074
524.800	0.018	4.074
525.000	0.019	4.074
525.200	0.018	4.074
525.400	0.020	4.074
525.600	0.019	4.074
525.800	0.018	4.074
526.000	0.018	4.074
526.200	0.020	4.074
526.400	0.018	4.074
526.600	0.020	4.074
526.800	0.021	4.074
527.000	0.020	4.074
527.200	0.020	4.074
527.400	0.021	4.074
527.600	0.021	4.074
527.800	0.020	4.074
528.000	0.021	4.074
528.200	0.020	4.074
528.400	0.019	4.074
528.600	0.019	4.074
528.800	0.020	4.074
529.000	0.019	4.074
529.200	0.020	4.074
529.400	0.021	4.074
529.600	0.021	4.074
529.800	0.020	4.074
530.000	0.021	4.074
530.200	0.019	4.074
530.400	0.020	4.074
530.600	0.021	4.074
530.800	0.019	4.074
531.000	0.020	4.074
531.200	0.019	4.074
531.400	0.019	4.074
531.600	0.020	4.074
531.800	0.020	4.074
532.000	0.019	4.074
532.200	0.020	4.074
532.400	0.020	4.074
532.600	0.019	4.074
532.800	0.019	4.074
533.000	0.019	4.074
533.200	0.019	4.074
533.400	0.019	4.074
533.600	0.019	4.074
533.800	0.020	4.074
534.000	0.019	4.074
534.200	0.019	4.074
534.400	0.019	4.074
534.600	0.019	4.074
534.800	0.019	4.074
535.000	0.020	4.074
535.200	0.020	4.074
535.400	0.020	4.074
535.600	0.019	4.074
535.800	0.020	4.074
536.000	0.020	4.074
536.200	0.020	4.074
536.400	0.018	4.074
536.600	0.018	4.074
536.800	0.019	4.074
537.000	0.018	4.074
537.200	0.019	4.074
537.400	0.019	4.074
537.600	0.019	4.074
537.800	0.019	4.074
538.000	0.018	4.074
538.200	0.019	4.074
538.400	0.020	4.074
538.600	0.019	4.074
538.800	0.018	4.074
539.000	0.019	4.074
539.200	0.017	4.074
539.400	0.020	4.074
539.600	0.018	4.074
539.800	0.019	4.074
540.000	0.020	4.074
540.200	0.019	4.074
540.400	0.020	4.074
540.600	0.019	4.074
540.800	0.020	4.074
541.000	0.020	4.074
541.200	0.019	4.074
541.400	0.020	4.074
541.600	0.021	4.074
541.800	0.019	4.074
542.000	0.020	4.074
542.200	0.020	4.074
542.400	0.019	4.074
542.600	0.020	4.074
542.800	0.021	4.074
543.000	0.019	4.074
543.200	0.020	4.074
543.400	0.020	4.074
543.600	0.021	4.074
543.800	0.021	4.074
544.000	0.021	4.074
544.200	0.020	4.074
544.400	0.018	4.074
544.600	0.020	4.074
544.800	0.020	4.074
545.000	0.020	4.074
545.200	0.021	4.074
545.400	0.019	4.074
545.600	0.020	4.074
545.800	0.020	4.074
546.000	0.020	4.074
546.200	0.021	4.074
546.400	0.020	4.074
546.600	0.019	4.074
546.800	0.021	4.074
547.000	0.022	4.074
547.200	0.022	4.074
547.400	0.023	4.074
547.600	0.022	4.074
547.800	0.021	4.074
548.000	0.022	4.074
548.200	0.021	4.074
548.400	0.020	4.074
548.600	0.020	4.074
548.800	0.022	4.074
549.000	0.020	4.074
549.200	0.021	4.074
549.400	0.021	4.074
549.600	0.023	4.074
549.800	0.022	4.074
550.000	0.023	4.074
550.200	0.023	4.074
550.400	0.021	4.074
550.600	0.022	4.074
550.800	0.021	4.074
551.000	0.021	4.074
551.200	0.022	4.074
551.400	0.022	4.074
551.600	0.023	4.074
551.800	0.021	4.074
552.000	0.021	4.074
552.200	0.020	4.074
552.400	0.020	4.074
552.600	0.021	4.074
552.800	0.021	4.074
553.000	0.022	4.074
553.200	0.021	4.074
553.400	0.022	4.074
553.600	0.022	4.074
553.800	0.022	4.074
554.000	0.021	4.074
554.200	0.021	4.074
554.400	0.022	4.074
554.600	0.022	4.074
554.800	0.020	4.074
555.000	0.021	4.074
555.200	0.021	4.074
555.400	0.021	4.074
555.600	0.021	4.074
555.800	0.023	4.074
556.000	0.020	4.074
556.200	0.022	4.074
556.400	0.021	4.074
556.600	0.021	4.074
556.800	0.022	4.074
557.000	0.022	4.074
557.200	0.023	4.074
557.400	0.023	4.074
557.600	0.022	4.074
557.800	0.022	4.074
558.000	0.022	4.074
558.200	0.021	4.074
558.400	0.022	4.074
558.600	0.023	4.074
558.800	0.020	4.074
559.000	0.021	4.074
559.200	0.020	4.074
559.400	0.021	4.074
559.600	0.020	4.074
559.800	0.021	4.074
560.000	0.022	4.074
560.200	0.021	4.074
560.400	0.024	4.074
560.600	0.023	4.074
560.800	0.022	4.074
561.000	0.022	4.074
561.200	0.022	4.074
561.400	0.023	4.074
561.600	0.021	4.074
561.800	0.022	4.074
562.000	0.022	4.074
562.200	0.021	4.074
562.400	0.022	4.074
562.600	0.022	4.074
562.800	0.022	4.074
563.000	0.022	4.074
563.200	0.021	4.074
563.400	0.022	4.074
563.600	0.020	4.074
563.800	0.021	4.074
564.000	0.022	4.074
564.200	0.022	4.074
564.400	0.023	4.074
564.600	0.022	4.074
564.800	0.021	4.074
565.000	0.022	4.074
565.200	0.021	4.074
565.400	0.021	4.074
565.600	0.021	4.074
565.800	0.022	4.074
566.000	0.022	4.074
566.200	0.021	4.074
566.400	0.022	4.074
566.600	0.023	4.074
566.800	0.023	4.074
567.000	0.022	4.074
567.200	0.023	4.074
567.400	0.024	4.074
567.600	0.022	4.074
567.800	0.021	4.074
568.000	0.022	4.074
568.200	0.021	4.074
568.400	0.021	4.074
568.600	0.023	4.074
568.800	0.023	4.074
569.000	0.023	4.074
569.200	0.022	4.074
569.400	0.022	4.074
569.600	0.020	4.074
569.800	0.021	4.074
570.000	0.022	4.074
570.200	0.021	4.074
570.400	0.021	4.074
570.600	0.022	4.074
570.800	0.023	4.074
571.000	0.023	4.074
571.200	0.023	4.074
571.400	0.023	4.074
571.600	0.022	4.074
571.800	0.023	4.074
572.000	0.020	4.074
572.200	0.021	4.074
572.400	0.021	4.074
572.600	0.021	4.074
572.800	0.022	4.074
573.000	0.020	4.074
573.200	0.021	4.074
573.400	0.021	4.074
573.600	0.021	4.074
573.800	0.022	4.074
574.000	0.021	4.074
574.200	0.021	4.074
574.400	0.023	4.074
574.600	0.022	4.074
574.800	0.021	4.074
575.000	0.022	4.074
575.200	0.023	4.074
575.400	0.024	4.074
575.600	0.022	4.074
575.800	0.022	4.074
576.000	0.021	4.074
576.200	0.023	4.074
576.400	0.021	4.074
576.600	0.024	4.074
576.800	0.022	4.074
577.000	0.021	4.074
577.200	0.022	4.074
577.400	0.023	4.074
577.600	0.023	4.074
577.800	0.022	4.074
578.000	0.023	4.074
578.200	0.022	4.074
578.400	0.024	4.074
578.600	0.023	4.074
578.800	0.022	4.074
579.000	0.022	4.074
579.200	0.023	4.074
579.400	0.023	4.074
579.600	0.023	4.074
579.800	0.021	4.074
580.000	0.022	4.074
580.200	0.021	4.074
580.400	0.022	4.074
580.600	0.021	4.074
580.800	0.023	4.074
581.000	0.023	4.074
581.200	0.021	4.074
581.400	0.022	4.074
581.600	0.023	4.074
581.800	0.023	4.074
582.000	0.023	4.074
582.200	0.023	4.074
582.400	0.022	4.074
582.600	0.023	4.074
582.800	0.022	4.074
583.000	0.023	4.074
583.200	0.023	4.074
583.400	0.024	4.074
583.600	0.023	4.074
583.800	0.023	4.074
584.000	0.023	4.074
584.200	0.023	4.074
584.400	0.023	4.074
584.600	0.025	4.074
584.800	0.024	4.074
585.000	0.023	4.074
585.200	0.022	4.074
585.400	0.023	4.074
585.600	0.023	4.074
585.800	0.022	4.074
586.000	0.023	4.074
586.200	0.023	4.074
586.400	0.025	4.074
586.600	0.023	4.074
586.800	0.023	4.074
587.000	0.024	4.074
587.200	0.023	4.074
587.400	0.023	4.074
587.600	0.024	4.074
587.800	0.024	4.074
588.000	0.021	4.074
588.200	0.023	4.074
588.400	0.022	4.074
588.600	0.022	4.074
588.800	0.024	4.074
589.000	0.023	4.074
589.200	0.024	4.074
589.400	0.024	4.074
589.600	0.023	4.074
589.800	0.023	4.074
590.000	0.023	4.074
590.200	0.023	4.074
590.400	0.023	4.074
590.600	0.023	4.074
590.800	0.024	4.074
591.000	0.024	4.074
591.200	0.023	4.074
591.400	0.022	4.074
591.600	0.022	4.074
591.800	0.022	4.074
592.000	0.022	4.074
592.200	0.022	4.074
592.400	0.021	4.074
592.600	0.022	4.074
592.800	0.023	4.074
593.000	0.022	4.074
593.200	0.021	4.074
593.400	0.021	4.074
593.600	0.021	4.074
593.800	0.022	4.074
594.000	0.021	4.074
594.200	0.022	4.074
594.400	0.022	4.074
594.600	0.022	4.074
594.800	0.022	4.074
595.000	0.021	4.074
595.200	0.022	4.074
595.400	0.022	4.074
595.600	0.023	4.074
595.800	0.023	4.074
596.000	0.024	4.074
596.200	0.022	4.074
596.400	0.023	4.074
596.600	0.022	4.074
596.800	0.022	4.074
597.000	0.022	4.074
597.200	0.023	4.074
597.400	0.022	4.074
597.600	0.021	4.074
597.800	0.022	4.074
598.000	0.022	4.074
598.200	0.021	4.074
598.400	0.021	4.074
598.600	0.023	4.074
598.800	0.023	4.074
599.000	0.023	4.074
599.200	0.023	4.074
599.400	0.022	4.074
599.600	0.022	4.074
599.800	0.023	4.074
600.000	0.022	4.074
600.200	0.022	4.074
600.400	0.024	4.074
600.600	0.024	4.074
600.800	0.022	4.074
601.000	0.022	4.074
601.200	0.023	4.074
601.400	0.023	4.074
601.600	0.023	4.074
601.800	0.024	4.074
602.000	0.024	4.074
602.200	0.023	4.074
602.400	0.023	4.074
602.600	0.022	4.074
602.800	0.022	4.074
603.000	0.023	4.074
603.200	0.022	4.074
603.400	0.021	4.074
603.600	0.022	4.074
603.800	0.022	4.074
604.000	0.025	4.074
604.200	0.025	4.074
604.400	0.024	4.074
604.600	0.024	4.074
604.800	0.023	4.074
605.000	0.024	4.074
605.200	0.023	4.074
605.400	0.024	4.074
605.600	0.023	4.074
605.800	0.023	4.074
606.000	0.022	4.074
606.200	0.022	4.074
606.400	0.024	4.074
606.600	0.024	4.074
606.800	0.022	4.074
607.000	0.024	4.074
607.200	0.023	4.074
607.400	0.024	4.074
607.600	0.023	4.074
607.800	0.023	4.074
608.000	0.023	4.074
608.200	0.023	4.074
608.400	0.025	4.074
608.600	0.022	4.074
608.800	0.023	4.074
609.000	0.024	4.074
609.200	0.024	4.074
609.400	0.024	4.074
609.600	0.022	4.074
609.800	0.024	4.074
610.000	0.024	4.074
610.200	0.023	4.074
610.400	0.023	4.074
610.600	0.024	4.074
610.800	0.023	4.074
611.000	0.024	4.074
611.200	0.024	4.074
611.400	0.024	4.074
611.600	0.025	4.074
611.800	0.023	4.074
612.000	0.023	4.074
612.200	0.023	4.074
612.400	0.023	4.074
612.600	0.023	4.074
612.800	0.021	4.074
613.000	0.023	4.074
613.200	0.024	4.074
613.400	0.025	4.074
613.600	0.025	4.074
613.800	0.026	4.074
614.000	0.024	4.074
614.200	0.024	4.074
614.400	0.024	4.074
614.600	0.023	4.074
614.800	0.024	4.074
615.000	0.024	4.074
615.200	0.024	4.074
615.400	0.024	4.074
615.600	0.025	4.074
615.800	0.025	4.074
616.000	0.024	4.074
616.200	0.023	4.074
616.400	0.024	4.074
616.600	0.025	4.074
616.800	0.024	4.074
617.000	0.023	4.074
617.200	0.024	4.074
617.400	0.025	4.074
617.600	0.023	4.074
617.800	0.022	4.074
618.000	0.022	4.074
618.200	0.024	4.074
618.400	0.022	4.074
618.600	0.022	4.074
618.800	0.024	4.074
619.000	0.023	4.074
619.200	0.025	4.074
619.400	0.024	4.074
619.600	0.024	4.074
619.800	0.022	4.074
620.000	0.024	4.074
620.200	0.022	4.074
620.400	0.023	4.074
620.600	0.024	4.074
620.800	0.025	4.074
621.000	0.023	4.074
621.200	0.024	4.074
621.400	0.025	4.074
621.600	0.024	4.074
621.800	0.024	4.074
622.000	0.025	4.074
622.200	0.024	4.074
622.400	0.024	4.074
622.600	0.025	4.074
622.800	0.025	4.074
623.000	0.025	4.074
623.200	0.025	4.074
623.400	0.025	4.074
623.600	0.025	4.074
623.800	0.024	4.074
624.000	0.025	4.074
624.200	0.024	4.074
624.400	0.024	4.074
624.600	0.025	4.074
624.800	0.024	4.074
625.000	0.025	4.074
625.200	0.025	4.074
625.400	0.026	4.074
625.600	0.025	4.074
625.800	0.025	4.074
626.000	0.027	4.074
626.200	0.025	4.074
626.400	0.024	4.074
626.600	0.026	4.074
626.800	0.026	4.074
627.000	0.025	4.074
627.200	0.026	4.074
627.400	0.025	4.074
627.600	0.026	4.074
627.800	0.026	4.074
628.000	0.025	4.074
628.200	0.025	4.074
628.400	0.026	4.074
628.600	0.026	4.074
628.800	0.025	4.074
629.000	0.026	4.074
629.200	0.027	4.074
629.400	0.026	4.074
629.600	0.027	4.074
629.800	0.025	4.074
630.000	0.025	4.074
630.200	0.026	4.074
630.400	0.025	4.074
630.600	0.026	4.074
630.800	0.025	4.074
631.000	0.026	4.074
631.200	0.024	4.074
631.400	0.025	4.074
631.600	0.026	4.074
631.800	0.024	4.074
632.000	0.025	4.074
632.200	0.025	4.074
632.400	0.025	4.074
632.600	0.025	4.074
632.800	0.025	4.074
633.000	0.025	4.074
633.200	0.026	4.074
633.400	0.026	4.074
633.600	0.026	4.074
633.800	0.027	4.074
634.000	0.026	4.074
634.200	0.027	4.074
634.400	0.028	4.074
634.600	0.027	4.074
634.800	0.026	4.074
635.000	0.025	4.074
635.200	0.025	4.074
635.400	0.027	4.074
635.600	0.025	4.074
635.800	0.025	4.074
636.000	0.026	4.074
636.200	0.024	4.074
636.400	0.026	4.074
636.600	0.026	4.074
636.800	0.025	4.074
637.000	0.024	4.074
637.200	0.024	4.074
637.400	0.023	4.074
637.600	0.025	4.074
637.800	0.025	4.074
638.000	0.026	4.074
638.200	0.024	4.074
638.400	0.024	4.074
638.600	0.025	4.074
638.800	0.028	4.074
639.000	0.025	4.074
639.200	0.024	4.074
639.400	0.025	4.074
639.600	0.025	4.074
639.800	0.025	4.073
640.000	0.024	4.074
640.200	0.024	4.074
640.400	0.025	4.074
640.600	0.026	4.074
640.800	0.025	4.074
641.000	0.025	4.074
641.200	0.026	4.074
641.400	0.024	4.074
641.600	0.025	4.074
641.800	0.024	4.074
642.000	0.025	4.074
642.200	0.023	4.074
642.400	0.024	4.074
642.600	0.025	4.074
642.800	0.024	4.074
643.000	0.025	4.073
643.200	0.025	4.074
643.400	0.025	4.074
643.600	0.023	4.073
643.800	0.024	4.074
644.000	0.025	4.073
644.200	0.024	4.073
644.400	0.023	4.073
644.600	0.025	4.073
644.800	0.023	4.074
645.000	0.024	4.074
645.200	0.025	4.074
645.400	0.023	4.073
645.600	0.022	4.073
645.800	0.022	4.074
646.000	0.022	4.073
646.200	0.025	4.073
646.400	0.024	4.074
646.600	0.023	4.073
646.800	0.025	4.074
647.000	0.022	4.073
647.200	0.024	4.073
647.400	0.023	4.073
647.600	0.023	4.073
647.800	0.026	4.073
648.000	0.022	4.073
648.200	0.023	4.073
648.400	0.023	4.073
648.600	0.023	4.073
648.800	0.023	4.073
649.000	0.024	4.073
649.200	0.025	4.073
649.400	0.024	4.073
649.600	0.023	4.073
649.800	0.024	4.073
650.000	0.023	4.073
650.200	0.024	4.074
650.400	0.021	4.073
650.600	0.022	4.073
650.800	0.023	4.073
651.000	0.023	4.073
651.200	0.023	4.073
651.400	0.024	4.073
651.600	0.022	4.073
651.800	0.024	4.073
652.000	0.023	4.073
652.200	0.023	4.073
652.400	0.023	4.073
652.600	0.022	4.073
652.800	0.023	4.073
653.000	0.023	4.073
653.200	0.021	4.073
653.400	0.023	4.073
653.600	0.024	4.073
653.800	0.023	4.073
654.000	0.023	4.073
654.200	0.023	4.073
654.400	0.022	4.073
654.600	0.023	4.073
654.800	0.024	4.073
655.000	0.024	4.073
655.200	0.022	4.073
655.400	0.022	4.073
655.600	0.022	4.073
655.800	0.022	4.073
656.000	0.022	4.073
656.200	0.023	4.073
656.400	0.021	4.073
656.600	0.022	4.073
656.800	0.023	4.073
657.000	0.023	4.073
657.200	0.022	4.073
657.400	0.022	4.073
657.600	0.022	4.073
657.800	0.022	4.073
658.000	0.023	4.073
658.200	0.023	4.073
658.400	0.022	4.073
658.600	0.022	4.073
658.800	0.022	4.073
659.000	0.022	4.073
659.200	0.023	4.073
659.400	0.024	4.073
659.600	0.024	4.073
659.800	0.022	4.073
660.000	0.023	4.073
660.200	0.022	4.073
660.400	0.024	4.073
660.600	0.024	4.073
660.800	0.023	4.073
661.000	0.023	4.073
661.200	0.022	4.073
661.400	0.024	4.073
661.600	0.021	4.073
661.800	0.022	4.073
662.000	0.024	4.073
662.200	0.022	4.073
662.400	0.023	4.073
662.600	0.023	4.073
662.800	0.022	4.073
663.000	0.023	4.073
663.200	0.023	4.073
663.400	0.024	4.073
663.600	0.022	4.073
663.800	0.021	4.073
664.000	0.024	4.073
664.200	0.023	4.073
664.400	0.024	4.073
664.600	0.024	4.073
664.800	0.024	4.073
665.000	0.024	4.073
665.200	0.022	4.073
665.400	0.022	4.073
665.600	0.024	4.073
665.800	0.024	4.073
666.000	0.025	4.073
666.200	0.025	4.073
666.400	0.025	4.073
666.600	0.025	4.073
666.800	0.025	4.073
667.000	0.024	4.073
667.200	0.023	4.073
667.400	0.025	4.073
667.600	0.024	4.073
667.800	0.024	4.073
668.000	0.026	4.073
668.200	0.025	4.073
668.400	0.024	4.073
668.600	0.024	4.073
668.800	0.023	4.073
669.000	0.024	4.073
669.200	0.024	4.073
669.400	0.024	4.073
669.600	0.022	4.073
669.800	0.023	4.073
670.000	0.023	4.073
670.200	0.024	4.073
670.400	0.023	4.073
670.600	0.024	4.073
670.800	0.022	4.073
671.000	0.022	4.073
671.200	0.024	4.073
671.400	0.024	4.073
671.600	0.025	4.073
671.800	0.025	4.073
672.000	0.022	4.073
672.200	0.024	4.073
672.400	0.024	4.073
672.600	0.024	4.073
672.800	0.023	4.073
673.000	0.023	4.073
673.200	0.023	4.073
673.400	0.024	4.073
673.600	0.025	4.073
673.800	0.025	4.073
674.000	0.024	4.073
674.200	0.025	4.073
674.400	0.024	4.073
674.600	0.026	4.073
674.800	0.024	4.073
675.000	0.024	4.073
675.200	0.024	4.073
675.400	0.024	4.073
675.600	0.022	4.073
675.800	0.024	4.073
676.000	0.025	4.073
676.200	0.024	4.073
676.400	0.024	4.073
676.600	0.023	4.073
676.800	0.024	4.073
677.000	0.024	4.073
677.200	0.026	4.073
677.400	0.023	4.073
677.600	0.022	4.073
677.800	0.023	4.073
678.000	0.023	4.073
678.200	0.025	4.073
678.400	0.025	4.073
678.600	0.023	4.073
678.800	0.027	4.073
679.000	0.025	4.073
679.200	0.025	4.073
679.400	0.026	4.073
679.600	0.024	4.073
679.800	0.023	4.073
680.000	0.024	4.073
680.200	0.024	4.073
680.400	0.025	4.073
680.600	0.024	4.073
680.800	0.024	4.073
681.000	0.025	4.073
681.200	0.023	4.073
681.400	0.024	4.073
681.600	0.025	4.073
681.800	0.023	4.073
682.000	0.023	4.073
682.200	0.024	4.073
682.400	0.024	4.073
682.600	0.025	4.073
682.800	0.024	4.073
683.000	0.024	4.073
683.200	0.027	4.073
683.400	0.024	4.073
683.600	0.024	4.073
683.800	0.024	4.073
684.000	0.023	4.073
684.200	0.024	4.073
684.400	0.024	4.073
684.600	0.022	4.073
684.800	0.026	4.073
685.000	0.025	4.073
685.200	0.024	4.073
685.400	0.023	4.073
685.600	0.022	4.073
685.800	0.024	4.073
686.000	0.024	4.073
686.200	0.024	4.073
686.400	0.024	4.073
686.600	0.023	4.073
686.800	0.024	4.073
687.000	0.024	4.073
687.200	0.024	4.073
687.400	0.024	4.073
687.600	0.024	4.073
687.800	0.023	4.073
688.000	0.025	4.073
688.200	0.025	4.073
688.400	0.026	4.073
688.600	0.027	4.073
688.800	0.025	4.073
689.000	0.026	4.073
689.200	0.026	4.073
689.400	0.026	4.073
689.600	0.025	4.073
689.800	0.026	4.073
690.000	0.025	4.073
690.200	0.025	4.073
690.400	0.025	4.073
690.600	0.026	4.073
690.800	0.025	4.073
691.000	0.024	4.073
691.200	0.026	4.073
691.400	0.025	4.073
691.600	0.026	4.073
691.800	0.025	4.073
692.000	0.025	4.073
692.200	0.027	4.073
692.400	0.026	4.073
692.600	0.025	4.073
692.800	0.025	4.073
693.000	0.026	4.073
693.200	0.025	4.073
693.400	0.025	4.073
693.600	0.024	4.073
693.800	0.024	4.073
694.000	0.024	4.073
694.200	0.025	4.073
694.400	0.024	4.073
694.600	0.025	4.073
694.800	0.026	4.073
695.000	0.025	4.073
695.200	0.025	4.073
695.400	0.025	4.073
695.600	0.026	4.073
695.800	0.025	4.073
696.000	0.026	4.073
696.200	0.027	4.073
696.400	0.025	4.073
696.600	0.026	4.073
696.800	0.027	4.073
697.000	0.026	4.073
697.200	0.027	4.074
697.400	0.025	4.073
697.600	0.027	4.073
697.800	0.025	4.073
698.000	0.027	4.073
698.200	0.026	4.073
698.400	0.026	4.073
698.600	0.027	4.073
698.800	0.026	4.073
699.000	0.026	4.073
699.200	0.027	4.073
699.400	0.027	4.073
699.600	0.027	4.073
699.800	0.026	4.073
700.000	0.026	4.073
700.200	0.027	4.073
700.400	0.025	4.073
700.600	0.026	4.073
700.800	0.025	4.073
701.000	0.026	4.073
701.200	0.025	4.073
701.400	0.025	4.073
701.600	0.026	4.073
701.800	0.026	4.073
702.000	0.027	4.073
702.200	0.025	4.073
702.400	0.025	4.073
702.600	0.025	4.074
702.800	0.025	4.073
703.000	0.025	4.073
703.200	0.027	4.073
703.400	0.025	4.073
703.600	0.029	4.074
703.800	0.027	4.074
704.000	0.026	4.074
704.200	0.026	4.074
704.400	0.026	4.073
704.600	0.028	4.073
704.800	0.026	4.073
705.000	0.027	4.073
705.200	0.026	4.073
705.400	0.027	4.073
705.600	0.025	4.073
705.800	0.026	4.073
706.000	0.027	4.073
706.200	0.025	4.073
706.400	0.026	4.073
706.600	0.025	4.073
706.800	0.024	4.073
707.000	0.025	4.074
707.200	0.025	4.074
707.400	0.026	4.073
707.600	0.026	4.073
707.800	0.027	4.073
708.000	0.028	4.073
708.200	0.025	4.073
708.400	0.026	4.073
708.600	0.026	4.073
708.800	0.026	4.073
709.000	0.025	4.073
709.200	0.026	4.073
709.400	0.027	4.073
709.600	0.026	4.073
709.800	0.023	4.073
710.000	0.023	4.073
710.200	0.025	4.073
710.400	0.025	4.073
710.600	0.026	4.073
710.800	0.027	4.073
711.000	0.025	4.073
711.200	0.025	4.073
711.400	0.026	4.073
711.600	0.025	4.073
711.800	0.027	4.073
712.000	0.026	4.073
712.200	0.025	4.073
712.400	0.024	4.073
712.600	0.024	4.073
712.800	0.025	4.073
713.000	0.024	4.073
713.200	0.024	4.073
713.400	0.025	4.073
713.600	0.025	4.073
713.800	0.026	4.073
714.000	0.027	4.073
714.200	0.027	4.073
714.400	0.025	4.073
714.600	0.026	4.073
714.800	0.025	4.073
715.000	0.024	4.073
715.200	0.024	4.073
715.400	0.024	4.073
715.600	0.026	4.073
715.800	0.025	4.073
716.000	0.024	4.073
716.200	0.025	4.073
716.400	0.025	4.073
716.600	0.024	4.073
716.800	0.025	4.073
717.000	0.025	4.073
717.200	0.026	4.073
717.400	0.025	4.073
717.600	0.025	4.073
717.800	0.025	4.073
718.000	0.024	4.074
718.200	0.025	4.073
718.400	0.024	4.073
718.600	0.026	4.073
718.800	0.024	4.073
719.000	0.026	4.073
719.200	0.027	4.073
719.400	0.027	4.073
719.600	0.026	4.073
719.800	0.026	4.073
720.000	0.026	4.073
720.200	0.026	4.073
720.400	0.027	4.073
720.600	0.026	4.073
720.800	0.027	4.073
721.000	0.026	4.073
721.200	0.025	4.073
721.400	0.026	4.073
721.600	0.025	4.073
721.800	0.024	4.073
722.000	0.026	4.073
722.200	0.026	4.073
722.400	0.026	4.073
722.600	0.026	4.073
722.800	0.026	4.073
723.000	0.026	4.073
723.200	0.026	4.073
723.400	0.027	4.073
723.600	0.026	4.073
723.800	0.025	4.073
724.000	0.025	4.073
724.200	0.025	4.073
724.400	0.024	4.073
724.600	0.025	4.073
724.800	0.026	4.073
725.000	0.026	4.073
725.200	0.027	4.073
725.400	0.023	4.073
725.600	0.023	4.073
725.800	0.023	4.073
726.000	0.024	4.073
726.200	0.025	4.073
726.400	0.025	4.073
726.600	0.024	4.073
726.800	0.025	4.073
727.000	0.025	4.073
727.200	0.025	4.073
727.400	0.023	4.073
727.600	0.024	4.073
727.800	0.024	4.073
728.000	0.024	4.073
728.200	0.024	4.073
728.400	0.024	4.073
728.600	0.023	4.073
728.800	0.024	4.073
729.000	0.025	4.073
729.200	0.025	4.073
729.400	0.024	4.073
729.600	0.024	4.073
729.800	0.025	4.073
730.000	0.026	4.073
730.200	0.025	4.073
730.400	0.026	4.073
730.600	0.025	4.073
730.800	0.025	4.073
731.000	0.025	4.073
731.200	0.024	4.073
731.400	0.025	4.073
731.600	0.025	4.073
731.800	0.025	4.073
732.000	0.024	4.073
732.200	0.024	4.073
732.400	0.026	4.073
732.600	0.026	4.073
732.800	0.026	4.073
733.000	0.026	4.073
733.200	0.027	4.073
733.400	0.026	4.073
733.600	0.027	4.073
733.800	0.027	4.073
734.000	0.026	4.073
734.200	0.026	4.073
734.400	0.026	4.073
734.600	0.027	4.073
734.800	0.025	4.073
735.000	0.027	4.073
735.200	0.026	4.073
735.400	0.026	4.073
735.600	0.026	4.073
735.800	0.026	4.073
736.000	0.025	4.073
736.200	0.026	4.073
736.400	0.025	4.073
736.600	0.027	4.073
736.800	0.027	4.073
737.000	0.026	4.073
737.200	0.024	4.073
737.400	0.025	4.073
737.600	0.026	4.073
737.800	0.026	4.073
738.000	0.027	4.073
738.200	0.025	4.073
738.400	0.026	4.073
738.600	0.027	4.073
738.800	0.025	4.073
739.000	0.025	4.073
739.200	0.026	4.073
739.400	0.025	4.073
739.600	0.026	4.073
739.800	0.026	4.073
740.000	0.025	4.073
740.200	0.025	4.073
740.400	0.027	4.073
740.600	0.025	4.073
740.800	0.027	4.073
741.000	0.026	4.073
741.200	0.026	4.073
741.400	0.027	4.073
741.600	0.026	4.073
741.800	0.026	4.073
742.000	0.025	4.073
742.200	0.027	4.073
742.400	0.026	4.073
742.600	0.025	4.073
742.800	0.026	4.073
743.000	0.026	4.073
743.200	0.027	4.073
743.400	0.026	4.073
743.600	0.025	4.073
743.800	0.026	4.073
744.000	0.026	4.073
744.200	0.026	4.073
744.400	0.027	4.073
744.600	0.027	4.073
744.800	0.027	4.073
745.000	0.027	4.073
745.200	0.027	4.073
745.400	0.028	4.073
745.600	0.027	4.073
745.800	0.026	4.073
746.000	0.026	4.073
746.200	0.027	4.073
746.400	0.026	4.073
746.600	0.028	4.073
746.800	0.028	4.073
747.000	0.028	4.073
747.200	0.027	4.073
747.400	0.026	4.073
747.600	0.024	4.073
747.800	0.028	4.073
748.000	0.027	4.073
748.200	0.025	4.073
748.400	0.027	4.073
748.600	0.026	4.073
748.800	0.028	4.073
749.000	0.028	4.073
749.200	0.028	4.073
749.400	0.027	4.073
749.600	0.027	4.073
749.800	0.029	4.073
750.000	0.028	4.073
750.200	0.027	4.073
750.400	0.028	4.073
750.600	0.027	4.073
750.800	0.028	4.073
751.000	0.027	4.073
751.200	0.027	4.073
751.400	0.025	4.073
751.600	0.027	4.073
751.800	0.026	4.073
752.000	0.025	4.073
752.200	0.025	4.073
752.400	0.025	4.073
752.600	0.025	4.073
752.800	0.028	4.073
753.000	0.027	4.073
753.200	0.026	4.073
753.400	0.027	4.073
753.600	0.026	4.073
753.800	0.025	4.073
754.000	0.026	4.073
754.200	0.025	4.073
754.400	0.026	4.073
754.600	0.025	4.073
754.800	0.028	4.073
755.000	0.028	4.073
755.200	0.027	4.073
755.400	0.027	4.073
755.600	0.026	4.073
755.800	0.026	4.073
756.000	0.027	4.073
756.200	0.026	4.073
756.400	0.028	4.073
756.600	0.028	4.073
756.800	0.026	4.073
757.000	0.027	4.073
757.200	0.027	4.073
757.400	0.028	4.073
757.600	0.028	4.073
757.800	0.028	4.073
758.000	0.028	4.073
758.200	0.028	4.073
758.400	0.026	4.073
758.600	0.027	4.073
758.800	0.027	4.073
759.000	0.027	4.073
759.200	0.028	4.073
759.400	0.027	4.073
759.600	0.027	4.073
759.800	0.028	4.073
760.000	0.027	4.073
760.200	0.027	4.073
760.400	0.027	4.073
760.600	0.027	4.073
760.800	0.028	4.073
761.000	0.027	4.073
761.200	0.026	4.073
761.400	0.027	4.073
761.600	0.025	4.073
761.800	0.026	4.073
762.000	0.026	4.073
762.200	0.027	4.073
762.400	0.028	4.073
762.600	0.027	4.073
762.800	0.027	4.073
763.000	0.028	4.073
763.200	0.027	4.073
763.400	0.027	4.073
763.600	0.026	4.073
763.800	0.028	4.073
764.000	0.027	4.073
764.200	0.028	4.073
764.400	0.027	4.073
764.600	0.027	4.073
764.800	0.026	4.073
765.000	0.026	4.073
765.200	0.025	4.073
765.400	0.027	4.073
765.600	0.027	4.073
765.800	0.026	4.073
766.000	0.025	4.073
766.200	0.026	4.073
766.400	0.025	4.073
766.600	0.026	4.073
766.800	0.028	4.073
767.000	0.027	4.073
767.200	0.027	4.073
767.400	0.027	4.073
767.600	0.028	4.073
767.800	0.026	4.073
768.000	0.025	4.073
768.200	0.026	4.073
768.400	0.026	4.073
768.600	0.026	4.073
768.800	0.027	4.073
769.000	0.025	4.073
769.200	0.025	4.073
769.400	0.026	4.073
769.600	0.027	4.073
769.800	0.026	4.073
770.000	0.026	4.073
770.200	0.027	4.073
770.400	0.028	4.073
770.600	0.027	4.073
770.800	0.026	4.073
771.000	0.027	4.073
771.200	0.027	4.073
771.400	0.026	4.073
771.600	0.026	4.073
771.800	0.027	4.073
772.000	0.026	4.073
772.200	0.027	4.073
772.400	0.028	4.073
772.600	0.031	4.073
772.800	0.029	4.073
773.000	0.027	4.073
773.200	0.027	4.073
773.400	0.027	4.073
773.600	0.027	4.073
773.800	0.025	4.073
774.000	0.024	4.073
774.200	0.025	4.073
774.400	0.026	4.073
774.600	0.025	4.073
774.800	0.025	4.073
775.000	0.025	4.073
775.200	0.023	4.073
775.400	0.025	4.073
775.600	0.025	4.073
775.800	0.027	4.073
776.000	0.027	4.073
776.200	0.026	4.073
776.400	0.026	4.073
776.600	0.026	4.073
776.800	0.025	4.073
777.000	0.025	4.073
777.200	0.025	4.073
777.400	0.025	4.073
777.600	0.024	4.073
777.800	0.026	4.073
778.000	0.025	4.073
778.200	0.024	4.073
778.400	0.024	4.073
778.600	0.024	4.073
778.800	0.026	4.073
779.000	0.025	4.073
779.200	0.025	4.073
779.400	0.026	4.073
779.600	0.026	4.073
779.800	0.024	4.073
780.000	0.026	4.073
780.200	0.026	4.073
780.400	0.025	4.073
780.600	0.027	4.073
780.800	0.026	4.073
781.000	0.024	4.073
781.200	0.025	4.073
781.400	0.025	4.073
781.600	0.026	4.073
781.800	0.026	4.073
782.000	0.026	4.073
782.200	0.026	4.073
782.400	0.027	4.073
782.600	0.026	4.073
782.800	0.026	4.073
783.000	0.026	4.073
783.200	0.026	4.073
783.400	0.027	4.073
783.600	0.025	4.073
783.800	0.024	4.073
784.000	0.025	4.073
784.200	0.025	4.073
784.400	0.026	4.073
784.600	0.025	4.073
784.800	0.026	4.073
785.000	0.026	4.073
785.200	0.026	4.073
785.400	0.026	4.073
785.600	0.027	4.073
785.800	0.026	4.073
786.000	0.026	4.073
786.200	0.026	4.073
786.400	0.027	4.073
786.600	0.026	4.073
786.800	0.025	4.073
787.000	0.027	4.073
787.200	0.024	4.073
787.400	0.026	4.073
787.600	0.025	4.073
787.800	0.026	4.073
788.000	0.026	4.073
788.200	0.027	4.073
788.400	0.027	4.073
788.600	0.028	4.073
788.800	0.025	4.073
789.000	0.027	4.073
789.200	0.027	4.073
789.400	0.026	4.073
789.600	0.028	4.073
789.800	0.026	4.073
790.000	0.025	4.073
790.200	0.026	4.073
790.400	0.025	4.073
790.600	0.026	4.073
790.800	0.026	4.073
791.000	0.026	4.073
791.200	0.026	4.073
791.400	0.026	4.073
791.600	0.025	4.073
791.800	0.024	4.073
792.000	0.026	4.073
792.200	0.026	4.073
792.400	0.025	4.073
792.600	0.026	4.073
792.800	0.026	4.073
793.000	0.026	4.073
793.200	0.024	4.073
793.400	0.025	4.073
793.600	0.025	4.073
793.800	0.025	4.073
794.000	0.026	4.073
794.200	0.026	4.073
794.400	0.025	4.073
794.600	0.026	4.073
794.800	0.025	4.073
795.000	0.025	4.073
795.200	0.024	4.073
795.400	0.025	4.073
795.600	0.025	4.073
795.800	0.025	4.073
796.000	0.025	4.073
796.200	0.025	4.073
796.400	0.025	4.073
796.600	0.026	4.073
796.800	0.025	4.073
797.000	0.025	4.073
797.200	0.026	4.073
797.400	0.026	4.073
797.600	0.026	4.073
797.800	0.025	4.073
798.000	0.025	4.073
798.200	0.028	4.073
798.400	0.025	4.073
798.600	0.024	4.073
798.800	0.028	4.073
799.000	0.025	4.073
799.200	0.026	4.073
799.400	0.024	4.073
799.600	0.025	4.073
799.800	0.026	4.073
800.000	0.027	4.073
800.200	0.025	4.073
800.400	0.024	4.073
800.600	0.025	4.073
800.800	0.025	4.073
801.000	0.025	4.073
801.200	0.024	4.073
801.400	0.024	4.073
801.600	0.025	4.073
801.800	0.024	4.073
802.000	0.024	4.073
802.200	0.025	4.073
802.400	0.025	4.073
802.600	0.026	4.073
802.800	0.025	4.073
803.000	0.024	4.073
803.200	0.025	4.073
803.400	0.023	4.073
803.600	0.024	4.073
803.800	0.024	4.073
804.000	0.025	4.073
804.200	0.025	4.073
804.400	0.026	4.073
804.600	0.023	4.073
804.800	0.023	4.073
805.000	0.024	4.073
805.200	0.024	4.073
805.400	0.022	4.073
805.600	0.024	4.073
805.800	0.024	4.073
806.000	0.025	4.073
806.200	0.024	4.073
806.400	0.025	4.073
806.600	0.024	4.073
806.800	0.025	4.073
807.000	0.025	4.073
807.200	0.025	4.073
807.400	0.024	4.073
807.600	0.026	4.073
807.800	0.024	4.073
808.000	0.025	4.073
808.200	0.024	4.073
808.400	0.023	4.073
808.600	0.024	4.073
808.800	0.025	4.073
809.000	0.025	4.073
809.200	0.025	4.073
809.400	0.024	4.073
809.600	0.026	4.073
809.800	0.026	4.073
810.000	0.025	4.073
810.200	0.024	4.073
810.400	0.023	4.073
810.600	0.024	4.073
810.800	0.024	4.073
811.000	0.025	4.073
811.200	0.025	4.073
811.400	0.024	4.073
811.600	0.025	4.073
811.800	0.026	4.073
812.000	0.024	4.073
812.200	0.025	4.073
812.400	0.025	4.073
812.600	0.023	4.073
812.800	0.025	4.073
813.000	0.024	4.073
813.200	0.024	4.073
813.400	0.025	4.073
813.600	0.025	4.073
813.800	0.025	4.073
814.000	0.025	4.073
814.200	0.026	4.073
814.400	0.025	4.073
814.600	0.025	4.073
814.800	0.025	4.073
815.000	0.027	4.073
815.200	0.024	4.073
815.400	0.025	4.073
815.600	0.027	4.073
815.800	0.025	4.073
816.000	0.026	4.073
816.200	0.026	4.073
816.400	0.025	4.073
816.600	0.025	4.073
816.800	0.025	4.073
817.000	0.024	4.073
817.200	0.026	4.073
817.400	0.024	4.073
817.600	0.025	4.073
817.800	0.026	4.073
818.000	0.026	4.073
818.200	0.024	4.073
818.400	0.025	4.073
818.600	0.025	4.073
818.800	0.026	4.073
819.000	0.023	4.073
819.200	0.025	4.073
819.400	0.025	4.073
819.600	0.025	4.073
819.800	0.029	4.073
820.000	0.025	4.073
820.200	0.025	4.073
820.400	0.027	4.073
820.600	0.027	4.073
820.800	0.026	4.073
821.000	0.027	4.073
821.200	0.025	4.073
821.400	0.024	4.073
821.600	0.025	4.073
821.800	0.025	4.073
822.000	0.025	4.073
822.200	0.026	4.073
822.400	0.025	4.073
822.600	0.025	4.073
822.800	0.026	4.073
823.000	0.027	4.073
823.200	0.026	4.073
823.400	0.027	4.073
823.600	0.026	4.073
823.800	0.028	4.073
824.000	0.026	4.073
824.200	0.028	4.073
824.400	0.027	4.073
824.600	0.025	4.073
824.800	0.027	4.073
825.000	0.026	4.073
825.200	0.026	4.073
825.400	0.026	4.073
825.600	0.025	4.073
825.800	0.026	4.073
826.000	0.025	4.073
826.200	0.024	4.073
826.400	0.024	4.073
826.600	0.025	4.073
826.800	0.025	4.073
827.000	0.025	4.073
827.200	0.023	4.073
827.400	0.025	4.073
827.600	0.025	4.073
827.800	0.025	4.073
828.000	0.025	4.073
828.200	0.024	4.073
828.400	0.025	4.073
828.600	0.024	4.073
828.800	0.023	4.073
829.000	0.023	4.073
829.200	0.023	4.073
829.400	0.022	4.073
829.600	0.023	4.073
829.800	0.023	4.073
830.000	0.024	4.073
830.200	0.025	4.073
830.400	0.023	4.073
830.600	0.024	4.073
830.800	0.024	4.073
831.000	0.024	4.073
831.200	0.023	4.073
831.400	0.023	4.073
831.600	0.024	4.073
831.800	0.025	4.073
832.000	0.023	4.073
832.200	0.025	4.073
832.400	0.025	4.073
832.600	0.025	4.073
832.800	0.024	4.073
833.000	0.024	4.073
833.200	0.024	4.073
833.400	0.024	4.073
833.600	0.025	4.073
833.800	0.026	4.073
834.000	0.025	4.073
834.200	0.025	4.073
834.400	0.024	4.073
834.600	0.025	4.073
834.800	0.025	4.073
835.000	0.025	4.073
835.200	0.025	4.073
835.400	0.026	4.073
835.600	0.026	4.073
835.800	0.025	4.073
836.000	0.026	4.073
836.200	0.027	4.073
836.400	0.025	4.073
836.600	0.026	4.073
836.800	0.026	4.073
837.000	0.026	4.073
837.200	0.025	4.073
837.400	0.025	4.073
837.600	0.025	4.073
837.800	0.025	4.073
838.000	0.026	4.073
838.200	0.026	4.073
838.400	0.025	4.073
838.600	0.025	4.073
838.800	0.026	4.073
839.000	0.026	4.073
839.200	0.025	4.073
839.400	0.025	4.073
839.600	0.025	4.073
839.800	0.025	4.073
840.000	0.025	4.073
840.200	0.024	4.073
840.400	0.024	4.073
840.600	0.025	4.073
840.800	0.025	4.073
841.000	0.025	4.073
841.200	0.025	4.073
841.400	0.028	4.073
841.600	0.027	4.073
841.800	0.026	4.073
842.000	0.026	4.073
842.200	0.027	4.073
842.400	0.025	4.073
842.600	0.025	4.073
842.800	0.026	4.073
843.000	0.026	4.073
843.200	0.025	4.073
843.400	0.027	4.073
843.600	0.024	4.073
843.800	0.026	4.073
844.000	0.025	4.073
844.200	0.025	4.073
844.400	0.026	4.073
844.600	0.025	4.073
844.800	0.026	4.073
845.000	0.026	4.073
845.200	0.028	4.073
845.400	0.026	4.073
845.600	0.025	4.073
845.800	0.025	4.073
846.000	0.026	4.073
846.200	0.025	4.073
846.400	0.024	4.073
846.600	0.026	4.073
846.800	0.025	4.073
847.000	0.025	4.073
847.200	0.026	4.073
847.400	0.024	4.073
847.600	0.024	4.073
847.800	0.024	4.073
848.000	0.025	4.073
848.200	0.023	4.073
848.400	0.025	4.073
848.600	0.025	4.073
848.800	0.024	4.073
849.000	0.026	4.073
849.200	0.026	4.073
849.400	0.025	4.073
849.600	0.025	4.073
849.800	0.024	4.073
850.000	0.024	4.073
850.200	0.025	4.073
850.400	0.025	4.073
850.600	0.026	4.073
850.800	0.024	4.073
851.000	0.025	4.073
851.200	0.026	4.073
851.400	0.024	4.073
851.600	0.026	4.073
851.800	0.026	4.073
852.000	0.025	4.073
852.200	0.025	4.073
852.400	0.024	4.073
852.600	0.024	4.073
852.800	0.025	4.073
853.000	0.025	4.073
853.200	0.026	4.073
853.400	0.026	4.073
853.600	0.026	4.073
853.800	0.025	4.073
854.000	0.024	4.073
854.200	0.024	4.073
854.400	0.023	4.073
854.600	0.025	4.073
854.800	0.026	4.073
855.000	0.026	4.073
855.200	0.026	4.073
855.400	0.024	4.073
855.600	0.023	4.073
855.800	0.023	4.073
856.000	0.024	4.073
856.200	0.024	4.073
856.400	0.022	4.073
856.600	0.024	4.073
856.800	0.024	4.073
857.000	0.024	4.073
857.200	0.025	4.073
857.400	0.023	4.073
857.600	0.025	4.073
857.800	0.024	4.073
858.000	0.025	4.073
858.200	0.024	4.073
858.400	0.024	4.073
858.600	0.025	4.073
858.800	0.024	4.073
859.000	0.024	4.073
859.200	0.025	4.073
859.400	0.025	4.073
859.600	0.025	4.073
859.800	0.024	4.073
860.000	0.023	4.073
860.200	0.024	4.073
860.400	0.024	4.073
860.600	0.024	4.073
860.800	0.025	4.073
861.000	0.026	4.073
861.200	0.024	4.073
861.400	0.024	4.073
861.600	0.025	4.073
861.800	0.024	4.073
862.000	0.024	4.073
862.200	0.026	4.073
862.400	0.026	4.073
862.600	0.025	4.073
862.800	0.024	4.073
863.000	0.025	4.073
863.200	0.024	4.073
863.400	0.024	4.073
863.600	0.025	4.073
863.800	0.024	4.073
864.000	0.025	4.073
864.200	0.026	4.073
864.400	0.025	4.073
864.600	0.026	4.073
864.800	0.025	4.073
865.000	0.024	4.073
865.200	0.024	4.073
865.400	0.026	4.073
865.600	0.024	4.073
865.800	0.025	4.073
866.000	0.023	4.073
866.200	0.025	4.073
866.400	0.024	4.073
866.600	0.026	4.073
866.800	0.025	4.073
867.000	0.025	4.073
867.200	0.025	4.073
867.400	0.025	4.073
867.600	0.025	4.073
867.800	0.023	4.073
868.000	0.024	4.073
868.200	0.025	4.073
868.400	0.025	4.073
868.600	0.025	4.073
868.800	0.025	4.073
869.000	0.025	4.073
869.200	0.024	4.073
869.400	0.025	4.073
869.600	0.023	4.073
869.800	0.025	4.073
870.000	0.024	4.073
870.200	0.023	4.073
870.400	0.025	4.073
870.600	0.023	4.073
870.800	0.024	4.073
871.000	0.022	4.073
871.200	0.022	4.073
871.400	0.023	4.073
871.600	0.024	4.073
871.800	0.023	4.073
872.000	0.023	4.073
872.200	0.023	4.073
872.400	0.023	4.073
872.600	0.023	4.073
872.800	0.023	4.073
873.000	0.024	4.073
873.200	0.024	4.073
873.400	0.023	4.073
873.600	0.022	4.073
873.800	0.024	4.073
874.000	0.024	4.073
874.200	0.025	4.073
874.400	0.024	4.073
874.600	0.024	4.073
874.800	0.025	4.073
875.000	0.023	4.073
875.200	0.024	4.073
875.400	0.024	4.073
875.600	0.025	4.073
875.800	0.024	4.073
876.000	0.023	4.073
876.200	0.024	4.073
876.400	0.024	4.073
876.600	0.024	4.073
876.800	0.023	4.073
877.000	0.024	4.073
877.200	0.025	4.073
877.400	0.023	4.073
877.600	0.024	4.073
877.800	0.023	4.073
878.000	0.025	4.073
878.200	0.025	4.073
878.400	0.025	4.073
878.600	0.023	4.073
878.800	0.023	4.073
879.000	0.023	4.073
879.200	0.023	4.073
879.400	0.022	4.073
879.600	0.023	4.073
879.800	0.024	4.073
880.000	0.022	4.073
880.200	0.024	4.073
880.400	0.024	4.073
880.600	0.022	4.073
880.800	0.024	4.073
881.000	0.023	4.073
881.200	0.023	4.073
881.400	0.024	4.073
881.600	0.025	4.073
881.800	0.023	4.073
882.000	0.022	4.073
882.200	0.024	4.073
882.400	0.023	4.073
882.600	0.023	4.073
882.800	0.024	4.073
883.000	0.024	4.073
883.200	0.025	4.073
883.400	0.024	4.073
883.600	0.025	4.073
883.800	0.024	4.073
884.000	0.024	4.073
884.200	0.024	4.073
884.400	0.024	4.073
884.600	0.025	4.073
884.800	0.025	4.073
885.000	0.026	4.073
885.200	0.023	4.073
885.400	0.025	4.073
885.600	0.026	4.073
885.800	0.026	4.073
886.000	0.025	4.073
886.200	0.025	4.073
886.400	0.025	4.073
886.600	0.023	4.073
886.800	0.025	4.073
887.000	0.026	4.073
887.200	0.026	4.073
887.400	0.025	4.073
887.600	0.025	4.073
887.800	0.026	4.073
888.000	0.024	4.073
888.200	0.025	4.073
888.400	0.025	4.073
888.600	0.024	4.073
888.800	0.025	4.073
889.000	0.025	4.073
889.200	0.026	4.073
889.400	0.024	4.073
889.600	0.026	4.073
889.800	0.024	4.073
890.000	0.026	4.073
890.200	0.025	4.073
890.400	0.023	4.073
890.600	0.023	4.073
890.800	0.023	4.073
891.000	0.025	4.073
891.200	0.025	4.073
891.400	0.023	4.073
891.600	0.022	4.073
891.800	0.024	4.073
892.000	0.024	4.073
892.200	0.024	4.073
892.400	0.023	4.073
892.600	0.025	4.073
892.800	0.025	4.073
893.000	0.022	4.073
893.200	0.023	4.073
893.400	0.022	4.073
893.600	0.024	4.073
893.800	0.023	4.073
894.000	0.024	4.073
894.200	0.023	4.073
894.400	0.024	4.073
894.600	0.023	4.073
894.800	0.023	4.073
895.000	0.023	4.073
895.200	0.023	4.073
895.400	0.022	4.073
895.600	0.024	4.073
895.800	0.022	4.073
896.000	0.025	4.073
896.200	0.024	4.073
896.400	0.026	4.073
896.600	0.024	4.073
896.800	0.022	4.073
897.000	0.023	4.073
897.200	0.024	4.073
897.400	0.022	4.073
897.600	0.023	4.073
897.800	0.024	4.073
898.000	0.023	4.073
898.200	0.022	4.073
898.400	0.022	4.073
898.600	0.023	4.073
898.800	0.023	4.073
899.000	0.023	4.073
899.200	0.025	4.073
899.400	0.023	4.073
899.600	0.023	4.073
899.800	0.024	4.073
900.000	0.024	4.073
900.200	0.024	4.073
900.400	0.023	4.073
900.600	0.022	4.073
900.800	0.024	4.073
901.000	0.023	4.073
901.200	0.023	4.073
901.400	0.023	4.073
901.600	0.024	4.073
901.800	0.024	4.073
902.000	0.023	4.073
902.200	0.024	4.073
902.400	0.024	4.073
902.600	0.025	4.073
902.800	0.026	4.073
903.000	0.024	4.073
903.200	0.025	4.073
903.400	0.024	4.073
903.600	0.021	4.073
903.800	0.022	4.073
904.000	0.023	4.073
904.200	0.024	4.073
904.400	0.022	4.073
904.600	0.024	4.073
904.800	0.024	4.073
905.000	0.023	4.073
905.200	0.024	4.073
905.400	0.022	4.073
905.600	0.024	4.073
905.800	0.023	4.073
906.000	0.023	4.073
906.200	0.023	4.073
906.400	0.022	4.073
906.600	0.024	4.073
906.800	0.022	4.073
907.000	0.023	4.073
907.200	0.025	4.073
907.400	0.022	4.073
907.600	0.023	4.073
907.800	0.023	4.073
908.000	0.024	4.073
908.200	0.023	4.073
908.400	0.023	4.073
908.600	0.023	4.073
908.800	0.024	4.073
909.000	0.023	4.073
909.200	0.024	4.073
909.400	0.023	4.073
909.600	0.023	4.073
909.800	0.023	4.073
910.000	0.023	4.073
910.200	0.024	4.073
910.400	0.024	4.073
910.600	0.024	4.073
910.800	0.022	4.073
911.000	0.022	4.073
911.200	0.024	4.073
911.400	0.024	4.073
911.600	0.023	4.073
911.800	0.023	4.073
912.000	0.023	4.073
912.200	0.024	4.073
912.400	0.024	4.073
912.600	0.022	4.073
912.800	0.023	4.073
913.000	0.023	4.073
913.200	0.024	4.073
913.400	0.021	4.073
913.600	0.022	4.073
913.800	0.019	4.073
914.000	0.020	4.073
914.200	0.021	4.073
914.400	0.024	4.073
914.600	0.022	4.073
914.800	0.022	4.073
915.000	0.022	4.073
915.200	0.022	4.073
915.400	0.021	4.073
915.600	0.021	4.073
915.800	0.023	4.073
916.000	0.023	4.073
916.200	0.022	4.073
916.400	0.022	4.073
916.600	0.021	4.073
916.800	0.021	4.073
917.000	0.022	4.073
917.200	0.021	4.073
917.400	0.022	4.073
917.600	0.021	4.073
917.800	0.022	4.073
918.000	0.023	4.073
918.200	0.021	4.073
918.400	0.021	4.073
918.600	0.022	4.073
918.800	0.023	4.073
919.000	0.022	4.073
919.200	0.021	4.073
919.400	0.023	4.073
919.600	0.022	4.073
919.800	0.024	4.073
920.000	0.021	4.073
920.200	0.021	4.073
920.400	0.022	4.073
920.600	0.021	4.073
920.800	0.022	4.073
921.000	0.021	4.073
921.200	0.023	4.073
921.400	0.021	4.073
921.600	0.021	4.073
921.800	0.024	4.073
922.000	0.022	4.073
922.200	0.023	4.073
922.400	0.022	4.073
922.600	0.022	4.073
922.800	0.022	4.073
923.000	0.022	4.073
923.200	0.022	4.073
923.400	0.022	4.073
923.600	0.021	4.073
923.800	0.022	4.073
924.000	0.023	4.073
924.200	0.023	4.073
924.400	0.023	4.073
924.600	0.022	4.073
924.800	0.021	4.073
925.000	0.023	4.073
925.200	0.022	4.073
925.400	0.022	4.073
925.600	0.021	4.073
925.800	0.022	4.073
926.000	0.024	4.073
926.200	0.023	4.073
926.400	0.023	4.073
926.600	0.022	4.073
926.800	0.023	4.073
927.000	0.022	4.073
927.200	0.021	4.073
927.400	0.022	4.073
927.600	0.021	4.073
927.800	0.021	4.073
928.000	0.023	4.073
928.200	0.024	4.073
928.400	0.023	4.073
928.600	0.023	4.073
928.800	0.022	4.073
929.000	0.021	4.073
929.200	0.022	4.073
929.400	0.023	4.073
929.600	0.023	4.073
929.800	0.022	4.073
930.000	0.023	4.073
930.200	0.021	4.073
930.400	0.022	4.073
930.600	0.022	4.073
930.800	0.022	4.073
931.000	0.021	4.073
931.200	0.020	4.073
931.400	0.020	4.073
931.600	0.021	4.073
931.800	0.021	4.073
932.000	0.022	4.073
932.200	0.023	4.073
932.400	0.022	4.073
932.600	0.022	4.073
932.800	0.022	4.073
933.000	0.024	4.073
933.200	0.023	4.073
933.400	0.022	4.073
933.600	0.022	4.073
933.800	0.022	4.073
934.000	0.022	4.073
934.200	0.023	4.073
934.400	0.023	4.073
934.600	0.023	4.073
934.800	0.023	4.073
935.000	0.023	4.073
935.200	0.025	4.073
935.400	0.023	4.073
935.600	0.023	4.073
935.800	0.022	4.073
936.000	0.022	4.073
936.200	0.025	4.073
936.400	0.022	4.073
936.600	0.022	4.073
936.800	0.022	4.073
937.000	0.024	4.073
937.200	0.022	4.073
937.400	0.023	4.073
937.600	0.023	4.073
937.800	0.024	4.073
938.000	0.025	4.073
938.200	0.024	4.073
938.400	0.022	4.073
938.600	0.023	4.073
938.800	0.022	4.073
939.000	0.024	4.073
939.200	0.025	4.073
939.400	0.025	4.073
939.600	0.023	4.073
939.800	0.023	4.073
940.000	0.023	4.073
940.200	0.025	4.073
940.400	0.023	4.073
940.600	0.025	4.073
940.800	0.023	4.073
941.000	0.025	4.073
941.200	0.024	4.073
941.400	0.022	4.073
941.600	0.023	4.073
941.800	0.024	4.073
942.000	0.023	4.073
942.200	0.024	4.073
942.400	0.024	4.073
942.600	0.023	4.073
942.800	0.025	4.073
943.000	0.024	4.073
943.200	0.024	4.073
943.400	0.023	4.073
943.600	0.023	4.073
943.800	0.023	4.073
944.000	0.024	4.073
944.200	0.023	4.073
944.400	0.024	4.073
944.600	0.024	4.073
944.800	0.024	4.073
945.000	0.024	4.073
945.200	0.023	4.073
945.400	0.023	4.073
945.600	0.024	4.073
945.800	0.023	4.073
946.000	0.023	4.073
946.200	0.024	4.073
946.400	0.024	4.073
946.600	0.023	4.073
946.800	0.023	4.073
947.000	0.023	4.073
947.200	0.024	4.073
947.400	0.024	4.073
947.600	0.025	4.073
947.800	0.025	4.073
948.000	0.025	4.073
948.200	0.024	4.073
948.400	0.024	4.073
948.600	0.024	4.073
948.800	0.024	4.073
949.000	0.025	4.073
949.200	0.023	4.073
949.400	0.023	4.073
949.600	0.023	4.073
949.800	0.023	4.073
950.000	0.024	4.073
950.200	0.024	4.073
950.400	0.022	4.073
950.600	0.023	4.073
950.800	0.023	4.073
951.000	0.023	4.073
951.200	0.021	4.073
951.400	0.021	4.073
951.600	0.023	4.073
951.800	0.022	4.073
952.000	0.025	4.073
952.200	0.022	4.073
952.400	0.022	4.073
952.600	0.023	4.073
952.800	0.026	4.073
953.000	0.023	4.073
953.200	0.023	4.073
953.400	0.024	4.073
953.600	0.022	4.073
953.800	0.022	4.073
954.000	0.022	4.073
954.200	0.023	4.073
954.400	0.022	4.073
954.600	0.023	4.073
954.800	0.021	4.073
955.000	0.022	4.073
955.200	0.021	4.073
955.400	0.022	4.073
955.600	0.023	4.073
955.800	0.023	4.073
956.000	0.021	4.073
956.200	0.022	4.073
956.400	0.023	4.073
956.600	0.020	4.073
956.800	0.021	4.073
957.000	0.022	4.073
957.200	0.022	4.073
957.400	0.022	4.073
957.600	0.022	4.073
957.800	0.023	4.073
958.000	0.023	4.073
958.200	0.021	4.073
958.400	0.024	4.073
958.600	0.023	4.073
958.800	0.022	4.073
959.000	0.022	4.073
959.200	0.022	4.073
959.400	0.022	4.073
959.600	0.023	4.073
959.800	0.025	4.073
960.000	0.023	4.073
960.200	0.022	4.073
960.400	0.021	4.073
960.600	0.023	4.073
960.800	0.022	4.073
961.000	0.022	4.073
961.200	0.024	4.073
961.400	0.023	4.073
961.600	0.022	4.073
961.800	0.023	4.073
962.000	0.024	4.073
962.200	0.022	4.073
962.400	0.021	4.073
962.600	0.020	4.073
962.800	0.021	4.073
963.000	0.022	4.073
963.200	0.022	4.073
963.400	0.023	4.073
963.600	0.023	4.073
963.800	0.022	4.073
964.000	0.022	4.073
964.200	0.021	4.073
964.400	0.022	4.073
964.600	0.023	4.073
964.800	0.023	4.073
965.000	0.022	4.073
965.200	0.022	4.073
965.400	0.021	4.073
965.600	0.020	4.073
965.800	0.021	4.073
966.000	0.022	4.073
966.200	0.022	4.073
966.400	0.022	4.073
966.600	0.021	4.073
966.800	0.022	4.073
967.000	0.023	4.073
967.200	0.021	4.073
967.400	0.022	4.073
967.600	0.023	4.073
967.800	0.021	4.073
968.000	0.021	4.073
968.200	0.022	4.073
968.400	0.020	4.073
968.600	0.023	4.073
968.800	0.023	4.073
969.000	0.023	4.073
969.200	0.023	4.073
969.400	0.023	4.073
969.600	0.023	4.073
969.800	0.023	4.073
970.000	0.022	4.073
970.200	0.023	4.073
970.400	0.024	4.073
970.600	0.022	4.073
970.800	0.020	4.073
971.000	0.022	4.073
971.200	0.022	4.073
971.400	0.022	4.073
971.600	0.022	4.073
971.800	0.022	4.073
972.000	0.021	4.073
972.200	0.020	4.073
972.400	0.021	4.073
972.600	0.021	4.073
972.800	0.022	4.073
973.000	0.022	4.073
973.200	0.021	4.073
973.400	0.021	4.073
973.600	0.020	4.073
973.800	0.019	4.073
974.000	0.023	4.073
974.200	0.022	4.073
974.400	0.022	4.073
974.600	0.022	4.073
974.800	0.022	4.073
975.000	0.022	4.073
975.200	0.022	4.073
975.400	0.023	4.073
975.600	0.023	4.073
975.800	0.022	4.073
976.000	0.022	4.073
976.200	0.022	4.073
976.400	0.023	4.073
976.600	0.023	4.073
976.800	0.022	4.073
977.000	0.022	4.073
977.200	0.022	4.073
977.400	0.022	4.073
977.600	0.021	4.073
977.800	0.021	4.073
978.000	0.022	4.073
978.200	0.022	4.073
978.400	0.022	4.073
978.600	0.022	4.073
978.800	0.022	4.073
979.000	0.022	4.073
979.200	0.022	4.073
979.400	0.022	4.073
979.600	0.022	4.073
979.800	0.022	4.073
980.000	0.022	4.073
980.200	0.021	4.073
980.400	0.021	4.073
980.600	0.021	4.073
980.800	0.020	4.073
981.000	0.021	4.073
981.200	0.020	4.073
981.400	0.022	4.073
981.600	0.022	4.073
981.800	0.022	4.073
982.000	0.022	4.073
982.200	0.021	4.073
982.400	0.020	4.073
982.600	0.022	4.073
982.800	0.021	4.073
983.000	0.021	4.073
983.200	0.021	4.073
983.400	0.021	4.073
983.600	0.021	4.073
983.800	0.021	4.073
984.000	0.020	4.073
984.200	0.021	4.073
984.400	0.021	4.073
984.600	0.022	4.073
984.800	0.023	4.073
985.000	0.023	4.073
985.200	0.023	4.073
985.400	0.024	4.073
985.600	0.022	4.073
985.800	0.022	4.073
986.000	0.023	4.073
986.200	0.022	4.073
986.400	0.022	4.073
986.600	0.021	4.073
986.800	0.023	4.073
987.000	0.023	4.073
987.200	0.023	4.073
987.400	0.023	4.073
987.600	0.023	4.073
987.800	0.024	4.073
988.000	0.022	4.073
988.200	0.021	4.073
988.400	0.021	4.073
988.600	0.021	4.073
988.800	0.020	4.073
989.000	0.020	4.073
989.200	0.021	4.073
989.400	0.021	4.073
989.600	0.022	4.073
989.800	0.023	4.073
990.000	0.022	4.073
990.200	0.021	4.073
990.400	0.022	4.073
990.600	0.021	4.073
990.800	0.022	4.073
991.000	0.022	4.073
991.200	0.022	4.073
991.400	0.022	4.073
991.600	0.021	4.073
991.800	0.023	4.073
992.000	0.022	4.073
992.200	0.022	4.073
992.400	0.022	4.073
992.600	0.022	4.073
992.800	0.024	4.073
993.000	0.022	4.073
993.200	0.023	4.073
993.400	0.023	4.073
993.600	0.024	4.073
993.800	0.023	4.073
994.000	0.021	4.073
994.200	0.021	4.073
994.400	0.021	4.073
994.600	0.022	4.073
994.800	0.023	4.073
995.000	0.022	4.073
995.200	0.021	4.073
995.400	0.023	4.073
995.600	0.021	4.073
995.800	0.020	4.073
996.000	0.021	4.073
996.200	0.022	4.073
996.400	0.021	4.073
996.600	0.021	4.073
996.800	0.021	4.073
997.000	0.021	4.073
997.200	0.021	4.073
997.400	0.021	4.073
997.600	0.022	4.073
997.800	0.020	4.073
998.000	0.022	4.073
998.200	0.022	4.073
998.400	0.021	4.073
998.600	0.023	4.073
998.800	0.022	4.073
999.000	0.023	4.073
999.200	0.021	4.073
999.400	0.022	4.073
999.600	0.023	4.073
999.800	0.023	4.073
1000.000	0.022	4.073
1000.200	0.022	4.073
1000.400	0.022	4.073
1000.600	0.021	4.073
1000.800	0.022	4.073
1001.000	0.022	4.073
1001.200	0.022	4.073
1001.400	0.022	4.073
1001.600	0.021	4.073
1001.800	0.021	4.073
1002.000	0.021	4.073
1002.200	0.021	4.073
1002.400	0.022	4.073
1002.600	0.021	4.073
1002.800	0.022	4.073
1003.000	0.021	4.073
1003.200	0.021	4.073
1003.400	0.022	4.073
1003.600	0.022	4.073
1003.800	0.021	4.073
1004.000	0.020	4.073
1004.200	0.021	4.073
1004.400	0.020	4.073
1004.600	0.021	4.073
1004.800	0.021	4.073
1005.000	0.021	4.073
1005.200	0.020	4.073
1005.400	0.020	4.073
1005.600	0.020	4.073
1005.800	0.021	4.073
1006.000	0.021	4.073
1006.200	0.022	4.073
1006.400	0.022	4.073
1006.600	0.022	4.073
1006.800	0.022	4.073
1007.000	0.022	4.073
1007.200	0.022	4.073
1007.400	0.022	4.073
1007.600	0.021	4.073
1007.800	0.020	4.073
1008.000	0.021	4.073
1008.200	0.021	4.073
1008.400	0.022	4.073
1008.600	0.022	4.073
1008.800	0.021	4.073
1009.000	0.020	4.073
1009.200	0.020	4.073
1009.400	0.020	4.073
1009.600	0.021	4.073
1009.800	0.022	4.073
1010.000	0.022	4.073
1010.200	0.022	4.073
1010.400	0.021	4.073
1010.600	0.021	4.073
1010.800	0.020	4.073
1011.000	0.020	4.073
1011.200	0.022	4.073
1011.400	0.020	4.073
1011.600	0.021	4.073
1011.800	0.022	4.073
1012.000	0.020	4.073
1012.200	0.021	4.073
1012.400	0.021	4.073
1012.600	0.022	4.073
1012.800	0.022	4.073
1013.000	0.022	4.073
1013.200	0.023	4.073
1013.400	0.023	4.073
1013.600	0.021	4.073
1013.800	0.022	4.073
1014.000	0.022	4.073
1014.200	0.022	4.073
1014.400	0.023	4.073
1014.600	0.022	4.073
1014.800	0.022	4.073
1015.000	0.022	4.073
1015.200	0.022	4.073
1015.400	0.023	4.073
1015.600	0.022	4.073
1015.800	0.022	4.073
1016.000	0.024	4.073
1016.200	0.023	4.073
1016.400	0.023	4.073
1016.600	0.023	4.073
1016.800	0.021	4.073
1017.000	0.022	4.073
1017.200	0.023	4.073
1017.400	0.023	4.073
1017.600	0.022	4.073
1017.800	0.024	4.073
1018.000	0.023	4.073
1018.200	0.023	4.073
1018.400	0.021	4.073
1018.600	0.021	4.073
1018.800	0.022	4.073
1019.000	0.021	4.073
1019.200	0.022	4.073
1019.400	0.022	4.073
1019.600	0.022	4.073
1019.800	0.022	4.073
1020.000	0.021	4.073
1020.200	0.022	4.073
1020.400	0.023	4.073
1020.600	0.024	4.073
1020.800	0.023	4.073
1021.000	0.024	4.073
1021.200	0.024	4.073
1021.400	0.023	4.073
1021.600	0.023	4.073
1021.800	0.023	4.073
1022.000	0.022	4.073
1022.200	0.023	4.073
1022.400	0.023	4.073
1022.600	0.023	4.073
1022.800	0.023	4.073
1023.000	0.021	4.073
1023.200	0.022	4.073
1023.400	0.022	4.073
1023.600	0.023	4.073
1023.800	0.023	4.073
1024.000	0.023	4.073
1024.200	0.024	4.073
1024.400	0.023	4.073
1024.600	0.021	4.073
1024.800	0.022	4.073
1025.000	0.025	4.073
1025.200	0.022	4.073
1025.400	0.022	4.073
1025.600	0.022	4.073
1025.800	0.022	4.073
1026.000	0.022	4.073
1026.200	0.023	4.073
1026.400	0.021	4.073
1026.600	0.023	4.073
1026.800	0.024	4.073
1027.000	0.022	4.073
1027.200	0.022	4.073
1027.400	0.024	4.073
1027.600	0.023	4.073
1027.800	0.023	4.073
1028.000	0.023	4.073
1028.200	0.024	4.073
1028.400	0.023	4.073
1028.600	0.022	4.073
1028.800	0.023	4.073
1029.000	0.021	4.073
1029.200	0.023	4.073
1029.400	0.023	4.073
1029.600	0.022	4.073
1029.800	0.022	4.073
1030.000	0.022	4.073
1030.200	0.021	4.073
1030.400	0.023	4.073
1030.600	0.024	4.073
1030.800	0.023	4.073
1031.000	0.023	4.073
1031.200	0.022	4.073
1031.400	0.022	4.073
1031.600	0.022	4.073
1031.800	0.023	4.073
1032.000	0.024	4.073
1032.200	0.023	4.073
1032.400	0.023	4.073
1032.600	0.023	4.073
1032.800	0.022	4.073
1033.000	0.024	4.073
1033.200	0.023	4.073
1033.400	0.022	4.073
1033.600	0.022	4.073
1033.800	0.023	4.073
1034.000	0.025	4.073
1034.200	0.024	4.073
1034.400	0.023	4.073
1034.600	0.023	4.073
1034.800	0.023	4.073
1035.000	0.022	4.073
1035.200	0.023	4.073
1035.400	0.022	4.073
1035.600	0.022	4.073
1035.800	0.022	4.073
1036.000	0.022	4.073
1036.200	0.022	4.073
1036.400	0.023	4.073
1036.600	0.021	4.073
1036.800	0.022	4.073
1037.000	0.022	4.073
1037.200	0.023	4.073
1037.400	0.022	4.073
1037.600	0.023	4.073
1037.800	0.023	4.073
1038.000	0.022	4.073
1038.200	0.022	4.073
1038.400	0.022	4.073
1038.600	0.022	4.073
1038.800	0.024	4.073
1039.000	0.024	4.073
1039.200	0.025	4.073
1039.400	0.023	4.073
1039.600	0.022	4.073
1039.800	0.022	4.073
1040.000	0.023	4.073
1040.200	0.022	4.073
1040.400	0.023	4.073
1040.600	0.021	4.073
1040.800	0.023	4.073
1041.000	0.024	4.073
1041.200	0.021	4.073
1041.400	0.024	4.073
1041.600	0.023	4.073
1041.800	0.024	4.073
1042.000	0.023	4.073
1042.200	0.022	4.073
1042.400	0.021	4.073
1042.600	0.024	4.073
1042.800	0.023	4.073
1043.000	0.024	4.073
1043.200	0.023	4.073
1043.400	0.025	4.073
1043.600	0.024	4.073
1043.800	0.025	4.073
1044.000	0.025	4.073
1044.200	0.024	4.073
1044.400	0.024	4.073
1044.600	0.025	4.073
1044.800	0.023	4.073
1045.000	0.023	4.073
1045.200	0.023	4.073
1045.400	0.024	4.073
1045.600	0.025	4.073
1045.800	0.025	4.073
1046.000	0.024	4.073
1046.200	0.022	4.073
1046.400	0.023	4.073
1046.600	0.024	4.073
1046.800	0.025	4.073
1047.000	0.024	4.073
1047.200	0.024	4.073
1047.400	0.024	4.073
1047.600	0.025	4.073
1047.800	0.023	4.073
1048.000	0.022	4.073
1048.200	0.022	4.073
1048.400	0.023	4.073
1048.600	0.023	4.073
1048.800	0.022	4.073
1049.000	0.023	4.073
1049.200	0.025	4.073
1049.400	0.023	4.073
1049.600	0.022	4.073
1049.800	0.024	4.073
1050.000	0.023	4.073
1050.200	0.023	4.073
1050.400	0.025	4.073
1050.600	0.024	4.073
1050.800	0.024	4.073
1051.000	0.022	4.073
1051.200	0.024	4.073
1051.400	0.023	4.073
1051.600	0.023	4.073
1051.800	0.023	4.073
1052.000	0.023	4.073
1052.200	0.022	4.073
1052.400	0.022	4.073
1052.600	0.021	4.073
1052.800	0.022	4.073
1053.000	0.022	4.073
1053.200	0.022	4.073
1053.400	0.021	4.073
1053.600	0.022	4.073
1053.800	0.021	4.073
1054.000	0.022	4.073
1054.200	0.021	4.073
1054.400	0.020	4.073
1054.600	0.022	4.073
1054.800	0.023	4.073
1055.000	0.021	4.073
1055.200	0.023	4.073
1055.400	0.023	4.073
1055.600	0.026	4.073
1055.800	0.025	4.073
1056.000	0.025	4.073
1056.200	0.024	4.073
1056.400	0.023	4.073
1056.600	0.022	4.073
1056.800	0.023	4.073
1057.000	0.023	4.073
1057.200	0.021	4.073
1057.400	0.023	4.073
1057.600	0.022	4.073
1057.800	0.022	4.073
1058.000	0.024	4.073
1058.200	0.024	4.073
1058.400	0.025	4.073
1058.600	0.024	4.073
1058.800	0.024	4.073
1059.000	0.025	4.073
1059.200	0.025	4.073
1059.400	0.024	4.073
1059.600	0.023	4.073
1059.800	0.023	4.073
1060.000	0.026	4.073
1060.200	0.024	4.073
1060.400	0.023	4.073
1060.600	0.024	4.073
1060.800	0.025	4.073
1061.000	0.025	4.073
1061.200	0.023	4.073
1061.400	0.025	4.073
1061.600	0.024	4.073
1061.800	0.024	4.073
1062.000	0.025	4.073
1062.200	0.024	4.073
1062.400	0.024	4.073
1062.600	0.023	4.073
1062.800	0.023	4.073
1063.000	0.022	4.073
1063.200	0.023	4.073
1063.400	0.023	4.073
1063.600	0.022	4.073
1063.800	0.024	4.073
1064.000	0.023	4.073
1064.200	0.025	4.073
1064.400	0.024	4.073
1064.600	0.020	4.073
1064.800	0.022	4.073
1065.000	0.022	4.073
1065.200	0.024	4.073
1065.400	0.024	4.073
1065.600	0.024	4.073
1065.800	0.022	4.073
1066.000	0.022	4.073
1066.200	0.023	4.073
1066.400	0.023	4.073
1066.600	0.023	4.073
1066.800	0.023	4.073
1067.000	0.023	4.073
1067.200	0.024	4.073
1067.400	0.025	4.073
1067.600	0.024	4.073
1067.800	0.023	4.073
1068.000	0.023	4.073
1068.200	0.023	4.073
1068.400	0.022	4.073
1068.600	0.022	4.073
1068.800	0.024	4.073
1069.000	0.024	4.073
1069.200	0.025	4.073
1069.400	0.025	4.073
1069.600	0.024	4.073
1069.800	0.022	4.073
1070.000	0.023	4.073
1070.200	0.023	4.073
1070.400	0.023	4.073
1070.600	0.024	4.073
1070.800	0.022	4.073
1071.000	0.022	4.073
1071.200	0.023	4.073
1071.400	0.022	4.073
1071.600	0.020	4.073
1071.800	0.023	4.073
1072.000	0.023	4.073
1072.200	0.023	4.073
1072.400	0.023	4.073
1072.600	0.025	4.073
1072.800	0.025	4.073
1073.000	0.023	4.073
1073.200	0.023	4.073
1073.400	0.023	4.073
1073.600	0.022	4.073
1073.800	0.023	4.073
1074.000	0.022	4.073
1074.200	0.023	4.073
1074.400	0.022	4.073
1074.600	0.022	4.073
1074.800	0.021	4.073
1075.000	0.022	4.073
1075.200	0.021	4.073
1075.400	0.022	4.073
1075.600	0.022	4.073
1075.800	0.022	4.073
1076.000	0.022	4.073
1076.200	0.023	4.073
1076.400	0.022	4.073
1076.600	0.023	4.073
1076.800	0.023	4.073
1077.000	0.022	4.073
1077.200	0.024	4.073
1077.400	0.023	4.073
1077.600	0.021	4.073
1077.800	0.023	4.073
1078.000	0.023	4.073
1078.200	0.022	4.073
1078.400	0.023	4.073
1078.600	0.023	4.073
1078.800	0.021	4.073
1079.000	0.022	4.073
1079.200	0.022	4.073
1079.400	0.025	4.073
1079.600	0.023	4.073
1079.800	0.023	4.073
1080.000	0.024	4.073
1080.200	0.023	4.073
1080.400	0.022	4.073
1080.600	0.026	4.073
1080.800	0.024	4.073
1081.000	0.023	4.073
1081.200	0.023	4.073
1081.400	0.024	4.073
1081.600	0.023	4.073
1081.800	0.023	4.073
1082.000	0.022	4.073
1082.200	0.023	4.073
1082.400	0.023	4.073
1082.600	0.023	4.073
1082.800	0.022	4.073
1083.000	0.022	4.073
1083.200	0.023	4.073
1083.400	0.022	4.073
1083.600	0.023	4.073
1083.800	0.023	4.073
1084.000	0.022	4.073
1084.200	0.024	4.073
1084.400	0.023	4.073
1084.600	0.025	4.073
1084.800	0.023	4.073
1085.000	0.025	4.073
1085.200	0.023	4.073
1085.400	0.025	4.073
1085.600	0.024	4.073
1085.800	0.025	4.073
1086.000	0.024	4.073
1086.200	0.024	4.073
1086.400	0.026	4.073
1086.600	0.025	4.073
1086.800	0.027	4.073
1087.000	0.025	4.073
1087.200	0.025	4.073
1087.400	0.024	4.073
1087.600	0.024	4.073
1087.800	0.025	4.073
1088.000	0.025	4.073
1088.200	0.025	4.073
1088.400	0.025	4.073
1088.600	0.025	4.073
1088.800	0.024	4.073
1089.000	0.024	4.073
1089.200	0.025	4.073
1089.400	0.024	4.073
1089.600	0.024	4.073
1089.800	0.023	4.073
1090.000	0.023	4.073
1090.200	0.022	4.073
1090.400	0.021	4.073
1090.600	0.023	4.073
1090.800	0.022	4.073
1091.000	0.023	4.073
1091.200	0.024	4.073
1091.400	0.020	4.073
1091.600	0.023	4.073
1091.800	0.022	4.073
1092.000	0.022	4.073
1092.200	0.023	4.073
1092.400	0.023	4.073
1092.600	0.023	4.073
1092.800	0.022	4.073
1093.000	0.025	4.073
1093.200	0.023	4.073
1093.400	0.023	4.073
1093.600	0.024	4.073
1093.800	0.024	4.073
1094.000	0.023	4.073
1094.200	0.024	4.073
1094.400	0.025	4.073
1094.600	0.024	4.073
1094.800	0.022	4.073
1095.000	0.023	4.073
1095.200	0.024	4.073
1095.400	0.024	4.073
1095.600	0.023	4.073
1095.800	0.022	4.073
1096.000	0.023	4.073
1096.200	0.022	4.073
1096.400	0.023	4.073
1096.600	0.023	4.073
1096.800	0.024	4.073
1097.000	0.023	4.073
1097.200	0.023	4.073
1097.400	0.023	4.073
1097.600	0.023	4.073
1097.800	0.024	4.073
1098.000	0.024	4.073
1098.200	0.024	4.073
1098.400	0.025	4.073
1098.600	0.024	4.073
1098.800	0.023	4.073
1099.000	0.024	4.073
1099.200	0.023	4.073
1099.400	0.023	4.073
1099.600	0.025	4.073
1099.800	0.024	4.073
1100.000	0.023	4.073
1100.200	0.023	4.073
1100.400	0.023	4.073
1100.600	0.023	4.073
1100.800	0.022	4.073
1101.000	0.022	4.073
1101.200	0.023	4.073
1101.400	0.022	4.073
1101.600	0.022	4.073
1101.800	0.021	4.073
1102.000	0.022	4.073
1102.200	0.023	4.073
1102.400	0.024	4.073
1102.600	0.024	4.073
1102.800	0.023	4.073
1103.000	0.025	4.073
1103.200	0.022	4.073
1103.400	0.023	4.073
1103.600	0.022	4.073
1103.800	0.022	4.073
1104.000	0.024	4.073
1104.200	0.022	4.073
1104.400	0.023	4.073
1104.600	0.021	4.073
1104.800	0.022	4.073
1105.000	0.023	4.073
1105.200	0.023	4.073
1105.400	0.022	4.073
1105.600	0.022	4.073
1105.800	0.020	4.073
1106.000	0.022	4.073
1106.200	0.022	4.073
1106.400	0.022	4.073
1106.600	0.022	4.073
1106.800	0.021	4.073
1107.000	0.022	4.073
1107.200	0.021	4.073
1107.400	0.022	4.073
1107.600	0.022	4.073
1107.800	0.023	4.073
1108.000	0.022	4.073
1108.200	0.025	4.073
1108.400	0.021	4.073
1108.600	0.024	4.073
1108.800	0.023	4.073
1109.000	0.022	4.073
1109.200	0.024	4.073
1109.400	0.025	4.073
1109.600	0.023	4.073
1109.800	0.023	4.073
1110.000	0.024	4.073
1110.200	0.023	4.073
1110.400	0.021	4.073
1110.600	0.023	4.073
1110.800	0.024	4.073
1111.000	0.023	4.073
1111.200	0.025	4.073
1111.400	0.023	4.073
1111.600	0.022	4.073
1111.800	0.023	4.073
1112.000	0.021	4.073
1112.200	0.024	4.073
1112.400	0.024	4.073
1112.600	0.023	4.073
1112.800	0.024	4.073
1113.000	0.024	4.073
1113.200	0.022	4.073
1113.400	0.022	4.073
1113.600	0.022	4.073
1113.800	0.024	4.073
1114.000	0.023	4.073
1114.200	0.024	4.073
1114.400	0.023	4.073
1114.600	0.024	4.073
1114.800	0.022	4.073
1115.000	0.022	4.073
1115.200	0.021	4.073
1115.400	0.021	4.073
1115.600	0.021	4.073
1115.800	0.021	4.073
1116.000	0.021	4.073
1116.200	0.021	4.073
1116.400	0.022	4.073
1116.600	0.022	4.073
1116.800	0.021	4.073
1117.000	0.021	4.073
1117.200	0.022	4.073
1117.400	0.024	4.073
1117.600	0.023	4.073
1117.800	0.022	4.073
1118.000	0.022	4.073
1118.200	0.023	4.073
1118.400	0.021	4.073
1118.600	0.022	4.073
1118.800	0.023	4.073
1119.000	0.023	4.073
1119.200	0.023	4.073
1119.400	0.022	4.073
1119.600	0.022	4.073
1119.800	0.021	4.073
1120.000	0.021	4.073
1120.200	0.021	4.073
1120.400	0.021	4.073
1120.600	0.023	4.073
1120.800	0.021	4.073
1121.000	0.020	4.073
1121.200	0.021	4.073
1121.400	0.022	4.073
1121.600	0.021	4.073
1121.800	0.021	4.073
1122.000	0.021	4.073
1122.200	0.022	4.073
1122.400	0.020	4.073
1122.600	0.022	4.073
1122.800	0.021	4.073
1123.000	0.021	4.073
1123.200	0.021	4.073
1123.400	0.021	4.073
1123.600	0.022	4.073
1123.800	0.021	4.073
1124.000	0.022	4.073
1124.200	0.021	4.073
1124.400	0.021	4.073
1124.600	0.019	4.073
1124.800	0.023	4.073
1125.000	0.021	4.073
1125.200	0.021	4.073
1125.400	0.021	4.073
1125.600	0.020	4.073
1125.800	0.021	4.073
1126.000	0.021	4.073
1126.200	0.021	4.073
1126.400	0.022	4.073
1126.600	0.021	4.073
1126.800	0.021	4.073
1127.000	0.020	4.073
1127.200	0.022	4.073
1127.400	0.023	4.073
1127.600	0.022	4.073
1127.800	0.022	4.073
1128.000	0.021	4.073
1128.200	0.022	4.073
1128.400	0.021	4.073
1128.600	0.022	4.073
1128.800	0.023	4.073
1129.000	0.021	4.073
1129.200	0.021	4.073
1129.400	0.021	4.073
1129.600	0.022	4.073
1129.800	0.021	4.073
1130.000	0.023	4.073
1130.200	0.022	4.073
1130.400	0.022	4.073
1130.600	0.023	4.073
1130.800	0.021	4.073
1131.000	0.022	4.073
1131.200	0.023	4.073
1131.400	0.023	4.073
1131.600	0.022	4.073
1131.800	0.023	4.073
1132.000	0.023	4.073
1132.200	0.023	4.073
1132.400	0.021	4.073
1132.600	0.020	4.073
1132.800	0.021	4.073
1133.000	0.022	4.073
1133.200	0.022	4.073
1133.400	0.022	4.073
1133.600	0.023	4.073
1133.800	0.021	4.073
1134.000	0.020	4.073
1134.200	0.023	4.073
1134.400	0.024	4.073
1134.600	0.022	4.073
1134.800	0.020	4.073
1135.000	0.022	4.073
1135.200	0.022	4.073
1135.400	0.022	4.073
1135.600	0.024	4.073
1135.800	0.024	4.073
1136.000	0.023	4.073
1136.200	0.022	4.073
1136.400	0.023	4.073
1136.600	0.023	4.073
1136.800	0.021	4.073
1137.000	0.023	4.073
1137.200	0.023	4.073
1137.400	0.023	4.073
1137.600	0.021	4.073
1137.800	0.023	4.073
1138.000	0.023	4.073
1138.200	0.024	4.073
1138.400	0.024	4.073
1138.600	0.023	4.073
1138.800	0.024	4.073
1139.000	0.022	4.073
1139.200	0.023	4.073
1139.400	0.024	4.073
1139.600	0.022	4.073
1139.800	0.023	4.073
1140.000	0.022	4.073
1140.200	0.023	4.073
1140.400	0.023	4.073
1140.600	0.023	4.073
1140.800	0.022	4.073
1141.000	0.024	4.073
1141.200	0.023	4.073
1141.400	0.023	4.073
1141.600	0.023	4.073
1141.800	0.023	4.073
1142.000	0.022	4.073
1142.200	0.023	4.073
1142.400	0.022	4.073
1142.600	0.023	4.073
1142.800	0.022	4.073
1143.000	0.023	4.073
1143.200	0.022	4.073
1143.400	0.022	4.073
1143.600	0.022	4.073
1143.800	0.024	4.073
1144.000	0.023	4.073
1144.200	0.022	4.073
1144.400	0.022	4.073
1144.600	0.023	4.073
1144.800	0.023	4.073
1145.000	0.024	4.073
1145.200	0.022	4.073
1145.400	0.024	4.073
1145.600	0.022	4.073
1145.800	0.021	4.073
1146.000	0.022	4.073
1146.200	0.021	4.073
1146.400	0.023	4.073
1146.600	0.022	4.073
1146.800	0.021	4.073
1147.000	0.024	4.073
1147.200	0.022	4.073
1147.400	0.023	4.073
1147.600	0.023	4.073
1147.800	0.023	4.073
1148.000	0.022	4.073
1148.200	0.021	4.073
1148.400	0.021	4.073
1148.600	0.022	4.073
1148.800	0.021	4.073
1149.000	0.023	4.073
1149.200	0.021	4.073
1149.400	0.023	4.073
1149.600	0.022	4.073
1149.800	0.022	4.073
1150.000	0.023	4.073
1150.200	0.022	4.073
1150.400	0.023	4.073
1150.600	0.023	4.073
1150.800	0.022	4.073
1151.000	0.023	4.073
1151.200	0.023	4.073
1151.400	0.024	4.073
1151.600	0.023	4.073
1151.800	0.023	4.073
1152.000	0.024	4.073
1152.200	0.025	4.073
1152.400	0.021	4.073
1152.600	0.024	4.073
1152.800	0.022	4.073
1153.000	0.023	4.073
1153.200	0.022	4.073
1153.400	0.023	4.073
1153.600	0.024	4.073
1153.800	0.025	4.073
1154.000	0.024	4.073
1154.200	0.023	4.073
1154.400	0.023	4.073
1154.600	0.024	4.073
1154.800	0.023	4.073
1155.000	0.022	4.073
1155.200	0.024	4.073
1155.400	0.023	4.073
1155.600	0.023	4.073
1155.800	0.022	4.073
1156.000	0.022	4.073
1156.200	0.023	4.073
1156.400	0.022	4.073
1156.600	0.021	4.073
1156.800	0.024	4.073
1157.000	0.022	4.073
1157.200	0.023	4.073
1157.400	0.023	4.073
1157.600	0.023	4.073
1157.800	0.023	4.073
1158.000	0.024	4.073
1158.200	0.025	4.073
1158.400	0.024	4.073
1158.600	0.025	4.073
1158.800	0.025	4.073
1159.000	0.024	4.073
1159.200	0.023	4.073
1159.400	0.023	4.073
1159.600	0.024	4.073
1159.800	0.024	4.073
1160.000	0.023	4.073
1160.200	0.023	4.073
1160.400	0.023	4.073
1160.600	0.022	4.073
1160.800	0.023	4.073
1161.000	0.022	4.073
1161.200	0.022	4.073
1161.400	0.022	4.073
1161.600	0.024	4.073
1161.800	0.022	4.073
1162.000	0.023	4.073
1162.200	0.024	4.073
1162.400	0.022	4.073
1162.600	0.021	4.073
1162.800	0.022	4.073
1163.000	0.023	4.073
1163.200	0.021	4.073
1163.400	0.023	4.073
1163.600	0.023	4.073
1163.800	0.022	4.073
1164.000	0.022	4.073
1164.200	0.022	4.073
1164.400	0.021	4.073
1164.600	0.022	4.073
1164.800	0.022	4.073
1165.000	0.023	4.073
1165.200	0.023	4.073
1165.400	0.023	4.073
1165.600	0.021	4.073
1165.800	0.023	4.073
1166.000	0.024	4.073
1166.200	0.022	4.073
1166.400	0.022	4.073
1166.600	0.021	4.073
1166.800	0.024	4.073
1167.000	0.022	4.073
1167.200	0.022	4.073
1167.400	0.021	4.073
1167.600	0.021	4.073
1167.800	0.022	4.073
1168.000	0.023	4.073
1168.200	0.023	4.073
1168.400	0.022	4.073
1168.600	0.022	4.073
1168.800	0.022	4.073
1169.000	0.021	4.073
1169.200	0.022	4.073
1169.400	0.023	4.073
1169.600	0.024	4.073
1169.800	0.023	4.073
1170.000	0.022	4.073
1170.200	0.021	4.073
1170.400	0.022	4.073
1170.600	0.022	4.073
1170.800	0.022	4.073
1171.000	0.022	4.073
1171.200	0.022	4.073
1171.400	0.023	4.073
1171.600	0.023	4.073
1171.800	0.024	4.073
1172.000	0.024	4.073
1172.200	0.022	4.073
1172.400	0.022	4.073
1172.600	0.023	4.073
1172.800	0.023	4.073
1173.000	0.022	4.073
1173.200	0.022	4.073
1173.400	0.023	4.073
1173.600	0.024	4.073
1173.800	0.024	4.073
1174.000	0.023	4.073
1174.200	0.021	4.073
1174.400	0.022	4.073
1174.600	0.022	4.073
1174.800	0.023	4.073
1175.000	0.023	4.073
1175.200	0.023	4.073
1175.400	0.024	4.073
1175.600	0.022	4.073
1175.800	0.023	4.073
1176.000	0.022	4.073
1176.200	0.022	4.073
1176.400	0.023	4.073
1176.600	0.024	4.073
1176.800	0.024	4.073
1177.000	0.024	4.073
1177.200	0.021	4.073
1177.400	0.022	4.073
1177.600	0.022	4.073
1177.800	0.021	4.073
1178.000	0.022	4.073
1178.200	0.023	4.073
1178.400	0.021	4.073
1178.600	0.023	4.073
1178.800	0.024	4.073
1179.000	0.023	4.073
1179.200	0.023	4.073
1179.400	0.024	4.073
1179.600	0.023	4.073
1179.800	0.023	4.073
1180.000	0.022	4.073
1180.200	0.024	4.073
1180.400	0.025	4.073
1180.600	0.023	4.073
1180.800	0.025	4.073
1181.000	0.022	4.073
1181.200	0.023	4.073
1181.400	0.023	4.073
1181.600	0.021	4.073
1181.800	0.024	4.073
1182.000	0.023	4.073
1182.200	0.024	4.073
1182.400	0.023	4.073
1182.600	0.024	4.073
1182.800	0.023	4.073
1183.000	0.022	4.073
1183.200	0.022	4.073
1183.400	0.024	4.073
1183.600	0.023	4.073
1183.800	0.023	4.073
1184.000	0.023	4.073
1184.200	0.023	4.073
1184.400	0.023	4.073
1184.600	0.024	4.073
1184.800	0.024	4.073
1185.000	0.024	4.073
1185.200	0.024	4.073
1185.400	0.022	4.073
1185.600	0.024	4.073
1185.800	0.024	4.073
1186.000	0.022	4.073
1186.200	0.020	4.073
1186.400	0.022	4.073
1186.600	0.022	4.073
1186.800	0.021	4.073
1187.000	0.023	4.073
1187.200	0.024	4.073
1187.400	0.023	4.073
1187.600	0.025	4.073
1187.800	0.019	4.073
1188.000	0.024	4.073
1188.200	0.024	4.073
1188.400	0.024	4.073
1188.600	0.025	4.073
1188.800	0.025	4.073
1189.000	0.024	4.073
1189.200	0.025	4.073
1189.400	0.025	4.073
1189.600	0.026	4.073
1189.800	0.025	4.073
1190.000	0.025	4.073
1190.200	0.027	4.073
1190.400	0.025	4.073
1190.600	0.026	4.073
1190.800	0.026	4.073
1191.000	0.025	4.073
1191.200	0.024	4.073
1191.400	0.022	4.073
1191.600	0.025	4.073
1191.800	0.026	4.073
1192.000	0.024	4.073
1192.200	0.024	4.073
1192.400	0.026	4.073
1192.600	0.025	4.073
1192.800	0.025	4.073
1193.000	0.025	4.073
1193.200	0.024	4.073
1193.400	0.025	4.073
1193.600	0.025	4.073
1193.800	0.025	4.073
1194.000	0.024	4.073
1194.200	0.024	4.073
1194.400	0.025	4.073
1194.600	0.025	4.073
1194.800	0.024	4.073
1195.000	0.025	4.073
1195.200	0.024	4.073
1195.400	0.024	4.073
1195.600	0.023	4.073
1195.800	0.024	4.073
1196.000	0.023	4.073
1196.200	0.022	4.073
1196.400	0.024	4.073
1196.600	0.023	4.073
1196.800	0.023	4.073
1197.000	0.026	4.073
1197.200	0.023	4.073
1197.400	0.025	4.073
1197.600	0.023	4.073
1197.800	0.024	4.073
1198.000	0.024	4.073
1198.200	0.024	4.073
1198.400	0.023	4.073
1198.600	0.023	4.073
1198.800	0.024	4.073
1199.000	0.024	4.073
1199.200	0.025	4.073
1199.400	0.023	4.073
1199.600	0.025	4.073
1199.800	0.023	4.073
1200.000	0.024	4.073
1200.200	0.023	4.073
1200.400	0.023	4.073
1200.600	0.022	4.073
1200.800	0.023	4.073
1201.000	0.023	4.073
1201.200	0.023	4.073
1201.400	0.022	4.073
1201.600	0.023	4.073
1201.800	0.023	4.073
1202.000	0.023	4.073
1202.200	0.022	4.073
1202.400	0.022	4.073
1202.600	0.023	4.073
1202.800	0.021	4.073
1203.000	0.022	4.073
1203.200	0.023	4.073
1203.400	0.022	4.073
1203.600	0.022	4.073
1203.800	0.023	4.073
1204.000	0.023	4.073
1204.200	0.022	4.073
1204.400	0.023	4.073
1204.600	0.021	4.073
1204.800	0.021	4.073
1205.000	0.022	4.073
1205.200	0.022	4.073
1205.400	0.023	4.073
1205.600	0.021	4.073
1205.800	0.022	4.073
1206.000	0.022	4.073
1206.200	0.022	4.073
1206.400	0.022	4.073
1206.600	0.023	4.073
1206.800	0.024	4.073
1207.000	0.025	4.073
1207.200	0.024	4.073
1207.400	0.023	4.073
1207.600	0.022	4.073
1207.800	0.023	4.073
1208.000	0.023	4.073
1208.200	0.023	4.073
1208.400	0.022	4.073
1208.600	0.021	4.073
1208.800	0.025	4.073
1209.000	0.023	4.073
1209.200	0.023	4.073
1209.400	0.022	4.073
1209.600	0.025	4.073
1209.800	0.023	4.073
1210.000	0.024	4.073
1210.200	0.023	4.073
1210.400	0.023	4.073
1210.600	0.022	4.073
1210.800	0.024	4.073
1211.000	0.024	4.073
1211.200	0.023	4.073
1211.400	0.024	4.073
1211.600	0.023	4.073
1211.800	0.025	4.073
1212.000	0.023	4.073
1212.200	0.024	4.073
1212.400	0.023	4.073
1212.600	0.023	4.073
1212.800	0.025	4.073
1213.000	0.023	4.073
1213.200	0.022	4.073
1213.400	0.023	4.073
1213.600	0.022	4.073
1213.800	0.025	4.073
1214.000	0.023	4.073
1214.200	0.023	4.073
1214.400	0.024	4.073
1214.600	0.023	4.073
1214.800	0.023	4.073
1215.000	0.022	4.073
1215.200	0.025	4.073
1215.400	0.023	4.073
1215.600	0.022	4.073
1215.800	0.024	4.073
1216.000	0.023	4.073
1216.200	0.023	4.073
1216.400	0.025	4.073
1216.600	0.022	4.073
1216.800	0.023	4.073
1217.000	0.024	4.073
1217.200	0.024	4.073
1217.400	0.025	4.073
1217.600	0.024	4.073
1217.800	0.022	4.073
1218.000	0.024	4.073
1218.200	0.023	4.073
1218.400	0.023	4.073
1218.600	0.024	4.073
1218.800	0.022	4.073
1219.000	0.023	4.073
1219.200	0.024	4.073
1219.400	0.024	4.073
1219.600	0.022	4.073
1219.800	0.024	4.073
1220.000	0.022	4.073
1220.200	0.025	4.073
1220.400	0.024	4.073
1220.600	0.023	4.073
1220.800	0.024	4.073
1221.000	0.021	4.073
1221.200	0.022	4.073
1221.400	0.022	4.073
1221.600	0.024	4.073
1221.800	0.024	4.073
1222.000	0.023	4.073
1222.200	0.023	4.073
1222.400	0.024	4.073
1222.600	0.024	4.073
1222.800	0.025	4.073
1223.000	0.025	4.073
1223.200	0.024	4.073
1223.400	0.025	4.073
1223.600	0.024	4.073
1223.800	0.025	4.073
1224.000	0.025	4.073
1224.200	0.024	4.073
1224.400	0.025	4.073
1224.600	0.025	4.073
1224.800	0.024	4.073
1225.000	0.024	4.073
1225.200	0.025	4.073
1225.400	0.025	4.073
1225.600	0.025	4.073
1225.800	0.025	4.073
1226.000	0.023	4.073
1226.200	0.024	4.073
1226.400	0.026	4.073
1226.600	0.025	4.073
1226.800	0.023	4.073
1227.000	0.024	4.073
1227.200	0.024	4.073
1227.400	0.026	4.073
1227.600	0.026	4.073
1227.800	0.024	4.073
1228.000	0.024	4.073
1228.200	0.023	4.073
1228.400	0.023	4.073
1228.600	0.023	4.073
1228.800	0.026	4.073
1229.000	0.025	4.073
1229.200	0.024	4.073
1229.400	0.024	4.073
1229.600	0.025	4.073
1229.800	0.025	4.073
1230.000	0.025	4.073
1230.200	0.025	4.073
1230.400	0.026	4.073
1230.600	0.025	4.073
1230.800	0.025	4.073
1231.000	0.025	4.073
1231.200	0.026	4.073
1231.400	0.025	4.073
1231.600	0.027	4.073
1231.800	0.026	4.073
1232.000	0.025	4.073
1232.200	0.025	4.073
1232.400	0.026	4.073
1232.600	0.025	4.073
1232.800	0.024	4.073
1233.000	0.023	4.073
1233.200	0.024	4.073
1233.400	0.024	4.073
1233.600	0.024	4.073
1233.800	0.024	4.073
1234.000	0.025	4.073
1234.200	0.025	4.073
1234.400	0.025	4.073
1234.600	0.024	4.073
1234.800	0.024	4.073
1235.000	0.025	4.073
1235.200	0.025	4.073
1235.400	0.025	4.073
1235.600	0.025	4.073
1235.800	0.026	4.073
1236.000	0.023	4.073
1236.200	0.024	4.073
1236.400	0.024	4.073
1236.600	0.025	4.073
1236.800	0.024	4.073
1237.000	0.025	4.073
1237.200	0.024	4.073
1237.400	0.024	4.073
1237.600	0.023	4.073
1237.800	0.025	4.073
1238.000	0.023	4.073
1238.200	0.023	4.073
1238.400	0.024	4.073
1238.600	0.023	4.073
1238.800	0.023	4.073
1239.000	0.023	4.073
1239.200	0.024	4.073
1239.400	0.023	4.073
1239.600	0.024	4.073
1239.800	0.025	4.073
1240.000	0.024	4.073
1240.200	0.022	4.073
1240.400	0.024	4.073
1240.600	0.025	4.073
1240.800	0.025	4.073
1241.000	0.025	4.073
1241.200	0.024	4.073
1241.400	0.025	4.073
1241.600	0.023	4.073
1241.800	0.022	4.073
1242.000	0.023	4.073
1242.200	0.024	4.073
1242.400	0.025	4.073
1242.600	0.024	4.073
1242.800	0.024	4.073
1243.000	0.021	4.073
1243.200	0.022	4.073
1243.400	0.022	4.073
1243.600	0.022	4.073
1243.800	0.024	4.073
1244.000	0.022	4.073
1244.200	0.023	4.073
1244.400	0.022	4.073
1244.600	0.023	4.073
1244.800	0.022	4.073
1245.000	0.023	4.073
1245.200	0.022	4.073
1245.400	0.023	4.073
1245.600	0.024	4.073
1245.800	0.024	4.073
1246.000	0.022	4.073
1246.200	0.023	4.073
1246.400	0.024	4.073
1246.600	0.023	4.073
1246.800	0.023	4.073
1247.000	0.023	4.073
1247.200	0.024	4.073
1247.400	0.024	4.073
1247.600	0.024	4.073
1247.800	0.022	4.073
1248.000	0.023	4.073
1248.200	0.025	4.073
1248.400	0.025	4.073
1248.600	0.023	4.073
1248.800	0.023	4.073
1249.000	0.023	4.073
1249.200	0.023	4.073
1249.400	0.023	4.073
1249.600	0.022	4.073
1249.800	0.024	4.073
1250.000	0.024	4.073
1250.200	0.023	4.073
1250.400	0.022	4.073
1250.600	0.023	4.073
1250.800	0.023	4.073
1251.000	0.022	4.073
1251.200	0.021	4.073
1251.400	0.024	4.073
1251.600	0.024	4.073
1251.800	0.021	4.073
1252.000	0.024	4.073
1252.200	0.025	4.073
1252.400	0.025	4.073
1252.600	0.025	4.073
1252.800	0.021	4.073
1253.000	0.022	4.073
1253.200	0.023	4.073
1253.400	0.022	4.073
1253.600	0.023	4.073
1253.800	0.021	4.073
1254.000	0.024	4.073
1254.200	0.023	4.073
1254.400	0.023	4.073
1254.600	0.024	4.073
1254.800	0.025	4.073
1255.000	0.023	4.073
1255.200	0.022	4.073
1255.400	0.023	4.073
1255.600	0.023	4.073
1255.800	0.022	4.073
1256.000	0.020	4.073
1256.200	0.024	4.073
1256.400	0.022	4.073
1256.600	0.022	4.073
1256.800	0.023	4.073
1257.000	0.023	4.073
1257.200	0.022	4.073
1257.400	0.021	4.073
1257.600	0.023	4.073
1257.800	0.023	4.073
1258.000	0.023	4.073
1258.200	0.023	4.073
1258.400	0.022	4.073
1258.600	0.023	4.073
1258.800	0.020	4.073
1259.000	0.022	4.073
1259.200	0.022	4.073
1259.400	0.022	4.073
1259.600	0.021	4.073
1259.800	0.023	4.073
1260.000	0.022	4.073
1260.200	0.023	4.073
1260.400	0.022	4.073
1260.600	0.023	4.073
1260.800	0.022	4.073
1261.000	0.023	4.073
1261.200	0.021	4.073
1261.400	0.021	4.073
1261.600	0.023	4.073
1261.800	0.023	4.073
1262.000	0.023	4.073
1262.200	0.023	4.073
1262.400	0.021	4.073
1262.600	0.023	4.073
1262.800	0.022	4.073
1263.000	0.022	4.073
1263.200	0.023	4.073
1263.400	0.023	4.073
1263.600	0.023	4.073
1263.800	0.023	4.073
1264.000	0.024	4.073
1264.200	0.024	4.073
1264.400	0.023	4.073
1264.600	0.024	4.073
1264.800	0.022	4.073
1265.000	0.023	4.073
1265.200	0.023	4.073
1265.400	0.022	4.073
1265.600	0.023	4.073
1265.800	0.023	4.073
1266.000	0.023	4.073
1266.200	0.022	4.073
1266.400	0.023	4.073
1266.600	0.023	4.073
1266.800	0.021	4.073
1267.000	0.021	4.073
1267.200	0.022	4.073
1267.400	0.021	4.073
1267.600	0.021	4.073
1267.800	0.022	4.073
1268.000	0.022	4.073
1268.200	0.022	4.073
1268.400	0.022	4.073
1268.600	0.021	4.073
1268.800	0.022	4.073
1269.000	0.021	4.073
1269.200	0.023	4.073
1269.400	0.020	4.073
1269.600	0.023	4.073
1269.800	0.022	4.073
1270.000	0.023	4.073
1270.200	0.024	4.073
1270.400	0.024	4.073
1270.600	0.022	4.073
1270.800	0.021	4.073
1271.000	0.023	4.073
1271.200	0.022	4.073
1271.400	0.022	4.073
1271.600	0.022	4.073
1271.800	0.024	4.073
1272.000	0.023	4.073
1272.200	0.022	4.073
1272.400	0.021	4.073
1272.600	0.021	4.073
1272.800	0.021	4.073
1273.000	0.022	4.073
1273.200	0.021	4.073
1273.400	0.020	4.073
1273.600	0.021	4.073
1273.800	0.021	4.073
1274.000	0.021	4.073
1274.200	0.022	4.073
1274.400	0.023	4.073
1274.600	0.022	4.073
1274.800	0.022	4.073
1275.000	0.022	4.073
1275.200	0.022	4.073
1275.400	0.021	4.073
1275.600	0.023	4.073
1275.800	0.020	4.073
1276.000	0.023	4.073
1276.200	0.024	4.073
1276.400	0.021	4.073
1276.600	0.021	4.073
1276.800	0.022	4.073
1277.000	0.022	4.073
1277.200	0.022	4.073
1277.400	0.021	4.073
1277.600	0.022	4.073
1277.800	0.021	4.073
1278.000	0.023	4.073
1278.200	0.020	4.073
1278.400	0.022	4.073
1278.600	0.021	4.073
1278.800	0.021	4.073
1279.000	0.022	4.073
1279.200	0.021	4.073
1279.400	0.023	4.073
1279.600	0.023	4.073
1279.800	0.022	4.073
1280.000	0.022	4.073
1280.200	0.021	4.073
1280.400	0.023	4.073
1280.600	0.023	4.073
1280.800	0.022	4.073
1281.000	0.022	4.073
1281.200	0.022	4.073
1281.400	0.023	4.073
1281.600	0.021	4.073
1281.800	0.023	4.073
1282.000	0.021	4.073
1282.200	0.022	4.073
1282.400	0.023	4.073
1282.600	0.023	4.073
1282.800	0.023	4.073
1283.000	0.023	4.073
1283.200	0.022	4.073
1283.400	0.022	4.073
1283.600	0.022	4.073
1283.800	0.022	4.073
1284.000	0.022	4.073
1284.200	0.021	4.073
1284.400	0.021	4.073
1284.600	0.020	4.073
1284.800	0.022	4.073
1285.000	0.020	4.073
1285.200	0.021	4.073
1285.400	0.021	4.073
1285.600	0.020	4.073
1285.800	0.020	4.073
1286.000	0.022	4.073
1286.200	0.022	4.073
1286.400	0.021	4.073
1286.600	0.020	4.073
1286.800	0.021	4.073
1287.000	0.021	4.073
1287.200	0.021	4.073
1287.400	0.020	4.073
1287.600	0.019	4.073
1287.800	0.020	4.073
1288.000	0.021	4.073
1288.200	0.020	4.073
1288.400	0.020	4.073
1288.600	0.020	4.073
1288.800	0.020	4.073
1289.000	0.022	4.073
1289.200	0.020	4.073
1289.400	0.020	4.073
1289.600	0.021	4.073
1289.800	0.021	4.073
1290.000	0.022	4.073
1290.200	0.021	4.073
1290.400	0.021	4.073
1290.600	0.021	4.073
1290.800	0.021	4.073
1291.000	0.022	4.073
1291.200	0.021	4.073
1291.400	0.022	4.073
1291.600	0.021	4.073
1291.800	0.022	4.073
1292.000	0.023	4.073
1292.200	0.022	4.073
1292.400	0.023	4.073
1292.600	0.022	4.073
1292.800	0.022	4.073
1293.000	0.022	4.073
1293.200	0.023	4.073
1293.400	0.022	4.073
1293.600	0.022	4.073
1293.800	0.023	4.073
1294.000	0.022	4.073
1294.200	0.021	4.073
1294.400	0.020	4.073
1294.600	0.021	4.073
1294.800	0.021	4.073
1295.000	0.021	4.073
1295.200	0.020	4.073
1295.400	0.023	4.073
1295.600	0.022	4.073
1295.800	0.021	4.073
1296.000	0.020	4.073
1296.200	0.020	4.073
1296.400	0.020	4.073
1296.600	0.020	4.073
1296.800	0.022	4.073
1297.000	0.023	4.073
1297.200	0.022	4.073
1297.400	0.021	4.073
1297.600	0.024	4.073
1297.800	0.022	4.073
1298.000	0.021	4.073
1298.200	0.020	4.073
1298.400	0.021	4.073
1298.600	0.020	4.073
1298.800	0.020	4.073
1299.000	0.021	4.073
1299.200	0.021	4.073
1299.400	0.022	4.073
1299.600	0.023	4.073
1299.800	0.022	4.073
1300.000	0.021	4.073
1300.200	0.023	4.073
1300.400	0.022	4.073
1300.600	0.022	4.073
1300.800	0.022	4.073
1301.000	0.021	4.073
1301.200	0.022	4.073
1301.400	0.022	4.073
1301.600	0.022	4.073
1301.800	0.020	4.073
1302.000	0.022	4.073
1302.200	0.022	4.073
1302.400	0.020	4.073
1302.600	0.022	4.073
1302.800	0.023	4.073
1303.000	0.021	4.073
1303.200	0.021	4.073
1303.400	0.022	4.073
1303.600	0.022	4.073
1303.800	0.022	4.073
1304.000	0.023	4.073
1304.200	0.022	4.073
1304.400	0.023	4.073
1304.600	0.024	4.073
1304.800	0.024	4.073
1305.000	0.022	4.073
1305.200	0.022	4.073
1305.400	0.024	4.073
1305.600	0.023	4.073
1305.800	0.024	4.073
1306.000	0.023	4.073
1306.200	0.023	4.073
1306.400	0.022	4.073
1306.600	0.021	4.073
1306.800	0.023	4.073
1307.000	0.023	4.073
1307.200	0.022	4.073
1307.400	0.020	4.073
1307.600	0.023	4.073
1307.800	0.023	4.073
1308.000	0.022	4.073
1308.200	0.023	4.073
1308.400	0.023	4.073
1308.600	0.021	4.073
1308.800	0.022	4.073
1309.000	0.022	4.073
1309.200	0.022	4.073
1309.400	0.021	4.073
1309.600	0.021	4.073
1309.800	0.021	4.073
1310.000	0.022	4.073
1310.200	0.019	4.073
1310.400	0.020	4.073
1310.600	0.022	4.073
1310.800	0.020	4.073
1311.000	0.021	4.073
1311.200	0.020	4.073
1311.400	0.020	4.073
1311.600	0.020	4.073
1311.800	0.020	4.073
1312.000	0.020	4.073
1312.200	0.019	4.073
1312.400	0.019	4.073
1312.600	0.020	4.073
1312.800	0.019	4.073
1313.000	0.021	4.073
1313.200	0.021	4.073
1313.400	0.023	4.073
1313.600	0.021	4.073
1313.800	0.022	4.073
1314.000	0.021	4.073
1314.200	0.023	4.073
1314.400	0.022	4.073
1314.600	0.020	4.073
1314.800	0.021	4.073
1315.000	0.023	4.073
1315.200	0.023	4.073
1315.400	0.022	4.073
1315.600	0.021	4.073
1315.800	0.021	4.073
1316.000	0.021	4.073
1316.200	0.022	4.073
1316.400	0.023	4.073
1316.600	0.022	4.073
1316.800	0.022	4.073
1317.000	0.023	4.073
1317.200	0.021	4.073
1317.400	0.021	4.073
1317.600	0.022	4.073
1317.800	0.020	4.073
1318.000	0.022	4.073
1318.200	0.023	4.073
1318.400	0.022	4.073
1318.600	0.023	4.073
1318.800	0.023	4.073
1319.000	0.023	4.073
1319.200	0.022	4.073
1319.400	0.023	4.073
1319.600	0.023	4.073
1319.800	0.023	4.073
1320.000	0.025	4.073
1320.200	0.024	4.073
1320.400	0.023	4.073
1320.600	0.023	4.073
1320.800	0.022	4.073
1321.000	0.022	4.073
1321.200	0.024	4.073
1321.400	0.023	4.073
1321.600	0.024	4.073
1321.800	0.023	4.073
1322.000	0.023	4.073
1322.200	0.024	4.073
1322.400	0.023	4.073
1322.600	0.024	4.073
1322.800	0.024	4.073
1323.000	0.025	4.073
1323.200	0.023	4.073
1323.400	0.022	4.073
1323.600	0.022	4.073
1323.800	0.021	4.073
1324.000	0.023	4.073
1324.200	0.022	4.073
1324.400	0.023	4.073
1324.600	0.023	4.073
1324.800	0.023	4.073
1325.000	0.023	4.073
1325.200	0.024	4.073
1325.400	0.024	4.073
1325.600	0.022	4.073
1325.800	0.022	4.073
1326.000	0.023	4.073
1326.200	0.022	4.073
1326.400	0.022	4.073
1326.600	0.022	4.073
1326.800	0.023	4.073
1327.000	0.022	4.073
1327.200	0.023	4.073
1327.400	0.022	4.073
1327.600	0.022	4.073
1327.800	0.022	4.073
1328.000	0.022	4.073
1328.200	0.022	4.073
1328.400	0.023	4.073
1328.600	0.022	4.073
1328.800	0.022	4.073
1329.000	0.021	4.073
1329.200	0.021	4.073
1329.400	0.022	4.073
1329.600	0.022	4.073
1329.800	0.022	4.073
1330.000	0.022	4.073
1330.200	0.023	4.073
1330.400	0.025	4.073
1330.600	0.019	4.073
1330.800	0.023	4.073
1331.000	0.023	4.073
1331.200	0.022	4.073
1331.400	0.023	4.073
1331.600	0.022	4.073
1331.800	0.021	4.073
1332.000	0.023	4.073
1332.200	0.021	4.073
1332.400	0.020	4.073
1332.600	0.022	4.073
1332.800	0.021	4.073
1333.000	0.021	4.073
1333.200	0.022	4.073
1333.400	0.022	4.073
1333.600	0.021	4.073
1333.800	0.022	4.073
1334.000	0.022	4.073
1334.200	0.021	4.073
1334.400	0.020	4.073
1334.600	0.021	4.073
1334.800	0.021	4.073
1335.000	0.021	4.073
1335.200	0.022	4.073
1335.400	0.023	4.073
1335.600	0.022	4.073
1335.800	0.022	4.073
1336.000	0.021	4.073
1336.200	0.022	4.073
1336.400	0.022	4.073
1336.600	0.022	4.073
1336.800	0.022	4.073
1337.000	0.022	4.073
1337.200	0.022	4.073
1337.400	0.021	4.073
1337.600	0.022	4.073
1337.800	0.022	4.073
1338.000	0.023	4.073
1338.200	0.022	4.073
1338.400	0.022	4.073
1338.600	0.024	4.073
1338.800	0.022	4.073
1339.000	0.023	4.073
1339.200	0.023	4.073
1339.400	0.023	4.073
1339.600	0.023	4.073
1339.800	0.023	4.073
1340.000	0.023	4.073
1340.200	0.023	4.073
1340.400	0.024	4.073
1340.600	0.023	4.073
1340.800	0.024	4.073
1341.000	0.025	4.073
1341.200	0.024	4.073
1341.400	0.023	4.073
1341.600	0.023	4.073
1341.800	0.023	4.073
1342.000	0.024	4.073
1342.200	0.022	4.073
1342.400	0.022	4.073
1342.600	0.023	4.073
1342.800	0.024	4.073
1343.000	0.024	4.073
1343.200	0.024	4.073
1343.400	0.024	4.073
1343.600	0.023	4.073
1343.800	0.022	4.073
1344.000	0.023	4.073
1344.200	0.021	4.073
1344.400	0.023	4.073
1344.600	0.021	4.073
1344.800	0.023	4.073
1345.000	0.023	4.073
1345.200	0.022	4.073
1345.400	0.023	4.073
1345.600	0.024	4.073
1345.800	0.023	4.073
1346.000	0.022	4.073
1346.200	0.022	4.073
1346.400	0.023	4.073
1346.600	0.025	4.073
1346.800	0.023	4.073
1347.000	0.023	4.073
1347.200	0.023	4.073
1347.400	0.024	4.073
1347.600	0.024	4.073
1347.800	0.024	4.073
1348.000	0.024	4.073
1348.200	0.024	4.073
1348.400	0.023	4.073
1348.600	0.022	4.073
1348.800	0.023	4.073
1349.000	0.022	4.073
1349.200	0.022	4.073
1349.400	0.022	4.073
1349.600	0.023	4.073
1349.800	0.023	4.073
1350.000	0.023	4.073
1350.200	0.025	4.073
1350.400	0.022	4.073
1350.600	0.023	4.073
1350.800	0.022	4.073
1351.000	0.023	4.073
1351.200	0.022	4.073
1351.400	0.022	4.073
1351.600	0.023	4.073
1351.800	0.023	4.073
1352.000	0.023	4.073
1352.200	0.023	4.073
1352.400	0.023	4.073
1352.600	0.022	4.073
1352.800	0.023	4.073
1353.000	0.023	4.073
1353.200	0.023	4.073
1353.400	0.023	4.073
1353.600	0.022	4.073
1353.800	0.023	4.073
1354.000	0.022	4.073
1354.200	0.023	4.073
1354.400	0.021	4.073
1354.600	0.021	4.073
1354.800	0.021	4.073
1355.000	0.021	4.073
1355.200	0.021	4.073
1355.400	0.022	4.073
1355.600	0.022	4.073
1355.800	0.022	4.073
1356.000	0.023	4.073
1356.200	0.022	4.073
1356.400	0.022	4.073
1356.600	0.024	4.073
1356.800	0.022	4.073
1357.000	0.023	4.073
1357.200	0.023	4.073
1357.400	0.023	4.073
1357.600	0.022	4.073
1357.800	0.022	4.073
1358.000	0.022	4.073
1358.200	0.023	4.073
1358.400	0.023	4.073
1358.600	0.024	4.073
1358.800	0.023	4.073
1359.000	0.025	4.073
1359.200	0.023	4.073
1359.400	0.024	4.073
1359.600	0.024	4.073
1359.800	0.026	4.073
1360.000	0.025	4.073
1360.200	0.024	4.073
1360.400	0.024	4.073
1360.600	0.024	4.073
1360.800	0.024	4.073
1361.000	0.024	4.073
1361.200	0.025	4.073
1361.400	0.025	4.073
1361.600	0.025	4.073
1361.800	0.024	4.073
1362.000	0.023	4.073
1362.200	0.024	4.073
1362.400	0.024	4.073
1362.600	0.024	4.073
1362.800	0.023	4.073
1363.000	0.023	4.073
1363.200	0.024	4.073
1363.400	0.023	4.073
1363.600	0.023	4.073
1363.800	0.023	4.073
1364.000	0.022	4.073
1364.200	0.022	4.073
1364.400	0.021	4.073
1364.600	0.022	4.073
1364.800	0.021	4.073
1365.000	0.022	4.073
1365.200	0.023	4.073
1365.400	0.021	4.073
1365.600	0.023	4.073
1365.800	0.022	4.073
1366.000	0.022	4.073
1366.200	0.023	4.073
1366.400	0.023	4.073
1366.600	0.023	4.073
1366.800	0.023	4.073
1367.000	0.023	4.073
1367.200	0.023	4.073
1367.400	0.022	4.073
1367.600	0.022	4.073
1367.800	0.024	4.073
1368.000	0.023	4.073
1368.200	0.024	4.073
1368.400	0.024	4.073
1368.600	0.024	4.073
1368.800	0.023	4.073
1369.000	0.023	4.073
1369.200	0.022	4.073
1369.400	0.024	4.073
1369.600	0.022	4.073
1369.800	0.022	4.073
1370.000	0.024	4.073
1370.200	0.023	4.073
1370.400	0.024	4.073
1370.600	0.025	4.073
1370.800	0.024	4.073
1371.000	0.023	4.073
1371.200	0.024	4.073
1371.400	0.023	4.073
1371.600	0.024	4.073
1371.800	0.023	4.073
1372.000	0.024	4.073
1372.200	0.021	4.073
1372.400	0.023	4.073
1372.600	0.023	4.073
1372.800	0.023	4.073
1373.000	0.023	4.073
1373.200	0.022	4.073
1373.400	0.023	4.073
1373.600	0.022	4.073
1373.800	0.022	4.073
1374.000	0.020	4.073
1374.200	0.024	4.073
1374.400	0.023	4.073
1374.600	0.021	4.073
1374.800	0.022	4.073
1375.000	0.022	4.073
1375.200	0.022	4.073
1375.400	0.024	4.073
1375.600	0.024	4.073
1375.800	0.022	4.073
1376.000	0.024	4.073
1376.200	0.025	4.073
1376.400	0.025	4.073
1376.600	0.026	4.073
1376.800	0.024	4.073
1377.000	0.023	4.073
1377.200	0.025	4.073
1377.400	0.023	4.073
1377.600	0.024	4.073
1377.800	0.023	4.073
1378.000	0.025	4.073
1378.200	0.025	4.073
1378.400	0.024	4.073
1378.600	0.021	4.073
1378.800	0.023	4.073
1379.000	0.024	4.073
1379.200	0.024	4.073
1379.400	0.024	4.073
1379.600	0.024	4.073
1379.800	0.024	4.073
1380.000	0.024	4.073
1380.200	0.023	4.073
1380.400	0.024	4.073
1380.600	0.023	4.073
1380.800	0.023	4.073
1381.000	0.023	4.073
1381.200	0.024	4.073
1381.400	0.024	4.073
1381.600	0.025	4.073
1381.800	0.024	4.073
1382.000	0.025	4.073
1382.200	0.024	4.073
1382.400	0.024	4.073
1382.600	0.026	4.073
1382.800	0.025	4.073
1383.000	0.024	4.073
1383.200	0.024	4.073
1383.400	0.022	4.073
1383.600	0.021	4.073
1383.800	0.023	4.073
1384.000	0.024	4.073
1384.200	0.022	4.073
1384.400	0.023	4.073
1384.600	0.022	4.073
1384.800	0.023	4.073
1385.000	0.022	4.073
1385.200	0.022	4.073
1385.400	0.022	4.073
1385.600	0.022	4.073
1385.800	0.022	4.073
1386.000	0.023	4.073
1386.200	0.023	4.073
1386.400	0.023	4.073
1386.600	0.023	4.073
1386.800	0.023	4.073
1387.000	0.023	4.073
1387.200	0.022	4.073
1387.400	0.022	4.073
1387.600	0.021	4.073
1387.800	0.022	4.073
1388.000	0.020	4.073
1388.200	0.021	4.073
1388.400	0.022	4.073
1388.600	0.021	4.073
1388.800	0.021	4.073
1389.000	0.021	4.073
1389.200	0.022	4.073
1389.400	0.023	4.073
1389.600	0.022	4.073
1389.800	0.023	4.073
1390.000	0.022	4.073
1390.200	0.024	4.073
1390.400	0.023	4.073
1390.600	0.023	4.073
1390.800	0.022	4.073
1391.000	0.023	4.073
1391.200	0.021	4.073
1391.400	0.023	4.073
1391.600	0.022	4.073
1391.800	0.023	4.073
1392.000	0.023	4.073
1392.200	0.023	4.073
1392.400	0.022	4.073
1392.600	0.023	4.073
1392.800	0.023	4.073
1393.000	0.022	4.073
1393.200	0.024	4.073
1393.400	0.023	4.073
1393.600	0.022	4.073
1393.800	0.021	4.073
1394.000	0.024	4.073
1394.200	0.022	4.073
1394.400	0.023	4.073
1394.600	0.023	4.073
1394.800	0.024	4.073
1395.000	0.022	4.073
1395.200	0.024	4.073
1395.400	0.023	4.073
1395.600	0.023	4.073
1395.800	0.022	4.073
1396.000	0.022	4.073
1396.200	0.021	4.073
1396.400	0.022	4.073
1396.600	0.022	4.073
1396.800	0.022	4.073
1397.000	0.023	4.073
1397.200	0.022	4.073
1397.400	0.021	4.073
1397.600	0.022	4.073
1397.800	0.020	4.073
1398.000	0.021	4.073
1398.200	0.021	4.073
1398.400	0.023	4.073
1398.600	0.023	4.073
1398.800	0.022	4.073
1399.000	0.022	4.073
1399.200	0.023	4.073
1399.400	0.022	4.073
1399.600	0.022	4.073
1399.800	0.023	4.073
1400.000	0.022	4.073
1400.200	0.021	4.073
1400.400	0.022	4.073
1400.600	0.023	4.073
1400.800	0.022	4.073
1401.000	0.021	4.073
1401.200	0.023	4.073
1401.400	0.022	4.073
1401.600	0.021	4.073
1401.800	0.022	4.073
1402.000	0.021	4.073
1402.200	0.020	4.073
1402.400	0.020	4.073
1402.600	0.019	4.073
1402.800	0.019	4.073
1403.000	0.020	4.073
1403.200	0.020	4.073
1403.400	0.020	4.073
1403.600	0.020	4.073
1403.800	0.020	4.073
1404.000	0.020	4.073
1404.200	0.020	4.073
1404.400	0.021	4.073
1404.600	0.021	4.073
1404.800	0.021	4.073
1405.000	0.021	4.073
1405.200	0.021	4.073
1405.400	0.020	4.073
1405.600	0.020	4.073
1405.800	0.021	4.073
1406.000	0.021	4.073
1406.200	0.021	4.073
1406.400	0.021	4.073
1406.600	0.020	4.073
1406.800	0.021	4.073
1407.000	0.021	4.073
1407.200	0.021	4.073
1407.400	0.020	4.073
1407.600	0.022	4.073
1407.800	0.020	4.073
1408.000	0.021	4.073
1408.200	0.021	4.073
1408.400	0.021	4.073
1408.600	0.020	4.073
1408.800	0.018	4.073
1409.000	0.021	4.073
1409.200	0.021	4.073
1409.400	0.020	4.073
1409.600	0.020	4.073
1409.800	0.021	4.073
1410.000	0.022	4.073
1410.200	0.020	4.073
1410.400	0.020	4.073
1410.600	0.021	4.073
1410.800	0.021	4.073
1411.000	0.021	4.073
1411.200	0.020	4.073
1411.400	0.021	4.073
1411.600	0.020	4.073
1411.800	0.023	4.073
1412.000	0.021	4.073
1412.200	0.023	4.073
1412.400	0.023	4.073
1412.600	0.021	4.073
1412.800	0.023	4.073
1413.000	0.023	4.073
1413.200	0.021	4.073
1413.400	0.023	4.073
1413.600	0.022	4.073
1413.800	0.022	4.073
1414.000	0.022	4.073
1414.200	0.021	4.073
1414.400	0.020	4.073
1414.600	0.021	4.073
1414.800	0.021	4.073
1415.000	0.019	4.073
1415.200	0.019	4.073
1415.400	0.020	4.073
1415.600	0.021	4.073
1415.800	0.019	4.073
1416.000	0.020	4.073
1416.200	0.019	4.073
1416.400	0.021	4.073
1416.600	0.020	4.073
1416.800	0.021	4.073
1417.000	0.022	4.073
1417.200	0.020	4.073
1417.400	0.020	4.073
1417.600	0.019	4.073
1417.800	0.020	4.073
1418.000	0.020	4.073
1418.200	0.019	4.073
1418.400	0.020	4.073
1418.600	0.020	4.073
1418.800	0.020	4.073
1419.000	0.020	4.073
1419.200	0.019	4.073
1419.400	0.021	4.073
1419.600	0.021	4.073
1419.800	0.020	4.073
1420.000	0.021	4.073
1420.200	0.020	4.073
1420.400	0.021	4.073
1420.600	0.021	4.073
1420.800	0.021	4.073
1421.000	0.021	4.073
1421.200	0.021	4.073
1421.400	0.021	4.073
1421.600	0.022	4.073
1421.800	0.021	4.073
1422.000	0.020	4.073
1422.200	0.021	4.073
1422.400	0.022	4.073
1422.600	0.021	4.073
1422.800	0.021	4.073
1423.000	0.021	4.073
1423.200	0.022	4.073
1423.400	0.021	4.073
1423.600	0.020	4.073
1423.800	0.022	4.073
1424.000	0.022	4.073
1424.200	0.022	4.073
1424.400	0.022	4.073
1424.600	0.022	4.073
1424.800	0.022	4.073
1425.000	0.023	4.073
1425.200	0.022	4.073
1425.400	0.022	4.073
1425.600	0.022	4.073
1425.800	0.022	4.073
1426.000	0.021	4.073
1426.200	0.022	4.073
1426.400	0.021	4.073
1426.600	0.021	4.073
1426.800	0.021	4.073
1427.000	0.021	4.073
1427.200	0.022	4.073
1427.400	0.022	4.073
1427.600	0.021	4.073
1427.800	0.023	4.073
1428.000	0.022	4.073
1428.200	0.023	4.073
1428.400	0.023	4.073
1428.600	0.021	4.073
1428.800	0.019	4.073
1429.000	0.021	4.073
1429.200	0.022	4.073
1429.400	0.021	4.073
1429.600	0.022	4.073
1429.800	0.021	4.073
1430.000	0.021	4.073
1430.200	0.020	4.073
1430.400	0.022	4.073
1430.600	0.022	4.072
1430.800	0.021	4.073
1431.000	0.020	4.073
1431.200	0.020	4.073
1431.400	0.021	4.072
1431.600	0.021	4.073
1431.800	0.021	4.073
1432.000	0.020	4.073
1432.200	0.020	4.073
1432.400	0.019	4.073
1432.600	0.020	4.073
1432.800	0.020	4.073
1433.000	0.020	4.073
1433.200	0.019	4.073
1433.400	0.021	4.073
1433.600	0.020	4.073
1433.800	0.021	4.073
1434.000	0.020	4.073
1434.200	0.022	4.073
1434.400	0.023	4.073
1434.600	0.023	4.073
1434.800	0.022	4.073
1435.000	0.022	4.073
1435.200	0.020	4.073
1435.400	0.021	4.073
1435.600	0.022	4.073
1435.800	0.022	4.073
1436.000	0.021	4.073
1436.200	0.021	4.073
1436.400	0.022	4.073
1436.600	0.021	4.073
1436.800	0.020	4.073
1437.000	0.021	4.073
1437.200	0.021	4.073
1437.400	0.021	4.073
1437.600	0.021	4.073
1437.800	0.020	4.073
1438.000	0.021	4.073
1438.200	0.020	4.073
1438.400	0.022	4.073
1438.600	0.022	4.073
1438.800	0.021	4.073
1439.000	0.021	4.073
1439.200	0.020	4.073
1439.400	0.021	4.073
1439.600	0.022	4.073
1439.800	0.020	4.073
1440.000	0.021	4.073
1440.200	0.020	4.073
1440.400	0.020	4.073
1440.600	0.020	4.073
1440.800	0.019	4.073
1441.000	0.020	4.073
1441.200	0.020	4.073
1441.400	0.021	4.073
1441.600	0.021	4.073
1441.800	0.022	4.073
1442.000	0.022	4.072
1442.200	0.020	4.073
1442.400	0.021	4.073
1442.600	0.021	4.073
1442.800	0.021	4.073
1443.000	0.022	4.073
1443.200	0.021	4.073
1443.400	0.020	4.073
1443.600	0.019	4.072
1443.800	0.020	4.073
1444.000	0.020	4.072
1444.200	0.019	4.072
1444.400	0.021	4.073
1444.600	0.020	4.073
1444.800	0.020	4.073
1445.000	0.020	4.073
1445.200	0.019	4.072
1445.400	0.020	4.072
1445.600	0.020	4.072
1445.800	0.019	4.072
1446.000	0.020	4.072
1446.200	0.018	4.072
1446.400	0.021	4.072
1446.600	0.021	4.073
1446.800	0.020	4.072
1447.000	0.019	4.073
1447.200	0.020	4.072
1447.400	0.021	4.072
1447.600	0.021	4.073
1447.800	0.019	4.072
1448.000	0.019	4.072
1448.200	0.019	4.072
1448.400	0.019	4.072
1448.600	0.019	4.072
1448.800	0.019	4.072
1449.000	0.019	4.072
1449.200	0.020	4.072
1449.400	0.020	4.072
1449.600	0.022	4.072
1449.800	0.021	4.072
1450.000	0.021	4.072
1450.200	0.020	4.073
1450.400	0.020	4.072
1450.600	0.019	4.072
1450.800	0.020	4.072
1451.000	0.020	4.072
1451.200	0.020	4.072
1451.400	0.019	4.072
1451.600	0.020	4.073
1451.800	0.020	4.073
1452.000	0.019	4.072
1452.200	0.018	4.072
1452.400	0.020	4.072
1452.600	0.019	4.072
1452.800	0.019	4.072
1453.000	0.019	4.072
1453.200	0.021	4.073
1453.400	0.020	4.072
1453.600	0.019	4.072
1453.800	0.019	4.072
1454.000	0.021	4.073
1454.200	0.019	4.073
1454.400	0.019	4.073
1454.600	0.020	4.072
1454.800	0.019	4.072
1455.000	0.020	4.072
1455.200	0.020	4.072
1455.400	0.019	4.072
1455.600	0.019	4.072
1455.800	0.020	4.072
1456.000	0.019	4.073
1456.200	0.019	4.072
1456.400	0.019	4.072
1456.600	0.020	4.073
1456.800	0.020	4.073
1457.000	0.021	4.073
1457.200	0.018	4.073
1457.400	0.021	4.073
1457.600	0.019	4.073
1457.800	0.021	4.073
1458.000	0.021	4.073
1458.200	0.020	4.073
1458.400	0.020	4.072
1458.600	0.019	4.072
1458.800	0.021	4.073
1459.000	0.020	4.073
1459.200	0.019	4.073
1459.400	0.019	4.073
1459.600	0.020	4.073
1459.800	0.020	4.073
1460.000	0.020	4.072
1460.200	0.020	4.072
1460.400	0.021	4.073
1460.600	0.020	4.072
1460.800	0.020	4.073
1461.000	0.020	4.073
1461.200	0.020	4.072
1461.400	0.019	4.072
1461.600	0.020	4.072
1461.800	0.020	4.073
1462.000	0.021	4.073
1462.200	0.021	4.072
1462.400	0.021	4.073
1462.600	0.022	4.073
1462.800	0.020	4.073
1463.000	0.020	4.073
1463.200	0.020	4.073
1463.400	0.021	4.073
1463.600	0.021	4.073
1463.800	0.019	4.073
1464.000	0.020	4.073
1464.200	0.020	4.072
1464.400	0.021	4.073
1464.600	0.021	4.073
1464.800	0.021	4.073
1465.000	0.022	4.073
1465.200	0.022	4.072
1465.400	0.021	4.072
1465.600	0.022	4.073
1465.800	0.022	4.073
1466.000	0.021	4.073
1466.200	0.020	4.073
1466.400	0.022	4.073
1466.600	0.020	4.072
1466.800	0.020	4.072
1467.000	0.022	4.072
1467.200	0.021	4.072
1467.400	0.020	4.072
1467.600	0.021	4.072
1467.800	0.021	4.073
1468.000	0.021	4.073
1468.200	0.022	4.073
1468.400	0.022	4.073
1468.600	0.022	4.073
1468.800	0.022	4.073
1469.000	0.022	4.073
1469.200	0.021	4.073
1469.400	0.022	4.073
1469.600	0.023	4.073
1469.800	0.023	4.073
1470.000	0.023	4.073
1470.200	0.020	4.073
1470.400	0.021	4.073
1470.600	0.021	4.073
1470.800	0.021	4.073
1471.000	0.021	4.072
1471.200	0.021	4.073
1471.400	0.020	4.073
1471.600	0.021	4.073
1471.800	0.019	4.073
1472.000	0.022	4.073
1472.200	0.019	4.073
1472.400	0.021	4.073
1472.600	0.022	4.073
1472.800	0.022	4.073
1473.000	0.022	4.073
1473.200	0.022	4.073
1473.400	0.021	4.073
1473.600	0.022	4.073
1473.800	0.022	4.073
1474.000	0.022	4.073
1474.200	0.023	4.073
1474.400	0.022	4.073
1474.600	0.022	4.073
1474.800	0.021	4.073
1475.000	0.023	4.073
1475.200	0.021	4.073
1475.400	0.023	4.073
1475.600	0.023	4.073
1475.800	0.023	4.073
1476.000	0.021	4.073
1476.200	0.021	4.073
1476.400	0.021	4.073
1476.600	0.021	4.073
1476.800	0.021	4.073
1477.000	0.020	4.073
1477.200	0.022	4.073
1477.400	0.021	4.073
1477.600	0.021	4.073
1477.800	0.021	4.073
1478.000	0.022	4.073
1478.200	0.022	4.072
1478.400	0.022	4.073
1478.600	0.022	4.073
1478.800	0.021	4.073
1479.000	0.021	4.072
1479.200	0.020	4.072
1479.400	0.021	4.073
1479.600	0.021	4.073
1479.800	0.020	4.073
1480.000	0.022	4.073
1480.200	0.019	4.073
1480.400	0.022	4.073
1480.600	0.021	4.073
1480.800	0.020	4.073
1481.000	0.020	4.073
1481.200	0.020	4.073
1481.400	0.021	4.072
1481.600	0.022	4.073
1481.800	0.023	4.073
1482.000	0.023	4.073
1482.200	0.022	4.073
1482.400	0.022	4.073
1482.600	0.021	4.073
1482.800	0.024	4.073
1483.000	0.022	4.073
1483.200	0.022	4.073
1483.400	0.024	4.073
1483.600	0.022	4.073
1483.800	0.020	4.073
1484.000	0.022	4.073
1484.200	0.021	4.073
1484.400	0.022	4.073
1484.600	0.021	4.073
1484.800	0.022	4.073
1485.000	0.023	4.073
1485.200	0.024	4.073
1485.400	0.022	4.073
1485.600	0.022	4.073
1485.800	0.022	4.073
1486.000	0.022	4.073
1486.200	0.022	4.073
1486.400	0.022	4.073
1486.600	0.021	4.073
1486.800	0.022	4.073
1487.000	0.020	4.073
1487.200	0.021	4.073
1487.400	0.022	4.073
1487.600	0.021	4.073
1487.800	0.020	4.073
1488.000	0.021	4.073
1488.200	0.021	4.072
1488.400	0.021	4.072
1488.600	0.022	4.073
1488.800	0.020	4.072
1489.000	0.021	4.073
1489.200	0.021	4.073
1489.400	0.020	4.073
1489.600	0.021	4.073
1489.800	0.022	4.073
1490.000	0.020	4.073
1490.200	0.022	4.073
1490.400	0.021	4.073
1490.600	0.022	4.072
1490.800	0.022	4.073
1491.000	0.022	4.073
1491.200	0.021	4.073
1491.400	0.020	4.073
1491.600	0.020	4.073
1491.800	0.019	4.072
1492.000	0.020	4.073
1492.200	0.021	4.073
1492.400	0.023	4.073
1492.600	0.022	4.073
1492.800	0.023	4.073
1493.000	0.023	4.073
1493.200	0.021	4.073
1493.400	0.021	4.073
1493.600	0.021	4.073
1493.800	0.022	4.073
1494.000	0.020	4.073
1494.200	0.022	4.073
1494.400	0.022	4.073
1494.600	0.021	4.073
1494.800	0.022	4.073
1495.000	0.022	4.073
1495.200	0.023	4.073
1495.400	0.023	4.073
1495.600	0.023	4.073
1495.800	0.023	4.073
1496.000	0.023	4.073
1496.200	0.022	4.073
1496.400	0.023	4.073
1496.600	0.023	4.073
1496.800	0.022	4.073
1497.000	0.022	4.073
1497.200	0.021	4.073
1497.400	0.022	4.073
1497.600	0.022	4.073
1497.800	0.021	4.073
1498.000	0.021	4.073
1498.200	0.022	4.073
1498.400	0.022	4.073
1498.600	0.021	4.073
1498.800	0.022	4.073
1499.000	0.024	4.073
1499.200	0.022	4.073
1499.400	0.021	4.073
1499.600	0.021	4.073
1499.800	0.022	4.073
1500.000	0.022	4.073
1500.200	0.021	4.072
1500.400	0.021	4.073
1500.600	0.021	4.073
1500.800	0.021	4.073
1501.000	0.021	4.073
1501.200	0.022	4.073
1501.400	0.022	4.073
1501.600	0.021	4.073
1501.800	0.020	4.073
1502.000	0.021	4.073
1502.200	0.020	4.073
1502.400	0.021	4.073
1502.600	0.022	4.073
1502.800	0.020	4.073
1503.000	0.023	4.073
1503.200	0.022	4.073
1503.400	0.022	4.073
1503.600	0.021	4.073
1503.800	0.021	4.073
1504.000	0.022	4.073
1504.200	0.021	4.073
1504.400	0.021	4.073
1504.600	0.022	4.073
1504.800	0.021	4.073
1505.000	0.023	4.073
1505.200	0.023	4.073
1505.400	0.023	4.073
1505.600	0.021	4.073
1505.800	0.022	4.073
1506.000	0.022	4.073
1506.200	0.022	4.073
1506.400	0.024	4.073
1506.600	0.023	4.073
1506.800	0.024	4.073
1507.000	0.023	4.073
1507.200	0.022	4.073
1507.400	0.021	4.073
1507.600	0.022	4.073
1507.800	0.024	4.073
1508.000	0.021	4.073
1508.200	0.023	4.073
1508.400	0.022	4.073
1508.600	0.021	4.073
1508.800	0.022	4.073
1509.000	0.023	4.073
1509.200	0.022	4.073
1509.400	0.023	4.073
1509.600	0.022	4.073
1509.800	0.024	4.073
1510.000	0.023	4.073
1510.200	0.023	4.073
1510.400	0.023	4.073
1510.600	0.024	4.073
1510.800	0.025	4.073
1511.000	0.025	4.073
1511.200	0.024	4.073
1511.400	0.024	4.073
1511.600	0.022	4.073
1511.800	0.023	4.073
1512.000	0.024	4.073
1512.200	0.024	4.073
1512.400	0.023	4.073
1512.600	0.024	4.073
1512.800	0.022	4.073
1513.000	0.024	4.073
1513.200	0.023	4.073
1513.400	0.021	4.073
1513.600	0.023	4.073
1513.800	0.022	4.073
1514.000	0.023	4.073
1514.200	0.022	4.073
1514.400	0.023	4.073
1514.600	0.022	4.073
1514.800	0.023	4.073
1515.000	0.022	4.073
1515.200	0.024	4.073
1515.400	0.023	4.073
1515.600	0.023	4.073
1515.800	0.024	4.073
1516.000	0.024	4.073
1516.200	0.024	4.073
1516.400	0.024	4.073
1516.600	0.023	4.073
1516.800	0.025	4.073
1517.000	0.023	4.073
1517.200	0.022	4.073
1517.400	0.026	4.073
1517.600	0.025	4.073
1517.800	0.023	4.073
1518.000	0.021	4.073
1518.200	0.023	4.073
1518.400	0.023	4.073
1518.600	0.023	4.073
1518.800	0.024	4.073
1519.000	0.023	4.073
1519.200	0.022	4.073
1519.400	0.023	4.073
1519.600	0.023	4.073
1519.800	0.023	4.073
1520.000	0.024	4.073
1520.200	0.022	4.073
1520.400	0.023	4.073
1520.600	0.023	4.073
1520.800	0.021	4.073
1521.000	0.021	4.073
1521.200	0.022	4.073
1521.400	0.023	4.073
1521.600	0.023	4.073
1521.800	0.022	4.073
1522.000	0.022	4.073
1522.200	0.023	4.073
1522.400	0.022	4.073
1522.600	0.022	4.073
1522.800	0.023	4.073
1523.000	0.023	4.073
1523.200	0.022	4.073
1523.400	0.023	4.073
1523.600	0.022	4.073
1523.800	0.022	4.073
1524.000	0.023	4.073
1524.200	0.022	4.073
1524.400	0.023	4.073
1524.600	0.022	4.073
1524.800	0.023	4.073
1525.000	0.023	4.073
1525.200	0.023	4.073
1525.400	0.023	4.073
1525.600	0.023	4.073
1525.800	0.022	4.073
1526.000	0.024	4.073
1526.200	0.022	4.073
1526.400	0.023	4.073
1526.600	0.022	4.073
1526.800	0.023	4.073
1527.000	0.021	4.073
1527.200	0.022	4.073
1527.400	0.023	4.073
1527.600	0.021	4.073
1527.800	0.023	4.073
1528.000	0.022	4.073
1528.200	0.023	4.073
1528.400	0.024	4.073
1528.600	0.024	4.073
1528.800	0.022	4.073
1529.000	0.024	4.073
1529.200	0.024	4.073
1529.400	0.024	4.073
1529.600	0.023	4.073
1529.800	0.023	4.073
1530.000	0.023	4.073
1530.200	0.023	4.073
1530.400	0.022	4.073
1530.600	0.023	4.073
1530.800	0.023	4.073
1531.000	0.023	4.073
1531.200	0.022	4.073
1531.400	0.023	4.073
1531.600	0.023	4.073
1531.800	0.022	4.073
1532.000	0.022	4.073
1532.200	0.023	4.072
1532.400	0.023	4.073
1532.600	0.023	4.073
1532.800	0.022	4.073
1533.000	0.022	4.073
1533.200	0.021	4.073
1533.400	0.022	4.072
1533.600	0.020	4.072
1533.800	0.022	4.073
1534.000	0.021	4.072
1534.200	0.021	4.073
1534.400	0.022	4.073
1534.600	0.020	4.073
1534.800	0.021	4.073
1535.000	0.021	4.073
1535.200	0.022	4.073
1535.400	0.022	4.073
1535.600	0.022	4.073
1535.800	0.022	4.073
1536.000	0.022	4.073
1536.200	0.022	4.073
1536.400	0.021	4.073
1536.600	0.021	4.072
1536.800	0.022	4.073
1537.000	0.022	4.073
1537.200	0.020	4.072
1537.400	0.020	4.072
1537.600	0.022	4.073
1537.800	0.023	4.073
1538.000	0.021	4.073
1538.200	0.020	4.072
1538.400	0.020	4.072
1538.600	0.021	4.073
1538.800	0.022	4.073
1539.000	0.021	4.072
1539.200	0.022	4.073
1539.400	0.021	4.073
1539.600	0.022	4.072
1539.800	0.023	4.073
1540.000	0.022	4.072
1540.200	0.023	4.073
1540.400	0.021	4.073
1540.600	0.023	4.073
1540.800	0.022	4.073
1541.000	0.021	4.072
1541.200	0.021	4.072
1541.400	0.022	4.073
1541.600	0.021	4.073
1541.800	0.022	4.073
1542.000	0.022	4.073
1542.200	0.022	4.073
1542.400	0.021	4.073
1542.600	0.022	4.073
1542.800	0.022	4.073
1543.000	0.023	4.073
1543.200	0.022	4.072
1543.400	0.023	4.073
1543.600	0.021	4.072
1543.800	0.021	4.072
1544.000	0.021	4.072
1544.200	0.021	4.072
1544.400	0.021	4.072
1544.600	0.021	4.072
1544.800	0.023	4.073
1545.000	0.021	4.072
1545.200	0.021	4.073
1545.400	0.022	4.073
1545.600	0.022	4.073
1545.800	0.022	4.072
1546.000	0.020	4.072
1546.200	0.022	4.073
1546.400	0.023	4.072
1546.600	0.024	4.072
1546.800	0.021	4.073
1547.000	0.021	4.073
1547.200	0.021	4.073
1547.400	0.021	4.073
1547.600	0.020	4.072
1547.800	0.023	4.072
1548.000	0.022	4.072
1548.200	0.023	4.072
1548.400	0.024	4.073
1548.600	0.022	4.072
1548.800	0.023	4.073
1549.000	0.022	4.072
1549.200	0.022	4.072
1549.400	0.022	4.072
1549.600	0.023	4.073
1549.800	0.022	4.073
1550.000	0.021	4.072
1550.200	0.023	4.072
1550.400	0.022	4.072
1550.600	0.023	4.072
1550.800	0.021	4.072
1551.000	0.023	4.072
1551.200	0.023	4.072
1551.400	0.023	4.072
1551.600	0.022	4.072
1551.800	0.022	4.072
1552.000	0.022	4.072
1552.200	0.022	4.073
1552.400	0.022	4.072
1552.600	0.022	4.072
1552.800	0.021	4.073
1553.000	0.022	4.072
1553.200	0.023	4.072
1553.400	0.021	4.072
1553.600	0.022	4.073
1553.800	0.024	4.072
1554.000	0.024	4.072
1554.200	0.023	4.072
1554.400	0.023	4.073
1554.600	0.023	4.072
1554.800	0.023	4.072
1555.000	0.024	4.072
1555.200	0.023	4.073
1555.400	0.022	4.072
1555.600	0.022	4.072
1555.800	0.023	4.072
1556.000	0.023	4.072
1556.200	0.022	4.072
1556.400	0.022	4.072
1556.600	0.022	4.072
1556.800	0.022	4.072
1557.000	0.021	4.072
1557.200	0.023	4.073
1557.400	0.023	4.072
1557.600	0.021	4.072
1557.800	0.023	4.072
1558.000	0.021	4.072
1558.200	0.023	4.072
1558.400	0.024	4.072
1558.600	0.023	4.072
1558.800	0.022	4.072
1559.000	0.023	4.072
1559.200	0.023	4.073
1559.400	0.023	4.072
1559.600	0.023	4.073
1559.800	0.022	4.072
1560.000	0.022	4.073
1560.200	0.023	4.072
1560.400	0.021	4.072
1560.600	0.021	4.072
1560.800	0.021	4.072
1561.000	0.022	4.073
1561.200	0.020	4.072
1561.400	0.020	4.072
1561.600	0.021	4.072
1561.800	0.021	4.072
1562.000	0.022	4.072
1562.200	0.020	4.072
1562.400	0.022	4.072
1562.600	0.021	4.072
1562.800	0.021	4.073
1563.000	0.021	4.072
1563.200	0.021	4.072
1563.400	0.020	4.072
1563.600	0.022	4.072
1563.800	0.022	4.072
1564.000	0.021	4.072
1564.200	0.022	4.072
1564.400	0.022	4.072
1564.600	0.021	4.072
1564.800	0.020	4.073
1565.000	0.021	4.072
1565.200	0.021	4.072
1565.400	0.022	4.072
1565.600	0.021	4.073
1565.800	0.023	4.073
1566.000	0.021	4.072
1566.200	0.021	4.072
1566.400	0.022	4.073
1566.600	0.023	4.073
1566.800	0.022	4.072
1567.000	0.021	4.072
1567.200	0.022	4.072
1567.400	0.023	4.072
1567.600	0.023	4.072
1567.800	0.022	4.072
1568.000	0.022	4.072
1568.200	0.020	4.072
1568.400	0.021	4.072
1568.600	0.022	4.072
1568.800	0.021	4.073
1569.000	0.021	4.072
1569.200	0.022	4.073
1569.400	0.023	4.072
1569.600	0.021	4.072
1569.800	0.022	4.072
1570.000	0.022	4.072
1570.200	0.021	4.072
1570.400	0.023	4.072
1570.600	0.023	4.073
1570.800	0.023	4.073
1571.000	0.023	4.072
1571.200	0.022	4.073
1571.400	0.023	4.073
1571.600	0.023	4.072
1571.800	0.023	4.072
1572.000	0.021	4.072
1572.200	0.023	4.072
1572.400	0.021	4.072
1572.600	0.023	4.072
1572.800	0.023	4.072
1573.000	0.023	4.073
1573.200	0.023	4.072
1573.400	0.022	4.072
1573.600	0.020	4.072
1573.800	0.023	4.073
1574.000	0.023	4.072
1574.200	0.023	4.073
1574.400	0.022	4.073
1574.600	0.022	4.073
1574.800	0.021	4.073
1575.000	0.022	4.072
1575.200	0.022	4.072
1575.400	0.021	4.072
1575.600	0.022	4.073
1575.800	0.022	4.073
1576.000	0.023	4.073
1576.200	0.021	4.072
1576.400	0.022	4.073
1576.600	0.022	4.073
1576.800	0.025	4.073
1577.000	0.021	4.073
1577.200	0.022	4.073
1577.400	0.022	4.073
1577.600	0.023	4.072
1577.800	0.023	4.073
1578.000	0.022	4.072
1578.200	0.022	4.072
1578.400	0.021	4.073
1578.600	0.022	4.073
1578.800	0.022	4.073
1579.000	0.025	4.073
1579.200	0.023	4.072
1579.400	0.022	4.072
1579.600	0.021	4.072
1579.800	0.021	4.072
1580.000	0.020	4.073
1580.200	0.021	4.072
1580.400	0.021	4.072
1580.600	0.021	4.072
1580.800	0.021	4.072
1581.000	0.021	4.072
1581.200	0.020	4.072
1581.400	0.020	4.072
1581.600	0.022	4.072
1581.800	0.021	4.072
1582.000	0.021	4.072
1582.200	0.020	4.072
1582.400	0.023	4.072
1582.600	0.022	4.072
1582.800	0.021	4.072
1583.000	0.022	4.072
1583.200	0.021	4.072
1583.400	0.021	4.072
1583.600	0.022	4.072
1583.800	0.020	4.072
1584.000	0.021	4.072
1584.200	0.021	4.072
1584.400	0.022	4.072
1584.600	0.022	4.073
1584.800	0.021	4.072
1585.000	0.022	4.072
1585.200	0.022	4.072
1585.400	0.021	4.072
1585.600	0.022	4.072
1585.800	0.022	4.073
1586.000	0.022	4.072
1586.200	0.022	4.072
1586.400	0.022	4.073
1586.600	0.023	4.072
1586.800	0.022	4.072
1587.000	0.023	4.073
1587.200	0.022	4.072
1587.400	0.022	4.072
1587.600	0.023	4.073
1587.800	0.023	4.073
1588.000	0.023	4.072
1588.200	0.021	4.072
1588.400	0.023	4.073
1588.600	0.022	4.072
1588.800	0.021	4.072
1589.000	0.023	4.072
1589.200	0.021	4.072
1589.400	0.022	4.072
1589.600	0.021	4.072
1589.800	0.022	4.072
1590.000	0.024	4.072
1590.200	0.022	4.072
1590.400	0.021	4.072
1590.600	0.022	4.072
1590.800	0.022	4.072
1591.000	0.023	4.072
1591.200	0.023	4.072
1591.400	0.022	4.072
1591.600	0.023	4.072
1591.800	0.022	4.072
1592.000	0.022	4.072
1592.200	0.023	4.072
1592.400	0.021	4.072
1592.600	0.021	4.072
1592.800	0.021	4.072
1593.000	0.022	4.072
1593.200	0.021	4.072
1593.400	0.022	4.072
1593.600	0.022	4.072
1593.800	0.023	4.072
1594.000	0.021	4.072
1594.200	0.021	4.072
1594.400	0.021	4.072
1594.600	0.021	4.072
1594.800	0.020	4.072
1595.000	0.020	4.072
1595.200	0.022	4.072
1595.400	0.021	4.072
1595.600	0.022	4.072
1595.800	0.019	4.072
1596.000	0.023	4.072
1596.200	0.021	4.072
1596.400	0.020	4.072
1596.600	0.019	4.072
1596.800	0.020	4.072
1597.000	0.021	4.072
1597.200	0.021	4.072
1597.400	0.021	4.072
1597.600	0.022	4.072
1597.800	0.021	4.072
1598.000	0.021	4.072
1598.200	0.022	4.072
1598.400	0.022	4.072
1598.600	0.022	4.072
1598.800	0.022	4.072
1599.000	0.023	4.072
1599.200	0.021	4.072
1599.400	0.022	4.072
1599.600	0.022	4.072
1599.800	0.022	4.072
1600.000	0.021	4.072
1600.200	0.022	4.072
1600.400	0.023	4.072
1600.600	0.021	4.072
1600.800	0.021	4.072
1601.000	0.022	4.072
1601.200	0.022	4.072
1601.400	0.022	4.072
1601.600	0.023	4.072
1601.800	0.022	4.072
1602.000	0.021	4.072
1602.200	0.022	4.072
1602.400	0.022	4.072
1602.600	0.021	4.072
1602.800	0.022	4.072
1603.000	0.022	4.072
1603.200	0.023	4.072
1603.400	0.021	4.072
1603.600	0.022	4.072
1603.800	0.022	4.072
1604.000	0.023	4.072
1604.200	0.023	4.072
1604.400	0.023	4.072
1604.600	0.023	4.072
1604.800	0.023	4.072
1605.000	0.023	4.072
1605.200	0.023	4.072
1605.400	0.022	4.072
1605.600	0.020	4.072
1605.800	0.022	4.072
1606.000	0.022	4.072
1606.200	0.023	4.072
1606.400	0.023	4.072
1606.600	0.022	4.072
1606.800	0.023	4.072
1607.000	0.024	4.072
1607.200	0.022	4.072
1607.400	0.024	4.072
1607.600	0.023	4.072
1607.800	0.023	4.072
1608.000	0.024	4.072
1608.200	0.023	4.072
1608.400	0.023	4.072
1608.600	0.024	4.072
1608.800	0.023	4.072
1609.000	0.022	4.072
1609.200	0.023	4.072
1609.400	0.023	4.072
1609.600	0.023	4.072
1609.800	0.023	4.072
1610.000	0.023	4.072
1610.200	0.024	4.072
1610.400	0.024	4.072
1610.600	0.023	4.072
1610.800	0.022	4.072
1611.000	0.025	4.072
1611.200	0.023	4.072
1611.400	0.023	4.072
1611.600	0.022	4.072
1611.800	0.024	4.072
1612.000	0.023	4.072
1612.200	0.024	4.072
1612.400	0.024	4.072
1612.600	0.023	4.072
1612.800	0.025	4.072
1613.000	0.024	4.072
1613.200	0.025	4.073
1613.400	0.025	4.072
1613.600	0.025	4.072
1613.800	0.025	4.073
1614.000	0.024	4.072
1614.200	0.022	4.073
1614.400	0.023	4.072
1614.600	0.025	4.073
1614.800	0.023	4.073
1615.000	0.023	4.072
1615.200	0.022	4.073
1615.400	0.023	4.072
1615.600	0.024	4.072
1615.800	0.024	4.072
1616.000	0.022	4.072
1616.200	0.025	4.072
1616.400	0.025	4.073
1616.600	0.024	4.072
1616.800	0.024	4.072
1617.000	0.023	4.072
1617.200	0.024	4.072
1617.400	0.023	4.072
1617.600	0.024	4.072
1617.800	0.023	4.073
1618.000	0.022	4.072
1618.200	0.024	4.073
1618.400	0.024	4.072
1618.600	0.023	4.073
1618.800	0.023	4.072
1619.000	0.023	4.072
1619.200	0.024	4.072
1619.400	0.023	4.072
1619.600	0.024	4.072
1619.800	0.024	4.072
1620.000	0.024	4.072
1620.200	0.024	4.072
1620.400	0.024	4.073
1620.600	0.023	4.072
1620.800	0.022	4.072
1621.000	0.023	4.072
1621.200	0.022	4.073
1621.400	0.023	4.072
1621.600	0.023	4.072
1621.800	0.023	4.072
1622.000	0.023	4.072
1622.200	0.023	4.072
1622.400	0.023	4.072
1622.600	0.023	4.072
1622.800	0.024	4.072
1623.000	0.023	4.072
1623.200	0.023	4.072
1623.400	0.024	4.072
1623.600	0.024	4.072
1623.800	0.024	4.072
1624.000	0.024	4.072
1624.200	0.023	4.072
1624.400	0.023	4.072
1624.600	0.025	4.072
1624.800	0.024	4.072
1625.000	0.024	4.073
1625.200	0.026	4.072
1625.400	0.025	4.072
1625.600	0.025	4.073
1625.800	0.024	4.072
1626.000	0.023	4.072
1626.200	0.023	4.072
1626.400	0.023	4.072
1626.600	0.024	4.072
1626.800	0.024	4.073
1627.000	0.023	4.072
1627.200	0.024	4.072
1627.400	0.024	4.072
1627.600	0.025	4.072
1627.800	0.025	4.072
1628.000	0.025	4.072
1628.200	0.024	4.072
1628.400	0.026	4.072
1628.600	0.024	4.073
1628.800	0.025	4.072
1629.000	0.025	4.072
1629.200	0.025	4.072
1629.400	0.024	4.072
1629.600	0.024	4.072
1629.800	0.024	4.073
1630.000	0.025	4.073
1630.200	0.024	4.073
1630.400	0.024	4.072
1630.600	0.023	4.072
1630.800	0.024	4.073
1631.000	0.024	4.073
1631.200	0.023	4.072
1631.400	0.023	4.073
1631.600	0.023	4.072
1631.800	0.023	4.072
1632.000	0.024	4.072
1632.200	0.022	4.072
1632.400	0.023	4.072
1632.600	0.023	4.072
1632.800	0.023	4.072
1633.000	0.024	4.072
1633.200	0.022	4.072
1633.400	0.023	4.072
1633.600	0.023	4.072
1633.800	0.021	4.072
1634.000	0.022	4.072
1634.200	0.023	4.072
1634.400	0.021	4.072
1634.600	0.022	4.072
1634.800	0.022	4.072
1635.000	0.021	4.072
1635.200	0.022	4.072
1635.400	0.023	4.072
1635.600	0.022	4.072
1635.800	0.022	4.072
1636.000	0.021	4.072
1636.200	0.022	4.072
1636.400	0.023	4.072
1636.600	0.023	4.072
1636.800	0.024	4.072
1637.000	0.023	4.072
1637.200	0.023	4.072
1637.400	0.024	4.072
1637.600	0.023	4.072
1637.800	0.023	4.072
1638.000	0.023	4.072
1638.200	0.025	4.072
1638.400	0.024	4.072
1638.600	0.023	4.072
1638.800	0.024	4.072
1639.000	0.025	4.072
1639.200	0.023	4.072
1639.400	0.022	4.072
1639.600	0.022	4.072
1639.800	0.024	4.072
1640.000	0.022	4.072
1640.200	0.024	4.072
1640.400	0.023	4.072
1640.600	0.025	4.072
1640.800	0.024	4.072
1641.000	0.023	4.072
1641.200	0.022	4.072
1641.400	0.024	4.072
1641.600	0.020	4.072
1641.800	0.022	4.072
1642.000	0.023	4.072
1642.200	0.022	4.072
1642.400	0.023	4.072
1642.600	0.024	4.072
1642.800	0.022	4.072
1643.000	0.023	4.072
1643.200	0.022	4.072
1643.400	0.025	4.072
1643.600	0.024	4.072
1643.800	0.023	4.072
1644.000	0.021	4.072
1644.200	0.024	4.072
1644.400	0.023	4.072
1644.600	0.023	4.072
1644.800	0.024	4.072
1645.000	0.023	4.072
1645.200	0.023	4.072
1645.400	0.022	4.072
1645.600	0.024	4.072
1645.800	0.022	4.072
1646.000	0.024	4.072
1646.200	0.023	4.072
1646.400	0.023	4.072
1646.600	0.023	4.072
1646.800	0.022	4.072
1647.000	0.024	4.072
1647.200	0.024	4.072
1647.400	0.025	4.072
1647.600	0.023	4.072
1647.800	0.024	4.072
1648.000	0.024	4.072
1648.200	0.024	4.072
1648.400	0.022	4.072
1648.600	0.025	4.072
1648.800	0.024	4.073
1649.000	0.024	4.072
1649.200	0.025	4.072
1649.400	0.023	4.072
1649.600	0.025	4.073
1649.800	0.024	4.072
1650.000	0.024	4.072
1650.200	0.025	4.072
1650.400	0.025	4.072
1650.600	0.025	4.073
1650.800	0.024	4.073
1651.000	0.022	4.072
1651.200	0.024	4.073
1651.400	0.024	4.073
1651.600	0.025	4.072
1651.800	0.025	4.073
1652.000	0.024	4.072
1652.200	0.023	4.072
1652.400	0.024	4.072
1652.600	0.025	4.072
1652.800	0.026	4.073
1653.000	0.024	4.073
1653.200	0.025	4.072
1653.400	0.025	4.072
1653.600	0.024	4.073
1653.800	0.025	4.073
1654.000	0.024	4.072
1654.200	0.024	4.072
1654.400	0.024	4.073
1654.600	0.025	4.072
1654.800	0.024	4.072
1655.000	0.025	4.072
1655.200	0.023	4.072
1655.400	0.023	4.072
1655.600	0.023	4.072
1655.800	0.024	4.072
1656.000	0.026	4.072
1656.200	0.024	4.072
1656.400	0.022	4.072
1656.600	0.025	4.072
1656.800	0.023	4.072
1657.000	0.022	4.072
1657.200	0.023	4.072
1657.400	0.023	4.072
1657.600	0.024	4.072
1657.800	0.023	4.072
1658.000	0.024	4.072
1658.200	0.024	4.072
1658.400	0.024	4.072
1658.600	0.022	4.072
1658.800	0.023	4.072
1659.000	0.023	4.072
1659.200	0.022	4.072
1659.400	0.023	4.072
1659.600	0.024	4.072
1659.800	0.021	4.072
1660.000	0.022	4.072
1660.200	0.023	4.072
1660.400	0.023	4.072
1660.600	0.021	4.072
1660.800	0.021	4.072
1661.000	0.021	4.072
1661.200	0.023	4.072
1661.400	0.023	4.072
1661.600	0.023	4.072
1661.800	0.023	4.072
1662.000	0.022	4.072
1662.200	0.024	4.072
1662.400	0.023	4.072
1662.600	0.022	4.072
1662.800	0.022	4.072
1663.000	0.023	4.072
1663.200	0.023	4.072
1663.400	0.023	4.072
1663.600	0.023	4.072
1663.800	0.022	4.072
1664.000	0.022	4.072
1664.200	0.024	4.072
1664.400	0.021	4.072
1664.600	0.023	4.072
1664.800	0.023	4.072
1665.000	0.023	4.072
1665.200	0.023	4.072
1665.400	0.023	4.072
1665.600	0.023	4.072
1665.800	0.023	4.072
1666.000	0.024	4.072
1666.200	0.023	4.072
1666.400	0.023	4.072
1666.600	0.023	4.073
1666.800	0.022	4.072
1667.000	0.023	4.072
1667.200	0.024	4.072
1667.400	0.024	4.072
1667.600	0.024	4.072
1667.800	0.024	4.072
1668.000	0.024	4.072
1668.200	0.024	4.072
1668.400	0.025	4.072
1668.600	0.024	4.072
1668.800	0.023	4.072
1669.000	0.024	4.072
1669.200	0.024	4.072
1669.400	0.025	4.072
1669.600	0.026	4.072
1669.800	0.024	4.072
1670.000	0.026	4.072
1670.200	0.025	4.072
1670.400	0.025	4.072
1670.600	0.024	4.072
1670.800	0.024	4.072
1671.000	0.023	4.072
1671.200	0.024	4.072
1671.400	0.025	4.072
1671.600	0.025	4.072
1671.800	0.027	4.072
1672.000	0.026	4.072
1672.200	0.027	4.072
1672.400	0.026	4.072
1672.600	0.026	4.072
1672.800	0.025	4.072
1673.000	0.024	4.072
1673.200	0.026	4.072
1673.400	0.025	4.072
1673.600	0.024	4.072
1673.800	0.026	4.072
1674.000	0.024	4.072
1674.200	0.025	4.072
1674.400	0.024	4.072
1674.600	0.026	4.073
1674.800	0.026	4.073
1675.000	0.027	4.072
1675.200	0.026	4.072
1675.400	0.026	4.072
1675.600	0.026	4.072
1675.800	0.025	4.072
1676.000	0.024	4.072
1676.200	0.026	4.072
1676.400	0.025	4.072
1676.600	0.026	4.073
1676.800	0.025	4.072
1677.000	0.025	4.073
1677.200	0.025	4.073
1677.400	0.025	4.072
1677.600	0.026	4.072
1677.800	0.025	4.072
1678.000	0.025	4.072
1678.200	0.026	4.072
1678.400	0.025	4.072
1678.600	0.026	4.073
1678.800	0.026	4.073
1679.000	0.025	4.072
1679.200	0.025	4.073
1679.400	0.026	4.073
1679.600	0.025	4.073
1679.800	0.026	4.073
1680.000	0.025	4.072
1680.200	0.025	4.072
1680.400	0.025	4.072
1680.600	0.025	4.072
1680.800	0.027	4.072
1681.000	0.025	4.072
1681.200	0.023	4.072
1681.400	0.024	4.072
1681.600	0.023	4.072
1681.800	0.025	4.072
1682.000	0.024	4.072
1682.200	0.025	4.073
1682.400	0.024	4.072
1682.600	0.026	4.072
1682.800	0.027	4.072
1683.000	0.024	4.072
1683.200	0.025	4.072
1683.400	0.024	4.072
1683.600	0.025	4.072
1683.800	0.024	4.072
1684.000	0.026	4.072
1684.200	0.024	4.072
1684.400	0.024	4.072
1684.600	0.024	4.072
1684.800	0.025	4.072
1685.000	0.026	4.072
1685.200	0.024	4.072
1685.400	0.025	4.072
1685.600	0.024	4.073
1685.800	0.025	4.072
1686.000	0.023	4.072
1686.200	0.024	4.072
1686.400	0.025	4.073
1686.600	0.025	4.072
1686.800	0.024	4.073
1687.000	0.024	4.073
1687.200	0.024	4.072
1687.400	0.024	4.072
1687.600	0.024	4.072
1687.800	0.023	4.072
1688.000	0.023	4.072
1688.200	0.024	4.073
1688.400	0.023	4.072
1688.600	0.023	4.073
1688.800	0.025	4.072
1689.000	0.022	4.072
1689.200	0.023	4.072
1689.400	0.022	4.072
1689.600	0.023	4.072
1689.800	0.023	4.073
1690.000	0.025	4.072
1690.200	0.024	4.072
1690.400	0.025	4.072
1690.600	0.025	4.073
1690.800	0.026	4.073
1691.000	0.025	4.072
1691.200	0.025	4.072
1691.400	0.024	4.072
1691.600	0.024	4.072
1691.800	0.025	4.072
1692.000	0.025	4.072
1692.200	0.023	4.072
1692.400	0.024	4.072
1692.600	0.024	4.072
1692.800	0.025	4.072
1693.000	0.023	4.072
1693.200	0.023	4.072
1693.400	0.024	4.072
1693.600	0.023	4.072
1693.800	0.024	4.072
1694.000	0.025	4.072
1694.200	0.025	4.072
1694.400	0.024	4.072
1694.600	0.025	4.072
1694.800	0.024	4.072
1695.000	0.022	4.072
1695.200	0.024	4.072
1695.400	0.024	4.072
1695.600	0.025	4.072
1695.800	0.026	4.072
1696.000	0.026	4.072
1696.200	0.024	4.072
1696.400	0.024	4.072
1696.600	0.024	4.072
1696.800	0.024	4.072
1697.000	0.024	4.072
1697.200	0.025	4.072
1697.400	0.024	4.072
1697.600	0.025	4.073
1697.800	0.024	4.073
1698.000	0.024	4.072
1698.200	0.023	4.072
1698.400	0.025	4.072
1698.600	0.024	4.072
1698.800	0.025	4.072
1699.000	0.024	4.072
1699.200	0.025	4.072
1699.400	0.024	4.072
1699.600	0.022	4.072
1699.800	0.025	4.072
1700.000	0.023	4.072
1700.200	0.025	4.072
1700.400	0.024	4.072
1700.600	0.024	4.072
1700.800	0.025	4.072
1701.000	0.025	4.073
1701.200	0.025	4.072
1701.400	0.024	4.072
1701.600	0.025	4.072
1701.800	0.025	4.072
1702.000	0.023	4.073
1702.200	0.024	4.072
1702.400	0.022	4.073
1702.600	0.023	4.072
1702.800	0.022	4.072
1703.000	0.024	4.072
1703.200	0.024	4.073
1703.400	0.024	4.072
1703.600	0.023	4.072
1703.800	0.024	4.072
1704.000	0.025	4.072
1704.200	0.024	4.072
1704.400	0.024	4.072
1704.600	0.024	4.072
1704.800	0.024	4.072
1705.000	0.023	4.072
1705.200	0.024	4.072
1705.400	0.023	4.072
1705.600	0.024	4.072
1705.800	0.024	4.072
1706.000	0.023	4.072
1706.200	0.023	4.072
1706.400	0.025	4.072
1706.600	0.024	4.072
1706.800	0.024	4.072
1707.000	0.023	4.072
1707.200	0.024	4.072
1707.400	0.024	4.072
1707.600	0.023	4.072
1707.800	0.023	4.072
1708.000	0.025	4.072
1708.200	0.024	4.073
1708.400	0.024	4.072
1708.600	0.025	4.072
1708.800	0.023	4.072
1709.000	0.024	4.073
1709.200	0.025	4.072
1709.400	0.025	4.072
1709.600	0.025	4.072
1709.800	0.024	4.072
1710.000	0.025	4.072
1710.200	0.025	4.072
1710.400	0.025	4.072
1710.600	0.024	4.072
1710.800	0.024	4.072
1711.000	0.025	4.072
1711.200	0.024	4.072
1711.400	0.024	4.072
1711.600	0.026	4.072
1711.800	0.025	4.072
1712.000	0.024	4.072
1712.200	0.024	4.072
1712.400	0.023	4.072
1712.600	0.023	4.072
1712.800	0.023	4.072
1713.000	0.022	4.072
1713.200	0.023	4.072
1713.400	0.023	4.072
1713.600	0.023	4.072
1713.800	0.023	4.072
1714.000	0.024	4.072
1714.200	0.024	4.072
1714.400	0.023	4.072
1714.600	0.022	4.072
1714.800	0.021	4.072
1715.000	0.022	4.072
1715.200	0.022	4.072
1715.400	0.022	4.072
1715.600	0.022	4.072
1715.800	0.022	4.072
1716.000	0.023	4.072
1716.200	0.023	4.072
1716.400	0.024	4.072
1716.600	0.024	4.072
1716.800	0.022	4.072
1717.000	0.024	4.072
1717.200	0.024	4.072
1717.400	0.026	4.072
1717.600	0.022	4.072
1717.800	0.023	4.072
1718.000	0.024	4.072
1718.200	0.024	4.072
1718.400	0.023	4.072
1718.600	0.023	4.072
1718.800	0.023	4.072
1719.000	0.022	4.072
1719.200	0.023	4.072
1719.400	0.024	4.072
1719.600	0.023	4.072
1719.800	0.022	4.072
1720.000	0.024	4.072
1720.200	0.023	4.072
1720.400	0.023	4.072
1720.600	0.025	4.072
1720.800	0.024	4.072
1721.000	0.023	4.072
1721.200	0.024	4.072
1721.400	0.023	4.072
1721.600	0.024	4.072
1721.800	0.024	4.072
1722.000	0.023	4.072
1722.200	0.023	4.072
1722.400	0.024	4.072
1722.600	0.023	4.072
1722.800	0.023	4.072
1723.000	0.024	4.072
1723.200	0.023	4.072
1723.400	0.024	4.072
1723.600	0.022	4.072
1723.800	0.023	4.072
1724.000	0.022	4.072
1724.200	0.022	4.072
1724.400	0.024	4.072
1724.600	0.023	4.072
1724.800	0.024	4.072
1725.000	0.023	4.072
1725.200	0.024	4.072
1725.400	0.023	4.072
1725.600	0.024	4.072
1725.800	0.025	4.072
1726.000	0.025	4.072
1726.200	0.023	4.072
1726.400	0.024	4.072
1726.600	0.025	4.072
1726.800	0.025	4.072
1727.000	0.023	4.072
1727.200	0.026	4.072
1727.400	0.024	4.072
1727.600	0.025	4.072
1727.800	0.024	4.072
1728.000	0.023	4.072
1728.200	0.024	4.072
1728.400	0.024	4.072
1728.600	0.023	4.072
1728.800	0.024	4.072
1729.000	0.023	4.072
1729.200	0.024	4.072
1729.400	0.023	4.072
1729.600	0.023	4.072
1729.800	0.022	4.072
1730.000	0.022	4.072
1730.200	0.023	4.072
1730.400	0.023	4.072
1730.600	0.023	4.072
1730.800	0.025	4.072
1731.000	0.023	4.072
1731.200	0.024	4.072
1731.400	0.023	4.072
1731.600	0.023	4.072
1731.800	0.023	4.072
1732.000	0.023	4.072
1732.200	0.024	4.072
1732.400	0.023	4.072
1732.600	0.023	4.072
1732.800	0.023	4.072
1733.000	0.024	4.072
1733.200	0.022	4.072
1733.400	0.023	4.072
1733.600	0.024	4.072
1733.800	0.022	4.072
1734.000	0.023	4.072
1734.200	0.022	4.072
1734.400	0.022	4.072
1734.600	0.022	4.072
1734.800	0.023	4.072
1735.000	0.022	4.072
1735.200	0.022	4.072
1735.400	0.022	4.072
1735.600	0.023	4.072
1735.800	0.023	4.072
1736.000	0.022	4.072
1736.200	0.023	4.072
1736.400	0.024	4.072
1736.600	0.021	4.072
1736.800	0.023	4.072
1737.000	0.022	4.072
1737.200	0.023	4.072
1737.400	0.024	4.072
1737.600	0.023	4.072
1737.800	0.025	4.072
1738.000	0.024	4.072
1738.200	0.025	4.072
1738.400	0.022	4.072
1738.600	0.023	4.072
1738.800	0.022	4.072
1739.000	0.022	4.072
1739.200	0.023	4.072
1739.400	0.022	4.072
1739.600	0.023	4.072
1739.800	0.024	4.072
1740.000	0.023	4.072
1740.200	0.024	4.072
1740.400	0.024	4.072
1740.600	0.024	4.072
1740.800	0.024	4.072
1741.000	0.025	4.072
1741.200	0.024	4.072
1741.400	0.024	4.072
1741.600	0.024	4.072
1741.800	0.025	4.072
1742.000	0.024	4.072
1742.200	0.025	4.072
1742.400	0.023	4.072
1742.600	0.025	4.072
1742.800	0.025	4.072
1743.000	0.024	4.072
1743.200	0.023	4.072
1743.400	0.024	4.072
1743.600	0.025	4.072
1743.800	0.025	4.072
1744.000	0.024	4.072
1744.200	0.025	4.072
1744.400	0.026	4.072
1744.600	0.025	4.072
1744.800	0.026	4.072
1745.000	0.025	4.072
1745.200	0.025	4.072
1745.400	0.024	4.072
1745.600	0.024	4.072
1745.800	0.025	4.072
1746.000	0.025	4.072
1746.200	0.024	4.072
1746.400	0.023	4.072
1746.600	0.024	4.072
1746.800	0.023	4.072
1747.000	0.023	4.072
1747.200	0.024	4.072
1747.400	0.023	4.072
1747.600	0.024	4.072
1747.800	0.023	4.072
1748.000	0.024	4.072
1748.200	0.022	4.072
1748.400	0.024	4.072
1748.600	0.023	4.072
1748.800	0.021	4.072
1749.000	0.022	4.072
1749.200	0.022	4.072
1749.400	0.024	4.072
1749.600	0.023	4.072
1749.800	0.023	4.072
1750.000	0.025	4.072
1750.200	0.023	4.072
1750.400	0.024	4.072
1750.600	0.023	4.072
1750.800	0.023	4.072
1751.000	0.023	4.072
1751.200	0.023	4.072
1751.400	0.024	4.072
1751.600	0.024	4.072
1751.800	0.023	4.072
1752.000	0.024	4.072
1752.200	0.024	4.072
1752.400	0.023	4.072
1752.600	0.022	4.072
1752.800	0.024	4.072
1753.000	0.024	4.072
1753.200	0.023	4.072
1753.400	0.024	4.072
1753.600	0.024	4.072
1753.800	0.023	4.072
1754.000	0.023	4.072
1754.200	0.023	4.072
1754.400	0.023	4.072
1754.600	0.022	4.072
1754.800	0.022	4.072
1755.000	0.022	4.072
1755.200	0.022	4.072
1755.400	0.023	4.072
1755.600	0.023	4.072
1755.800	0.023	4.072
1756.000	0.023	4.072
1756.200	0.023	4.072
1756.400	0.023	4.072
1756.600	0.023	4.072
1756.800	0.023	4.072
1757.000	0.023	4.072
1757.200	0.025	4.072
1757.400	0.024	4.072
1757.600	0.024	4.072
1757.800	0.023	4.072
1758.000	0.023	4.072
1758.200	0.023	4.072
1758.400	0.023	4.072
1758.600	0.021	4.072
1758.800	0.021	4.072
1759.000	0.022	4.072
1759.200	0.021	4.072
1759.400	0.022	4.072
1759.600	0.022	4.072
1759.800	0.021	4.072
1760.000	0.022	4.072
1760.200	0.021	4.072
1760.400	0.021	4.072
1760.600	0.022	4.072
1760.800	0.022	4.072
1761.000	0.023	4.072
1761.200	0.023	4.072
1761.400	0.022	4.072
1761.600	0.022	4.072
1761.800	0.023	4.072
1762.000	0.022	4.072
1762.200	0.021	4.072
1762.400	0.022	4.072
1762.600	0.022	4.072
1762.800	0.021	4.072
1763.000	0.021	4.072
1763.200	0.022	4.072
1763.400	0.022	4.072
1763.600	0.021	4.072
1763.800	0.023	4.072
1764.000	0.023	4.072
1764.200	0.024	4.072
1764.400	0.022	4.072
1764.600	0.021	4.072
1764.800	0.021	4.072
1765.000	0.023	4.072
1765.200	0.024	4.072
1765.400	0.022	4.072
1765.600	0.023	4.072
1765.800	0.022	4.072
1766.000	0.021	4.072
1766.200	0.023	4.072
1766.400	0.021	4.072
1766.600	0.023	4.072
1766.800	0.021	4.072
1767.000	0.021	4.072
1767.200	0.021	4.072
1767.400	0.021	4.072
1767.600	0.020	4.072
1767.800	0.021	4.072
1768.000	0.021	4.072
1768.200	0.022	4.072
1768.400	0.021	4.072
1768.600	0.022	4.072
1768.800	0.022	4.072
1769.000	0.021	4.072
1769.200	0.022	4.072
1769.400	0.022	4.072
1769.600	0.021	4.072
1769.800	0.021	4.072
1770.000	0.022	4.072
1770.200	0.025	4.072
1770.400	0.023	4.072
1770.600	0.023	4.072
1770.800	0.022	4.072
1771.000	0.022	4.072
1771.200	0.022	4.072
1771.400	0.021	4.072
1771.600	0.023	4.072
1771.800	0.023	4.072
1772.000	0.023	4.072
1772.200	0.020	4.072
1772.400	0.023	4.072
1772.600	0.023	4.072
1772.800	0.022	4.072
1773.000	0.022	4.072
1773.200	0.022	4.072
1773.400	0.021	4.072
1773.600	0.022	4.072
1773.800	0.022	4.072
1774.000	0.022	4.072
1774.200	0.022	4.072
1774.400	0.022	4.072
1774.600	0.023	4.072
1774.800	0.022	4.072
1775.000	0.022	4.072
1775.200	0.022	4.072
1775.400	0.023	4.072
1775.600	0.022	4.072
1775.800	0.021	4.072
1776.000	0.022	4.072
1776.200	0.021	4.072
1776.400	0.023	4.072
1776.600	0.023	4.072
1776.800	0.020	4.072
1777.000	0.021	4.072
1777.200	0.021	4.072
1777.400	0.021	4.072
1777.600	0.022	4.072
1777.800	0.020	4.072
1778.000	0.022	4.072
1778.200	0.022	4.072
1778.400	0.022	4.072
1778.600	0.020	4.072
1778.800	0.022	4.072
1779.000	0.022	4.072
1779.200	0.021	4.072
1779.400	0.021	4.072
1779.600	0.021	4.072
1779.800	0.021	4.072
1780.000	0.022	4.072
1780.200	0.022	4.072
1780.400	0.020	4.072
1780.600	0.021	4.072
1780.800	0.021	4.072
1781.000	0.021	4.072
1781.200	0.020	4.072
1781.400	0.019	4.072
1781.600	0.022	4.072
1781.800	0.020	4.072
1782.000	0.022	4.072
1782.200	0.022	4.072
1782.400	0.021	4.072
1782.600	0.021	4.072
1782.800	0.023	4.072
1783.000	0.022	4.072
1783.200	0.023	4.072
1783.400	0.023	4.072
1783.600	0.023	4.072
1783.800	0.022	4.072
1784.000	0.022	4.072
1784.200	0.023	4.072
1784.400	0.023	4.072
1784.600	0.022	4.072
1784.800	0.022	4.072
1785.000	0.022	4.072
1785.200	0.023	4.072
1785.400	0.024	4.072
1785.600	0.023	4.072
1785.800	0.023	4.072
1786.000	0.023	4.072
1786.200	0.023	4.072
1786.400	0.023	4.072
1786.600	0.023	4.072
1786.800	0.022	4.072
1787.000	0.022	4.072
1787.200	0.024	4.072
1787.400	0.023	4.072
1787.600	0.024	4.072
1787.800	0.022	4.072
1788.000	0.022	4.072
1788.200	0.023	4.072
1788.400	0.022	4.072
1788.600	0.021	4.072
1788.800	0.022	4.072
1789.000	0.022	4.072
1789.200	0.022	4.072
1789.400	0.023	4.072
1789.600	0.023	4.072
1789.800	0.023	4.072
1790.000	0.022	4.072
1790.200	0.022	4.072
1790.400	0.022	4.072
1790.600	0.021	4.072
1790.800	0.021	4.072
1791.000	0.022	4.072
1791.200	0.022	4.072
1791.400	0.022	4.072
1791.600	0.023	4.072
1791.800	0.022	4.072
1792.000	0.021	4.072
1792.200	0.024	4.072
1792.400	0.023	4.072
1792.600	0.021	4.072
1792.800	0.023	4.072
1793.000	0.022	4.072
1793.200	0.023	4.072
1793.400	0.021	4.072
1793.600	0.022	4.072
1793.800	0.022	4.072
1794.000	0.022	4.072
1794.200	0.021	4.072
1794.400	0.022	4.072
1794.600	0.022	4.072
1794.800	0.021	4.072
1795.000	0.023	4.072
1795.200	0.023	4.072
1795.400	0.022	4.072
1795.600	0.022	4.072
1795.800	0.023	4.072
1796.000	0.023	4.072
1796.200	0.023	4.072
1796.400	0.023	4.072
1796.600	0.024	4.072
1796.800	0.023	4.072
1797.000	0.022	4.072
1797.200	0.023	4.072
1797.400	0.023	4.072
1797.600	0.023	4.072
1797.800	0.023	4.072
1798.000	0.022	4.072
1798.200	0.023	4.072
1798.400	0.023	4.072
1798.600	0.024	4.072
1798.800	0.023	4.072
1799.000	0.023	4.072
1799.200	0.024	4.072
1799.400	0.023	4.072
1799.600	0.023	4.072
1799.800	0.022	4.072
1800.000	0.024	4.072
1800.200	0.023	4.072
1800.400	0.023	4.072
1800.600	0.023	4.072
1800.800	0.021	4.072
1801.000	0.022	4.072
1801.200	0.023	4.072
1801.400	0.023	4.072
1801.600	0.023	4.072
1801.800	0.023	4.072
1802.000	0.023	4.072
1802.200	0.023	4.072
1802.400	0.023	4.072
1802.600	0.022	4.072
1802.800	0.024	4.072
1803.000	0.022	4.072
1803.200	0.021	4.072
1803.400	0.022	4.072
1803.600	0.024	4.072
1803.800	0.024	4.072
1804.000	0.024	4.072
1804.200	0.024	4.072
1804.400	0.024	4.072
1804.600	0.024	4.072
1804.800	0.024	4.072
1805.000	0.025	4.072
1805.200	0.025	4.072
1805.400	0.025	4.072
1805.600	0.023	4.072
1805.800	0.023	4.072
1806.000	0.023	4.072
1806.200	0.023	4.072
1806.400	0.024	4.072
1806.600	0.024	4.072
1806.800	0.023	4.072
1807.000	0.023	4.072
1807.200	0.022	4.072
1807.400	0.024	4.072
1807.600	0.023	4.072
1807.800	0.024	4.072
1808.000	0.024	4.072
1808.200	0.024	4.072
1808.400	0.021	4.072
1808.600	0.022	4.072
1808.800	0.022	4.072
1809.000	0.022	4.072
1809.200	0.023	4.072
1809.400	0.023	4.072
1809.600	0.023	4.072
1809.800	0.022	4.072
1810.000	0.023	4.072
1810.200	0.022	4.072
1810.400	0.023	4.072
1810.600	0.022	4.072
1810.800	0.023	4.072
1811.000	0.022	4.072
1811.200	0.024	4.072
1811.400	0.024	4.072
1811.600	0.023	4.072
1811.800	0.025	4.072
1812.000	0.023	4.072
1812.200	0.023	4.072
1812.400	0.025	4.072
1812.600	0.024	4.072
1812.800	0.025	4.072
1813.000	0.026	4.072
1813.200	0.024	4.072
1813.400	0.023	4.072
1813.600	0.025	4.072
1813.800	0.024	4.072
1814.000	0.023	4.072
1814.200	0.025	4.072
1814.400	0.022	4.072
1814.600	0.025	4.072
1814.800	0.024	4.072
1815.000	0.023	4.072
1815.200	0.025	4.072
1815.400	0.023	4.072
1815.600	0.023	4.072
1815.800	0.024	4.072
1816.000	0.024	4.072
1816.200	0.025	4.072
1816.400	0.023	4.072
1816.600	0.023	4.072
1816.800	0.023	4.072
1817.000	0.024	4.072
1817.200	0.025	4.072
1817.400	0.025	4.072
1817.600	0.025	4.072
1817.800	0.025	4.072
1818.000	0.024	4.072
1818.200	0.024	4.072
1818.400	0.025	4.072
1818.600	0.024	4.072
1818.800	0.025	4.072
1819.000	0.025	4.072
1819.200	0.025	4.072
1819.400	0.023	4.072
1819.600	0.025	4.072
1819.800	0.025	4.072
1820.000	0.025	4.072
1820.200	0.024	4.072
1820.400	0.026	4.072
1820.600	0.023	4.072
1820.800	0.024	4.072
1821.000	0.024	4.072
1821.200	0.024	4.072
1821.400	0.023	4.072
1821.600	0.024	4.072
1821.800	0.024	4.072
1822.000	0.024	4.072
1822.200	0.024	4.072
1822.400	0.024	4.072
1822.600	0.026	4.072
1822.800	0.023	4.072
1823.000	0.026	4.072
1823.200	0.025	4.072
1823.400	0.024	4.072
1823.600	0.024	4.072
1823.800	0.025	4.072
1824.000	0.025	4.072
1824.200	0.024	4.072
1824.400	0.024	4.072
1824.600	0.025	4.072
1824.800	0.024	4.072
1825.000	0.024	4.072
1825.200	0.025	4.072
1825.400	0.026	4.072
1825.600	0.025	4.072
1825.800	0.025	4.072
1826.000	0.025	4.072
1826.200	0.024	4.072
1826.400	0.025	4.072
1826.600	0.025	4.072
1826.800	0.025	4.072
1827.000	0.024	4.072
1827.200	0.023	4.072
1827.400	0.025	4.072
1827.600	0.024	4.072
1827.800	0.024	4.072
1828.000	0.025	4.072
1828.200	0.027	4.072
1828.400	0.027	4.072
1828.600	0.025	4.072
1828.800	0.024	4.072
1829.000	0.024	4.072
1829.200	0.024	4.072
1829.400	0.025	4.072
1829.600	0.024	4.072
1829.800	0.026	4.072
1830.000	0.025	4.072
1830.200	0.025	4.072
1830.400	0.024	4.072
1830.600	0.025	4.072
1830.800	0.026	4.072
1831.000	0.026	4.072
1831.200	0.027	4.072
1831.400	0.024	4.072
1831.600	0.025	4.072
1831.800	0.023	4.072
1832.000	0.024	4.072
1832.200	0.025	4.072
1832.400	0.025	4.072
1832.600	0.024	4.072
1832.800	0.025	4.072
1833.000	0.024	4.072
1833.200	0.025	4.072
1833.400	0.026	4.072
1833.600	0.025	4.072
1833.800	0.023	4.072
1834.000	0.024	4.072
1834.200	0.024	4.072
1834.400	0.024	4.072
1834.600	0.024	4.072
1834.800	0.023	4.072
1835.000	0.024	4.072
1835.200	0.023	4.072
1835.400	0.023	4.072
1835.600	0.024	4.072
1835.800	0.023	4.072
1836.000	0.022	4.072
1836.200	0.025	4.072
1836.400	0.023	4.072
1836.600	0.024	4.072
1836.800	0.024	4.072
1837.000	0.024	4.072
1837.200	0.024	4.072
1837.400	0.022	4.072
1837.600	0.023	4.072
1837.800	0.023	4.072
1838.000	0.024	4.072
1838.200	0.022	4.072
1838.400	0.023	4.072
1838.600	0.025	4.072
1838.800	0.024	4.072
1839.000	0.023	4.072
1839.200	0.025	4.072
1839.400	0.026	4.072
1839.600	0.026	4.072
1839.800	0.025	4.072
1840.000	0.024	4.072
1840.200	0.024	4.072
1840.400	0.025	4.072
1840.600	0.023	4.072
1840.800	0.023	4.072
1841.000	0.024	4.072
1841.200	0.024	4.072
1841.400	0.024	4.072
1841.600	0.024	4.072
1841.800	0.023	4.072
1842.000	0.026	4.072
1842.200	0.025	4.072
1842.400	0.025	4.072
1842.600	0.024	4.072
1842.800	0.024	4.072
1843.000	0.023	4.072
1843.200	0.025	4.072
1843.400	0.023	4.072
1843.600	0.024	4.072
1843.800	0.023	4.072
1844.000	0.023	4.072
1844.200	0.024	4.072
1844.400	0.025	4.072
1844.600	0.024	4.072
1844.800	0.025	4.072
1845.000	0.025	4.072
1845.200	0.025	4.072
1845.400	0.023	4.072
1845.600	0.024	4.072
1845.800	0.023	4.072
1846.000	0.024	4.072
1846.200	0.022	4.072
1846.400	0.023	4.072
1846.600	0.022	4.072
1846.800	0.023	4.072
1847.000	0.024	4.072
1847.200	0.025	4.072
1847.400	0.025	4.072
1847.600	0.025	4.072
1847.800	0.023	4.072
1848.000	0.024	4.072
1848.200	0.025	4.072
1848.400	0.025	4.072
1848.600	0.024	4.072
1848.800	0.026	4.072
1849.000	0.025	4.072
1849.200	0.024	4.072
1849.400	0.022	4.072
1849.600	0.026	4.072
1849.800	0.024	4.072
1850.000	0.023	4.072
1850.200	0.023	4.072
1850.400	0.024	4.072
1850.600	0.023	4.072
1850.800	0.024	4.072
1851.000	0.026	4.072
1851.200	0.025	4.072
1851.400	0.023	4.072
1851.600	0.026	4.072
1851.800	0.025	4.072
1852.000	0.025	4.072
1852.200	0.024	4.072
1852.400	0.023	4.072
1852.600	0.022	4.072
1852.800	0.024	4.072
1853.000	0.024	4.072
1853.200	0.024	4.072
1853.400	0.023	4.072
1853.600	0.026	4.072
1853.800	0.025	4.072
1854.000	0.025	4.072
1854.200	0.026	4.072
1854.400	0.025	4.072
1854.600	0.023	4.072
1854.800	0.024	4.072
1855.000	0.023	4.072
1855.200	0.023	4.072
1855.400	0.022	4.072
1855.600	0.024	4.072
1855.800	0.024	4.072
1856.000	0.024	4.072
1856.200	0.026	4.072
1856.400	0.024	4.072
1856.600	0.024	4.072
1856.800	0.024	4.072
1857.000	0.027	4.072
1857.200	0.025	4.072
1857.400	0.025	4.072
1857.600	0.022	4.072
1857.800	0.025	4.072
1858.000	0.023	4.072
1858.200	0.024	4.072
1858.400	0.025	4.072
1858.600	0.023	4.072
1858.800	0.023	4.072
1859.000	0.024	4.072
1859.200	0.025	4.072
1859.400	0.025	4.072
1859.600	0.025	4.072
1859.800	0.026	4.072
1860.000	0.024	4.072
1860.200	0.025	4.072
1860.400	0.026	4.072
1860.600	0.025	4.072
1860.800	0.024	4.072
1861.000	0.025	4.072
1861.200	0.024	4.072
1861.400	0.024	4.072
1861.600	0.024	4.072
1861.800	0.024	4.072
1862.000	0.023	4.072
1862.200	0.024	4.072
1862.400	0.025	4.072
1862.600	0.025	4.072
1862.800	0.025	4.072
1863.000	0.024	4.072
1863.200	0.025	4.072
1863.400	0.027	4.072
1863.600	0.026	4.072
1863.800	0.026	4.072
1864.000	0.026	4.072
1864.200	0.025	4.072
1864.400	0.026	4.072
1864.600	0.025	4.072
1864.800	0.025	4.072
1865.000	0.024	4.072
1865.200	0.026	4.072
1865.400	0.025	4.072
1865.600	0.026	4.072
1865.800	0.028	4.072
1866.000	0.025	4.072
1866.200	0.025	4.072
1866.400	0.024	4.072
1866.600	0.024	4.072
1866.800	0.027	4.072
1867.000	0.026	4.072
1867.200	0.026	4.072
1867.400	0.025	4.072
1867.600	0.025	4.072
1867.800	0.024	4.072
1868.000	0.025	4.072
1868.200	0.026	4.072
1868.400	0.024	4.072
1868.600	0.026	4.072
1868.800	0.025	4.072
1869.000	0.025	4.072
1869.200	0.026	4.072
1869.400	0.026	4.072
1869.600	0.026	4.072
1869.800	0.024	4.072
1870.000	0.025	4.072
1870.200	0.025	4.072
1870.400	0.026	4.072
1870.600	0.025	4.072
1870.800	0.027	4.072
1871.000	0.027	4.072
1871.200	0.025	4.072
1871.400	0.026	4.072
1871.600	0.026	4.072
1871.800	0.025	4.072
1872.000	0.024	4.072
1872.200	0.025	4.072
1872.400	0.025	4.072
1872.600	0.027	4.072
1872.800	0.025	4.072
1873.000	0.024	4.072
1873.200	0.024	4.072
1873.400	0.024	4.072
1873.600	0.024	4.072
1873.800	0.025	4.072
1874.000	0.025	4.072
1874.200	0.024	4.072
1874.400	0.024	4.072
1874.600	0.025	4.072
1874.800	0.025	4.072
1875.000	0.024	4.072
1875.200	0.026	4.072
1875.400	0.024	4.072
1875.600	0.026	4.072
1875.800	0.025	4.072
1876.000	0.025	4.072
1876.200	0.024	4.072
1876.400	0.024	4.072
1876.600	0.025	4.072
1876.800	0.026	4.072
1877.000	0.027	4.072
1877.200	0.024	4.072
1877.400	0.024	4.072
1877.600	0.026	4.072
1877.800	0.024	4.072
1878.000	0.024	4.072
1878.200	0.024	4.072
1878.400	0.025	4.072
1878.600	0.025	4.072
1878.800	0.026	4.072
1879.000	0.027	4.072
1879.200	0.025	4.072
1879.400	0.026	4.072
1879.600	0.025	4.072
1879.800	0.025	4.072
1880.000	0.026	4.072
1880.200	0.027	4.072
1880.400	0.026	4.072
1880.600	0.024	4.072
1880.800	0.026	4.072
1881.000	0.024	4.072
1881.200	0.025	4.072
1881.400	0.023	4.072
1881.600	0.023	4.072
1881.800	0.023	4.072
1882.000	0.023	4.072
1882.200	0.022	4.072
1882.400	0.023	4.072
1882.600	0.023	4.072
1882.800	0.023	4.072
1883.000	0.023	4.072
1883.200	0.023	4.072
1883.400	0.023	4.072
1883.600	0.024	4.072
1883.800	0.023	4.072
1884.000	0.024	4.072
1884.200	0.024	4.072
1884.400	0.023	4.072
1884.600	0.025	4.072
1884.800	0.023	4.072
1885.000	0.024	4.072
1885.200	0.024	4.072
1885.400	0.023	4.072
1885.600	0.023	4.072
1885.800	0.023	4.072
1886.000	0.024	4.072
1886.200	0.024	4.072
1886.400	0.024	4.072
1886.600	0.024	4.072
1886.800	0.022	4.072
1887.000	0.021	4.072
1887.200	0.024	4.072
1887.400	0.024	4.072
1887.600	0.024	4.072
1887.800	0.025	4.072
1888.000	0.021	4.072
1888.200	0.023	4.072
1888.400	0.024	4.072
1888.600	0.024	4.072
1888.800	0.022	4.072
1889.000	0.023	4.072
1889.200	0.023	4.072
1889.400	0.025	4.072
1889.600	0.024	4.072
1889.800	0.023	4.072
1890.000	0.024	4.072
1890.200	0.024	4.072
1890.400	0.024	4.072
1890.600	0.023	4.072
1890.800	0.023	4.072
1891.000	0.025	4.072
1891.200	0.023	4.072
1891.400	0.023	4.072
1891.600	0.024	4.072
1891.800	0.022	4.072
1892.000	0.023	4.072
1892.200	0.023	4.072
1892.400	0.022	4.072
1892.600	0.025	4.072
1892.800	0.024	4.072
1893.000	0.023	4.072
1893.200	0.022	4.072
1893.400	0.022	4.072
1893.600	0.022	4.072
1893.800	0.023	4.072
1894.000	0.022	4.072
1894.200	0.023	4.072
1894.400	0.022	4.072
1894.600	0.022	4.072
1894.800	0.023	4.072
1895.000	0.023	4.072
1895.200	0.022	4.072
1895.400	0.023	4.072
1895.600	0.020	4.072
1895.800	0.024	4.072
1896.000	0.023	4.072
1896.200	0.023	4.072
1896.400	0.022	4.072
1896.600	0.024	4.072
1896.800	0.024	4.072
1897.000	0.024	4.072
1897.200	0.022	4.072
1897.400	0.022	4.072
1897.600	0.022	4.072
1897.800	0.022	4.072
1898.000	0.022	4.072
1898.200	0.024	4.072
1898.400	0.022	4.072
1898.600	0.024	4.072
1898.800	0.025	4.072
1899.000	0.023	4.072
1899.200	0.024	4.072
1899.400	0.023	4.072
1899.600	0.023	4.072
1899.800	0.020	4.072
1900.000	0.022	4.072
1900.200	0.022	4.072
1900.400	0.022	4.072
1900.600	0.023	4.072
1900.800	0.022	4.072
1901.000	0.023	4.072
1901.200	0.022	4.072
1901.400	0.021	4.072
1901.600	0.022	4.072
1901.800	0.021	4.072
1902.000	0.021	4.072
1902.200	0.022	4.072
1902.400	0.022	4.072
1902.600	0.022	4.072
1902.800	0.021	4.072
1903.000	0.022	4.072
1903.200	0.023	4.072
1903.400	0.021	4.072
1903.600	0.023	4.072
1903.800	0.023	4.072
1904.000	0.024	4.072
1904.200	0.021	4.072
1904.400	0.023	4.072
1904.600	0.023	4.072
1904.800	0.022	4.072
1905.000	0.022	4.072
1905.200	0.023	4.072
1905.400	0.022	4.072
1905.600	0.022	4.072
1905.800	0.021	4.072
1906.000	0.023	4.072
1906.200	0.022	4.072
1906.400	0.022	4.072
1906.600	0.023	4.072
1906.800	0.022	4.072
1907.000	0.022	4.072
1907.200	0.024	4.072
1907.400	0.023	4.072
1907.600	0.022	4.072
1907.800	0.024	4.072
1908.000	0.025	4.072
1908.200	0.025	4.072
1908.400	0.022	4.072
1908.600	0.023	4.072
1908.800	0.024	4.072
1909.000	0.024	4.072
1909.200	0.024	4.072
1909.400	0.023	4.072
1909.600	0.023	4.072
1909.800	0.023	4.072
1910.000	0.024	4.072
1910.200	0.024	4.072
1910.400	0.024	4.072
1910.600	0.023	4.072
1910.800	0.024	4.072
1911.000	0.025	4.072
1911.200	0.025	4.072
1911.400	0.025	4.072
1911.600	0.024	4.072
1911.800	0.025	4.072
1912.000	0.025	4.072
1912.200	0.024	4.072
1912.400	0.025	4.072
1912.600	0.025	4.072
1912.800	0.024	4.072
1913.000	0.024	4.072
1913.200	0.023	4.072
1913.400	0.024	4.072
1913.600	0.026	4.072
1913.800	0.026	4.072
1914.000	0.024	4.072
1914.200	0.024	4.072
1914.400	0.026	4.072
1914.600	0.025	4.072
1914.800	0.024	4.072
1915.000	0.025	4.072
1915.200	0.025	4.072
1915.400	0.025	4.072
1915.600	0.024	4.072
1915.800	0.026	4.072
1916.000	0.025	4.072
1916.200	0.025	4.072
1916.400	0.023	4.072
1916.600	0.024	4.072
1916.800	0.023	4.072
1917.000	0.025	4.072
1917.200	0.024	4.072
1917.400	0.024	4.072
1917.600	0.025	4.072
1917.800	0.025	4.072
1918.000	0.024	4.072
1918.200	0.023	4.072
1918.400	0.024	4.072
1918.600	0.024	4.072
1918.800	0.024	4.072
1919.000	0.023	4.072
1919.200	0.024	4.072
1919.400	0.023	4.072
1919.600	0.023	4.072
1919.800	0.021	4.072
1920.000	0.024	4.072
1920.200	0.025	4.072
1920.400	0.024	4.072
1920.600	0.024	4.072
1920.800	0.026	4.072
1921.000	0.023	4.072
1921.200	0.023	4.072
1921.400	0.021	4.072
1921.600	0.022	4.072
1921.800	0.022	4.072
1922.000	0.023	4.072
1922.200	0.022	4.072
1922.400	0.024	4.072
1922.600	0.023	4.072
1922.800	0.022	4.072
1923.000	0.023	4.072
1923.200	0.023	4.072
1923.400	0.024	4.072
1923.600	0.023	4.072
1923.800	0.024	4.072
1924.000	0.023	4.072
1924.200	0.024	4.072
1924.400	0.025	4.072
1924.600	0.024	4.072
1924.800	0.023	4.072
1925.000	0.024	4.072
1925.200	0.023	4.072
1925.400	0.024	4.072
1925.600	0.023	4.072
1925.800	0.024	4.072
1926.000	0.024	4.072
1926.200	0.023	4.072
1926.400	0.023	4.072
1926.600	0.023	4.072
1926.800	0.024	4.072
1927.000	0.023	4.072
1927.200	0.022	4.072
1927.400	0.022	4.072
1927.600	0.022	4.072
1927.800	0.024	4.072
1928.000	0.022	4.072
1928.200	0.022	4.072
1928.400	0.022	4.072
1928.600	0.024	4.072
1928.800	0.022	4.072
1929.000	0.021	4.072
1929.200	0.022	4.072
1929.400	0.022	4.072
1929.600	0.021	4.072
1929.800	0.022	4.072
1930.000	0.021	4.072
1930.200	0.022	4.072
1930.400	0.022	4.072
1930.600	0.023	4.072
1930.800	0.023	4.072
1931.000	0.022	4.072
1931.200	0.022	4.072
1931.400	0.022	4.072
1931.600	0.023	4.072
1931.800	0.024	4.072
1932.000	0.022	4.072
1932.200	0.022	4.072
1932.400	0.021	4.072
1932.600	0.021	4.072
1932.800	0.022	4.072
1933.000	0.022	4.072
1933.200	0.020	4.072
1933.400	0.021	4.072
1933.600	0.022	4.072
1933.800	0.020	4.072
1934.000	0.021	4.072
1934.200	0.021	4.072
1934.400	0.021	4.072
1934.600	0.023	4.072
1934.800	0.021	4.072
1935.000	0.022	4.072
1935.200	0.022	4.072
1935.400	0.022	4.072
1935.600	0.022	4.072
1935.800	0.021	4.072
1936.000	0.022	4.072
1936.200	0.022	4.072
1936.400	0.021	4.072
1936.600	0.023	4.072
1936.800	0.022	4.072
1937.000	0.022	4.072
1937.200	0.022	4.072
1937.400	0.022	4.072
1937.600	0.021	4.072
1937.800	0.022	4.072
1938.000	0.022	4.072
1938.200	0.020	4.072
1938.400	0.021	4.072
1938.600	0.022	4.072
1938.800	0.021	4.072
1939.000	0.022	4.072
1939.200	0.024	4.072
1939.400	0.023	4.072
1939.600	0.022	4.072
1939.800	0.023	4.072
1940.000	0.021	4.072
1940.200	0.023	4.072
1940.400	0.024	4.072
1940.600	0.022	4.072
1940.800	0.023	4.072
1941.000	0.023	4.072
1941.200	0.024	4.072
1941.400	0.023	4.072
1941.600	0.023	4.072
1941.800	0.023	4.072
1942.000	0.023	4.072
1942.200	0.021	4.072
1942.400	0.022	4.072
1942.600	0.022	4.072
1942.800	0.022	4.072
1943.000	0.022	4.072
1943.200	0.021	4.072
1943.400	0.022	4.072
1943.600	0.023	4.072
1943.800	0.023	4.072
1944.000	0.022	4.072
1944.200	0.022	4.072
1944.400	0.023	4.072
1944.600	0.021	4.072
1944.800	0.022	4.072
1945.000	0.023	4.072
1945.200	0.024	4.072
1945.400	0.023	4.072
1945.600	0.023	4.072
1945.800	0.023	4.072
1946.000	0.022	4.072
1946.200	0.022	4.072
1946.400	0.020	4.072
1946.600	0.021	4.072
1946.800	0.023	4.072
1947.000	0.022	4.072
1947.200	0.022	4.072
1947.400	0.022	4.072
1947.600	0.023	4.072
1947.800	0.021	4.072
1948.000	0.021	4.072
1948.200	0.020	4.072
1948.400	0.021	4.072
1948.600	0.021	4.072
1948.800	0.022	4.072
1949.000	0.022	4.072
1949.200	0.022	4.072
1949.400	0.022	4.072
1949.600	0.023	4.072
1949.800	0.022	4.072
1950.000	0.022	4.072
1950.200	0.022	4.072
1950.400	0.023	4.072
1950.600	0.023	4.072
1950.800	0.022	4.072
1951.000	0.021	4.072
1951.200	0.021	4.072
1951.400	0.021	4.072
1951.600	0.021	4.072
1951.800	0.022	4.072
1952.000	0.020	4.072
1952.200	0.021	4.072
1952.400	0.022	4.072
1952.600	0.022	4.072
1952.800	0.023	4.072
1953.000	0.023	4.072
1953.200	0.022	4.072
1953.400	0.021	4.072
1953.600	0.022	4.072
1953.800	0.022	4.072
1954.000	0.024	4.072
1954.200	0.024	4.072
1954.400	0.023	4.072
1954.600	0.022	4.072
1954.800	0.023	4.072
1955.000	0.023	4.072
1955.200	0.021	4.072
1955.400	0.022	4.072
1955.600	0.022	4.072
1955.800	0.022	4.072
1956.000	0.021	4.072
1956.200	0.022	4.072
1956.400	0.021	4.072
1956.600	0.022	4.072
1956.800	0.022	4.072
1957.000	0.023	4.072
1957.200	0.022	4.072
1957.400	0.022	4.072
1957.600	0.023	4.072
1957.800	0.024	4.072
1958.000	0.024	4.072
1958.200	0.023	4.072
1958.400	0.020	4.072
1958.600	0.023	4.072
1958.800	0.023	4.072
1959.000	0.022	4.072
1959.200	0.023	4.072
1959.400	0.021	4.072
1959.600	0.022	4.072
1959.800	0.021	4.072
1960.000	0.022	4.072
1960.200	0.021	4.072
1960.400	0.022	4.072
1960.600	0.022	4.072
1960.800	0.022	4.072
1961.000	0.022	4.072
1961.200	0.022	4.072
1961.400	0.021	4.072
1961.600	0.022	4.072
1961.800	0.023	4.072
1962.000	0.023	4.072
1962.200	0.021	4.072
1962.400	0.023	4.072
1962.600	0.023	4.072
1962.800	0.023	4.072
1963.000	0.023	4.072
1963.200	0.022	4.072
1963.400	0.022	4.072
1963.600	0.022	4.072
1963.800	0.023	4.072
1964.000	0.022	4.072
1964.200	0.022	4.072
1964.400	0.021	4.072
1964.600	0.021	4.072
1964.800	0.022	4.072
1965.000	0.020	4.072
1965.200	0.020	4.072
1965.400	0.022	4.072
1965.600	0.022	4.072
1965.800	0.021	4.072
1966.000	0.020	4.072
1966.200	0.021	4.072
1966.400	0.022	4.072
1966.600	0.024	4.072
1966.800	0.021	4.072
1967.000	0.022	4.072
1967.200	0.022	4.072
1967.400	0.021	4.072
1967.600	0.021	4.072
1967.800	0.022	4.072
1968.000	0.022	4.072
1968.200	0.021	4.072
1968.400	0.021	4.072
1968.600	0.021	4.072
1968.800	0.021	4.072
1969.000	0.021	4.072
1969.200	0.022	4.072
1969.400	0.023	4.072
1969.600	0.021	4.072
1969.800	0.023	4.072
1970.000	0.022	4.072
1970.200	0.021	4.072
1970.400	0.024	4.072
1970.600	0.023	4.072
1970.800	0.022	4.072
1971.000	0.023	4.072
1971.200	0.021	4.072
1971.400	0.022	4.072
1971.600	0.023	4.072
1971.800	0.024	4.072
1972.000	0.023	4.072
1972.200	0.023	4.072
1972.400	0.023	4.072
1972.600	0.024	4.072
1972.800	0.022	4.072
1973.000	0.022	4.072
1973.200	0.021	4.072
1973.400	0.021	4.072
1973.600	0.021	4.072
1973.800	0.021	4.072
1974.000	0.022	4.072
1974.200	0.021	4.072
1974.400	0.021	4.072
1974.600	0.020	4.072
1974.800	0.022	4.072
1975.000	0.022	4.072
1975.200	0.022	4.072
1975.400	0.022	4.072
1975.600	0.022	4.072
1975.800	0.021	4.072
1976.000	0.021	4.072
1976.200	0.023	4.072
1976.400	0.023	4.072
1976.600	0.024	4.072
1976.800	0.022	4.072
1977.000	0.023	4.072
1977.200	0.022	4.072
1977.400	0.023	4.072
1977.600	0.023	4.072
1977.800	0.020	4.072
1978.000	0.022	4.072
1978.200	0.022	4.072
1978.400	0.022	4.072
1978.600	0.022	4.072
1978.800	0.024	4.072
1979.000	0.024	4.072
1979.200	0.025	4.072
1979.400	0.025	4.072
1979.600	0.023	4.072
1979.800	0.024	4.072
1980.000	0.023	4.072
1980.200	0.022	4.072
