time /s	I /mA	E /V
0.200	-2716.058	3.695
0.400	-2714.064	3.698
0.600	-2710.654	3.698
0.800	-2708.119	3.699
1.000	-2706.659	3.698
1.200	-2705.837	3.698
1.400	-2705.118	3.698
1.600	-2704.763	3.698
1.800	-2704.438	3.697
2.000	-2704.209	3.697
2.200	-2703.898	3.696
2.400	-2703.819	3.696
2.600	-2703.758	3.696
2.800	-2703.440	3.695
3.000	-2703.488	3.695
3.200	-2703.554	3.695
3.400	-2703.271	3.694
3.600	-2703.107	3.694
3.800	-2702.974	3.693
4.000	-2702.522	3.693
4.200	-2702.272	3.693
4.400	-2702.042	3.692
4.600	-2701.865	3.692
4.800	-2701.807	3.692
5.000	-2701.247	3.692
5.200	-2700.770	3.691
5.400	-2700.413	3.691
5.600	-2700.141	3.691
5.800	-2699.859	3.690
6.000	-2699.555	3.690
6.200	-2699.171	3.690
6.400	-2698.743	3.689
6.600	-2698.670	3.689
6.800	-2698.266	3.689
7.000	-2697.960	3.689
7.200	-2697.586	3.688
7.400	-2697.117	3.688
7.600	-2696.433	3.688
7.800	-2695.980	3.687
8.000	-2695.540	3.687
8.200	-2695.030	3.687
8.400	-2694.489	3.687
8.600	-2694.409	3.686
8.800	-2693.823	3.686
9.000	-2693.374	3.686
9.200	-2692.746	3.686
9.400	-2692.250	3.685
9.600	-2691.610	3.685
9.800	-2691.034	3.685
10.000	-2690.573	3.685
10.200	-2690.037	3.684
10.400	-2689.537	3.684
10.600	-2688.874	3.684
10.800	-2688.334	3.684
11.000	-2687.776	3.684
11.200	-2687.235	3.683
11.400	-2686.951	3.683
11.600	-2686.297	3.683
11.800	-2685.755	3.683
12.000	-2685.509	3.682
12.200	-2685.238	3.682
12.400	-2684.742	3.682
12.600	-2683.969	3.682
12.800	-2683.385	3.682
13.000	-2683.173	3.681
13.200	-2682.341	3.681
13.400	-2681.896	3.681
13.600	-2681.486	3.681
13.800	-2680.960	3.681
14.000	-2680.726	3.680
14.200	-2680.120	3.680
14.400	-2679.507	3.680
14.600	-2678.774	3.680
14.800	-2678.335	3.680
15.000	-2677.854	3.680
15.200	-2677.091	3.679
15.400	-2676.348	3.679
15.600	-2675.614	3.679
15.800	-2675.049	3.679
16.000	-2674.720	3.679
16.200	-2674.497	3.678
16.400	-2674.116	3.678
16.600	-2673.404	3.678
16.800	-2672.841	3.678
17.000	-2672.268	3.678
17.200	-2671.883	3.677
17.400	-2671.667	3.677
17.600	-2671.396	3.677
17.800	-2671.138	3.677
18.000	-2670.305	3.677
18.200	-2669.455	3.677
18.400	-2668.927	3.676
18.600	-2668.200	3.676
18.800	-2667.775	3.676
19.000	-2667.071	3.676
19.200	-2666.739	3.676
19.400	-2665.960	3.676
19.600	-2665.414	3.676
19.800	-2665.005	3.675
20.000	-2664.455	3.675
20.200	-2663.783	3.675
20.400	-2663.674	3.675
20.600	-2663.521	3.675
20.800	-2662.916	3.674
21.000	-2662.547	3.674
21.200	-2662.125	3.674
21.400	-2661.897	3.674
21.600	-2661.442	3.674
21.800	-2661.262	3.674
22.000	-2660.935	3.673
22.200	-2660.699	3.673
22.400	-2659.886	3.673
22.600	-2659.130	3.673
22.800	-2658.727	3.673
23.000	-2658.388	3.673
23.200	-2658.054	3.673
23.400	-2657.516	3.673
23.600	-2656.842	3.673
23.800	-2656.213	3.672
24.000	-2655.858	3.672
24.200	-2655.605	3.672
24.400	-2655.174	3.672
24.600	-2654.815	3.672
24.800	-2654.496	3.672
25.000	-2654.637	3.671
25.200	-2654.368	3.671
25.400	-2653.826	3.671
25.600	-2653.224	3.671
25.800	-2652.703	3.671
26.000	-2652.011	3.671
26.200	-2651.899	3.671
26.400	-2651.391	3.670
26.600	-2651.225	3.670
26.800	-2650.452	3.670
27.000	-2649.812	3.670
27.200	-2649.144	3.670
27.400	-2648.861	3.670
27.600	-2648.623	3.670
27.800	-2648.559	3.669
28.000	-2648.132	3.669
28.200	-2647.702	3.669
28.400	-2647.433	3.669
28.600	-2647.099	3.669
28.800	-2646.558	3.669
29.000	-2646.640	3.668
29.200	-2646.281	3.668
29.400	-2645.881	3.668
29.600	-2645.214	3.668
29.800	-2644.664	3.668
30.000	-2644.275	3.668
30.200	-2643.673	3.668
30.400	-2643.219	3.668
30.600	-2642.916	3.668
30.800	-2642.801	3.667
31.000	-2642.416	3.667
31.200	-2642.044	3.667
31.400	-2641.469	3.667
31.600	-2640.781	3.667
31.800	-2640.515	3.667
32.000	-2640.569	3.667
32.200	-2640.540	3.666
32.400	-2640.296	3.666
32.600	-2639.950	3.666
32.800	-2639.707	3.666
33.000	-2639.372	3.666
33.200	-2638.688	3.666
33.400	-2638.251	3.666
33.600	-2638.124	3.665
33.800	-2638.052	3.665
34.000	-2637.709	3.665
34.200	-2637.330	3.665
34.400	-2636.707	3.665
34.600	-2636.377	3.665
34.800	-2636.209	3.665
35.000	-2635.955	3.665
35.200	-2635.773	3.664
35.400	-2635.921	3.664
35.600	-2635.495	3.664
35.800	-2634.925	3.664
36.000	-2634.887	3.664
36.200	-2634.620	3.664
36.400	-2634.314	3.664
36.600	-2634.379	3.663
36.800	-2634.132	3.663
37.000	-2633.915	3.663
37.200	-2633.343	3.663
37.400	-2633.140	3.663
37.600	-2632.886	3.663
37.800	-2632.297	3.662
38.000	-2631.891	3.662
38.200	-2631.775	3.662
38.400	-2631.399	3.662
38.600	-2630.939	3.662
38.800	-2630.824	3.662
39.000	-2630.474	3.662
39.200	-2630.399	3.662
39.400	-2630.345	3.661
39.600	-2630.222	3.661
39.800	-2629.803	3.661
40.000	-2629.589	3.661
40.200	-2629.261	3.661
40.400	-2628.680	3.661
40.600	-2628.452	3.661
40.800	-2627.963	3.661
41.000	-2627.512	3.661
41.200	-2627.200	3.660
41.400	-2626.891	3.660
41.600	-2626.216	3.660
41.800	-2626.373	3.660
42.000	-2626.529	3.660
42.200	-2626.498	3.660
42.400	-2626.241	3.659
42.600	-2625.612	3.659
42.800	-2625.339	3.659
43.000	-2625.205	3.659
43.200	-2624.927	3.659
43.400	-2624.316	3.659
43.600	-2624.007	3.659
43.800	-2623.937	3.659
44.000	-2623.816	3.658
44.200	-2623.452	3.658
44.400	-2623.412	3.658
44.600	-2623.592	3.658
44.800	-2623.416	3.658
45.000	-2622.824	3.658
45.200	-2622.256	3.658
45.400	-2621.657	3.658
45.600	-2621.612	3.657
45.800	-2621.226	3.657
46.000	-2621.086	3.657
46.200	-2620.718	3.657
46.400	-2620.597	3.657
46.600	-2620.787	3.657
46.800	-2620.761	3.656
47.000	-2620.591	3.656
47.200	-2619.989	3.656
47.400	-2620.104	3.656
47.600	-2620.240	3.656
47.800	-2620.112	3.656
48.000	-2619.657	3.656
48.200	-2619.099	3.655
48.400	-2618.998	3.655
48.600	-2618.524	3.655
48.800	-2618.296	3.655
49.000	-2618.242	3.655
49.200	-2618.192	3.655
49.400	-2617.682	3.655
49.600	-2617.349	3.654
49.800	-2617.224	3.654
50.000	-2617.380	3.654
50.200	-2616.853	3.654
50.400	-2616.379	3.654
50.600	-2616.062	3.654
50.800	-2615.816	3.654
51.000	-2615.464	3.653
51.200	-2615.442	3.653
51.400	-2615.447	3.653
51.600	-2615.889	3.653
51.800	-2615.869	3.653
52.000	-2615.311	3.653
52.200	-2614.960	3.653
52.400	-2614.391	3.652
52.600	-2613.937	3.652
52.800	-2613.468	3.652
53.000	-2613.387	3.652
53.200	-2613.701	3.652
53.400	-2614.014	3.652
53.600	-2614.130	3.651
53.800	-2613.702	3.651
54.000	-2613.217	3.651
54.200	-2613.153	3.651
54.400	-2613.079	3.651
54.600	-2612.884	3.651
54.800	-2612.782	3.650
55.000	-2612.302	3.650
55.200	-2611.928	3.650
55.400	-2611.661	3.650
55.600	-2611.632	3.650
55.800	-2611.583	3.650
56.000	-2611.432	3.650
56.200	-2611.374	3.649
56.400	-2611.482	3.649
56.600	-2611.332	3.649
56.800	-2611.093	3.649
57.000	-2611.109	3.649
57.200	-2610.913	3.649
57.400	-2610.695	3.649
57.600	-2610.513	3.648
57.800	-2610.353	3.648
58.000	-2609.930	3.648
58.200	-2609.860	3.648
58.400	-2609.832	3.648
58.600	-2609.481	3.648
58.800	-2609.348	3.647
59.000	-2609.079	3.647
59.200	-2608.670	3.647
59.400	-2608.090	3.647
59.600	-2607.887	3.647
59.800	-2607.916	3.647
60.000	-2607.871	3.647
60.200	-2607.747	3.646
60.400	-2607.809	3.646
60.600	-2607.920	3.646
60.800	-2607.519	3.646
61.000	-2607.423	3.646
61.200	-2607.327	3.646
61.400	-2607.305	3.645
61.600	-2607.049	3.645
61.800	-2606.873	3.645
62.000	-2606.437	3.645
62.200	-2606.965	3.645
62.400	-2607.004	3.644
62.600	-2606.644	3.644
62.800	-2606.737	3.644
63.000	-2606.773	3.644
63.200	-2606.274	3.644
63.400	-2605.967	3.644
63.600	-2605.832	3.644
63.800	-2605.786	3.643
64.000	-2605.348	3.643
64.200	-2604.702	3.643
64.400	-2604.463	3.643
64.600	-2604.214	3.643
64.800	-2604.471	3.643
65.000	-2604.306	3.643
65.200	-2604.320	3.642
65.400	-2604.388	3.642
65.600	-2604.836	3.642
65.800	-2604.912	3.642
66.000	-2604.475	3.642
66.200	-2604.396	3.641
66.400	-2604.137	3.641
66.600	-2603.735	3.641
66.800	-2604.052	3.641
67.000	-2604.375	3.641
67.200	-2604.625	3.641
67.400	-2604.409	3.640
67.600	-2604.184	3.640
67.800	-2604.050	3.640
68.000	-2603.524	3.640
68.200	-2603.142	3.640
68.400	-2602.984	3.640
68.600	-2602.810	3.639
68.800	-2602.329	3.639
69.000	-2601.936	3.639
69.200	-2602.240	3.639
69.400	-2601.835	3.639
69.600	-2601.597	3.639
69.800	-2601.437	3.638
70.000	-2601.344	3.638
70.200	-2601.176	3.638
70.400	-2601.159	3.638
70.600	-2601.121	3.638
70.800	-2600.822	3.638
71.000	-2600.844	3.638
71.200	-2600.553	3.637
71.400	-2600.658	3.637
71.600	-2600.693	3.637
71.800	-2600.070	3.637
72.000	-2599.986	3.637
72.200	-2599.760	3.637
72.400	-2600.303	3.636
72.600	-2600.376	3.636
72.800	-2600.258	3.636
73.000	-2600.109	3.636
73.200	-2600.195	3.636
73.400	-2600.042	3.636
73.600	-2599.967	3.635
73.800	-2599.866	3.635
74.000	-2599.344	3.635
74.200	-2599.236	3.635
74.400	-2598.814	3.635
74.600	-2598.655	3.635
74.800	-2598.489	3.635
75.000	-2598.068	3.635
75.200	-2597.838	3.634
75.400	-2597.679	3.634
75.600	-2597.671	3.634
75.800	-2597.365	3.634
76.000	-2597.156	3.634
76.200	-2596.877	3.634
76.400	-2596.832	3.634
76.600	-2596.618	3.633
76.800	-2596.611	3.633
77.000	-2596.241	3.633
77.200	-2596.174	3.633
77.400	-2596.210	3.633
77.600	-2596.133	3.633
77.800	-2595.925	3.632
78.000	-2596.130	3.632
78.200	-2596.061	3.632
78.400	-2595.578	3.632
78.600	-2595.484	3.632
78.800	-2595.116	3.632
79.000	-2594.697	3.632
79.200	-2594.393	3.631
79.400	-2594.454	3.631
79.600	-2594.584	3.631
79.800	-2594.663	3.631
80.000	-2594.801	3.631
80.200	-2594.406	3.631
80.400	-2593.976	3.631
80.600	-2594.298	3.630
80.800	-2594.209	3.630
81.000	-2594.264	3.630
81.200	-2593.700	3.630
81.400	-2593.496	3.630
81.600	-2593.546	3.630
81.800	-2593.526	3.630
82.000	-2593.479	3.629
82.200	-2593.386	3.629
82.400	-2593.185	3.629
82.600	-2592.948	3.629
82.800	-2592.989	3.629
83.000	-2593.048	3.629
83.200	-2593.322	3.629
83.400	-2593.345	3.628
83.600	-2592.931	3.628
83.800	-2592.891	3.628
84.000	-2592.564	3.628
84.200	-2592.299	3.628
84.400	-2591.980	3.628
84.600	-2592.361	3.628
84.800	-2592.217	3.628
85.000	-2591.878	3.627
85.200	-2591.646	3.627
85.400	-2591.959	3.627
85.600	-2591.610	3.627
85.800	-2591.316	3.627
86.000	-2591.205	3.627
86.200	-2591.321	3.627
86.400	-2591.263	3.626
86.600	-2591.240	3.626
86.800	-2591.323	3.626
87.000	-2591.576	3.626
87.200	-2591.418	3.626
87.400	-2591.368	3.626
87.600	-2591.093	3.626
87.800	-2590.897	3.626
88.000	-2590.797	3.625
88.200	-2590.599	3.625
88.400	-2590.333	3.625
88.600	-2590.547	3.625
88.800	-2590.512	3.625
89.000	-2591.004	3.625
89.200	-2590.786	3.625
89.400	-2590.364	3.625
89.600	-2589.964	3.624
89.800	-2590.378	3.624
90.000	-2590.073	3.624
90.200	-2589.831	3.624
90.400	-2589.681	3.624
90.600	-2589.603	3.624
90.800	-2589.473	3.624
91.000	-2589.610	3.624
91.200	-2589.594	3.623
91.400	-2589.532	3.623
91.600	-2589.199	3.623
91.800	-2588.984	3.623
92.000	-2589.332	3.623
92.200	-2588.989	3.623
92.400	-2588.891	3.623
92.600	-2588.514	3.623
92.800	-2588.583	3.623
93.000	-2588.506	3.622
93.200	-2588.379	3.622
93.400	-2588.014	3.622
93.600	-2587.986	3.622
93.800	-2588.465	3.622
94.000	-2588.359	3.622
94.200	-2588.235	3.622
94.400	-2588.087	3.622
94.600	-2587.915	3.621
94.800	-2587.719	3.621
95.000	-2587.520	3.621
95.200	-2587.453	3.621
95.400	-2587.175	3.621
95.600	-2587.341	3.621
95.800	-2587.404	3.621
96.000	-2587.282	3.621
96.200	-2587.433	3.621
96.400	-2587.130	3.620
96.600	-2587.135	3.620
96.800	-2587.064	3.620
97.000	-2586.950	3.620
97.200	-2586.819	3.620
97.400	-2587.150	3.620
97.600	-2587.277	3.620
97.800	-2586.862	3.620
98.000	-2586.673	3.620
98.200	-2586.634	3.619
98.400	-2586.701	3.619
98.600	-2586.746	3.619
98.800	-2586.548	3.619
99.000	-2586.452	3.619
99.200	-2586.221	3.619
99.400	-2586.231	3.619
99.600	-2586.491	3.619
99.800	-2586.395	3.619
100.000	-2586.653	3.618
100.200	-2586.338	3.618
100.400	-2586.512	3.618
100.600	-2586.645	3.618
100.800	-2586.518	3.618
101.000	-2586.304	3.618
101.200	-2586.088	3.618
101.400	-2586.159	3.618
101.600	-2586.524	3.617
101.800	-2586.369	3.617
102.000	-2586.243	3.617
102.200	-2585.533	3.617
102.400	-2585.496	3.617
102.600	-2585.314	3.617
102.800	-2584.882	3.617
103.000	-2584.649	3.617
103.200	-2584.738	3.617
103.400	-2584.557	3.617
103.600	-2584.790	3.616
103.800	-2584.672	3.616
104.000	-2584.275	3.616
104.200	-2584.169	3.616
104.400	-2584.283	3.616
104.600	-2584.094	3.616
104.800	-2583.776	3.616
105.000	-2583.503	3.616
105.200	-2583.333	3.616
105.400	-2583.525	3.616
105.600	-2583.421	3.616
105.800	-2583.092	3.615
106.000	-2583.136	3.615
106.200	-2583.055	3.615
106.400	-2582.844	3.615
106.600	-2582.952	3.615
106.800	-2583.197	3.615
107.000	-2582.860	3.615
107.200	-2582.865	3.615
107.400	-2582.767	3.615
107.600	-2582.629	3.615
107.800	-2582.298	3.614
108.000	-2582.006	3.614
108.200	-2582.162	3.614
108.400	-2582.513	3.614
108.600	-2582.839	3.614
108.800	-2583.042	3.614
109.000	-2582.618	3.614
109.200	-2582.159	3.614
109.400	-2581.886	3.614
109.600	-2581.733	3.614
109.800	-2581.387	3.614
110.000	-2581.347	3.613
110.200	-2581.500	3.613
110.400	-2581.867	3.613
110.600	-2581.550	3.613
110.800	-2581.685	3.613
111.000	-2582.224	3.613
111.200	-2582.227	3.613
111.400	-2581.966	3.613
111.600	-2582.114	3.613
111.800	-2582.072	3.613
112.000	-2582.219	3.612
112.200	-2582.078	3.612
112.400	-2581.722	3.612
112.600	-2581.289	3.612
112.800	-2580.761	3.612
113.000	-2580.738	3.612
113.200	-2580.880	3.612
113.400	-2580.365	3.612
113.600	-2580.059	3.612
113.800	-2580.343	3.612
114.000	-2580.618	3.612
114.200	-2580.745	3.612
114.400	-2580.578	3.611
114.600	-2580.958	3.611
114.800	-2581.295	3.611
115.000	-2581.158	3.611
115.200	-2580.969	3.611
115.400	-2580.643	3.611
115.600	-2580.422	3.611
115.800	-2580.022	3.611
116.000	-2580.370	3.611
116.200	-2579.976	3.611
116.400	-2580.139	3.611
116.600	-2580.028	3.610
116.800	-2580.071	3.610
117.000	-2579.710	3.610
117.200	-2579.799	3.610
117.400	-2579.643	3.610
117.600	-2579.426	3.610
117.800	-2579.602	3.610
118.000	-2579.299	3.610
118.200	-2579.525	3.610
118.400	-2579.303	3.610
118.600	-2579.501	3.610
118.800	-2579.178	3.610
119.000	-2579.333	3.609
119.200	-2579.123	3.609
119.400	-2578.820	3.609
119.600	-2578.706	3.609
119.800	-2578.912	3.609
120.000	-2578.877	3.609
120.200	-2579.272	3.609
120.400	-2579.065	3.609
120.600	-2578.768	3.609
120.800	-2578.630	3.609
121.000	-2578.236	3.609
121.200	-2578.296	3.609
121.400	-2578.413	3.608
121.600	-2578.490	3.608
121.800	-2578.604	3.608
122.000	-2578.265	3.608
122.200	-2577.851	3.608
122.400	-2577.650	3.608
122.600	-2577.345	3.608
122.800	-2577.392	3.608
123.000	-2577.578	3.608
123.200	-2577.536	3.608
123.400	-2577.294	3.608
123.600	-2577.436	3.608
123.800	-2577.154	3.607
124.000	-2577.116	3.607
124.200	-2576.837	3.607
124.400	-2576.982	3.607
124.600	-2576.965	3.607
124.800	-2577.519	3.607
125.000	-2577.380	3.607
125.200	-2577.384	3.607
125.400	-2577.187	3.607
125.600	-2576.966	3.607
125.800	-2577.269	3.607
126.000	-2576.845	3.607
126.200	-2576.463	3.607
126.400	-2575.997	3.607
126.600	-2576.186	3.606
126.800	-2576.328	3.606
127.000	-2576.215	3.606
127.200	-2576.145	3.606
127.400	-2576.482	3.606
127.600	-2576.876	3.606
127.800	-2576.687	3.606
128.000	-2576.429	3.606
128.200	-2576.197	3.606
128.400	-2575.943	3.606
128.600	-2575.736	3.606
128.800	-2576.207	3.605
129.000	-2576.178	3.605
129.200	-2575.545	3.605
129.400	-2575.722	3.605
129.600	-2575.838	3.605
129.800	-2576.128	3.605
130.000	-2576.411	3.605
130.200	-2576.118	3.605
130.400	-2576.131	3.605
130.600	-2576.180	3.605
130.800	-2576.329	3.605
131.000	-2576.050	3.605
131.200	-2575.954	3.605
131.400	-2576.386	3.604
131.600	-2576.227	3.604
131.800	-2575.845	3.604
132.000	-2575.210	3.604
132.200	-2574.937	3.604
132.400	-2574.695	3.604
132.600	-2574.391	3.604
132.800	-2574.496	3.604
133.000	-2574.635	3.604
133.200	-2574.835	3.604
133.400	-2574.772	3.604
133.600	-2574.978	3.604
133.800	-2575.295	3.604
134.000	-2574.868	3.604
134.200	-2574.793	3.603
134.400	-2574.703	3.603
134.600	-2574.480	3.603
134.800	-2575.080	3.603
135.000	-2575.226	3.603
135.200	-2574.944	3.603
135.400	-2574.311	3.603
135.600	-2574.465	3.603
135.800	-2574.445	3.603
136.000	-2574.158	3.603
136.200	-2574.037	3.603
136.400	-2573.930	3.603
136.600	-2573.841	3.603
136.800	-2573.725	3.603
137.000	-2573.860	3.603
137.200	-2573.893	3.602
137.400	-2573.800	3.602
137.600	-2573.630	3.602
137.800	-2573.470	3.602
138.000	-2573.119	3.602
138.200	-2572.899	3.602
138.400	-2573.465	3.602
138.600	-2573.260	3.602
138.800	-2573.565	3.602
139.000	-2573.576	3.602
139.200	-2573.174	3.602
139.400	-2572.848	3.602
139.600	-2572.860	3.602
139.800	-2572.951	3.602
140.000	-2572.596	3.601
140.200	-2572.760	3.601
140.400	-2572.942	3.601
140.600	-2572.978	3.601
140.800	-2573.023	3.601
141.000	-2573.151	3.601
141.200	-2572.797	3.601
141.400	-2572.602	3.601
141.600	-2572.582	3.601
141.800	-2572.623	3.601
142.000	-2572.730	3.601
142.200	-2572.372	3.601
142.400	-2572.107	3.601
142.600	-2572.570	3.601
142.800	-2572.487	3.601
143.000	-2571.877	3.601
143.200	-2572.028	3.600
143.400	-2571.671	3.600
143.600	-2571.467	3.600
143.800	-2571.237	3.600
144.000	-2571.758	3.600
144.200	-2571.886	3.600
144.400	-2571.889	3.600
144.600	-2571.671	3.600
144.800	-2572.087	3.600
145.000	-2572.037	3.600
145.200	-2571.632	3.600
145.400	-2571.462	3.600
145.600	-2571.556	3.600
145.800	-2571.520	3.600
146.000	-2571.269	3.599
146.200	-2571.122	3.599
146.400	-2571.013	3.599
146.600	-2571.108	3.599
146.800	-2570.958	3.599
147.000	-2570.576	3.599
147.200	-2570.300	3.599
147.400	-2570.206	3.599
147.600	-2569.875	3.599
147.800	-2570.349	3.599
148.000	-2570.590	3.599
148.200	-2570.239	3.599
148.400	-2570.694	3.599
148.600	-2570.760	3.599
148.800	-2571.111	3.599
149.000	-2571.588	3.598
149.200	-2571.705	3.598
149.400	-2571.864	3.598
149.600	-2572.109	3.598
149.800	-2572.479	3.598
150.000	-2572.492	3.598
150.200	-2572.002	3.598
150.400	-2571.366	3.598
150.600	-2571.245	3.598
150.800	-2570.665	3.598
151.000	-2570.526	3.598
151.200	-2570.292	3.598
151.400	-2570.546	3.598
151.600	-2570.187	3.598
151.800	-2569.876	3.598
152.000	-2569.712	3.598
152.200	-2569.943	3.597
152.400	-2569.674	3.597
152.600	-2569.746	3.597
152.800	-2569.484	3.597
153.000	-2569.639	3.597
153.200	-2569.738	3.597
153.400	-2569.690	3.597
153.600	-2569.356	3.597
153.800	-2569.122	3.597
154.000	-2569.292	3.597
154.200	-2568.857	3.597
154.400	-2569.180	3.597
154.600	-2569.057	3.597
154.800	-2568.818	3.597
155.000	-2569.057	3.597
155.200	-2569.477	3.596
155.400	-2569.604	3.596
155.600	-2569.624	3.596
155.800	-2569.890	3.596
156.000	-2569.798	3.596
156.200	-2569.515	3.596
156.400	-2569.872	3.596
156.600	-2569.479	3.596
156.800	-2568.999	3.596
157.000	-2568.897	3.596
157.200	-2569.162	3.596
157.400	-2569.171	3.596
157.600	-2569.369	3.596
157.800	-2569.940	3.596
158.000	-2570.171	3.595
158.200	-2569.574	3.595
158.400	-2569.158	3.595
158.600	-2568.846	3.595
158.800	-2568.835	3.595
159.000	-2568.401	3.595
159.200	-2568.091	3.595
159.400	-2568.233	3.595
159.600	-2568.077	3.595
159.800	-2567.680	3.595
160.000	-2567.884	3.595
160.200	-2567.770	3.595
160.400	-2567.598	3.595
160.600	-2567.872	3.595
160.800	-2567.723	3.595
161.000	-2567.875	3.595
161.200	-2567.939	3.595
161.400	-2567.612	3.595
161.600	-2567.557	3.595
161.800	-2567.916	3.594
162.000	-2567.904	3.594
162.200	-2567.978	3.594
162.400	-2567.815	3.594
162.600	-2567.923	3.594
162.800	-2567.768	3.594
163.000	-2567.476	3.594
163.200	-2567.218	3.594
163.400	-2566.816	3.594
163.600	-2566.832	3.594
163.800	-2567.424	3.594
164.000	-2567.288	3.594
164.200	-2567.376	3.594
164.400	-2567.170	3.594
164.600	-2567.054	3.594
164.800	-2566.982	3.594
165.000	-2567.149	3.593
165.200	-2567.074	3.593
165.400	-2566.705	3.593
165.600	-2566.705	3.593
165.800	-2567.524	3.593
166.000	-2568.132	3.593
166.200	-2567.874	3.593
166.400	-2567.350	3.593
166.600	-2567.379	3.593
166.800	-2567.187	3.593
167.000	-2567.107	3.593
167.200	-2566.659	3.593
167.400	-2567.001	3.593
167.600	-2566.869	3.593
167.800	-2567.037	3.593
168.000	-2566.825	3.592
168.200	-2566.529	3.592
168.400	-2566.772	3.592
168.600	-2566.915	3.592
168.800	-2566.313	3.592
169.000	-2566.881	3.592
169.200	-2566.476	3.592
169.400	-2566.111	3.592
169.600	-2565.922	3.592
169.800	-2565.659	3.592
170.000	-2565.565	3.592
170.200	-2565.420	3.592
170.400	-2565.441	3.592
170.600	-2565.575	3.592
170.800	-2565.573	3.592
171.000	-2565.903	3.592
171.200	-2565.979	3.592
171.400	-2566.327	3.591
171.600	-2565.921	3.591
171.800	-2566.218	3.591
172.000	-2566.294	3.591
172.200	-2565.976	3.591
172.400	-2565.752	3.591
172.600	-2565.547	3.591
172.800	-2565.129	3.591
173.000	-2565.074	3.591
173.200	-2565.584	3.591
173.400	-2565.915	3.591
173.600	-2565.743	3.591
173.800	-2566.126	3.591
174.000	-2565.814	3.591
174.200	-2565.483	3.591
174.400	-2565.734	3.591
174.600	-2565.953	3.591
174.800	-2565.893	3.590
175.000	-2565.383	3.590
175.200	-2565.493	3.590
175.400	-2565.079	3.590
175.600	-2565.421	3.590
175.800	-2565.585	3.590
176.000	-2565.552	3.590
176.200	-2565.734	3.590
176.400	-2565.645	3.590
176.600	-2565.588	3.590
176.800	-2565.449	3.590
177.000	-2565.795	3.590
177.200	-2565.252	3.590
177.400	-2565.235	3.590
177.600	-2565.514	3.590
177.800	-2565.519	3.590
178.000	-2565.635	3.589
178.200	-2565.690	3.589
178.400	-2565.784	3.589
178.600	-2565.338	3.589
178.800	-2564.762	3.589
179.000	-2564.349	3.589
179.200	-2564.090	3.589
179.400	-2564.782	3.589
179.600	-2564.605	3.589
179.800	-2564.456	3.589
180.000	-2564.471	3.589
180.200	-2564.840	3.589
180.400	-2564.617	3.589
180.600	-2564.615	3.589
180.800	-2564.225	3.589
181.000	-2564.187	3.589
181.200	-2564.219	3.589
181.400	-2563.843	3.589
181.600	-2563.854	3.589
181.800	-2564.022	3.589
182.000	-2564.413	3.588
182.200	-2564.113	3.588
182.400	-2564.254	3.588
182.600	-2564.571	3.588
182.800	-2564.453	3.588
183.000	-2564.335	3.588
183.200	-2564.291	3.588
183.400	-2564.067	3.588
183.600	-2563.948	3.588
183.800	-2563.811	3.588
184.000	-2563.483	3.588
184.200	-2563.135	3.588
184.400	-2563.226	3.588
184.600	-2563.548	3.588
184.800	-2564.077	3.588
185.000	-2564.226	3.588
185.200	-2563.889	3.588
185.400	-2563.723	3.588
185.600	-2563.851	3.587
185.800	-2563.859	3.587
186.000	-2563.732	3.587
186.200	-2563.507	3.587
186.400	-2563.592	3.587
186.600	-2563.219	3.587
186.800	-2563.258	3.587
187.000	-2563.391	3.587
187.200	-2563.126	3.587
187.400	-2563.187	3.587
187.600	-2563.301	3.587
187.800	-2563.374	3.587
188.000	-2563.037	3.587
188.200	-2562.987	3.587
188.400	-2562.487	3.587
188.600	-2562.368	3.587
188.800	-2562.100	3.587
189.000	-2561.845	3.587
189.200	-2561.795	3.587
189.400	-2562.132	3.586
189.600	-2562.170	3.586
189.800	-2562.103	3.586
190.000	-2562.271	3.586
190.200	-2562.357	3.586
190.400	-2562.295	3.586
190.600	-2562.367	3.586
190.800	-2562.100	3.586
191.000	-2562.202	3.586
191.200	-2562.575	3.586
191.400	-2562.212	3.586
191.600	-2562.055	3.586
191.800	-2561.770	3.586
192.000	-2561.733	3.586
192.200	-2561.773	3.586
192.400	-2562.368	3.586
192.600	-2562.334	3.586
192.800	-2562.739	3.585
193.000	-2562.565	3.585
193.200	-2562.558	3.585
193.400	-2562.185	3.585
193.600	-2561.986	3.585
193.800	-2561.658	3.585
194.000	-2561.484	3.585
194.200	-2561.222	3.585
194.400	-2561.390	3.585
194.600	-2561.503	3.585
194.800	-2561.410	3.585
195.000	-2561.391	3.585
195.200	-2561.725	3.585
195.400	-2561.756	3.585
195.600	-2561.401	3.585
195.800	-2561.826	3.585
196.000	-2561.937	3.585
196.200	-2561.873	3.584
196.400	-2561.358	3.584
196.600	-2561.322	3.584
196.800	-2561.169	3.584
197.000	-2561.421	3.584
197.200	-2561.517	3.584
197.400	-2561.308	3.584
197.600	-2561.240	3.584
197.800	-2560.969	3.584
198.000	-2560.676	3.584
198.200	-2560.922	3.584
198.400	-2560.609	3.584
198.600	-2560.270	3.584
198.800	-2560.231	3.584
199.000	-2560.174	3.584
199.200	-2560.311	3.584
199.400	-2560.337	3.584
199.600	-2560.651	3.584
199.800	-2560.703	3.583
200.000	-2560.950	3.583
200.200	-2560.807	3.583
200.400	-2560.517	3.583
200.600	-2561.026	3.583
200.800	-2560.819	3.583
201.000	-2560.735	3.583
201.200	-2560.346	3.583
201.400	-2560.265	3.583
201.600	-2560.167	3.583
201.800	-2560.091	3.583
202.000	-2560.261	3.583
202.200	-2560.196	3.583
202.400	-2559.871	3.583
202.600	-2560.332	3.583
202.800	-2560.581	3.583
203.000	-2560.584	3.583
203.200	-2560.784	3.583
203.400	-2560.409	3.583
203.600	-2559.927	3.583
203.800	-2560.189	3.582
204.000	-2560.283	3.582
204.200	-2560.241	3.582
204.400	-2559.923	3.582
204.600	-2560.244	3.582
204.800	-2560.192	3.582
205.000	-2559.833	3.582
205.200	-2560.067	3.582
205.400	-2560.304	3.582
205.600	-2560.345	3.582
205.800	-2560.199	3.582
206.000	-2560.340	3.582
206.200	-2560.001	3.582
206.400	-2559.480	3.582
206.600	-2558.978	3.582
206.800	-2559.391	3.582
207.000	-2559.772	3.582
207.200	-2559.582	3.582
207.400	-2559.716	3.581
207.600	-2559.793	3.581
207.800	-2559.610	3.581
208.000	-2559.736	3.581
208.200	-2559.691	3.581
208.400	-2559.927	3.581
208.600	-2559.523	3.581
208.800	-2559.123	3.581
209.000	-2559.108	3.581
209.200	-2558.996	3.581
209.400	-2559.427	3.581
209.600	-2559.270	3.581
209.800	-2558.778	3.581
210.000	-2558.564	3.581
210.200	-2558.589	3.581
210.400	-2558.648	3.581
210.600	-2558.632	3.581
210.800	-2558.738	3.581
211.000	-2558.934	3.580
211.200	-2559.191	3.580
211.400	-2559.319	3.580
211.600	-2559.234	3.580
211.800	-2559.008	3.580
212.000	-2559.737	3.580
212.200	-2559.733	3.580
212.400	-2559.995	3.580
212.600	-2560.252	3.580
212.800	-2560.374	3.580
213.000	-2560.233	3.580
213.200	-2560.265	3.580
213.400	-2560.278	3.580
213.600	-2560.106	3.580
213.800	-2559.749	3.580
214.000	-2559.838	3.580
214.200	-2559.722	3.579
214.400	-2559.996	3.579
214.600	-2560.383	3.579
214.800	-2560.670	3.579
215.000	-2560.450	3.579
215.200	-2559.910	3.579
215.400	-2559.324	3.579
215.600	-2558.869	3.579
215.800	-2558.600	3.579
216.000	-2558.365	3.579
216.200	-2558.444	3.579
216.400	-2559.159	3.579
216.600	-2559.365	3.579
216.800	-2559.070	3.579
217.000	-2559.116	3.579
217.200	-2559.410	3.579
217.400	-2559.325	3.579
217.600	-2559.184	3.579
217.800	-2559.084	3.578
218.000	-2559.221	3.578
218.200	-2558.805	3.578
218.400	-2558.722	3.578
218.600	-2558.513	3.578
218.800	-2558.346	3.578
219.000	-2558.287	3.578
219.200	-2558.009	3.578
219.400	-2557.674	3.578
219.600	-2557.823	3.578
219.800	-2558.246	3.578
220.000	-2557.985	3.578
220.200	-2557.998	3.578
220.400	-2557.936	3.578
220.600	-2558.052	3.578
220.800	-2557.980	3.578
221.000	-2557.988	3.578
221.200	-2557.762	3.578
221.400	-2558.291	3.578
221.600	-2558.531	3.577
221.800	-2558.465	3.577
222.000	-2558.266	3.577
222.200	-2558.311	3.577
222.400	-2558.510	3.577
222.600	-2558.431	3.577
222.800	-2558.183	3.577
223.000	-2558.237	3.577
223.200	-2557.823	3.577
223.400	-2557.810	3.577
223.600	-2557.498	3.577
223.800	-2557.236	3.577
224.000	-2557.442	3.577
224.200	-2557.328	3.577
224.400	-2557.224	3.577
224.600	-2557.378	3.577
224.800	-2557.041	3.577
225.000	-2557.083	3.577
225.200	-2556.969	3.577
225.400	-2556.762	3.577
225.600	-2556.640	3.577
225.800	-2556.926	3.576
226.000	-2557.064	3.576
226.200	-2557.496	3.576
226.400	-2557.143	3.576
226.600	-2556.898	3.576
226.800	-2556.826	3.576
227.000	-2556.676	3.576
227.200	-2556.895	3.576
227.400	-2557.088	3.576
227.600	-2556.755	3.576
227.800	-2557.332	3.576
228.000	-2557.384	3.576
228.200	-2557.628	3.576
228.400	-2557.825	3.576
228.600	-2557.549	3.576
228.800	-2557.173	3.576
229.000	-2556.641	3.576
229.200	-2556.350	3.576
229.400	-2556.492	3.575
229.600	-2556.685	3.575
229.800	-2556.676	3.575
230.000	-2556.918	3.575
230.200	-2556.757	3.575
230.400	-2556.437	3.575
230.600	-2556.412	3.575
230.800	-2556.392	3.575
231.000	-2556.940	3.575
231.200	-2556.583	3.575
231.400	-2555.944	3.575
231.600	-2555.956	3.575
231.800	-2555.763	3.575
232.000	-2555.804	3.575
232.200	-2556.388	3.575
232.400	-2556.407	3.575
232.600	-2556.820	3.575
232.800	-2556.761	3.575
233.000	-2556.427	3.574
233.200	-2556.461	3.574
233.400	-2556.679	3.574
233.600	-2556.504	3.574
233.800	-2556.736	3.574
234.000	-2557.042	3.574
234.200	-2556.562	3.574
234.400	-2556.503	3.574
234.600	-2556.082	3.574
234.800	-2555.855	3.574
235.000	-2555.320	3.574
235.200	-2555.604	3.574
235.400	-2555.896	3.574
235.600	-2555.745	3.574
235.800	-2555.482	3.574
236.000	-2555.755	3.574
236.200	-2555.757	3.574
236.400	-2555.473	3.574
236.600	-2554.914	3.574
236.800	-2554.992	3.574
237.000	-2554.690	3.574
237.200	-2554.669	3.574
237.400	-2554.437	3.574
237.600	-2554.243	3.574
237.800	-2554.305	3.573
238.000	-2554.491	3.573
238.200	-2554.656	3.573
238.400	-2554.985	3.573
238.600	-2555.011	3.573
238.800	-2555.287	3.573
239.000	-2555.364	3.573
239.200	-2555.206	3.573
239.400	-2555.142	3.573
239.600	-2555.044	3.573
239.800	-2555.113	3.573
240.000	-2555.388	3.573
240.200	-2555.435	3.573
240.400	-2555.685	3.573
240.600	-2555.635	3.573
240.800	-2555.840	3.572
241.000	-2555.628	3.572
241.200	-2555.614	3.572
241.400	-2555.349	3.572
241.600	-2555.118	3.572
241.800	-2555.872	3.572
242.000	-2556.814	3.572
242.200	-2556.836	3.572
242.400	-2556.276	3.572
242.600	-2556.382	3.572
242.800	-2557.104	3.572
243.000	-2557.450	3.572
243.200	-2557.453	3.572
243.400	-2556.909	3.572
243.600	-2556.523	3.572
243.800	-2556.148	3.572
244.000	-2556.183	3.571
244.200	-2556.235	3.571
244.400	-2556.281	3.571
244.600	-2556.528	3.571
244.800	-2556.412	3.571
245.000	-2556.780	3.571
245.200	-2556.073	3.571
245.400	-2556.054	3.571
245.600	-2555.638	3.571
245.800	-2555.341	3.571
246.000	-2555.089	3.571
246.200	-2554.921	3.571
246.400	-2554.699	3.571
246.600	-2554.809	3.571
246.800	-2555.092	3.571
247.000	-2554.704	3.571
247.200	-2554.555	3.571
247.400	-2553.983	3.571
247.600	-2553.858	3.571
247.800	-2554.287	3.571
248.000	-2553.910	3.571
248.200	-2553.508	3.571
248.400	-2553.503	3.571
248.600	-2554.012	3.570
248.800	-2554.002	3.570
249.000	-2554.122	3.570
249.200	-2553.864	3.570
249.400	-2553.570	3.570
249.600	-2553.619	3.570
249.800	-2554.429	3.570
250.000	-2554.977	3.570
250.200	-2554.697	3.570
250.400	-2554.568	3.570
250.600	-2554.518	3.570
250.800	-2554.421	3.570
251.000	-2554.676	3.570
251.200	-2554.479	3.570
251.400	-2554.127	3.570
251.600	-2553.703	3.570
251.800	-2553.520	3.570
252.000	-2553.418	3.570
252.200	-2553.753	3.569
252.400	-2553.844	3.569
252.600	-2554.244	3.569
252.800	-2553.793	3.569
253.000	-2553.665	3.569
253.200	-2553.535	3.569
253.400	-2553.726	3.569
253.600	-2553.716	3.569
253.800	-2554.004	3.569
254.000	-2553.715	3.569
254.200	-2553.511	3.569
254.400	-2553.263	3.569
254.600	-2552.954	3.569
254.800	-2552.709	3.569
255.000	-2553.319	3.569
255.200	-2553.646	3.569
255.400	-2553.810	3.569
255.600	-2554.076	3.568
255.800	-2554.140	3.568
256.000	-2553.874	3.568
256.200	-2554.220	3.568
256.400	-2554.171	3.568
256.600	-2554.350	3.568
256.800	-2554.143	3.568
257.000	-2554.405	3.568
257.200	-2554.262	3.568
257.400	-2553.881	3.568
257.600	-2553.098	3.568
257.800	-2552.670	3.568
258.000	-2553.172	3.568
258.200	-2552.931	3.568
258.400	-2552.881	3.568
258.600	-2552.857	3.568
258.800	-2552.791	3.568
259.000	-2552.757	3.568
259.200	-2552.872	3.568
259.400	-2552.911	3.568
259.600	-2552.718	3.567
259.800	-2552.871	3.567
260.000	-2553.008	3.567
260.200	-2553.361	3.567
260.400	-2553.454	3.567
260.600	-2553.537	3.567
260.800	-2553.335	3.567
261.000	-2553.181	3.567
261.200	-2553.040	3.567
261.400	-2552.812	3.567
261.600	-2553.211	3.567
261.800	-2553.802	3.567
262.000	-2553.959	3.567
262.200	-2553.651	3.567
262.400	-2553.229	3.567
262.600	-2552.572	3.567
262.800	-2552.840	3.567
263.000	-2552.925	3.567
263.200	-2552.882	3.566
263.400	-2552.979	3.566
263.600	-2553.055	3.566
263.800	-2552.674	3.566
264.000	-2552.355	3.566
264.200	-2552.443	3.566
264.400	-2552.777	3.566
264.600	-2552.593	3.566
264.800	-2552.964	3.566
265.000	-2552.796	3.566
265.200	-2552.989	3.566
265.400	-2552.983	3.566
265.600	-2553.157	3.566
265.800	-2553.245	3.566
266.000	-2552.696	3.566
266.200	-2552.462	3.566
266.400	-2552.248	3.566
266.600	-2553.081	3.565
266.800	-2553.308	3.565
267.000	-2552.763	3.565
267.200	-2552.532	3.565
267.400	-2552.374	3.565
267.600	-2552.676	3.565
267.800	-2552.528	3.565
268.000	-2552.865	3.565
268.200	-2552.939	3.565
268.400	-2553.008	3.565
268.600	-2552.755	3.565
268.800	-2552.773	3.565
269.000	-2552.402	3.565
269.200	-2552.641	3.565
269.400	-2552.569	3.565
269.600	-2552.602	3.565
269.800	-2552.278	3.565
270.000	-2552.031	3.565
270.200	-2552.193	3.565
270.400	-2551.926	3.565
270.600	-2551.836	3.564
270.800	-2551.586	3.564
271.000	-2551.702	3.564
271.200	-2551.760	3.564
271.400	-2551.754	3.564
271.600	-2551.537	3.564
271.800	-2551.527	3.564
272.000	-2551.845	3.564
272.200	-2551.919	3.564
272.400	-2551.747	3.564
272.600	-2551.774	3.564
272.800	-2551.860	3.564
273.000	-2551.553	3.564
273.200	-2551.997	3.564
273.400	-2552.440	3.564
273.600	-2552.062	3.564
273.800	-2551.919	3.564
274.000	-2552.166	3.564
274.200	-2551.781	3.564
274.400	-2551.820	3.564
274.600	-2551.683	3.563
274.800	-2551.441	3.563
275.000	-2551.254	3.563
275.200	-2551.340	3.563
275.400	-2551.293	3.563
275.600	-2551.224	3.563
275.800	-2551.549	3.563
276.000	-2551.515	3.563
276.200	-2551.628	3.563
276.400	-2551.921	3.563
276.600	-2551.989	3.563
276.800	-2551.759	3.563
277.000	-2551.682	3.563
277.200	-2551.436	3.563
277.400	-2551.274	3.563
277.600	-2551.266	3.563
277.800	-2551.035	3.563
278.000	-2550.775	3.563
278.200	-2551.073	3.563
278.400	-2551.377	3.562
278.600	-2551.630	3.562
278.800	-2551.924	3.562
279.000	-2552.524	3.562
279.200	-2552.485	3.562
279.400	-2551.987	3.562
279.600	-2551.714	3.562
279.800	-2551.741	3.562
280.000	-2551.480	3.562
280.200	-2551.325	3.562
280.400	-2551.735	3.562
280.600	-2551.657	3.562
280.800	-2552.190	3.562
281.000	-2552.458	3.562
281.200	-2552.074	3.562
281.400	-2551.649	3.562
281.600	-2551.504	3.562
281.800	-2551.600	3.561
282.000	-2551.770	3.561
282.200	-2551.921	3.561
282.400	-2551.714	3.561
282.600	-2551.760	3.561
282.800	-2551.910	3.561
283.000	-2551.999	3.561
283.200	-2551.961	3.561
283.400	-2551.926	3.561
283.600	-2551.671	3.561
283.800	-2551.186	3.561
284.000	-2551.322	3.561
284.200	-2551.479	3.561
284.400	-2551.144	3.561
284.600	-2550.709	3.561
284.800	-2550.451	3.561
285.000	-2550.249	3.561
285.200	-2549.898	3.561
285.400	-2549.751	3.561
285.600	-2549.731	3.561
285.800	-2549.652	3.561
286.000	-2550.774	3.560
286.200	-2551.308	3.560
286.400	-2551.634	3.560
286.600	-2551.915	3.560
286.800	-2551.727	3.560
287.000	-2551.493	3.560
287.200	-2551.317	3.560
287.400	-2551.065	3.560
287.600	-2550.647	3.560
287.800	-2551.327	3.560
288.000	-2551.589	3.560
288.200	-2551.360	3.560
288.400	-2550.963	3.560
288.600	-2550.680	3.560
288.800	-2550.077	3.560
289.000	-2550.204	3.560
289.200	-2550.906	3.559
289.400	-2551.227	3.559
289.600	-2550.950	3.559
289.800	-2551.064	3.559
290.000	-2551.332	3.559
290.200	-2551.008	3.559
290.400	-2551.236	3.559
290.600	-2551.114	3.559
290.800	-2551.187	3.559
291.000	-2551.663	3.559
291.200	-2551.459	3.559
291.400	-2551.777	3.559
291.600	-2551.813	3.559
291.800	-2551.795	3.559
292.000	-2551.430	3.559
292.200	-2550.901	3.559
292.400	-2551.020	3.559
292.600	-2550.640	3.559
292.800	-2550.411	3.559
293.000	-2550.518	3.558
293.200	-2550.447	3.558
293.400	-2550.485	3.558
293.600	-2549.938	3.558
293.800	-2549.898	3.558
294.000	-2550.177	3.558
294.200	-2550.601	3.558
294.400	-2550.516	3.558
294.600	-2550.390	3.558
294.800	-2550.197	3.558
295.000	-2549.913	3.558
295.200	-2550.219	3.558
295.400	-2550.158	3.558
295.600	-2550.225	3.558
295.800	-2550.152	3.558
296.000	-2550.062	3.558
296.200	-2550.102	3.558
296.400	-2550.890	3.557
296.600	-2551.427	3.557
296.800	-2551.683	3.557
297.000	-2551.339	3.557
297.200	-2551.032	3.557
297.400	-2550.556	3.557
297.600	-2550.279	3.557
297.800	-2550.365	3.557
298.000	-2550.110	3.557
298.200	-2549.981	3.557
298.400	-2549.925	3.557
298.600	-2549.731	3.557
298.800	-2549.600	3.557
299.000	-2549.580	3.557
299.200	-2549.864	3.557
299.400	-2549.850	3.557
299.600	-2549.991	3.557
299.800	-2550.733	3.557
300.000	-2550.922	3.556
300.200	-2551.129	3.556
300.400	-2550.644	3.556
300.600	-2550.372	3.556
300.800	-2550.514	3.556
301.000	-2550.378	3.556
301.200	-2549.831	3.556
301.400	-2549.544	3.556
301.600	-2549.564	3.556
301.800	-2549.481	3.556
302.000	-2549.503	3.556
302.200	-2549.500	3.556
302.400	-2549.834	3.556
302.600	-2549.941	3.556
302.800	-2549.754	3.556
303.000	-2549.919	3.556
303.200	-2549.726	3.556
303.400	-2549.737	3.556
303.600	-2549.514	3.556
303.800	-2549.254	3.556
304.000	-2549.204	3.556
304.200	-2549.705	3.555
304.400	-2549.948	3.555
304.600	-2550.111	3.555
304.800	-2550.631	3.555
305.000	-2551.051	3.555
305.200	-2550.914	3.555
305.400	-2550.545	3.555
305.600	-2550.035	3.555
305.800	-2550.175	3.555
306.000	-2549.720	3.555
306.200	-2549.189	3.555
306.400	-2549.090	3.555
306.600	-2548.946	3.555
306.800	-2548.793	3.555
307.000	-2549.009	3.555
307.200	-2549.191	3.555
307.400	-2549.352	3.555
307.600	-2549.375	3.554
307.800	-2549.174	3.554
308.000	-2549.302	3.554
308.200	-2549.066	3.554
308.400	-2549.087	3.554
308.600	-2549.101	3.554
308.800	-2548.728	3.554
309.000	-2548.845	3.554
309.200	-2549.533	3.554
309.400	-2549.830	3.554
309.600	-2549.441	3.554
309.800	-2549.817	3.554
310.000	-2550.507	3.554
310.200	-2549.957	3.554
310.400	-2549.864	3.554
310.600	-2549.760	3.554
310.800	-2549.431	3.554
311.000	-2549.228	3.554
311.200	-2549.173	3.554
311.400	-2548.929	3.553
311.600	-2548.707	3.553
311.800	-2548.656	3.553
312.000	-2548.821	3.553
312.200	-2548.447	3.553
312.400	-2548.339	3.553
312.600	-2548.558	3.553
312.800	-2548.865	3.553
313.000	-2548.753	3.553
313.200	-2548.595	3.553
313.400	-2548.522	3.553
313.600	-2548.489	3.553
313.800	-2548.523	3.553
314.000	-2549.055	3.553
314.200	-2549.233	3.553
314.400	-2548.944	3.553
314.600	-2548.660	3.553
314.800	-2548.235	3.553
315.000	-2548.198	3.552
315.200	-2547.804	3.552
315.400	-2548.192	3.552
315.600	-2548.389	3.552
315.800	-2547.948	3.552
316.000	-2548.277	3.552
316.200	-2548.698	3.552
316.400	-2548.556	3.552
316.600	-2548.565	3.552
316.800	-2548.781	3.552
317.000	-2548.688	3.552
317.200	-2548.618	3.552
317.400	-2548.096	3.552
317.600	-2547.877	3.552
317.800	-2547.749	3.552
318.000	-2547.613	3.552
318.200	-2547.441	3.552
318.400	-2547.640	3.552
318.600	-2547.673	3.552
318.800	-2548.091	3.551
319.000	-2549.218	3.551
319.200	-2549.491	3.551
319.400	-2549.049	3.551
319.600	-2548.659	3.551
319.800	-2548.162	3.551
320.000	-2548.627	3.551
320.200	-2548.219	3.551
320.400	-2547.997	3.551
320.600	-2548.024	3.551
320.800	-2548.184	3.551
321.000	-2547.951	3.551
321.200	-2547.560	3.551
321.400	-2547.756	3.551
321.600	-2548.007	3.551
321.800	-2547.528	3.551
322.000	-2547.277	3.551
322.200	-2547.645	3.551
322.400	-2548.203	3.550
322.600	-2547.834	3.550
322.800	-2547.454	3.550
323.000	-2547.318	3.550
323.200	-2547.397	3.550
323.400	-2547.291	3.550
323.600	-2547.005	3.550
323.800	-2546.818	3.550
324.000	-2547.023	3.550
324.200	-2547.270	3.550
324.400	-2547.443	3.550
324.600	-2547.262	3.550
324.800	-2548.206	3.550
325.000	-2548.063	3.550
325.200	-2547.833	3.550
325.400	-2547.850	3.550
325.600	-2548.303	3.550
325.800	-2547.884	3.550
326.000	-2547.235	3.550
326.200	-2547.498	3.549
326.400	-2547.583	3.549
326.600	-2547.576	3.549
326.800	-2547.660	3.549
327.000	-2548.207	3.549
327.200	-2548.348	3.549
327.400	-2547.899	3.549
327.600	-2547.257	3.549
327.800	-2547.204	3.549
328.000	-2546.754	3.549
328.200	-2546.617	3.549
328.400	-2546.457	3.549
328.600	-2546.563	3.549
328.800	-2546.917	3.549
329.000	-2547.086	3.549
329.200	-2547.530	3.549
329.400	-2547.178	3.549
329.600	-2546.940	3.549
329.800	-2546.657	3.549
330.000	-2546.552	3.549
330.200	-2546.515	3.548
330.400	-2546.584	3.548
330.600	-2546.779	3.548
330.800	-2546.979	3.548
331.000	-2546.773	3.548
331.200	-2546.482	3.548
331.400	-2546.247	3.548
331.600	-2545.882	3.548
331.800	-2546.159	3.548
332.000	-2546.233	3.548
332.200	-2546.284	3.548
332.400	-2546.492	3.548
332.600	-2546.173	3.548
332.800	-2546.364	3.548
333.000	-2546.412	3.548
333.200	-2546.137	3.548
333.400	-2546.827	3.548
333.600	-2546.651	3.548
333.800	-2546.326	3.547
334.000	-2546.335	3.547
334.200	-2546.314	3.547
334.400	-2546.061	3.547
334.600	-2545.763	3.547
334.800	-2546.072	3.547
335.000	-2545.674	3.547
335.200	-2545.639	3.547
335.400	-2545.854	3.547
335.600	-2546.139	3.547
335.800	-2546.221	3.547
336.000	-2546.620	3.547
336.200	-2546.413	3.547
336.400	-2546.524	3.547
336.600	-2546.538	3.547
336.800	-2546.794	3.547
337.000	-2546.879	3.547
337.200	-2546.695	3.546
337.400	-2546.527	3.546
337.600	-2546.387	3.546
337.800	-2546.300	3.546
338.000	-2546.871	3.546
338.200	-2547.140	3.546
338.400	-2546.830	3.546
338.600	-2546.713	3.546
338.800	-2546.715	3.546
339.000	-2546.546	3.546
339.200	-2546.554	3.546
339.400	-2546.501	3.546
339.600	-2546.240	3.546
339.800	-2546.055	3.546
340.000	-2546.020	3.546
340.200	-2546.048	3.546
340.400	-2545.894	3.546
340.600	-2545.906	3.546
340.800	-2545.854	3.546
341.000	-2545.698	3.545
341.200	-2545.763	3.545
341.400	-2545.700	3.545
341.600	-2545.692	3.545
341.800	-2545.547	3.545
342.000	-2545.507	3.545
342.200	-2545.421	3.545
342.400	-2545.292	3.545
342.600	-2545.101	3.545
342.800	-2545.510	3.545
343.000	-2545.570	3.545
343.200	-2545.628	3.545
343.400	-2545.869	3.545
343.600	-2545.563	3.545
343.800	-2545.897	3.545
344.000	-2545.916	3.545
344.200	-2545.829	3.545
344.400	-2545.752	3.545
344.600	-2546.332	3.544
344.800	-2545.906	3.544
345.000	-2545.910	3.544
345.200	-2545.808	3.544
345.400	-2545.465	3.544
345.600	-2545.591	3.544
345.800	-2545.084	3.544
346.000	-2545.401	3.544
346.200	-2545.641	3.544
346.400	-2545.602	3.544
346.600	-2545.880	3.544
346.800	-2546.164	3.544
347.000	-2546.359	3.544
347.200	-2546.700	3.544
347.400	-2546.723	3.544
347.600	-2547.041	3.543
347.800	-2546.674	3.543
348.000	-2546.049	3.543
348.200	-2546.232	3.543
348.400	-2546.243	3.543
348.600	-2546.036	3.543
348.800	-2546.036	3.543
349.000	-2546.089	3.543
349.200	-2546.028	3.543
349.400	-2545.895	3.543
349.600	-2546.046	3.543
349.800	-2545.487	3.543
350.000	-2545.092	3.543
350.200	-2545.766	3.543
350.400	-2546.017	3.543
350.600	-2545.800	3.543
350.800	-2545.517	3.543
351.000	-2545.597	3.543
351.200	-2545.319	3.543
351.400	-2545.479	3.543
351.600	-2545.475	3.543
351.800	-2545.397	3.542
352.000	-2545.451	3.542
352.200	-2545.026	3.542
352.400	-2544.879	3.542
352.600	-2545.467	3.542
352.800	-2545.423	3.542
353.000	-2545.687	3.542
353.200	-2545.473	3.542
353.400	-2545.527	3.542
353.600	-2545.474	3.542
353.800	-2545.325	3.542
354.000	-2545.802	3.542
354.200	-2545.975	3.542
354.400	-2545.805	3.542
354.600	-2546.135	3.542
354.800	-2545.918	3.542
355.000	-2545.755	3.542
355.200	-2545.497	3.542
355.400	-2545.091	3.542
355.600	-2544.552	3.541
355.800	-2544.634	3.541
356.000	-2544.989	3.541
356.200	-2545.035	3.541
356.400	-2544.952	3.541
356.600	-2544.862	3.541
356.800	-2544.697	3.541
357.000	-2544.509	3.541
357.200	-2544.206	3.541
357.400	-2544.122	3.541
357.600	-2543.962	3.541
357.800	-2544.208	3.541
358.000	-2544.765	3.541
358.200	-2545.070	3.541
358.400	-2544.854	3.541
358.600	-2544.447	3.541
358.800	-2544.544	3.541
359.000	-2544.714	3.540
359.200	-2545.041	3.540
359.400	-2545.357	3.540
359.600	-2544.952	3.540
359.800	-2544.828	3.540
360.000	-2544.763	3.540
360.200	-2544.826	3.540
360.400	-2544.898	3.540
360.600	-2544.856	3.540
360.800	-2545.175	3.540
361.000	-2545.581	3.540
361.200	-2545.522	3.540
361.400	-2545.003	3.540
361.600	-2544.710	3.540
361.800	-2544.497	3.540
362.000	-2544.203	3.540
362.200	-2544.050	3.540
362.400	-2543.898	3.540
362.600	-2543.900	3.540
362.800	-2544.058	3.540
363.000	-2544.287	3.539
363.200	-2545.263	3.539
363.400	-2544.993	3.539
363.600	-2544.573	3.539
363.800	-2544.607	3.539
364.000	-2544.490	3.539
364.200	-2544.328	3.539
364.400	-2544.218	3.539
364.600	-2544.051	3.539
364.800	-2543.927	3.539
365.000	-2544.261	3.539
365.200	-2544.498	3.539
365.400	-2544.714	3.539
365.600	-2544.231	3.539
365.800	-2544.583	3.539
366.000	-2544.837	3.539
366.200	-2545.541	3.539
366.400	-2545.849	3.538
366.600	-2545.687	3.538
366.800	-2545.748	3.538
367.000	-2545.635	3.538
367.200	-2545.686	3.538
367.400	-2546.074	3.538
367.600	-2545.775	3.538
367.800	-2545.664	3.538
368.000	-2545.683	3.538
368.200	-2545.397	3.538
368.400	-2544.976	3.538
368.600	-2544.884	3.538
368.800	-2544.549	3.538
369.000	-2544.404	3.538
369.200	-2544.422	3.538
369.400	-2544.581	3.538
369.600	-2544.997	3.538
369.800	-2545.153	3.537
370.000	-2545.444	3.537
370.200	-2545.712	3.537
370.400	-2545.492	3.537
370.600	-2545.380	3.537
370.800	-2545.658	3.537
371.000	-2545.614	3.537
371.200	-2545.504	3.537
371.400	-2545.398	3.537
371.600	-2545.451	3.537
371.800	-2545.512	3.537
372.000	-2545.317	3.537
372.200	-2545.482	3.537
372.400	-2545.325	3.537
372.600	-2545.281	3.537
372.800	-2545.159	3.537
373.000	-2545.407	3.537
373.200	-2545.670	3.536
373.400	-2545.306	3.536
373.600	-2545.315	3.536
373.800	-2544.719	3.536
374.000	-2544.582	3.536
374.200	-2544.256	3.536
374.400	-2544.185	3.536
374.600	-2544.657	3.536
374.800	-2545.436	3.536
375.000	-2545.602	3.536
375.200	-2545.547	3.536
375.400	-2545.468	3.536
375.600	-2545.650	3.536
375.800	-2545.719	3.536
376.000	-2545.721	3.536
376.200	-2545.484	3.536
376.400	-2545.393	3.536
376.600	-2545.637	3.536
376.800	-2545.979	3.535
377.000	-2545.820	3.535
377.200	-2545.524	3.535
377.400	-2545.453	3.535
377.600	-2545.975	3.535
377.800	-2545.909	3.535
378.000	-2545.721	3.535
378.200	-2545.360	3.535
378.400	-2545.131	3.535
378.600	-2545.149	3.535
378.800	-2545.157	3.535
379.000	-2545.248	3.535
379.200	-2545.119	3.535
379.400	-2544.812	3.535
379.600	-2544.311	3.535
379.800	-2544.256	3.535
380.000	-2544.861	3.535
380.200	-2544.989	3.535
380.400	-2544.920	3.534
380.600	-2544.561	3.534
380.800	-2544.590	3.534
381.000	-2544.553	3.534
381.200	-2544.909	3.534
381.400	-2544.669	3.534
381.600	-2544.333	3.534
381.800	-2544.346	3.534
382.000	-2544.452	3.534
382.200	-2544.510	3.534
382.400	-2544.704	3.534
382.600	-2544.780	3.534
382.800	-2544.717	3.534
383.000	-2545.053	3.534
383.200	-2544.758	3.534
383.400	-2544.533	3.534
383.600	-2544.367	3.534
383.800	-2544.301	3.534
384.000	-2543.996	3.534
384.200	-2543.825	3.534
384.400	-2543.629	3.534
384.600	-2543.375	3.534
384.800	-2543.256	3.534
385.000	-2543.814	3.533
385.200	-2544.057	3.533
385.400	-2544.043	3.533
385.600	-2543.951	3.533
385.800	-2543.996	3.533
386.000	-2544.509	3.533
386.200	-2544.235	3.533
386.400	-2544.056	3.533
386.600	-2543.532	3.533
386.800	-2543.596	3.533
387.000	-2543.694	3.533
387.200	-2543.540	3.533
387.400	-2543.172	3.533
387.600	-2542.978	3.533
387.800	-2543.191	3.533
388.000	-2543.026	3.533
388.200	-2543.265	3.532
388.400	-2543.446	3.532
388.600	-2543.457	3.532
388.800	-2543.380	3.532
389.000	-2543.620	3.532
389.200	-2543.284	3.532
389.400	-2543.215	3.532
389.600	-2543.208	3.532
389.800	-2543.187	3.532
390.000	-2543.263	3.532
390.200	-2543.654	3.532
390.400	-2544.265	3.532
390.600	-2543.993	3.532
390.800	-2544.215	3.532
391.000	-2544.525	3.532
391.200	-2544.405	3.531
391.400	-2543.861	3.531
391.600	-2544.068	3.531
391.800	-2544.178	3.531
392.000	-2544.103	3.531
392.200	-2544.508	3.531
392.400	-2544.501	3.531
392.600	-2544.667	3.531
392.800	-2544.983	3.531
393.000	-2545.160	3.531
393.200	-2545.040	3.531
393.400	-2544.590	3.531
393.600	-2544.280	3.531
393.800	-2543.983	3.531
394.000	-2543.802	3.531
394.200	-2543.839	3.531
394.400	-2543.637	3.531
394.600	-2543.847	3.531
394.800	-2543.989	3.530
395.000	-2543.859	3.530
395.200	-2543.742	3.530
395.400	-2543.599	3.530
395.600	-2543.168	3.530
395.800	-2543.501	3.530
396.000	-2543.703	3.530
396.200	-2543.904	3.530
396.400	-2543.604	3.530
396.600	-2543.470	3.530
396.800	-2543.556	3.530
397.000	-2543.697	3.530
397.200	-2543.680	3.530
397.400	-2543.297	3.530
397.600	-2543.344	3.530
397.800	-2543.350	3.530
398.000	-2543.470	3.530
398.200	-2543.602	3.530
398.400	-2543.619	3.530
398.600	-2543.941	3.529
398.800	-2543.697	3.529
399.000	-2543.426	3.529
399.200	-2544.038	3.529
399.400	-2544.150	3.529
399.600	-2544.756	3.529
399.800	-2545.062	3.529
400.000	-2545.312	3.529
400.200	-2545.059	3.529
400.400	-2544.699	3.529
400.600	-2544.307	3.529
400.800	-2544.794	3.529
401.000	-2544.713	3.529
401.200	-2544.555	3.529
401.400	-2544.297	3.529
401.600	-2543.856	3.529
401.800	-2543.933	3.529
402.000	-2544.268	3.528
402.200	-2543.993	3.528
402.400	-2543.943	3.528
402.600	-2544.029	3.528
402.800	-2544.212	3.528
403.000	-2543.731	3.528
403.200	-2544.007	3.528
403.400	-2544.065	3.528
403.600	-2544.140	3.528
403.800	-2544.460	3.528
404.000	-2544.367	3.528
404.200	-2544.219	3.528
404.400	-2543.867	3.528
404.600	-2543.678	3.528
404.800	-2543.404	3.528
405.000	-2543.132	3.528
405.200	-2542.969	3.528
405.400	-2542.894	3.528
405.600	-2542.841	3.528
405.800	-2542.762	3.528
406.000	-2542.653	3.527
406.200	-2542.690	3.527
406.400	-2543.154	3.527
406.600	-2542.930	3.527
406.800	-2542.702	3.527
407.000	-2543.424	3.527
407.200	-2543.945	3.527
407.400	-2544.021	3.527
407.600	-2543.949	3.527
407.800	-2544.343	3.527
408.000	-2544.563	3.527
408.200	-2544.208	3.527
408.400	-2543.863	3.527
408.600	-2543.911	3.527
408.800	-2543.761	3.527
409.000	-2543.318	3.527
409.200	-2543.586	3.526
409.400	-2543.395	3.526
409.600	-2543.093	3.526
409.800	-2542.826	3.526
410.000	-2543.067	3.526
410.200	-2542.870	3.526
410.400	-2543.119	3.526
410.600	-2543.206	3.526
410.800	-2543.499	3.526
411.000	-2543.610	3.526
411.200	-2543.066	3.526
411.400	-2543.184	3.526
411.600	-2543.093	3.526
411.800	-2543.258	3.526
412.000	-2543.463	3.526
412.200	-2543.054	3.526
412.400	-2543.094	3.526
412.600	-2543.334	3.526
412.800	-2543.744	3.525
413.000	-2543.252	3.525
413.200	-2543.195	3.525
413.400	-2543.041	3.525
413.600	-2543.015	3.525
413.800	-2542.411	3.525
414.000	-2542.124	3.525
414.200	-2542.100	3.525
414.400	-2541.849	3.525
414.600	-2542.006	3.525
414.800	-2542.092	3.525
415.000	-2542.173	3.525
415.200	-2542.136	3.525
415.400	-2541.919	3.525
415.600	-2542.565	3.525
415.800	-2542.753	3.525
416.000	-2542.794	3.525
416.200	-2542.842	3.525
416.400	-2542.561	3.525
416.600	-2542.562	3.525
416.800	-2543.083	3.524
417.000	-2543.096	3.524
417.200	-2542.865	3.524
417.400	-2543.025	3.524
417.600	-2542.818	3.524
417.800	-2543.067	3.524
418.000	-2542.537	3.524
418.200	-2542.199	3.524
418.400	-2542.296	3.524
418.600	-2541.939	3.524
418.800	-2542.620	3.524
419.000	-2542.557	3.524
419.200	-2542.512	3.524
419.400	-2542.614	3.524
419.600	-2542.791	3.524
419.800	-2543.041	3.524
420.000	-2543.058	3.524
420.200	-2542.746	3.523
420.400	-2542.903	3.523
420.600	-2542.564	3.523
420.800	-2542.486	3.523
421.000	-2542.522	3.523
421.200	-2542.744	3.523
421.400	-2542.960	3.523
421.600	-2543.700	3.523
421.800	-2544.003	3.523
422.000	-2544.333	3.523
422.200	-2544.810	3.523
422.400	-2544.516	3.523
422.600	-2544.812	3.523
422.800	-2544.467	3.523
423.000	-2543.990	3.523
423.200	-2543.648	3.523
423.400	-2543.138	3.522
423.600	-2542.608	3.523
423.800	-2543.026	3.522
424.000	-2543.313	3.522
424.200	-2543.074	3.522
424.400	-2543.435	3.522
424.600	-2542.943	3.522
424.800	-2542.855	3.522
425.000	-2542.945	3.522
425.200	-2542.842	3.522
425.400	-2543.119	3.522
425.600	-2543.050	3.522
425.800	-2542.939	3.522
426.000	-2542.469	3.522
426.200	-2542.347	3.522
426.400	-2542.195	3.522
426.600	-2542.465	3.522
426.800	-2542.388	3.522
427.000	-2542.419	3.522
427.200	-2542.384	3.522
427.400	-2542.746	3.521
427.600	-2542.727	3.521
427.800	-2542.377	3.521
428.000	-2541.840	3.521
428.200	-2541.917	3.521
428.400	-2541.915	3.521
428.600	-2542.120	3.521
428.800	-2542.258	3.521
429.000	-2542.094	3.521
429.200	-2541.973	3.521
429.400	-2541.944	3.521
429.600	-2542.273	3.521
429.800	-2542.709	3.521
430.000	-2542.963	3.521
430.200	-2542.733	3.521
430.400	-2542.333	3.521
430.600	-2542.511	3.521
430.800	-2542.034	3.521
431.000	-2542.217	3.520
431.200	-2542.341	3.520
431.400	-2542.159	3.520
431.600	-2542.530	3.520
431.800	-2542.736	3.520
432.000	-2542.510	3.520
432.200	-2542.565	3.520
432.400	-2542.573	3.520
432.600	-2542.195	3.520
432.800	-2541.700	3.520
433.000	-2541.841	3.520
433.200	-2542.142	3.520
433.400	-2542.076	3.520
433.600	-2542.156	3.520
433.800	-2541.700	3.520
434.000	-2541.876	3.520
434.200	-2541.936	3.520
434.400	-2541.806	3.520
434.600	-2541.554	3.519
434.800	-2541.569	3.519
435.000	-2541.339	3.519
435.200	-2541.453	3.519
435.400	-2542.089	3.519
435.600	-2542.661	3.519
435.800	-2542.629	3.519
436.000	-2542.872	3.519
436.200	-2542.557	3.519
436.400	-2542.466	3.519
436.600	-2542.201	3.519
436.800	-2541.989	3.519
437.000	-2541.861	3.519
437.200	-2542.613	3.519
437.400	-2543.110	3.519
437.600	-2542.712	3.519
437.800	-2542.246	3.519
438.000	-2542.065	3.518
438.200	-2541.863	3.518
438.400	-2541.424	3.518
438.600	-2541.117	3.518
438.800	-2541.268	3.518
439.000	-2541.286	3.518
439.200	-2540.999	3.518
439.400	-2541.372	3.518
439.600	-2541.558	3.518
439.800	-2541.600	3.518
440.000	-2541.263	3.518
440.200	-2541.258	3.518
440.400	-2541.355	3.518
440.600	-2541.601	3.518
440.800	-2542.046	3.518
441.000	-2542.038	3.518
441.200	-2541.855	3.518
441.400	-2541.386	3.518
441.600	-2541.291	3.518
441.800	-2541.035	3.518
442.000	-2540.849	3.517
442.200	-2541.143	3.517
442.400	-2541.738	3.517
442.600	-2541.789	3.517
442.800	-2541.429	3.517
443.000	-2541.458	3.517
443.200	-2541.337	3.517
443.400	-2541.481	3.517
443.600	-2541.615	3.517
443.800	-2542.002	3.517
444.000	-2541.523	3.517
444.200	-2541.576	3.517
444.400	-2541.748	3.517
444.600	-2541.700	3.517
444.800	-2541.932	3.517
445.000	-2542.328	3.516
445.200	-2542.118	3.516
445.400	-2542.622	3.516
445.600	-2542.403	3.516
445.800	-2542.630	3.516
446.000	-2542.991	3.516
446.200	-2543.205	3.516
446.400	-2543.212	3.516
446.600	-2543.103	3.516
446.800	-2543.217	3.516
447.000	-2542.727	3.516
447.200	-2542.748	3.516
447.400	-2543.087	3.516
447.600	-2542.743	3.516
447.800	-2542.266	3.516
448.000	-2542.694	3.516
448.200	-2542.690	3.516
448.400	-2543.064	3.516
448.600	-2542.743	3.515
448.800	-2542.899	3.515
449.000	-2542.463	3.515
449.200	-2541.941	3.515
449.400	-2541.617	3.515
449.600	-2541.588	3.515
449.800	-2541.848	3.515
450.000	-2542.201	3.515
450.200	-2542.670	3.515
450.400	-2542.731	3.515
450.600	-2542.174	3.515
450.800	-2542.127	3.515
451.000	-2541.532	3.515
451.200	-2541.309	3.515
451.400	-2541.229	3.515
451.600	-2541.111	3.515
451.800	-2541.338	3.515
452.000	-2541.073	3.515
452.200	-2541.056	3.515
452.400	-2541.095	3.515
452.600	-2540.955	3.515
452.800	-2541.020	3.515
453.000	-2540.736	3.515
453.200	-2540.869	3.514
453.400	-2540.680	3.514
453.600	-2540.651	3.514
453.800	-2540.572	3.514
454.000	-2540.382	3.514
454.200	-2540.315	3.514
454.400	-2540.098	3.514
454.600	-2540.255	3.514
454.800	-2540.023	3.514
455.000	-2540.154	3.514
455.200	-2540.828	3.514
455.400	-2540.924	3.514
455.600	-2541.789	3.514
455.800	-2541.573	3.514
456.000	-2541.275	3.514
456.200	-2541.387	3.514
456.400	-2540.977	3.514
456.600	-2541.435	3.513
456.800	-2542.500	3.513
457.000	-2543.144	3.513
457.200	-2543.031	3.513
457.400	-2542.945	3.513
457.600	-2542.908	3.513
457.800	-2542.150	3.513
458.000	-2541.588	3.513
458.200	-2541.307	3.513
458.400	-2540.820	3.513
458.600	-2540.804	3.513
458.800	-2540.632	3.513
459.000	-2540.586	3.513
459.200	-2540.854	3.513
459.400	-2540.611	3.513
459.600	-2540.555	3.513
459.800	-2540.172	3.513
460.000	-2540.479	3.513
460.200	-2540.611	3.512
460.400	-2540.786	3.512
460.600	-2541.247	3.512
460.800	-2540.984	3.512
461.000	-2540.973	3.512
461.200	-2540.368	3.512
461.400	-2539.962	3.512
461.600	-2539.777	3.512
461.800	-2540.030	3.512
462.000	-2539.780	3.512
462.200	-2540.036	3.512
462.400	-2540.634	3.512
462.600	-2540.465	3.512
462.800	-2540.207	3.512
463.000	-2540.091	3.512
463.200	-2540.018	3.512
463.400	-2540.544	3.512
463.600	-2540.690	3.511
463.800	-2540.262	3.511
464.000	-2540.273	3.511
464.200	-2540.672	3.511
464.400	-2540.427	3.511
464.600	-2540.299	3.511
464.800	-2540.098	3.511
465.000	-2540.081	3.511
465.200	-2540.355	3.511
465.400	-2540.500	3.511
465.600	-2540.525	3.511
465.800	-2539.849	3.511
466.000	-2539.611	3.511
466.200	-2540.072	3.511
466.400	-2539.744	3.511
466.600	-2539.653	3.511
466.800	-2540.320	3.511
467.000	-2540.122	3.511
467.200	-2540.368	3.510
467.400	-2540.987	3.510
467.600	-2541.382	3.510
467.800	-2540.958	3.510
468.000	-2540.668	3.510
468.200	-2540.729	3.510
468.400	-2540.962	3.510
468.600	-2540.614	3.510
468.800	-2540.832	3.510
469.000	-2541.052	3.510
469.200	-2540.710	3.510
469.400	-2540.254	3.510
469.600	-2540.348	3.510
469.800	-2540.486	3.510
470.000	-2540.304	3.510
470.200	-2540.034	3.510
470.400	-2540.029	3.510
470.600	-2539.879	3.510
470.800	-2540.334	3.509
471.000	-2540.376	3.509
471.200	-2540.389	3.509
471.400	-2540.702	3.509
471.600	-2540.474	3.509
471.800	-2540.457	3.509
472.000	-2541.041	3.509
472.200	-2541.017	3.509
472.400	-2540.872	3.509
472.600	-2541.021	3.509
472.800	-2541.299	3.509
473.000	-2541.926	3.509
473.200	-2541.879	3.509
473.400	-2541.489	3.509
473.600	-2541.126	3.509
473.800	-2540.815	3.509
474.000	-2540.542	3.509
474.200	-2540.541	3.509
474.400	-2540.549	3.508
474.600	-2540.184	3.508
474.800	-2540.462	3.508
475.000	-2540.983	3.508
475.200	-2540.937	3.508
475.400	-2540.848	3.508
475.600	-2540.811	3.508
475.800	-2540.806	3.508
476.000	-2540.669	3.508
476.200	-2540.617	3.508
476.400	-2540.850	3.508
476.600	-2541.229	3.508
476.800	-2541.302	3.508
477.000	-2541.157	3.508
477.200	-2541.249	3.508
477.400	-2541.306	3.507
477.600	-2541.193	3.507
477.800	-2540.654	3.507
478.000	-2539.985	3.507
478.200	-2539.793	3.507
478.400	-2539.830	3.507
478.600	-2540.064	3.507
478.800	-2540.371	3.507
479.000	-2540.190	3.507
479.200	-2540.061	3.507
479.400	-2540.274	3.507
479.600	-2540.523	3.507
479.800	-2540.830	3.507
480.000	-2541.175	3.507
480.200	-2541.727	3.507
480.400	-2541.904	3.507
480.600	-2541.787	3.507
480.800	-2541.697	3.506
481.000	-2541.320	3.506
481.200	-2540.974	3.506
481.400	-2541.024	3.506
481.600	-2540.887	3.506
481.800	-2541.112	3.506
482.000	-2541.099	3.506
482.200	-2540.619	3.506
482.400	-2540.918	3.506
482.600	-2540.585	3.506
482.800	-2540.931	3.506
483.000	-2541.193	3.506
483.200	-2540.781	3.506
483.400	-2540.387	3.506
483.600	-2540.065	3.506
483.800	-2540.474	3.506
484.000	-2540.469	3.506
484.200	-2540.697	3.506
484.400	-2540.190	3.506
484.600	-2539.718	3.506
484.800	-2539.545	3.506
485.000	-2539.877	3.505
485.200	-2540.057	3.505
485.400	-2540.386	3.505
485.600	-2540.522	3.505
485.800	-2540.282	3.505
486.000	-2540.089	3.505
486.200	-2539.863	3.505
486.400	-2539.772	3.505
486.600	-2539.785	3.505
486.800	-2539.653	3.505
487.000	-2539.560	3.505
487.200	-2539.852	3.505
487.400	-2539.653	3.505
487.600	-2539.537	3.505
487.800	-2539.197	3.505
488.000	-2538.952	3.505
488.200	-2538.668	3.505
488.400	-2538.987	3.505
488.600	-2538.964	3.505
488.800	-2538.878	3.504
489.000	-2539.091	3.504
489.200	-2539.228	3.504
489.400	-2539.832	3.504
489.600	-2540.103	3.504
489.800	-2540.101	3.504
490.000	-2540.431	3.504
490.200	-2540.493	3.504
490.400	-2540.744	3.504
490.600	-2540.556	3.504
490.800	-2540.274	3.504
491.000	-2540.507	3.504
491.200	-2540.344	3.504
491.400	-2540.251	3.504
491.600	-2539.719	3.504
491.800	-2539.139	3.504
492.000	-2538.904	3.504
492.200	-2539.029	3.504
492.400	-2539.176	3.503
492.600	-2539.392	3.503
492.800	-2539.270	3.503
493.000	-2538.953	3.503
493.200	-2538.914	3.503
493.400	-2539.181	3.503
493.600	-2538.681	3.503
493.800	-2538.897	3.503
494.000	-2539.120	3.503
494.200	-2539.471	3.503
494.400	-2539.873	3.503
494.600	-2540.040	3.503
494.800	-2539.692	3.503
495.000	-2539.673	3.503
495.200	-2539.367	3.503
495.400	-2539.227	3.503
495.600	-2538.937	3.503
495.800	-2538.924	3.503
496.000	-2539.448	3.502
496.200	-2539.448	3.502
496.400	-2539.642	3.502
496.600	-2539.459	3.502
496.800	-2539.401	3.502
497.000	-2539.799	3.502
497.200	-2539.401	3.502
497.400	-2539.263	3.502
497.600	-2539.315	3.502
497.800	-2539.696	3.502
498.000	-2539.672	3.502
498.200	-2539.669	3.502
498.400	-2540.170	3.502
498.600	-2539.984	3.502
498.800	-2540.297	3.502
499.000	-2540.214	3.502
499.200	-2539.733	3.502
499.400	-2539.821	3.501
499.600	-2539.721	3.501
499.800	-2539.799	3.501
500.000	-2539.770	3.501
500.200	-2539.423	3.501
500.400	-2539.335	3.501
500.600	-2539.733	3.501
500.800	-2539.681	3.501
501.000	-2539.330	3.501
501.200	-2538.945	3.501
501.400	-2538.555	3.501
501.600	-2538.704	3.501
501.800	-2538.830	3.501
502.000	-2539.340	3.501
502.200	-2539.376	3.501
502.400	-2539.056	3.501
502.600	-2538.537	3.501
502.800	-2538.288	3.501
503.000	-2538.761	3.500
503.200	-2539.402	3.500
503.400	-2539.831	3.500
503.600	-2539.905	3.500
503.800	-2539.481	3.500
504.000	-2539.336	3.500
504.200	-2539.071	3.500
504.400	-2539.480	3.500
504.600	-2539.282	3.500
504.800	-2538.903	3.500
505.000	-2538.829	3.500
505.200	-2538.631	3.500
505.400	-2538.478	3.500
505.600	-2538.754	3.500
505.800	-2538.494	3.500
506.000	-2538.130	3.500
506.200	-2538.246	3.500
506.400	-2538.495	3.500
506.600	-2538.469	3.499
506.800	-2538.588	3.499
507.000	-2538.779	3.499
507.200	-2538.814	3.499
507.400	-2539.268	3.499
507.600	-2539.480	3.499
507.800	-2539.227	3.499
508.000	-2539.153	3.499
508.200	-2539.579	3.499
508.400	-2539.266	3.499
508.600	-2539.007	3.499
508.800	-2539.120	3.499
509.000	-2538.573	3.499
509.200	-2538.321	3.499
509.400	-2538.371	3.499
509.600	-2538.137	3.499
509.800	-2538.455	3.499
510.000	-2538.690	3.498
510.200	-2538.706	3.498
510.400	-2539.056	3.498
510.600	-2539.174	3.498
510.800	-2539.160	3.498
511.000	-2539.043	3.498
511.200	-2539.006	3.498
511.400	-2539.020	3.498
511.600	-2538.793	3.498
511.800	-2538.640	3.498
512.000	-2538.103	3.498
512.200	-2538.239	3.498
512.400	-2538.390	3.498
512.600	-2538.424	3.498
512.800	-2539.051	3.498
513.000	-2539.000	3.498
513.200	-2538.936	3.498
513.400	-2538.961	3.498
513.600	-2538.344	3.498
513.800	-2538.035	3.497
514.000	-2538.417	3.497
514.200	-2538.638	3.497
514.400	-2538.821	3.497
514.600	-2539.017	3.497
514.800	-2539.065	3.497
515.000	-2539.280	3.497
515.200	-2539.416	3.497
515.400	-2539.149	3.497
515.600	-2539.393	3.497
515.800	-2539.001	3.497
516.000	-2538.451	3.497
516.200	-2538.771	3.497
516.400	-2538.564	3.497
516.600	-2538.114	3.497
516.800	-2538.174	3.497
517.000	-2538.440	3.497
517.200	-2538.152	3.497
517.400	-2538.031	3.497
517.600	-2538.134	3.496
517.800	-2538.032	3.496
518.000	-2537.972	3.496
518.200	-2538.415	3.496
518.400	-2538.518	3.496
518.600	-2538.729	3.496
518.800	-2538.705	3.496
519.000	-2539.087	3.496
519.200	-2538.981	3.496
519.400	-2538.516	3.496
519.600	-2538.168	3.496
519.800	-2538.059	3.496
520.000	-2537.725	3.496
520.200	-2537.334	3.496
520.400	-2537.222	3.496
520.600	-2537.456	3.496
520.800	-2537.635	3.496
521.000	-2537.244	3.495
521.200	-2537.259	3.495
521.400	-2537.689	3.495
521.600	-2537.941	3.495
521.800	-2537.489	3.495
522.000	-2537.258	3.495
522.200	-2537.143	3.495
522.400	-2537.090	3.495
522.600	-2537.029	3.495
522.800	-2537.060	3.495
523.000	-2537.119	3.495
523.200	-2537.423	3.495
523.400	-2536.991	3.495
523.600	-2537.033	3.495
523.800	-2536.981	3.495
524.000	-2536.959	3.495
524.200	-2537.248	3.495
524.400	-2537.447	3.495
524.600	-2537.306	3.495
524.800	-2537.145	3.494
525.000	-2537.134	3.494
525.200	-2537.441	3.494
525.400	-2537.133	3.494
525.600	-2537.121	3.494
525.800	-2536.842	3.494
526.000	-2537.014	3.494
526.200	-2537.404	3.494
526.400	-2537.741	3.494
526.600	-2537.924	3.494
526.800	-2537.637	3.494
527.000	-2537.954	3.494
527.200	-2538.175	3.494
527.400	-2538.509	3.494
527.600	-2538.816	3.494
527.800	-2538.679	3.493
528.000	-2538.863	3.493
528.200	-2539.110	3.493
528.400	-2538.991	3.493
528.600	-2539.145	3.493
528.800	-2539.412	3.493
529.000	-2539.513	3.493
529.200	-2539.614	3.493
529.400	-2539.474	3.493
529.600	-2539.203	3.493
529.800	-2538.851	3.493
530.000	-2539.043	3.493
530.200	-2538.888	3.493
530.400	-2538.464	3.493
530.600	-2538.409	3.493
530.800	-2539.288	3.493
531.000	-2539.150	3.492
531.200	-2538.863	3.492
531.400	-2539.280	3.492
531.600	-2538.881	3.492
531.800	-2538.960	3.492
532.000	-2538.395	3.492
532.200	-2538.502	3.492
532.400	-2538.428	3.492
532.600	-2538.055	3.492
532.800	-2538.098	3.492
533.000	-2537.713	3.492
533.200	-2537.730	3.492
533.400	-2537.475	3.492
533.600	-2537.587	3.492
533.800	-2537.783	3.492
534.000	-2537.581	3.492
534.200	-2538.004	3.492
534.400	-2537.809	3.492
534.600	-2537.964	3.492
534.800	-2538.327	3.492
535.000	-2538.695	3.491
535.200	-2538.556	3.491
535.400	-2538.300	3.491
535.600	-2538.682	3.491
535.800	-2538.280	3.491
536.000	-2538.148	3.491
536.200	-2537.966	3.491
536.400	-2537.834	3.491
536.600	-2538.137	3.491
536.800	-2538.250	3.491
537.000	-2538.041	3.491
537.200	-2538.065	3.491
537.400	-2537.972	3.491
537.600	-2537.936	3.491
537.800	-2538.099	3.491
538.000	-2538.429	3.491
538.200	-2538.437	3.491
538.400	-2538.434	3.491
538.600	-2538.327	3.491
538.800	-2538.278	3.490
539.000	-2538.412	3.490
539.200	-2538.325	3.490
539.400	-2538.227	3.490
539.600	-2538.284	3.490
539.800	-2538.370	3.490
540.000	-2538.402	3.490
540.200	-2538.337	3.490
540.400	-2538.473	3.490
540.600	-2538.114	3.490
540.800	-2537.924	3.490
541.000	-2538.025	3.490
541.200	-2538.148	3.490
541.400	-2538.245	3.490
541.600	-2538.153	3.490
541.800	-2538.059	3.490
542.000	-2537.633	3.490
542.200	-2537.578	3.490
542.400	-2537.627	3.490
542.600	-2537.893	3.489
542.800	-2537.877	3.489
543.000	-2537.805	3.489
543.200	-2537.866	3.489
543.400	-2538.074	3.489
543.600	-2537.933	3.489
543.800	-2538.057	3.489
544.000	-2538.156	3.489
544.200	-2538.119	3.489
544.400	-2537.641	3.489
544.600	-2537.519	3.489
544.800	-2537.501	3.489
545.000	-2537.336	3.489
545.200	-2537.184	3.489
545.400	-2537.223	3.489
545.600	-2537.472	3.489
545.800	-2537.461	3.489
546.000	-2537.806	3.488
546.200	-2537.686	3.488
546.400	-2537.579	3.488
546.600	-2537.306	3.488
546.800	-2537.207	3.488
547.000	-2537.397	3.488
547.200	-2537.169	3.488
547.400	-2537.235	3.488
547.600	-2537.176	3.488
547.800	-2536.964	3.488
548.000	-2536.845	3.488
548.200	-2536.472	3.488
548.400	-2536.873	3.488
548.600	-2537.068	3.488
548.800	-2536.946	3.488
549.000	-2537.104	3.488
549.200	-2537.532	3.488
549.400	-2537.655	3.488
549.600	-2537.679	3.488
549.800	-2537.513	3.487
550.000	-2537.688	3.487
550.200	-2537.649	3.487
550.400	-2537.428	3.487
550.600	-2537.222	3.487
550.800	-2537.463	3.487
551.000	-2537.659	3.487
551.200	-2537.518	3.487
551.400	-2537.226	3.487
551.600	-2537.003	3.487
551.800	-2536.674	3.487
552.000	-2536.433	3.487
552.200	-2536.845	3.487
552.400	-2537.019	3.487
552.600	-2537.149	3.487
552.800	-2537.613	3.487
553.000	-2537.616	3.486
553.200	-2537.684	3.486
553.400	-2537.825	3.486
553.600	-2537.367	3.486
553.800	-2537.138	3.486
554.000	-2537.536	3.486
554.200	-2537.593	3.486
554.400	-2537.403	3.486
554.600	-2537.706	3.486
554.800	-2537.543	3.486
555.000	-2537.402	3.486
555.200	-2537.451	3.486
555.400	-2537.256	3.486
555.600	-2537.363	3.486
555.800	-2537.137	3.486
556.000	-2537.468	3.486
556.200	-2537.301	3.486
556.400	-2536.873	3.486
556.600	-2537.395	3.485
556.800	-2538.141	3.485
557.000	-2538.352	3.485
557.200	-2538.143	3.485
557.400	-2537.933	3.485
557.600	-2537.935	3.485
557.800	-2537.195	3.485
558.000	-2536.810	3.485
558.200	-2536.667	3.485
558.400	-2536.397	3.485
558.600	-2536.471	3.485
558.800	-2536.541	3.485
559.000	-2536.812	3.485
559.200	-2536.772	3.485
559.400	-2536.597	3.485
559.600	-2536.447	3.485
559.800	-2536.273	3.485
560.000	-2536.960	3.485
560.200	-2536.973	3.485
560.400	-2537.050	3.484
560.600	-2537.652	3.484
560.800	-2537.444	3.484
561.000	-2537.037	3.484
561.200	-2537.345	3.484
561.400	-2537.140	3.484
561.600	-2536.863	3.484
561.800	-2536.722	3.484
562.000	-2537.230	3.484
562.200	-2537.627	3.484
562.400	-2537.668	3.484
562.600	-2537.407	3.484
562.800	-2537.325	3.484
563.000	-2537.255	3.484
563.200	-2537.017	3.484
563.400	-2537.291	3.484
563.600	-2536.864	3.484
563.800	-2536.882	3.484
564.000	-2536.998	3.483
564.200	-2536.725	3.483
564.400	-2536.997	3.483
564.600	-2536.920	3.483
564.800	-2536.596	3.483
565.000	-2536.660	3.483
565.200	-2536.515	3.483
565.400	-2536.364	3.483
565.600	-2536.172	3.483
565.800	-2536.107	3.483
566.000	-2536.438	3.483
566.200	-2536.023	3.483
566.400	-2536.017	3.483
566.600	-2536.240	3.483
566.800	-2536.339	3.483
567.000	-2536.139	3.483
567.200	-2536.454	3.483
567.400	-2536.273	3.483
567.600	-2535.895	3.483
567.800	-2535.582	3.483
568.000	-2535.809	3.482
568.200	-2536.097	3.482
568.400	-2536.167	3.482
568.600	-2536.186	3.482
568.800	-2536.145	3.482
569.000	-2536.860	3.482
569.200	-2536.725	3.482
569.400	-2536.244	3.482
569.600	-2536.075	3.482
569.800	-2536.325	3.482
570.000	-2536.567	3.482
570.200	-2536.670	3.482
570.400	-2536.716	3.482
570.600	-2536.475	3.482
570.800	-2536.137	3.482
571.000	-2535.592	3.482
571.200	-2535.593	3.482
571.400	-2535.182	3.482
571.600	-2535.205	3.482
571.800	-2535.046	3.482
572.000	-2534.820	3.481
572.200	-2535.042	3.481
572.400	-2535.266	3.481
572.600	-2535.709	3.481
572.800	-2535.686	3.481
573.000	-2535.536	3.481
573.200	-2535.960	3.481
573.400	-2535.734	3.481
573.600	-2535.891	3.481
573.800	-2536.245	3.481
574.000	-2536.486	3.481
574.200	-2536.103	3.481
574.400	-2536.052	3.481
574.600	-2536.280	3.481
574.800	-2536.133	3.481
575.000	-2536.218	3.480
575.200	-2536.159	3.480
575.400	-2535.979	3.480
575.600	-2535.871	3.480
575.800	-2536.255	3.480
576.000	-2536.209	3.480
576.200	-2536.500	3.480
576.400	-2536.223	3.480
576.600	-2536.339	3.480
576.800	-2536.102	3.480
577.000	-2535.938	3.480
577.200	-2536.276	3.480
577.400	-2536.613	3.480
577.600	-2536.368	3.480
577.800	-2536.763	3.480
578.000	-2537.182	3.480
578.200	-2537.444	3.479
578.400	-2537.151	3.479
578.600	-2537.282	3.479
578.800	-2537.427	3.479
579.000	-2537.096	3.479
579.200	-2536.903	3.479
579.400	-2537.184	3.479
579.600	-2537.128	3.479
579.800	-2536.860	3.479
580.000	-2536.533	3.479
580.200	-2536.335	3.479
580.400	-2536.419	3.479
580.600	-2536.579	3.479
580.800	-2536.573	3.479
581.000	-2536.294	3.479
581.200	-2536.493	3.479
581.400	-2536.589	3.479
581.600	-2536.396	3.479
581.800	-2535.928	3.479
582.000	-2535.982	3.479
582.200	-2535.675	3.479
582.400	-2535.795	3.478
582.600	-2535.699	3.478
582.800	-2535.646	3.478
583.000	-2535.809	3.478
583.200	-2536.382	3.478
583.400	-2536.725	3.478
583.600	-2536.624	3.478
583.800	-2536.347	3.478
584.000	-2536.581	3.478
584.200	-2536.347	3.478
584.400	-2536.415	3.478
584.600	-2536.123	3.478
584.800	-2536.090	3.478
585.000	-2536.416	3.478
585.200	-2536.351	3.478
585.400	-2536.444	3.478
585.600	-2536.166	3.478
585.800	-2535.974	3.477
586.000	-2535.991	3.477
586.200	-2536.285	3.477
586.400	-2536.159	3.477
586.600	-2536.253	3.477
586.800	-2535.824	3.477
587.000	-2535.923	3.477
587.200	-2536.014	3.477
587.400	-2535.635	3.477
587.600	-2535.585	3.477
587.800	-2535.690	3.477
588.000	-2536.138	3.477
588.200	-2536.091	3.477
588.400	-2536.299	3.477
588.600	-2536.963	3.477
588.800	-2537.115	3.477
589.000	-2536.840	3.477
589.200	-2536.271	3.477
589.400	-2536.272	3.476
589.600	-2536.515	3.476
589.800	-2536.774	3.476
590.000	-2536.735	3.476
590.200	-2536.632	3.476
590.400	-2536.253	3.476
590.600	-2536.071	3.476
590.800	-2535.967	3.476
591.000	-2535.469	3.476
591.200	-2534.988	3.476
591.400	-2534.908	3.476
591.600	-2535.644	3.476
591.800	-2535.590	3.476
592.000	-2535.194	3.476
592.200	-2535.145	3.476
592.400	-2535.217	3.476
592.600	-2535.149	3.476
592.800	-2534.889	3.476
593.000	-2535.320	3.476
593.200	-2535.567	3.476
593.400	-2535.876	3.475
593.600	-2535.488	3.475
593.800	-2535.478	3.475
594.000	-2536.122	3.475
594.200	-2536.058	3.475
594.400	-2535.723	3.475
594.600	-2535.423	3.475
594.800	-2535.502	3.475
595.000	-2536.251	3.475
595.200	-2536.175	3.475
595.400	-2536.554	3.475
595.600	-2536.713	3.475
595.800	-2536.710	3.475
596.000	-2536.511	3.475
596.200	-2536.533	3.475
596.400	-2536.405	3.475
596.600	-2536.570	3.475
596.800	-2536.856	3.474
597.000	-2536.954	3.474
597.200	-2536.621	3.474
597.400	-2536.683	3.474
597.600	-2536.685	3.474
597.800	-2536.609	3.474
598.000	-2536.247	3.474
598.200	-2536.393	3.474
598.400	-2536.535	3.474
598.600	-2536.505	3.474
598.800	-2536.535	3.474
599.000	-2536.350	3.474
599.200	-2536.426	3.474
599.400	-2536.355	3.474
599.600	-2536.617	3.474
599.800	-2536.580	3.474
600.000	-2536.081	3.474
600.200	-2535.577	3.474
600.400	-2535.412	3.474
600.600	-2535.421	3.473
600.800	-2535.684	3.473
601.000	-2535.549	3.473
601.200	-2535.627	3.473
601.400	-2535.246	3.473
601.600	-2535.545	3.473
601.800	-2535.264	3.473
602.000	-2535.110	3.473
602.200	-2535.077	3.473
602.400	-2535.281	3.473
602.600	-2535.927	3.473
602.800	-2536.158	3.473
603.000	-2535.635	3.473
603.200	-2535.842	3.473
603.400	-2535.712	3.473
603.600	-2535.387	3.473
603.800	-2535.238	3.473
604.000	-2535.221	3.473
604.200	-2535.301	3.473
604.400	-2535.680	3.472
604.600	-2536.017	3.472
604.800	-2535.909	3.472
605.000	-2536.061	3.472
605.200	-2536.700	3.472
605.400	-2536.527	3.472
605.600	-2536.569	3.472
605.800	-2536.672	3.472
606.000	-2536.353	3.472
606.200	-2536.184	3.472
606.400	-2536.168	3.472
606.600	-2536.519	3.472
606.800	-2536.600	3.472
607.000	-2536.537	3.472
607.200	-2536.590	3.472
607.400	-2536.680	3.471
607.600	-2536.545	3.471
607.800	-2536.143	3.471
608.000	-2536.051	3.471
608.200	-2535.771	3.471
608.400	-2535.628	3.471
608.600	-2535.374	3.471
608.800	-2535.288	3.471
609.000	-2535.635	3.471
609.200	-2535.768	3.471
609.400	-2535.875	3.471
609.600	-2535.468	3.471
609.800	-2535.255	3.471
610.000	-2535.148	3.471
610.200	-2535.203	3.471
610.400	-2535.219	3.471
610.600	-2534.978	3.471
610.800	-2534.565	3.471
611.000	-2534.176	3.471
611.200	-2534.557	3.471
611.400	-2534.479	3.471
611.600	-2534.545	3.471
611.800	-2535.239	3.470
612.000	-2534.987	3.470
612.200	-2534.604	3.470
612.400	-2534.901	3.470
612.600	-2535.086	3.470
612.800	-2534.802	3.470
613.000	-2535.342	3.470
613.200	-2535.765	3.470
613.400	-2535.480	3.470
613.600	-2535.974	3.470
613.800	-2535.825	3.470
614.000	-2536.140	3.470
614.200	-2536.051	3.470
614.400	-2536.049	3.470
614.600	-2535.914	3.470
614.800	-2535.681	3.470
615.000	-2535.261	3.469
615.200	-2535.016	3.469
615.400	-2535.574	3.469
615.600	-2535.872	3.469
615.800	-2535.767	3.469
616.000	-2535.475	3.469
616.200	-2535.439	3.469
616.400	-2535.108	3.469
616.600	-2535.085	3.469
616.800	-2534.773	3.469
617.000	-2534.830	3.469
617.200	-2534.876	3.469
617.400	-2534.745	3.469
617.600	-2534.669	3.469
617.800	-2534.791	3.469
618.000	-2535.269	3.469
618.200	-2535.528	3.469
618.400	-2535.748	3.469
618.600	-2535.772	3.468
618.800	-2535.512	3.468
619.000	-2535.695	3.468
619.200	-2535.586	3.468
619.400	-2535.646	3.468
619.600	-2535.537	3.468
619.800	-2535.387	3.468
620.000	-2535.744	3.468
620.200	-2535.750	3.468
620.400	-2535.406	3.468
620.600	-2535.173	3.468
620.800	-2535.506	3.468
621.000	-2535.602	3.468
621.200	-2535.476	3.468
621.400	-2535.531	3.468
621.600	-2535.486	3.468
621.800	-2535.717	3.468
622.000	-2535.910	3.467
622.200	-2535.430	3.467
622.400	-2534.938	3.467
622.600	-2534.997	3.467
622.800	-2535.468	3.467
623.000	-2535.531	3.467
623.200	-2535.375	3.467
623.400	-2535.557	3.467
623.600	-2536.036	3.467
623.800	-2536.070	3.467
624.000	-2536.237	3.467
624.200	-2536.517	3.467
624.400	-2537.046	3.467
624.600	-2536.717	3.467
624.800	-2536.532	3.467
625.000	-2536.515	3.467
625.200	-2536.419	3.467
625.400	-2536.206	3.467
625.600	-2535.976	3.467
625.800	-2535.917	3.467
626.000	-2536.509	3.466
626.200	-2536.621	3.466
626.400	-2536.729	3.466
626.600	-2536.810	3.466
626.800	-2536.682	3.466
627.000	-2536.006	3.466
627.200	-2535.950	3.466
627.400	-2536.047	3.466
627.600	-2536.203	3.466
627.800	-2536.386	3.466
628.000	-2536.348	3.466
628.200	-2536.350	3.466
628.400	-2535.815	3.466
628.600	-2535.521	3.466
628.800	-2535.368	3.466
629.000	-2535.986	3.466
629.200	-2536.351	3.466
629.400	-2536.448	3.465
629.600	-2536.406	3.465
629.800	-2536.338	3.465
630.000	-2535.934	3.465
630.200	-2535.950	3.465
630.400	-2536.272	3.465
630.600	-2536.432	3.465
630.800	-2535.811	3.465
631.000	-2535.638	3.465
631.200	-2535.263	3.465
631.400	-2534.793	3.465
631.600	-2534.662	3.465
631.800	-2534.583	3.465
632.000	-2534.489	3.465
632.200	-2534.455	3.465
632.400	-2534.757	3.465
632.600	-2535.135	3.465
632.800	-2535.187	3.465
633.000	-2535.600	3.465
633.200	-2535.784	3.465
633.400	-2535.750	3.464
633.600	-2535.283	3.465
633.800	-2534.877	3.464
634.000	-2534.585	3.464
634.200	-2534.226	3.464
634.400	-2534.518	3.464
634.600	-2534.574	3.464
634.800	-2534.607	3.464
635.000	-2534.834	3.464
635.200	-2535.291	3.464
635.400	-2534.915	3.464
635.600	-2534.684	3.464
635.800	-2534.643	3.464
636.000	-2534.952	3.464
636.200	-2535.595	3.464
636.400	-2535.909	3.464
636.600	-2535.455	3.464
636.800	-2535.084	3.464
637.000	-2534.703	3.464
637.200	-2534.681	3.464
637.400	-2534.948	3.463
637.600	-2535.158	3.463
637.800	-2535.091	3.463
638.000	-2535.020	3.463
638.200	-2534.796	3.463
638.400	-2534.690	3.463
638.600	-2534.858	3.463
638.800	-2534.547	3.463
639.000	-2534.514	3.463
639.200	-2534.453	3.463
639.400	-2534.502	3.463
639.600	-2534.264	3.463
639.800	-2534.376	3.463
640.000	-2534.443	3.463
640.200	-2534.673	3.463
640.400	-2534.995	3.463
640.600	-2535.095	3.463
640.800	-2534.795	3.463
641.000	-2535.069	3.462
641.200	-2535.339	3.462
641.400	-2535.481	3.462
641.600	-2535.897	3.462
641.800	-2535.888	3.462
642.000	-2536.267	3.462
642.200	-2536.278	3.462
642.400	-2536.211	3.462
642.600	-2535.747	3.462
642.800	-2535.660	3.462
643.000	-2535.227	3.462
643.200	-2535.270	3.462
643.400	-2535.754	3.462
643.600	-2535.656	3.462
643.800	-2536.434	3.462
644.000	-2536.632	3.461
644.200	-2536.683	3.461
644.400	-2536.902	3.461
644.600	-2537.069	3.461
644.800	-2536.387	3.461
645.000	-2536.198	3.461
645.200	-2536.074	3.461
645.400	-2535.732	3.461
645.600	-2535.526	3.461
645.800	-2535.200	3.461
646.000	-2535.164	3.461
646.200	-2534.867	3.461
646.400	-2534.769	3.461
646.600	-2535.153	3.461
646.800	-2535.435	3.461
647.000	-2535.217	3.461
647.200	-2535.370	3.461
647.400	-2535.414	3.461
647.600	-2535.403	3.461
647.800	-2535.560	3.461
648.000	-2535.602	3.460
648.200	-2535.815	3.460
648.400	-2535.704	3.460
648.600	-2535.253	3.460
648.800	-2535.134	3.460
649.000	-2534.842	3.460
649.200	-2534.526	3.460
649.400	-2534.496	3.460
649.600	-2534.384	3.460
649.800	-2534.349	3.460
650.000	-2534.350	3.460
650.200	-2534.631	3.460
650.400	-2534.625	3.460
650.600	-2534.485	3.460
650.800	-2534.846	3.460
651.000	-2534.407	3.460
651.200	-2534.491	3.460
651.400	-2534.511	3.460
651.600	-2533.843	3.460
651.800	-2533.742	3.460
652.000	-2534.112	3.460
652.200	-2534.505	3.459
652.400	-2534.372	3.459
652.600	-2534.561	3.459
652.800	-2534.412	3.459
653.000	-2534.342	3.459
653.200	-2534.708	3.459
653.400	-2534.750	3.459
653.600	-2534.544	3.459
653.800	-2534.339	3.459
654.000	-2534.340	3.459
654.200	-2534.354	3.459
654.400	-2534.357	3.459
654.600	-2534.638	3.459
654.800	-2534.698	3.459
655.000	-2534.665	3.459
655.200	-2534.465	3.459
655.400	-2534.361	3.459
655.600	-2534.432	3.458
655.800	-2534.425	3.458
656.000	-2534.625	3.458
656.200	-2535.001	3.458
656.400	-2535.305	3.458
656.600	-2535.608	3.458
656.800	-2535.713	3.458
657.000	-2535.693	3.458
657.200	-2535.630	3.458
657.400	-2535.376	3.458
657.600	-2535.009	3.458
657.800	-2535.345	3.458
658.000	-2535.663	3.458
658.200	-2535.346	3.458
658.400	-2535.102	3.458
658.600	-2535.273	3.458
658.800	-2534.955	3.458
659.000	-2534.738	3.458
659.200	-2535.208	3.457
659.400	-2535.400	3.457
659.600	-2535.218	3.457
659.800	-2534.925	3.457
660.000	-2534.483	3.457
660.200	-2534.503	3.457
660.400	-2534.385	3.457
660.600	-2534.455	3.457
660.800	-2534.084	3.457
661.000	-2534.342	3.457
661.200	-2534.308	3.457
661.400	-2534.683	3.457
661.600	-2535.097	3.457
661.800	-2534.940	3.457
662.000	-2535.230	3.457
662.200	-2535.111	3.457
662.400	-2534.783	3.457
662.600	-2534.790	3.457
662.800	-2534.937	3.457
663.000	-2534.793	3.457
663.200	-2534.790	3.456
663.400	-2534.748	3.456
663.600	-2534.321	3.456
663.800	-2534.746	3.456
664.000	-2534.732	3.456
664.200	-2534.619	3.456
664.400	-2534.254	3.456
664.600	-2533.790	3.456
664.800	-2534.117	3.456
665.000	-2534.110	3.456
665.200	-2534.084	3.456
665.400	-2534.231	3.456
665.600	-2534.412	3.456
665.800	-2534.553	3.456
666.000	-2534.627	3.456
666.200	-2534.765	3.456
666.400	-2534.644	3.456
666.600	-2534.554	3.455
666.800	-2534.271	3.455
667.000	-2534.559	3.455
667.200	-2534.744	3.455
667.400	-2535.471	3.455
667.600	-2535.747	3.455
667.800	-2535.647	3.455
668.000	-2535.306	3.455
668.200	-2535.300	3.455
668.400	-2535.594	3.455
668.600	-2535.226	3.455
668.800	-2534.701	3.455
669.000	-2534.486	3.455
669.200	-2534.330	3.455
669.400	-2534.702	3.455
669.600	-2534.632	3.455
669.800	-2534.634	3.455
670.000	-2534.378	3.455
670.200	-2534.539	3.455
670.400	-2534.882	3.454
670.600	-2535.026	3.454
670.800	-2535.510	3.454
671.000	-2535.415	3.454
671.200	-2535.724	3.454
671.400	-2535.767	3.454
671.600	-2535.706	3.454
671.800	-2536.016	3.454
672.000	-2536.085	3.454
672.200	-2535.868	3.454
672.400	-2535.688	3.454
672.600	-2535.419	3.454
672.800	-2535.044	3.454
673.000	-2534.879	3.454
673.200	-2534.539	3.454
673.400	-2534.749	3.454
673.600	-2535.205	3.454
673.800	-2535.100	3.454
674.000	-2534.801	3.453
674.200	-2535.206	3.453
674.400	-2535.292	3.453
674.600	-2535.707	3.453
674.800	-2535.745	3.453
675.000	-2536.282	3.453
675.200	-2535.752	3.453
675.400	-2535.263	3.453
675.600	-2535.083	3.453
675.800	-2535.221	3.453
676.000	-2535.237	3.453
676.200	-2534.971	3.453
676.400	-2534.687	3.453
676.600	-2534.563	3.453
676.800	-2534.237	3.453
677.000	-2534.295	3.453
677.200	-2534.351	3.453
677.400	-2534.491	3.453
677.600	-2534.725	3.453
677.800	-2534.874	3.452
678.000	-2534.722	3.452
678.200	-2534.748	3.452
678.400	-2535.014	3.452
678.600	-2534.443	3.452
678.800	-2534.515	3.452
679.000	-2534.414	3.452
679.200	-2534.233	3.452
679.400	-2534.181	3.452
679.600	-2534.028	3.452
679.800	-2533.720	3.452
680.000	-2533.721	3.452
680.200	-2533.485	3.452
680.400	-2533.626	3.452
680.600	-2533.318	3.452
680.800	-2533.581	3.452
681.000	-2533.884	3.452
681.200	-2533.718	3.452
681.400	-2533.531	3.452
681.600	-2533.420	3.452
681.800	-2533.800	3.452
682.000	-2533.935	3.451
682.200	-2534.201	3.451
682.400	-2534.464	3.451
682.600	-2534.145	3.451
682.800	-2533.727	3.451
683.000	-2533.881	3.451
683.200	-2533.860	3.451
683.400	-2533.526	3.451
683.600	-2533.301	3.451
683.800	-2533.080	3.451
684.000	-2532.708	3.451
684.200	-2532.721	3.451
684.400	-2532.827	3.451
684.600	-2533.186	3.451
684.800	-2533.206	3.451
685.000	-2533.276	3.451
685.200	-2533.588	3.451
685.400	-2533.742	3.451
685.600	-2533.940	3.450
685.800	-2534.292	3.450
686.000	-2534.212	3.450
686.200	-2534.514	3.450
686.400	-2534.558	3.450
686.600	-2534.652	3.450
686.800	-2534.506	3.450
687.000	-2534.477	3.450
687.200	-2534.357	3.450
687.400	-2534.237	3.450
687.600	-2533.702	3.450
687.800	-2533.394	3.450
688.000	-2533.444	3.450
688.200	-2533.077	3.450
688.400	-2532.720	3.450
688.600	-2532.598	3.450
688.800	-2533.214	3.450
689.000	-2532.938	3.450
689.200	-2533.444	3.449
689.400	-2533.540	3.449
689.600	-2533.504	3.449
689.800	-2533.427	3.449
690.000	-2533.108	3.449
690.200	-2533.391	3.449
690.400	-2533.197	3.449
690.600	-2533.027	3.449
690.800	-2533.115	3.449
691.000	-2532.768	3.449
691.200	-2532.790	3.449
691.400	-2533.081	3.449
691.600	-2532.990	3.449
691.800	-2533.178	3.449
692.000	-2533.113	3.449
692.200	-2533.198	3.449
692.400	-2532.978	3.449
692.600	-2533.492	3.449
692.800	-2533.873	3.449
693.000	-2533.732	3.448
693.200	-2533.509	3.448
693.400	-2533.209	3.448
693.600	-2533.081	3.448
693.800	-2533.183	3.448
694.000	-2533.370	3.448
694.200	-2533.709	3.448
694.400	-2534.009	3.448
694.600	-2533.831	3.448
694.800	-2534.221	3.448
695.000	-2534.033	3.448
695.200	-2533.812	3.448
695.400	-2533.805	3.448
695.600	-2533.901	3.448
695.800	-2533.983	3.448
696.000	-2533.948	3.448
696.200	-2533.948	3.448
696.400	-2533.832	3.448
696.600	-2533.402	3.448
696.800	-2533.441	3.448
697.000	-2533.614	3.447
697.200	-2533.458	3.447
697.400	-2533.711	3.447
697.600	-2533.749	3.447
697.800	-2533.541	3.447
698.000	-2534.332	3.447
698.200	-2534.178	3.447
698.400	-2533.875	3.447
698.600	-2533.595	3.447
698.800	-2533.244	3.447
699.000	-2533.686	3.447
699.200	-2534.021	3.447
699.400	-2533.718	3.447
699.600	-2534.211	3.447
699.800	-2534.779	3.447
700.000	-2534.251	3.447
700.200	-2534.021	3.447
700.400	-2533.753	3.446
700.600	-2533.449	3.446
700.800	-2533.144	3.446
701.000	-2532.968	3.446
701.200	-2532.698	3.446
701.400	-2533.144	3.446
701.600	-2533.055	3.446
701.800	-2533.172	3.446
702.000	-2533.226	3.446
702.200	-2532.861	3.446
702.400	-2532.764	3.446
702.600	-2532.493	3.446
702.800	-2532.416	3.446
703.000	-2532.235	3.446
703.200	-2532.390	3.446
703.400	-2532.216	3.446
703.600	-2531.948	3.446
703.800	-2532.010	3.446
704.000	-2531.990	3.446
704.200	-2532.840	3.446
704.400	-2532.792	3.446
704.600	-2532.649	3.446
704.800	-2532.912	3.445
705.000	-2532.769	3.445
705.200	-2533.489	3.445
705.400	-2533.602	3.445
705.600	-2533.160	3.445
705.800	-2533.051	3.445
706.000	-2532.684	3.445
706.200	-2533.127	3.445
706.400	-2533.085	3.445
706.600	-2533.293	3.445
706.800	-2533.547	3.445
707.000	-2533.763	3.445
707.200	-2533.494	3.445
707.400	-2533.523	3.445
707.600	-2533.465	3.445
707.800	-2533.043	3.445
708.000	-2532.985	3.445
708.200	-2532.767	3.445
708.400	-2533.413	3.444
708.600	-2533.628	3.444
708.800	-2533.493	3.444
709.000	-2533.889	3.444
709.200	-2534.369	3.444
709.400	-2534.681	3.444
709.600	-2535.060	3.444
709.800	-2534.806	3.444
710.000	-2534.819	3.444
710.200	-2534.685	3.444
710.400	-2534.188	3.444
710.600	-2534.308	3.444
710.800	-2534.739	3.444
711.000	-2534.499	3.444
711.200	-2534.649	3.444
711.400	-2534.748	3.443
711.600	-2534.642	3.443
711.800	-2534.057	3.443
712.000	-2534.209	3.443
712.200	-2534.122	3.443
712.400	-2534.012	3.443
712.600	-2533.684	3.443
712.800	-2533.718	3.443
713.000	-2533.285	3.443
713.200	-2533.291	3.443
713.400	-2533.242	3.443
713.600	-2533.061	3.443
713.800	-2533.320	3.443
714.000	-2533.171	3.443
714.200	-2533.661	3.443
714.400	-2533.980	3.443
714.600	-2533.707	3.443
714.800	-2533.509	3.443
715.000	-2533.164	3.443
715.200	-2533.084	3.443
715.400	-2533.203	3.443
715.600	-2533.429	3.442
715.800	-2533.273	3.442
716.000	-2533.475	3.442
716.200	-2533.446	3.442
716.400	-2533.310	3.442
716.600	-2532.993	3.442
716.800	-2532.750	3.442
717.000	-2532.500	3.442
717.200	-2532.743	3.442
717.400	-2532.698	3.442
717.600	-2533.187	3.442
717.800	-2533.412	3.442
718.000	-2533.030	3.442
718.200	-2532.661	3.442
718.400	-2532.356	3.442
718.600	-2532.442	3.442
718.800	-2532.358	3.442
719.000	-2532.324	3.442
719.200	-2532.323	3.442
719.400	-2532.307	3.442
719.600	-2533.088	3.442
719.800	-2533.103	3.441
720.000	-2532.882	3.441
720.200	-2533.187	3.441
720.400	-2533.328	3.441
720.600	-2533.242	3.441
720.800	-2533.854	3.441
721.000	-2533.705	3.441
721.200	-2533.446	3.441
721.400	-2533.134	3.441
721.600	-2533.167	3.441
721.800	-2533.108	3.441
722.000	-2533.487	3.441
722.200	-2533.897	3.441
722.400	-2533.864	3.441
722.600	-2533.543	3.441
722.800	-2533.282	3.441
723.000	-2532.915	3.441
723.200	-2532.932	3.441
723.400	-2533.220	3.440
723.600	-2533.753	3.440
723.800	-2533.585	3.440
724.000	-2533.347	3.440
724.200	-2532.899	3.440
724.400	-2532.670	3.440
724.600	-2532.373	3.440
724.800	-2532.476	3.440
725.000	-2532.417	3.440
725.200	-2532.140	3.440
725.400	-2532.270	3.440
725.600	-2531.972	3.440
725.800	-2532.000	3.440
726.000	-2532.133	3.440
726.200	-2532.207	3.440
726.400	-2532.083	3.440
726.600	-2532.363	3.440
726.800	-2532.244	3.440
727.000	-2532.443	3.440
727.200	-2532.533	3.440
727.400	-2532.352	3.440
727.600	-2532.509	3.440
727.800	-2532.535	3.439
728.000	-2532.202	3.439
728.200	-2532.156	3.439
728.400	-2532.223	3.439
728.600	-2532.174	3.439
728.800	-2532.721	3.439
729.000	-2532.570	3.439
729.200	-2533.151	3.439
729.400	-2533.153	3.439
729.600	-2533.101	3.439
729.800	-2532.617	3.439
730.000	-2532.447	3.439
730.200	-2532.208	3.439
730.400	-2532.398	3.439
730.600	-2532.677	3.439
730.800	-2532.792	3.439
731.000	-2532.465	3.439
731.200	-2532.147	3.439
731.400	-2531.954	3.439
731.600	-2531.975	3.438
731.800	-2532.208	3.438
732.000	-2532.555	3.438
732.200	-2533.074	3.438
732.400	-2532.892	3.438
732.600	-2532.473	3.438
732.800	-2532.160	3.438
733.000	-2532.094	3.438
733.200	-2532.111	3.438
733.400	-2532.193	3.438
733.600	-2532.191	3.438
733.800	-2531.996	3.438
734.000	-2531.962	3.438
734.200	-2531.772	3.438
734.400	-2531.552	3.438
734.600	-2531.821	3.438
734.800	-2531.863	3.438
735.000	-2531.790	3.438
735.200	-2532.361	3.437
735.400	-2532.229	3.437
735.600	-2532.131	3.437
735.800	-2532.234	3.437
736.000	-2532.324	3.437
736.200	-2532.381	3.437
736.400	-2532.377	3.437
736.600	-2532.221	3.437
736.800	-2532.037	3.437
737.000	-2532.218	3.437
737.200	-2532.285	3.437
737.400	-2532.115	3.437
737.600	-2532.295	3.437
737.800	-2532.773	3.437
738.000	-2532.886	3.437
738.200	-2533.033	3.437
738.400	-2532.524	3.437
738.600	-2532.948	3.437
738.800	-2533.638	3.436
739.000	-2533.903	3.436
739.200	-2533.751	3.436
739.400	-2533.569	3.436
739.600	-2533.465	3.436
739.800	-2533.264	3.436
740.000	-2533.020	3.436
740.200	-2532.645	3.436
740.400	-2532.425	3.436
740.600	-2532.584	3.436
740.800	-2532.901	3.436
741.000	-2533.003	3.436
741.200	-2533.065	3.436
741.400	-2533.381	3.436
741.600	-2533.047	3.436
741.800	-2532.640	3.436
742.000	-2532.084	3.436
742.200	-2531.711	3.436
742.400	-2531.946	3.436
742.600	-2531.896	3.436
742.800	-2531.646	3.436
743.000	-2531.730	3.436
743.200	-2531.703	3.435
743.400	-2532.241	3.435
743.600	-2532.824	3.435
743.800	-2533.202	3.435
744.000	-2533.840	3.435
744.200	-2533.813	3.435
744.400	-2534.149	3.435
744.600	-2534.451	3.435
744.800	-2534.174	3.435
745.000	-2534.168	3.435
745.200	-2533.693	3.435
745.400	-2533.366	3.435
745.600	-2533.221	3.435
745.800	-2532.968	3.435
746.000	-2532.883	3.435
746.200	-2532.803	3.435
746.400	-2532.467	3.435
746.600	-2532.334	3.435
746.800	-2532.811	3.434
747.000	-2532.560	3.434
747.200	-2532.357	3.434
747.400	-2532.247	3.434
747.600	-2532.377	3.434
747.800	-2532.709	3.434
748.000	-2532.663	3.434
748.200	-2532.641	3.434
748.400	-2532.575	3.434
748.600	-2532.366	3.434
748.800	-2532.207	3.434
749.000	-2532.825	3.434
749.200	-2533.700	3.434
749.400	-2533.840	3.434
749.600	-2533.985	3.434
749.800	-2533.847	3.434
750.000	-2533.589	3.434
750.200	-2533.405	3.434
750.400	-2533.690	3.433
750.600	-2534.002	3.433
750.800	-2534.011	3.433
751.000	-2534.030	3.433
751.200	-2533.625	3.433
751.400	-2533.539	3.433
751.600	-2533.719	3.433
751.800	-2534.006	3.433
752.000	-2533.675	3.433
752.200	-2533.384	3.433
752.400	-2532.874	3.433
752.600	-2532.763	3.433
752.800	-2532.622	3.433
753.000	-2532.465	3.433
753.200	-2532.731	3.433
753.400	-2532.375	3.433
753.600	-2532.297	3.433
753.800	-2532.128	3.433
754.000	-2532.090	3.433
754.200	-2532.066	3.433
754.400	-2531.894	3.433
754.600	-2532.165	3.433
754.800	-2532.522	3.432
755.000	-2532.535	3.432
755.200	-2532.462	3.432
755.400	-2532.485	3.432
755.600	-2532.179	3.432
755.800	-2532.004	3.432
756.000	-2532.532	3.432
756.200	-2532.736	3.432
756.400	-2532.497	3.432
756.600	-2533.128	3.432
756.800	-2532.794	3.432
757.000	-2533.042	3.432
757.200	-2533.430	3.432
757.400	-2533.187	3.432
757.600	-2533.322	3.432
757.800	-2533.758	3.431
758.000	-2533.461	3.431
758.200	-2533.253	3.431
758.400	-2532.984	3.431
758.600	-2532.787	3.431
758.800	-2532.655	3.431
759.000	-2532.820	3.431
759.200	-2532.920	3.431
759.400	-2532.856	3.431
759.600	-2532.483	3.431
759.800	-2532.212	3.431
760.000	-2531.949	3.431
760.200	-2531.387	3.431
760.400	-2531.353	3.431
760.600	-2531.006	3.431
760.800	-2531.420	3.431
761.000	-2531.614	3.431
761.200	-2531.261	3.431
761.400	-2531.173	3.431
761.600	-2531.207	3.431
761.800	-2530.989	3.431
762.000	-2531.472	3.431
762.200	-2531.750	3.431
762.400	-2531.746	3.431
762.600	-2532.193	3.430
762.800	-2532.126	3.430
763.000	-2532.148	3.430
763.200	-2532.417	3.430
763.400	-2532.313	3.430
763.600	-2532.221	3.430
763.800	-2532.614	3.430
764.000	-2532.493	3.430
764.200	-2532.166	3.430
764.400	-2531.941	3.430
764.600	-2532.030	3.430
764.800	-2531.891	3.430
765.000	-2531.898	3.430
765.200	-2531.739	3.430
765.400	-2531.551	3.430
765.600	-2531.664	3.430
765.800	-2531.526	3.430
766.000	-2531.527	3.430
766.200	-2531.648	3.430
766.400	-2531.574	3.430
766.600	-2531.708	3.429
766.800	-2531.864	3.429
767.000	-2532.083	3.429
767.200	-2532.486	3.429
767.400	-2532.548	3.429
767.600	-2532.422	3.429
767.800	-2532.362	3.429
768.000	-2532.461	3.429
768.200	-2532.677	3.429
768.400	-2533.175	3.429
768.600	-2532.975	3.429
768.800	-2532.645	3.429
769.000	-2532.072	3.429
769.200	-2532.048	3.429
769.400	-2532.446	3.429
769.600	-2532.431	3.429
769.800	-2532.168	3.429
770.000	-2532.107	3.429
770.200	-2532.062	3.429
770.400	-2532.009	3.428
770.600	-2531.746	3.428
770.800	-2531.569	3.428
771.000	-2531.441	3.428
771.200	-2531.835	3.428
771.400	-2532.234	3.428
771.600	-2532.228	3.428
771.800	-2532.620	3.428
772.000	-2532.712	3.428
772.200	-2532.911	3.428
772.400	-2533.324	3.428
772.600	-2533.404	3.428
772.800	-2533.050	3.428
773.000	-2533.496	3.428
773.200	-2533.674	3.428
773.400	-2533.517	3.428
773.600	-2533.669	3.428
773.800	-2533.455	3.427
774.000	-2533.155	3.427
774.200	-2532.884	3.427
774.400	-2532.666	3.427
774.600	-2532.323	3.427
774.800	-2532.104	3.427
775.000	-2531.690	3.427
775.200	-2531.603	3.427
775.400	-2531.892	3.427
775.600	-2532.540	3.427
775.800	-2532.768	3.427
776.000	-2532.753	3.427
776.200	-2533.300	3.427
776.400	-2533.151	3.427
776.600	-2533.111	3.427
776.800	-2532.887	3.427
777.000	-2532.966	3.427
777.200	-2532.734	3.427
777.400	-2532.718	3.427
777.600	-2532.899	3.427
777.800	-2532.570	3.427
778.000	-2532.226	3.426
778.200	-2532.466	3.426
778.400	-2531.990	3.426
778.600	-2532.120	3.426
778.800	-2531.964	3.426
779.000	-2532.000	3.426
779.200	-2531.847	3.426
779.400	-2531.654	3.426
779.600	-2532.531	3.426
779.800	-2532.570	3.426
780.000	-2532.282	3.426
780.200	-2532.688	3.426
780.400	-2532.816	3.426
780.600	-2532.515	3.426
780.800	-2532.022	3.426
781.000	-2531.723	3.426
781.200	-2532.179	3.426
781.400	-2532.529	3.426
781.600	-2532.417	3.426
781.800	-2532.156	3.426
782.000	-2532.184	3.425
782.200	-2532.153	3.425
782.400	-2532.231	3.425
782.600	-2531.780	3.425
782.800	-2531.448	3.425
783.000	-2531.431	3.425
783.200	-2531.570	3.425
783.400	-2531.802	3.425
783.600	-2531.937	3.425
783.800	-2532.449	3.425
784.000	-2532.261	3.425
784.200	-2532.585	3.425
784.400	-2532.451	3.425
784.600	-2532.508	3.425
784.800	-2532.414	3.425
785.000	-2532.020	3.425
785.200	-2531.587	3.425
785.400	-2531.783	3.425
785.600	-2532.284	3.425
785.800	-2532.385	3.425
786.000	-2532.438	3.424
786.200	-2532.357	3.424
786.400	-2532.307	3.424
786.600	-2532.080	3.424
786.800	-2532.104	3.424
787.000	-2531.791	3.424
787.200	-2531.522	3.424
787.400	-2531.081	3.424
787.600	-2531.259	3.424
787.800	-2531.516	3.424
788.000	-2531.911	3.424
788.200	-2531.770	3.424
788.400	-2531.669	3.424
788.600	-2532.038	3.424
788.800	-2531.749	3.424
789.000	-2531.314	3.424
789.200	-2530.954	3.424
789.400	-2531.339	3.424
789.600	-2531.964	3.424
789.800	-2532.076	3.424
790.000	-2532.032	3.423
790.200	-2531.866	3.423
790.400	-2531.407	3.423
790.600	-2531.812	3.423
790.800	-2531.983	3.423
791.000	-2532.130	3.423
791.200	-2531.859	3.423
791.400	-2531.917	3.423
791.600	-2531.872	3.423
791.800	-2531.624	3.423
792.000	-2532.120	3.423
792.200	-2532.814	3.423
792.400	-2532.498	3.423
792.600	-2532.199	3.423
792.800	-2532.157	3.423
793.000	-2531.863	3.423
793.200	-2532.010	3.423
793.400	-2532.191	3.423
793.600	-2532.421	3.423
793.800	-2532.316	3.422
794.000	-2532.148	3.422
794.200	-2532.162	3.422
794.400	-2532.068	3.422
794.600	-2532.074	3.422
794.800	-2531.919	3.422
795.000	-2532.199	3.422
795.200	-2532.061	3.422
795.400	-2531.626	3.422
795.600	-2531.594	3.422
795.800	-2531.441	3.422
796.000	-2532.002	3.422
796.200	-2531.526	3.422
796.400	-2531.375	3.422
796.600	-2531.711	3.422
796.800	-2531.832	3.422
797.000	-2532.011	3.422
797.200	-2532.302	3.422
797.400	-2532.255	3.422
797.600	-2532.324	3.421
797.800	-2532.082	3.421
798.000	-2532.191	3.421
798.200	-2531.974	3.421
798.400	-2531.907	3.421
798.600	-2531.900	3.421
798.800	-2531.768	3.421
799.000	-2531.544	3.421
799.200	-2531.418	3.421
799.400	-2531.874	3.421
799.600	-2532.729	3.421
799.800	-2533.234	3.421
800.000	-2532.766	3.421
800.200	-2532.591	3.421
800.400	-2532.774	3.421
800.600	-2533.077	3.421
800.800	-2532.572	3.421
801.000	-2532.131	3.421
801.200	-2531.865	3.421
801.400	-2531.433	3.421
801.600	-2531.480	3.421
801.800	-2531.453	3.421
802.000	-2531.476	3.421
802.200	-2531.456	3.420
802.400	-2531.489	3.420
802.600	-2531.354	3.420
802.800	-2531.596	3.420
803.000	-2531.304	3.420
803.200	-2531.632	3.420
803.400	-2531.869	3.420
803.600	-2531.823	3.420
803.800	-2531.904	3.420
804.000	-2531.936	3.420
804.200	-2532.109	3.420
804.400	-2531.862	3.420
804.600	-2531.793	3.420
804.800	-2531.468	3.420
805.000	-2531.178	3.420
805.200	-2531.045	3.420
805.400	-2530.773	3.420
805.600	-2530.523	3.420
805.800	-2530.292	3.420
806.000	-2530.387	3.420
806.200	-2530.974	3.420
806.400	-2531.474	3.419
806.600	-2531.642	3.419
806.800	-2531.431	3.419
807.000	-2531.047	3.419
807.200	-2530.784	3.419
807.400	-2531.294	3.419
807.600	-2531.452	3.419
807.800	-2531.286	3.419
808.000	-2531.386	3.419
808.200	-2531.183	3.419
808.400	-2531.128	3.419
808.600	-2531.015	3.419
808.800	-2530.599	3.419
809.000	-2530.705	3.419
809.200	-2531.119	3.419
809.400	-2531.211	3.419
809.600	-2531.486	3.419
809.800	-2531.390	3.419
810.000	-2531.164	3.419
810.200	-2531.360	3.418
810.400	-2531.290	3.418
810.600	-2531.967	3.418
810.800	-2532.063	3.418
811.000	-2532.211	3.418
811.200	-2532.337	3.418
811.400	-2532.492	3.418
811.600	-2532.348	3.418
811.800	-2531.690	3.418
812.000	-2531.423	3.418
812.200	-2531.488	3.418
812.400	-2531.430	3.418
812.600	-2531.621	3.418
812.800	-2531.659	3.418
813.000	-2531.271	3.418
813.200	-2530.897	3.418
813.400	-2530.838	3.418
813.600	-2530.816	3.418
813.800	-2530.910	3.418
814.000	-2531.195	3.418
814.200	-2530.768	3.418
814.400	-2530.871	3.418
814.600	-2531.050	3.418
814.800	-2531.725	3.417
815.000	-2532.344	3.417
815.200	-2532.120	3.417
815.400	-2532.376	3.417
815.600	-2532.113	3.417
815.800	-2531.796	3.417
816.000	-2532.042	3.417
816.200	-2532.039	3.417
816.400	-2531.696	3.417
816.600	-2531.041	3.417
816.800	-2530.829	3.417
817.000	-2530.710	3.417
817.200	-2530.465	3.417
817.400	-2530.267	3.417
817.600	-2530.600	3.417
817.800	-2530.517	3.417
818.000	-2530.835	3.417
818.200	-2530.859	3.417
818.400	-2531.026	3.417
818.600	-2531.475	3.417
818.800	-2531.343	3.417
819.000	-2531.012	3.416
819.200	-2530.757	3.416
819.400	-2530.377	3.416
819.600	-2530.243	3.416
819.800	-2530.214	3.416
820.000	-2530.280	3.416
820.200	-2530.465	3.416
820.400	-2530.764	3.416
820.600	-2531.163	3.416
820.800	-2530.944	3.416
821.000	-2530.745	3.416
821.200	-2530.714	3.416
821.400	-2531.039	3.416
821.600	-2531.053	3.416
821.800	-2530.915	3.416
822.000	-2531.051	3.416
822.200	-2530.925	3.416
822.400	-2531.237	3.416
822.600	-2531.243	3.416
822.800	-2530.990	3.416
823.000	-2530.701	3.416
823.200	-2530.680	3.415
823.400	-2530.858	3.415
823.600	-2530.905	3.415
823.800	-2530.941	3.415
824.000	-2530.425	3.415
824.200	-2530.606	3.415
824.400	-2531.215	3.415
824.600	-2531.847	3.415
824.800	-2531.708	3.415
825.000	-2531.479	3.415
825.200	-2531.332	3.415
825.400	-2531.545	3.415
825.600	-2531.873	3.415
825.800	-2532.258	3.415
826.000	-2532.361	3.415
826.200	-2532.383	3.415
826.400	-2532.603	3.414
826.600	-2532.430	3.414
826.800	-2532.186	3.414
827.000	-2531.910	3.414
827.200	-2531.673	3.414
827.400	-2531.561	3.414
827.600	-2531.077	3.414
827.800	-2530.722	3.414
828.000	-2530.421	3.414
828.200	-2530.640	3.414
828.400	-2530.723	3.414
828.600	-2530.436	3.414
828.800	-2530.493	3.414
829.000	-2530.843	3.414
829.200	-2531.269	3.414
829.400	-2531.153	3.414
829.600	-2531.317	3.414
829.800	-2531.169	3.414
830.000	-2531.312	3.414
830.200	-2531.647	3.414
830.400	-2531.656	3.414
830.600	-2531.756	3.414
830.800	-2531.794	3.413
831.000	-2531.444	3.413
831.200	-2531.267	3.413
831.400	-2530.865	3.413
831.600	-2530.538	3.413
831.800	-2530.851	3.413
832.000	-2530.687	3.413
832.200	-2530.442	3.413
832.400	-2530.324	3.413
832.600	-2530.589	3.413
832.800	-2530.793	3.413
833.000	-2530.883	3.413
833.200	-2531.193	3.413
833.400	-2531.150	3.413
833.600	-2531.356	3.413
833.800	-2531.013	3.413
834.000	-2530.651	3.413
834.200	-2530.233	3.413
834.400	-2530.646	3.413
834.600	-2530.401	3.413
834.800	-2530.061	3.413
835.000	-2530.020	3.413
835.200	-2530.049	3.413
835.400	-2530.304	3.413
835.600	-2530.940	3.412
835.800	-2531.338	3.412
836.000	-2531.015	3.412
836.200	-2531.240	3.412
836.400	-2531.514	3.412
836.600	-2531.560	3.412
836.800	-2531.133	3.412
837.000	-2530.562	3.412
837.200	-2530.629	3.412
837.400	-2530.945	3.412
837.600	-2531.528	3.412
837.800	-2531.346	3.412
838.000	-2531.224	3.412
838.200	-2531.186	3.412
838.400	-2531.348	3.412
838.600	-2531.838	3.412
838.800	-2532.035	3.412
839.000	-2532.058	3.412
839.200	-2531.552	3.412
839.400	-2531.099	3.412
839.600	-2531.281	3.411
839.800	-2531.166	3.411
840.000	-2531.255	3.411
840.200	-2531.177	3.411
840.400	-2531.039	3.411
840.600	-2531.499	3.411
840.800	-2531.298	3.411
841.000	-2531.286	3.411
841.200	-2531.404	3.411
841.400	-2531.250	3.411
841.600	-2531.798	3.411
841.800	-2531.528	3.411
842.000	-2530.966	3.411
842.200	-2530.960	3.411
842.400	-2531.179	3.411
842.600	-2530.838	3.411
842.800	-2530.867	3.411
843.000	-2531.150	3.411
843.200	-2531.387	3.411
843.400	-2531.211	3.411
843.600	-2531.336	3.410
843.800	-2531.199	3.410
844.000	-2531.151	3.410
844.200	-2530.777	3.410
844.400	-2530.589	3.410
844.600	-2530.758	3.410
844.800	-2530.650	3.410
845.000	-2530.728	3.410
845.200	-2530.514	3.410
845.400	-2530.320	3.410
845.600	-2530.189	3.410
845.800	-2530.396	3.410
846.000	-2530.199	3.410
846.200	-2530.223	3.410
846.400	-2530.380	3.410
846.600	-2530.258	3.410
846.800	-2530.368	3.410
847.000	-2530.058	3.410
847.200	-2530.179	3.410
847.400	-2530.100	3.410
847.600	-2530.427	3.410
847.800	-2530.765	3.409
848.000	-2530.526	3.409
848.200	-2530.897	3.409
848.400	-2530.798	3.409
848.600	-2530.525	3.409
848.800	-2530.476	3.409
849.000	-2530.970	3.409
849.200	-2531.431	3.409
849.400	-2531.492	3.409
849.600	-2531.440	3.409
849.800	-2531.659	3.409
850.000	-2532.006	3.409
850.200	-2531.922	3.409
850.400	-2531.440	3.409
850.600	-2531.124	3.409
850.800	-2531.100	3.409
851.000	-2531.093	3.409
851.200	-2530.751	3.409
851.400	-2530.601	3.409
851.600	-2530.145	3.409
851.800	-2529.847	3.409
852.000	-2529.977	3.409
852.200	-2530.320	3.409
852.400	-2530.397	3.409
852.600	-2530.725	3.408
852.800	-2530.703	3.408
853.000	-2530.885	3.408
853.200	-2530.880	3.408
853.400	-2530.668	3.408
853.600	-2530.968	3.408
853.800	-2531.320	3.408
854.000	-2531.651	3.408
854.200	-2531.280	3.408
854.400	-2531.368	3.408
854.600	-2531.912	3.408
854.800	-2531.738	3.408
855.000	-2531.688	3.408
855.200	-2531.231	3.408
855.400	-2530.902	3.408
855.600	-2531.085	3.408
855.800	-2531.131	3.408
856.000	-2531.039	3.408
856.200	-2530.989	3.407
856.400	-2531.168	3.407
856.600	-2531.862	3.407
856.800	-2531.904	3.407
857.000	-2531.973	3.407
857.200	-2531.795	3.407
857.400	-2531.345	3.407
857.600	-2531.109	3.407
857.800	-2530.798	3.407
858.000	-2530.722	3.407
858.200	-2530.919	3.407
858.400	-2531.059	3.407
858.600	-2530.966	3.407
858.800	-2531.264	3.407
859.000	-2531.402	3.407
859.200	-2531.961	3.407
859.400	-2532.219	3.407
859.600	-2532.055	3.407
859.800	-2532.032	3.407
860.000	-2531.478	3.407
860.200	-2530.750	3.407
860.400	-2530.841	3.406
860.600	-2530.724	3.406
860.800	-2530.809	3.406
861.000	-2531.389	3.406
861.200	-2531.295	3.406
861.400	-2531.726	3.406
861.600	-2531.436	3.406
861.800	-2531.191	3.406
862.000	-2531.144	3.406
862.200	-2531.249	3.406
862.400	-2531.127	3.406
862.600	-2530.786	3.406
862.800	-2530.786	3.406
863.000	-2530.484	3.406
863.200	-2530.461	3.406
863.400	-2530.114	3.406
863.600	-2529.980	3.406
863.800	-2530.028	3.406
864.000	-2529.838	3.406
864.200	-2529.824	3.406
864.400	-2530.154	3.406
864.600	-2530.461	3.406
864.800	-2531.148	3.405
865.000	-2531.628	3.405
865.200	-2531.215	3.405
865.400	-2531.684	3.405
865.600	-2531.557	3.405
865.800	-2531.567	3.405
866.000	-2531.346	3.405
866.200	-2531.072	3.405
866.400	-2531.239	3.405
866.600	-2531.563	3.405
866.800	-2531.481	3.405
867.000	-2531.314	3.405
867.200	-2530.876	3.405
867.400	-2530.920	3.405
867.600	-2531.454	3.405
867.800	-2531.477	3.405
868.000	-2531.883	3.405
868.200	-2531.770	3.405
868.400	-2531.562	3.405
868.600	-2531.173	3.405
868.800	-2531.104	3.405
869.000	-2530.954	3.405
869.200	-2531.278	3.404
869.400	-2531.305	3.404
869.600	-2530.923	3.404
869.800	-2531.307	3.404
870.000	-2531.776	3.404
870.200	-2532.129	3.404
870.400	-2532.469	3.404
870.600	-2532.080	3.404
870.800	-2532.036	3.404
871.000	-2531.948	3.404
871.200	-2531.739	3.404
871.400	-2531.576	3.404
871.600	-2531.214	3.404
871.800	-2531.656	3.404
872.000	-2531.097	3.404
872.200	-2530.784	3.404
872.400	-2530.718	3.404
872.600	-2531.185	3.404
872.800	-2531.160	3.404
873.000	-2531.039	3.404
873.200	-2530.794	3.404
873.400	-2530.713	3.403
873.600	-2530.627	3.403
873.800	-2530.998	3.403
874.000	-2531.262	3.403
874.200	-2531.031	3.403
874.400	-2530.974	3.403
874.600	-2531.393	3.403
874.800	-2531.538	3.403
875.000	-2531.282	3.403
875.200	-2530.795	3.403
875.400	-2530.581	3.403
875.600	-2530.470	3.403
875.800	-2530.331	3.403
876.000	-2530.537	3.403
876.200	-2531.076	3.403
876.400	-2531.225	3.403
876.600	-2531.108	3.403
876.800	-2531.195	3.403
877.000	-2530.856	3.403
877.200	-2530.937	3.403
877.400	-2530.537	3.403
877.600	-2530.669	3.403
877.800	-2530.566	3.403
878.000	-2530.688	3.402
878.200	-2530.470	3.402
878.400	-2530.696	3.402
878.600	-2530.711	3.402
878.800	-2530.796	3.402
879.000	-2530.377	3.402
879.200	-2530.255	3.402
879.400	-2530.635	3.402
879.600	-2530.633	3.402
879.800	-2530.102	3.402
880.000	-2530.299	3.402
880.200	-2530.572	3.402
880.400	-2530.526	3.402
880.600	-2530.357	3.402
880.800	-2530.464	3.402
881.000	-2531.051	3.402
881.200	-2530.892	3.402
881.400	-2531.078	3.402
881.600	-2531.042	3.402
881.800	-2530.722	3.402
882.000	-2530.834	3.401
882.200	-2530.635	3.401
882.400	-2530.610	3.401
882.600	-2530.829	3.401
882.800	-2531.383	3.401
883.000	-2531.243	3.401
883.200	-2530.956	3.401
883.400	-2531.153	3.401
883.600	-2531.217	3.401
883.800	-2531.298	3.401
884.000	-2530.868	3.401
884.200	-2530.628	3.401
884.400	-2530.766	3.401
884.600	-2531.282	3.401
884.800	-2531.315	3.401
885.000	-2530.954	3.401
885.200	-2530.926	3.401
885.400	-2531.085	3.401
885.600	-2530.898	3.401
885.800	-2530.932	3.401
886.000	-2530.509	3.401
886.200	-2530.405	3.401
886.400	-2530.414	3.400
886.600	-2530.258	3.400
886.800	-2530.233	3.400
887.000	-2530.014	3.400
887.200	-2530.483	3.400
887.400	-2530.470	3.400
887.600	-2530.595	3.400
887.800	-2530.246	3.400
888.000	-2530.719	3.400
888.200	-2531.113	3.400
888.400	-2531.101	3.400
888.600	-2530.964	3.400
888.800	-2530.885	3.400
889.000	-2530.594	3.400
889.200	-2530.486	3.400
889.400	-2530.348	3.400
889.600	-2530.260	3.400
889.800	-2530.414	3.400
890.000	-2530.194	3.400
890.200	-2530.349	3.400
890.400	-2530.341	3.400
890.600	-2530.369	3.400
890.800	-2529.992	3.400
891.000	-2529.956	3.400
891.200	-2530.299	3.399
891.400	-2530.093	3.399
891.600	-2530.499	3.399
891.800	-2530.781	3.399
892.000	-2530.656	3.399
892.200	-2530.794	3.399
892.400	-2530.892	3.399
892.600	-2530.575	3.399
892.800	-2531.032	3.399
893.000	-2531.347	3.399
893.200	-2531.121	3.399
893.400	-2531.196	3.399
893.600	-2530.918	3.399
893.800	-2530.374	3.399
894.000	-2530.579	3.399
894.200	-2530.899	3.399
894.400	-2530.836	3.399
894.600	-2530.347	3.399
894.800	-2530.360	3.399
895.000	-2530.050	3.399
895.200	-2530.354	3.399
895.400	-2530.316	3.398
895.600	-2530.804	3.398
895.800	-2531.053	3.398
896.000	-2531.021	3.398
896.200	-2531.268	3.398
896.400	-2531.275	3.398
896.600	-2531.041	3.398
896.800	-2530.673	3.398
897.000	-2530.375	3.398
897.200	-2530.379	3.398
897.400	-2530.169	3.398
897.600	-2530.293	3.398
897.800	-2529.947	3.398
898.000	-2530.006	3.398
898.200	-2530.357	3.398
898.400	-2530.252	3.398
898.600	-2530.283	3.398
898.800	-2530.526	3.398
899.000	-2530.544	3.398
899.200	-2531.280	3.398
899.400	-2531.516	3.397
899.600	-2531.180	3.397
899.800	-2531.122	3.397
900.000	-2531.212	3.397
900.200	-2531.097	3.397
900.400	-2531.019	3.397
900.600	-2531.601	3.397
900.800	-2531.334	3.397
901.000	-2530.923	3.397
901.200	-2531.296	3.397
901.400	-2531.547	3.397
901.600	-2531.548	3.397
901.800	-2531.696	3.397
902.000	-2531.324	3.397
902.200	-2531.306	3.397
902.400	-2531.648	3.397
902.600	-2531.588	3.397
902.800	-2531.067	3.397
903.000	-2530.906	3.397
903.200	-2530.796	3.397
903.400	-2530.620	3.397
903.600	-2530.361	3.397
903.800	-2530.236	3.397
904.000	-2530.119	3.397
904.200	-2529.843	3.397
904.400	-2529.805	3.396
904.600	-2530.562	3.396
904.800	-2530.843	3.396
905.000	-2531.037	3.396
905.200	-2530.880	3.396
905.400	-2531.089	3.396
905.600	-2531.121	3.396
905.800	-2531.042	3.396
906.000	-2531.021	3.396
906.200	-2530.444	3.396
906.400	-2530.247	3.396
906.600	-2530.065	3.396
906.800	-2529.903	3.396
907.000	-2529.984	3.396
907.200	-2529.929	3.396
907.400	-2530.108	3.396
907.600	-2530.450	3.396
907.800	-2530.262	3.396
908.000	-2530.131	3.396
908.200	-2529.929	3.396
908.400	-2530.313	3.396
908.600	-2530.050	3.395
908.800	-2529.940	3.395
909.000	-2530.437	3.395
909.200	-2530.495	3.395
909.400	-2530.453	3.395
909.600	-2530.151	3.395
909.800	-2529.992	3.395
910.000	-2529.865	3.395
910.200	-2529.785	3.395
910.400	-2530.309	3.395
910.600	-2530.057	3.395
910.800	-2529.862	3.395
911.000	-2529.719	3.395
911.200	-2529.700	3.395
911.400	-2529.447	3.395
911.600	-2529.891	3.395
911.800	-2530.105	3.395
912.000	-2529.999	3.395
912.200	-2530.253	3.395
912.400	-2530.354	3.395
912.600	-2530.714	3.395
912.800	-2531.275	3.394
913.000	-2531.068	3.394
913.200	-2530.822	3.394
913.400	-2530.640	3.394
913.600	-2530.541	3.394
913.800	-2530.193	3.394
914.000	-2530.947	3.394
914.200	-2531.266	3.394
914.400	-2531.052	3.394
914.600	-2530.801	3.394
914.800	-2531.353	3.394
915.000	-2531.354	3.394
915.200	-2531.159	3.394
915.400	-2530.536	3.394
915.600	-2530.361	3.394
915.800	-2530.622	3.394
916.000	-2531.184	3.394
916.200	-2530.702	3.394
916.400	-2531.015	3.394
916.600	-2531.178	3.394
916.800	-2531.153	3.394
917.000	-2530.694	3.394
917.200	-2530.816	3.394
917.400	-2530.573	3.394
917.600	-2530.736	3.393
917.800	-2530.630	3.393
918.000	-2530.242	3.393
918.200	-2529.944	3.393
918.400	-2530.323	3.393
918.600	-2530.062	3.393
918.800	-2529.969	3.393
919.000	-2530.123	3.393
919.200	-2530.131	3.393
919.400	-2530.255	3.393
919.600	-2530.547	3.393
919.800	-2530.784	3.393
920.000	-2530.631	3.393
920.200	-2530.731	3.393
920.400	-2530.461	3.393
920.600	-2530.786	3.393
920.800	-2530.962	3.393
921.000	-2530.425	3.393
921.200	-2530.396	3.393
921.400	-2530.938	3.393
921.600	-2531.308	3.393
921.800	-2531.192	3.393
922.000	-2530.781	3.393
922.200	-2530.482	3.393
922.400	-2529.985	3.393
922.600	-2529.410	3.393
922.800	-2529.785	3.392
923.000	-2530.280	3.392
923.200	-2530.831	3.392
923.400	-2530.828	3.392
923.600	-2530.806	3.392
923.800	-2531.015	3.392
924.000	-2531.120	3.392
924.200	-2530.939	3.392
924.400	-2531.161	3.392
924.600	-2531.005	3.392
924.800	-2531.144	3.392
925.000	-2531.235	3.392
925.200	-2530.965	3.392
925.400	-2530.460	3.392
925.600	-2530.301	3.392
925.800	-2529.920	3.392
926.000	-2530.462	3.392
926.200	-2530.677	3.392
926.400	-2530.842	3.392
926.600	-2530.538	3.392
926.800	-2530.550	3.391
927.000	-2530.613	3.391
927.200	-2530.300	3.391
927.400	-2530.103	3.391
927.600	-2530.071	3.391
927.800	-2529.900	3.391
928.000	-2529.702	3.391
928.200	-2529.793	3.391
928.400	-2529.732	3.391
928.600	-2529.452	3.391
928.800	-2529.123	3.391
929.000	-2529.721	3.391
929.200	-2529.685	3.391
929.400	-2529.253	3.391
929.600	-2529.205	3.391
929.800	-2529.297	3.391
930.000	-2529.890	3.391
930.200	-2529.812	3.391
930.400	-2529.401	3.391
930.600	-2529.359	3.391
930.800	-2529.777	3.391
931.000	-2529.626	3.391
931.200	-2529.260	3.391
931.400	-2529.047	3.391
931.600	-2529.682	3.391
931.800	-2530.020	3.390
932.000	-2529.540	3.391
932.200	-2529.424	3.390
932.400	-2529.247	3.390
932.600	-2529.036	3.390
932.800	-2529.196	3.390
933.000	-2529.052	3.390
933.200	-2529.182	3.390
933.400	-2529.206	3.390
933.600	-2529.329	3.390
933.800	-2529.295	3.390
934.000	-2529.623	3.390
934.200	-2529.590	3.390
934.400	-2530.128	3.390
934.600	-2530.442	3.390
934.800	-2530.136	3.390
935.000	-2530.408	3.390
935.200	-2530.057	3.390
935.400	-2529.941	3.390
935.600	-2529.708	3.390
935.800	-2529.432	3.390
936.000	-2529.299	3.390
936.200	-2529.275	3.390
936.400	-2529.189	3.390
936.600	-2529.273	3.389
936.800	-2529.043	3.389
937.000	-2529.149	3.389
937.200	-2528.875	3.389
937.400	-2529.129	3.389
937.600	-2528.735	3.389
937.800	-2528.743	3.389
938.000	-2528.749	3.389
938.200	-2528.729	3.389
938.400	-2528.642	3.389
938.600	-2528.705	3.389
938.800	-2529.066	3.389
939.000	-2529.264	3.389
939.200	-2529.334	3.389
939.400	-2529.232	3.389
939.600	-2529.237	3.389
939.800	-2529.011	3.389
940.000	-2529.484	3.389
940.200	-2529.593	3.389
940.400	-2529.204	3.389
940.600	-2529.495	3.389
940.800	-2530.115	3.388
941.000	-2530.267	3.388
941.200	-2530.089	3.388
941.400	-2529.867	3.388
941.600	-2529.651	3.388
941.800	-2529.304	3.388
942.000	-2529.163	3.388
942.200	-2529.486	3.388
942.400	-2529.619	3.388
942.600	-2529.672	3.388
942.800	-2529.567	3.388
943.000	-2529.159	3.388
943.200	-2529.264	3.388
943.400	-2529.040	3.388
943.600	-2529.099	3.388
943.800	-2529.056	3.388
944.000	-2529.219	3.388
944.200	-2529.300	3.388
944.400	-2528.956	3.388
944.600	-2528.480	3.388
944.800	-2528.157	3.388
945.000	-2528.121	3.388
945.200	-2528.104	3.388
945.400	-2528.050	3.388
945.600	-2528.722	3.388
945.800	-2529.123	3.388
946.000	-2529.112	3.388
946.200	-2529.091	3.388
946.400	-2529.086	3.387
946.600	-2529.047	3.387
946.800	-2528.973	3.387
947.000	-2528.823	3.387
947.200	-2529.063	3.387
947.400	-2529.070	3.387
947.600	-2529.183	3.387
947.800	-2528.922	3.387
948.000	-2528.757	3.387
948.200	-2529.233	3.387
948.400	-2530.201	3.387
948.600	-2530.305	3.387
948.800	-2529.967	3.387
949.000	-2530.095	3.387
949.200	-2530.841	3.387
949.400	-2531.526	3.387
949.600	-2531.083	3.387
949.800	-2530.573	3.387
950.000	-2530.219	3.387
950.200	-2529.739	3.387
950.400	-2529.375	3.387
950.600	-2529.165	3.386
950.800	-2529.903	3.386
951.000	-2530.093	3.386
951.200	-2530.536	3.386
951.400	-2530.504	3.386
951.600	-2530.599	3.386
951.800	-2530.616	3.386
952.000	-2531.085	3.386
952.200	-2530.993	3.386
952.400	-2530.662	3.386
952.600	-2530.579	3.386
952.800	-2530.320	3.386
953.000	-2530.820	3.386
953.200	-2530.684	3.386
953.400	-2530.626	3.386
953.600	-2530.340	3.386
953.800	-2530.464	3.386
954.000	-2530.896	3.386
954.200	-2530.693	3.386
954.400	-2529.947	3.386
954.600	-2529.893	3.386
954.800	-2529.864	3.385
955.000	-2529.754	3.385
955.200	-2529.522	3.385
955.400	-2529.956	3.385
955.600	-2530.354	3.385
955.800	-2530.404	3.385
956.000	-2530.384	3.385
956.200	-2530.273	3.385
956.400	-2530.271	3.385
956.600	-2530.344	3.385
956.800	-2529.902	3.385
957.000	-2529.645	3.385
957.200	-2529.331	3.385
957.400	-2529.184	3.385
957.600	-2529.325	3.385
957.800	-2528.977	3.385
958.000	-2529.099	3.385
958.200	-2529.425	3.385
958.400	-2529.688	3.385
958.600	-2530.277	3.385
958.800	-2529.935	3.385
959.000	-2529.737	3.385
959.200	-2529.843	3.385
959.400	-2530.257	3.384
959.600	-2529.895	3.385
959.800	-2529.706	3.384
960.000	-2530.000	3.384
960.200	-2529.999	3.384
960.400	-2529.929	3.384
960.600	-2529.855	3.384
960.800	-2529.410	3.384
961.000	-2529.285	3.384
961.200	-2529.369	3.384
961.400	-2529.124	3.384
961.600	-2529.126	3.384
961.800	-2529.626	3.384
962.000	-2529.848	3.384
962.200	-2529.747	3.384
962.400	-2529.436	3.384
962.600	-2529.545	3.384
962.800	-2529.316	3.384
963.000	-2528.863	3.384
963.200	-2528.566	3.384
963.400	-2528.426	3.384
963.600	-2528.328	3.384
963.800	-2528.559	3.384
964.000	-2528.396	3.384
964.200	-2528.278	3.384
964.400	-2528.232	3.384
964.600	-2528.535	3.384
964.800	-2528.623	3.384
965.000	-2528.814	3.383
965.200	-2528.413	3.383
965.400	-2528.485	3.383
965.600	-2528.453	3.383
965.800	-2528.772	3.383
966.000	-2528.657	3.383
966.200	-2528.648	3.383
966.400	-2528.579	3.383
966.600	-2528.605	3.383
966.800	-2529.032	3.383
967.000	-2528.913	3.383
967.200	-2528.995	3.383
967.400	-2529.334	3.383
967.600	-2529.641	3.383
967.800	-2529.948	3.383
968.000	-2529.589	3.383
968.200	-2529.732	3.383
968.400	-2529.291	3.383
968.600	-2528.776	3.383
968.800	-2528.634	3.383
969.000	-2528.598	3.383
969.200	-2528.970	3.383
969.400	-2529.782	3.382
969.600	-2529.466	3.382
969.800	-2529.347	3.382
970.000	-2529.221	3.382
970.200	-2529.491	3.382
970.400	-2529.754	3.382
970.600	-2529.701	3.382
970.800	-2530.206	3.382
971.000	-2530.513	3.382
971.200	-2530.055	3.382
971.400	-2529.644	3.382
971.600	-2529.752	3.382
971.800	-2529.415	3.382
972.000	-2528.903	3.382
972.200	-2528.845	3.382
972.400	-2529.388	3.382
972.600	-2529.636	3.382
972.800	-2530.007	3.382
973.000	-2530.086	3.382
973.200	-2529.546	3.382
973.400	-2529.408	3.382
973.600	-2529.383	3.382
973.800	-2529.382	3.382
974.000	-2529.452	3.382
974.200	-2529.451	3.381
974.400	-2529.412	3.381
974.600	-2529.480	3.381
974.800	-2529.714	3.381
975.000	-2529.771	3.381
975.200	-2529.921	3.381
975.400	-2529.295	3.381
975.600	-2529.070	3.381
975.800	-2529.406	3.381
976.000	-2530.028	3.381
976.200	-2529.951	3.381
976.400	-2530.102	3.381
976.600	-2530.165	3.381
976.800	-2530.297	3.381
977.000	-2529.971	3.381
977.200	-2530.207	3.381
977.400	-2530.395	3.381
977.600	-2530.489	3.381
977.800	-2530.423	3.381
978.000	-2530.582	3.381
978.200	-2530.429	3.381
978.400	-2529.765	3.381
978.600	-2530.031	3.381
978.800	-2530.155	3.381
979.000	-2530.463	3.380
979.200	-2530.526	3.380
979.400	-2530.551	3.380
979.600	-2530.360	3.380
979.800	-2530.144	3.380
980.000	-2530.267	3.380
980.200	-2530.158	3.380
980.400	-2529.952	3.380
980.600	-2530.376	3.380
980.800	-2530.407	3.380
981.000	-2530.147	3.380
981.200	-2529.768	3.380
981.400	-2529.625	3.380
981.600	-2529.647	3.380
981.800	-2529.476	3.380
982.000	-2529.493	3.380
982.200	-2529.749	3.380
982.400	-2530.073	3.380
982.600	-2529.911	3.380
982.800	-2529.549	3.380
983.000	-2529.374	3.380
983.200	-2529.672	3.380
983.400	-2529.623	3.380
983.600	-2529.490	3.380
983.800	-2529.487	3.380
984.000	-2529.091	3.380
984.200	-2529.449	3.379
984.400	-2529.671	3.379
984.600	-2529.438	3.379
984.800	-2529.080	3.379
985.000	-2529.318	3.379
985.200	-2529.483	3.379
985.400	-2529.446	3.379
985.600	-2529.173	3.379
985.800	-2529.108	3.379
986.000	-2529.587	3.379
986.200	-2529.593	3.379
986.400	-2529.253	3.379
986.600	-2528.851	3.379
986.800	-2528.803	3.379
987.000	-2528.863	3.379
987.200	-2528.760	3.379
987.400	-2529.502	3.379
987.600	-2529.844	3.379
987.800	-2529.741	3.379
988.000	-2529.534	3.379
988.200	-2529.079	3.379
988.400	-2528.873	3.379
988.600	-2528.998	3.379
988.800	-2528.889	3.379
989.000	-2528.761	3.379
989.200	-2528.472	3.379
989.400	-2528.196	3.379
989.600	-2527.956	3.379
989.800	-2527.981	3.378
990.000	-2528.094	3.378
990.200	-2528.170	3.378
990.400	-2528.074	3.378
990.600	-2528.366	3.378
990.800	-2528.271	3.378
991.000	-2527.989	3.378
991.200	-2527.486	3.378
991.400	-2528.113	3.378
991.600	-2528.713	3.378
991.800	-2528.646	3.378
992.000	-2528.644	3.378
992.200	-2528.576	3.378
992.400	-2528.511	3.378
992.600	-2528.545	3.378
992.800	-2528.400	3.378
993.000	-2528.636	3.378
993.200	-2528.567	3.378
993.400	-2528.734	3.378
993.600	-2529.088	3.378
993.800	-2529.365	3.378
994.000	-2529.436	3.377
994.200	-2529.145	3.377
994.400	-2529.057	3.377
994.600	-2528.761	3.377
994.800	-2528.257	3.377
995.000	-2528.403	3.377
995.200	-2528.561	3.377
995.400	-2528.780	3.377
995.600	-2529.041	3.377
995.800	-2529.255	3.377
996.000	-2529.371	3.377
996.200	-2529.815	3.377
996.400	-2529.415	3.377
996.600	-2528.884	3.377
996.800	-2528.798	3.377
997.000	-2528.890	3.377
997.200	-2528.960	3.377
997.400	-2528.818	3.377
997.600	-2528.971	3.377
997.800	-2528.947	3.377
998.000	-2528.841	3.377
998.200	-2529.589	3.377
998.400	-2529.392	3.377
998.600	-2529.249	3.376
998.800	-2529.087	3.376
999.000	-2528.697	3.376
999.200	-2528.892	3.376
999.400	-2529.048	3.376
999.600	-2529.356	3.376
999.800	-2529.289	3.376
1000.000	-2529.455	3.376
1000.200	-2529.405	3.376
1000.400	-2529.057	3.376
1000.600	-2528.770	3.376
1000.800	-2528.555	3.376
1001.000	-2528.366	3.376
1001.200	-2528.315	3.376
1001.400	-2528.369	3.376
1001.600	-2528.503	3.376
1001.800	-2528.602	3.376
1002.000	-2528.482	3.376
1002.200	-2528.832	3.376
1002.400	-2529.331	3.376
1002.600	-2529.196	3.376
1002.800	-2529.334	3.376
1003.000	-2529.382	3.376
1003.200	-2528.984	3.376
1003.400	-2528.837	3.376
1003.600	-2528.626	3.376
1003.800	-2528.261	3.376
1004.000	-2527.871	3.376
1004.200	-2527.815	3.376
1004.400	-2527.820	3.376
1004.600	-2527.799	3.376
1004.800	-2527.850	3.375
1005.000	-2528.065	3.375
1005.200	-2527.896	3.375
1005.400	-2527.885	3.375
1005.600	-2528.197	3.375
1005.800	-2528.664	3.375
1006.000	-2528.883	3.375
1006.200	-2528.881	3.375
1006.400	-2529.386	3.375
1006.600	-2529.796	3.375
1006.800	-2529.639	3.375
1007.000	-2529.323	3.375
1007.200	-2529.243	3.375
1007.400	-2529.130	3.375
1007.600	-2529.168	3.375
1007.800	-2529.070	3.375
1008.000	-2529.634	3.375
1008.200	-2529.610	3.375
1008.400	-2529.519	3.375
1008.600	-2529.531	3.375
1008.800	-2529.461	3.374
1009.000	-2529.223	3.374
1009.200	-2529.031	3.374
1009.400	-2528.747	3.374
1009.600	-2528.894	3.374
1009.800	-2528.832	3.374
1010.000	-2529.264	3.374
1010.200	-2528.977	3.374
1010.400	-2529.353	3.374
1010.600	-2528.921	3.374
1010.800	-2528.622	3.374
1011.000	-2529.204	3.374
1011.200	-2529.756	3.374
1011.400	-2529.639	3.374
1011.600	-2529.873	3.374
1011.800	-2529.871	3.374
1012.000	-2529.884	3.374
1012.200	-2530.274	3.374
1012.400	-2530.562	3.374
1012.600	-2530.560	3.374
1012.800	-2530.442	3.374
1013.000	-2529.928	3.374
1013.200	-2530.108	3.374
1013.400	-2529.954	3.373
1013.600	-2529.635	3.373
1013.800	-2529.473	3.373
1014.000	-2529.690	3.373
1014.200	-2529.796	3.373
1014.400	-2530.269	3.373
1014.600	-2530.377	3.373
1014.800	-2530.614	3.373
1015.000	-2530.078	3.373
1015.200	-2529.848	3.373
1015.400	-2529.428	3.373
1015.600	-2529.800	3.373
1015.800	-2530.386	3.373
1016.000	-2530.088	3.373
1016.200	-2529.590	3.373
1016.400	-2528.823	3.373
1016.600	-2528.630	3.373
1016.800	-2528.594	3.373
1017.000	-2528.430	3.373
1017.200	-2528.461	3.373
1017.400	-2528.390	3.373
1017.600	-2528.723	3.373
1017.800	-2528.945	3.373
1018.000	-2528.915	3.373
1018.200	-2528.518	3.373
1018.400	-2528.360	3.373
1018.600	-2528.677	3.373
1018.800	-2528.720	3.373
1019.000	-2529.337	3.372
1019.200	-2529.123	3.372
1019.400	-2529.282	3.372
1019.600	-2529.675	3.372
1019.800	-2529.943	3.372
1020.000	-2530.248	3.372
1020.200	-2530.064	3.372
1020.400	-2529.629	3.372
1020.600	-2529.825	3.372
1020.800	-2530.133	3.372
1021.000	-2529.756	3.372
1021.200	-2529.939	3.372
1021.400	-2529.458	3.372
1021.600	-2528.968	3.372
1021.800	-2528.975	3.372
1022.000	-2528.601	3.372
1022.200	-2528.218	3.372
1022.400	-2528.433	3.372
1022.600	-2528.949	3.372
1022.800	-2528.917	3.372
1023.000	-2528.705	3.372
1023.200	-2528.315	3.372
1023.400	-2528.589	3.372
1023.600	-2528.194	3.372
1023.800	-2528.022	3.372
1024.000	-2528.091	3.372
1024.200	-2528.154	3.372
1024.400	-2529.090	3.371
1024.600	-2528.832	3.371
1024.800	-2528.853	3.371
1025.000	-2528.665	3.371
1025.200	-2528.460	3.371
1025.400	-2528.582	3.371
1025.600	-2528.550	3.371
1025.800	-2528.627	3.371
1026.000	-2528.642	3.371
1026.200	-2528.544	3.371
1026.400	-2529.090	3.371
1026.600	-2529.192	3.371
1026.800	-2529.520	3.371
1027.000	-2529.382	3.371
1027.200	-2529.159	3.371
1027.400	-2528.733	3.371
1027.600	-2528.467	3.371
1027.800	-2528.248	3.371
1028.000	-2528.390	3.371
1028.200	-2528.921	3.371
1028.400	-2529.255	3.371
1028.600	-2529.044	3.371
1028.800	-2528.893	3.370
1029.000	-2528.497	3.370
1029.200	-2528.247	3.370
1029.400	-2527.975	3.370
1029.600	-2528.089	3.370
1029.800	-2528.271	3.370
1030.000	-2528.377	3.370
1030.200	-2528.534	3.370
1030.400	-2528.636	3.370
1030.600	-2528.226	3.370
1030.800	-2528.056	3.370
1031.000	-2528.154	3.370
1031.200	-2528.053	3.370
1031.400	-2528.098	3.370
1031.600	-2528.314	3.370
1031.800	-2528.998	3.370
1032.000	-2528.997	3.370
1032.200	-2528.601	3.370
1032.400	-2528.308	3.370
1032.600	-2528.625	3.370
1032.800	-2529.450	3.370
1033.000	-2529.528	3.370
1033.200	-2530.024	3.370
1033.400	-2529.946	3.369
1033.600	-2529.455	3.370
1033.800	-2529.206	3.370
1034.000	-2528.992	3.370
1034.200	-2528.683	3.369
1034.400	-2528.418	3.369
1034.600	-2528.505	3.369
1034.800	-2528.484	3.369
1035.000	-2528.401	3.369
1035.200	-2528.633	3.369
1035.400	-2528.909	3.369
1035.600	-2529.290	3.369
1035.800	-2528.951	3.369
1036.000	-2528.851	3.369
1036.200	-2529.078	3.369
1036.400	-2529.032	3.369
1036.600	-2528.844	3.369
1036.800	-2528.763	3.369
1037.000	-2528.849	3.369
1037.200	-2529.081	3.369
1037.400	-2528.969	3.369
1037.600	-2528.984	3.369
1037.800	-2529.316	3.369
1038.000	-2529.065	3.369
1038.200	-2528.782	3.369
1038.400	-2529.433	3.369
1038.600	-2529.418	3.369
1038.800	-2529.290	3.369
1039.000	-2529.460	3.369
1039.200	-2530.001	3.368
1039.400	-2529.677	3.368
1039.600	-2529.649	3.368
1039.800	-2529.168	3.368
1040.000	-2529.020	3.368
1040.200	-2529.354	3.368
1040.400	-2529.634	3.368
1040.600	-2529.900	3.368
1040.800	-2529.824	3.368
1041.000	-2530.244	3.368
1041.200	-2530.120	3.368
1041.400	-2529.662	3.368
1041.600	-2529.575	3.368
1041.800	-2529.265	3.368
1042.000	-2528.807	3.368
1042.200	-2528.783	3.368
1042.400	-2528.324	3.368
1042.600	-2528.549	3.368
1042.800	-2528.591	3.368
1043.000	-2528.482	3.368
1043.200	-2528.532	3.368
1043.400	-2528.432	3.368
1043.600	-2528.517	3.368
1043.800	-2528.190	3.368
1044.000	-2528.116	3.368
1044.200	-2528.283	3.368
1044.400	-2528.710	3.368
1044.600	-2529.424	3.367
1044.800	-2529.598	3.367
1045.000	-2529.426	3.367
1045.200	-2529.842	3.367
1045.400	-2529.705	3.367
1045.600	-2529.575	3.367
1045.800	-2529.913	3.367
1046.000	-2529.313	3.367
1046.200	-2528.885	3.367
1046.400	-2528.593	3.367
1046.600	-2528.402	3.367
1046.800	-2528.722	3.367
1047.000	-2528.882	3.367
1047.200	-2528.761	3.367
1047.400	-2528.686	3.367
1047.600	-2528.930	3.367
1047.800	-2528.738	3.367
1048.000	-2528.550	3.367
1048.200	-2528.438	3.367
1048.400	-2528.391	3.367
1048.600	-2527.898	3.367
1048.800	-2528.233	3.367
1049.000	-2528.311	3.367
1049.200	-2528.560	3.367
1049.400	-2528.594	3.367
1049.600	-2528.621	3.367
1049.800	-2528.373	3.367
1050.000	-2528.169	3.367
1050.200	-2528.149	3.367
1050.400	-2528.063	3.366
1050.600	-2527.930	3.366
1050.800	-2527.910	3.366
1051.000	-2528.320	3.366
1051.200	-2528.549	3.366
1051.400	-2528.607	3.366
1051.600	-2528.776	3.366
1051.800	-2529.014	3.366
1052.000	-2529.078	3.366
1052.200	-2528.907	3.366
1052.400	-2529.219	3.366
1052.600	-2529.116	3.366
1052.800	-2528.919	3.366
1053.000	-2528.907	3.366
1053.200	-2528.982	3.366
1053.400	-2528.926	3.366
1053.600	-2528.690	3.366
1053.800	-2528.509	3.366
1054.000	-2528.584	3.366
1054.200	-2528.675	3.366
1054.400	-2528.502	3.366
1054.600	-2528.798	3.366
1054.800	-2528.640	3.366
1055.000	-2528.673	3.366
1055.200	-2528.622	3.366
1055.400	-2528.521	3.366
1055.600	-2528.079	3.366
1055.800	-2527.611	3.366
1056.000	-2527.579	3.365
1056.200	-2528.057	3.365
1056.400	-2528.197	3.365
1056.600	-2528.238	3.365
1056.800	-2528.070	3.365
1057.000	-2527.754	3.365
1057.200	-2528.053	3.365
1057.400	-2527.765	3.365
1057.600	-2527.360	3.365
1057.800	-2526.981	3.365
1058.000	-2527.183	3.365
1058.200	-2527.693	3.365
1058.400	-2527.834	3.365
1058.600	-2528.110	3.365
1058.800	-2528.182	3.365
1059.000	-2527.969	3.365
1059.200	-2527.582	3.365
1059.400	-2528.218	3.365
1059.600	-2529.196	3.365
1059.800	-2528.895	3.365
1060.000	-2528.521	3.365
1060.200	-2528.532	3.364
1060.400	-2528.731	3.364
1060.600	-2528.547	3.364
1060.800	-2528.512	3.364
1061.000	-2528.640	3.364
1061.200	-2528.359	3.364
1061.400	-2528.762	3.364
1061.600	-2529.028	3.364
1061.800	-2528.951	3.364
1062.000	-2529.095	3.364
1062.200	-2528.947	3.364
1062.400	-2528.876	3.364
1062.600	-2529.064	3.364
1062.800	-2529.020	3.364
1063.000	-2528.970	3.364
1063.200	-2529.189	3.364
1063.400	-2529.447	3.364
1063.600	-2529.095	3.364
1063.800	-2529.358	3.364
1064.000	-2529.529	3.364
1064.200	-2529.473	3.364
1064.400	-2529.084	3.364
1064.600	-2528.459	3.364
1064.800	-2528.197	3.364
1065.000	-2528.314	3.364
1065.200	-2528.094	3.364
1065.400	-2528.160	3.364
1065.600	-2528.008	3.364
1065.800	-2528.246	3.364
1066.000	-2528.579	3.363
1066.200	-2528.110	3.363
1066.400	-2528.346	3.363
1066.600	-2528.651	3.363
1066.800	-2528.308	3.363
1067.000	-2528.406	3.363
1067.200	-2528.240	3.363
1067.400	-2528.025	3.363
1067.600	-2528.062	3.363
1067.800	-2528.051	3.363
1068.000	-2527.729	3.363
1068.200	-2528.001	3.363
1068.400	-2528.303	3.363
1068.600	-2528.164	3.363
1068.800	-2527.845	3.363
1069.000	-2527.796	3.363
1069.200	-2527.714	3.363
1069.400	-2527.285	3.363
1069.600	-2527.381	3.363
1069.800	-2527.602	3.363
1070.000	-2527.599	3.363
1070.200	-2527.851	3.363
1070.400	-2527.845	3.363
1070.600	-2528.090	3.363
1070.800	-2528.198	3.363
1071.000	-2528.196	3.363
1071.200	-2528.262	3.363
1071.400	-2528.517	3.362
1071.600	-2528.838	3.362
1071.800	-2528.718	3.362
1072.000	-2528.671	3.362
1072.200	-2529.142	3.362
1072.400	-2529.309	3.362
1072.600	-2529.122	3.362
1072.800	-2528.979	3.362
1073.000	-2529.157	3.362
1073.200	-2529.206	3.362
1073.400	-2529.256	3.362
1073.600	-2528.856	3.362
1073.800	-2528.409	3.362
1074.000	-2528.385	3.362
1074.200	-2528.649	3.362
1074.400	-2528.595	3.362
1074.600	-2528.088	3.362
1074.800	-2527.691	3.362
1075.000	-2527.156	3.362
1075.200	-2527.380	3.362
1075.400	-2527.881	3.362
1075.600	-2527.699	3.362
1075.800	-2528.588	3.362
1076.000	-2528.494	3.362
1076.200	-2528.388	3.362
1076.400	-2528.223	3.361
1076.600	-2528.470	3.361
1076.800	-2528.378	3.361
1077.000	-2528.683	3.361
1077.200	-2528.833	3.361
1077.400	-2528.567	3.361
1077.600	-2528.641	3.361
1077.800	-2528.498	3.361
1078.000	-2528.189	3.361
1078.200	-2528.195	3.361
1078.400	-2527.812	3.361
1078.600	-2527.504	3.361
1078.800	-2527.753	3.361
1079.000	-2527.516	3.361
1079.200	-2527.047	3.361
1079.400	-2527.094	3.361
1079.600	-2527.498	3.361
1079.800	-2527.945	3.361
1080.000	-2527.830	3.361
1080.200	-2527.901	3.361
1080.400	-2527.338	3.361
1080.600	-2527.081	3.361
1080.800	-2527.566	3.361
1081.000	-2527.453	3.361
1081.200	-2527.482	3.361
1081.400	-2528.363	3.361
1081.600	-2528.285	3.361
1081.800	-2527.988	3.361
1082.000	-2528.139	3.360
1082.200	-2527.919	3.360
1082.400	-2528.338	3.360
1082.600	-2528.538	3.360
1082.800	-2528.108	3.360
1083.000	-2528.134	3.360
1083.200	-2527.752	3.360
1083.400	-2527.324	3.360
1083.600	-2527.537	3.360
1083.800	-2527.780	3.360
1084.000	-2527.525	3.360
1084.200	-2527.589	3.360
1084.400	-2527.864	3.360
1084.600	-2527.742	3.360
1084.800	-2528.120	3.360
1085.000	-2527.974	3.360
1085.200	-2528.138	3.360
1085.400	-2527.994	3.360
1085.600	-2527.703	3.360
1085.800	-2527.408	3.360
1086.000	-2527.513	3.360
1086.200	-2527.287	3.360
1086.400	-2527.359	3.360
1086.600	-2527.779	3.360
1086.800	-2527.662	3.360
1087.000	-2527.584	3.360
1087.200	-2527.508	3.360
1087.400	-2527.783	3.360
1087.600	-2528.075	3.359
1087.800	-2527.735	3.359
1088.000	-2527.655	3.359
1088.200	-2527.877	3.359
1088.400	-2528.108	3.359
1088.600	-2527.703	3.359
1088.800	-2528.061	3.359
1089.000	-2528.093	3.359
1089.200	-2527.937	3.359
1089.400	-2527.969	3.359
1089.600	-2528.302	3.359
1089.800	-2528.528	3.359
1090.000	-2528.377	3.359
1090.200	-2528.631	3.359
1090.400	-2528.543	3.359
1090.600	-2528.083	3.359
1090.800	-2528.319	3.359
1091.000	-2528.445	3.359
1091.200	-2528.909	3.359
1091.400	-2529.296	3.359
1091.600	-2528.996	3.359
1091.800	-2528.358	3.359
1092.000	-2527.867	3.359
1092.200	-2527.914	3.359
1092.400	-2528.086	3.359
1092.600	-2527.722	3.359
1092.800	-2528.185	3.358
1093.000	-2527.797	3.358
1093.200	-2527.996	3.358
1093.400	-2528.685	3.358
1093.600	-2528.450	3.358
1093.800	-2528.230	3.358
1094.000	-2528.045	3.358
1094.200	-2527.690	3.358
1094.400	-2527.225	3.358
1094.600	-2526.958	3.358
1094.800	-2526.644	3.358
1095.000	-2526.570	3.358
1095.200	-2526.788	3.358
1095.400	-2526.676	3.358
1095.600	-2527.582	3.358
1095.800	-2527.694	3.358
1096.000	-2528.429	3.358
1096.200	-2528.526	3.358
1096.400	-2528.625	3.358
1096.600	-2528.594	3.358
1096.800	-2528.219	3.358
1097.000	-2528.003	3.358
1097.200	-2527.943	3.358
1097.400	-2527.800	3.358
1097.600	-2527.380	3.358
1097.800	-2527.419	3.358
1098.000	-2527.541	3.358
1098.200	-2527.527	3.358
1098.400	-2527.325	3.358
1098.600	-2527.831	3.357
1098.800	-2528.135	3.357
1099.000	-2527.595	3.357
1099.200	-2527.296	3.357
1099.400	-2526.957	3.357
1099.600	-2526.922	3.357
1099.800	-2527.298	3.357
1100.000	-2527.422	3.357
1100.200	-2527.596	3.357
1100.400	-2528.102	3.357
1100.600	-2528.014	3.357
1100.800	-2528.721	3.357
1101.000	-2528.652	3.357
1101.200	-2528.968	3.357
1101.400	-2528.545	3.357
1101.600	-2528.457	3.357
1101.800	-2528.491	3.357
1102.000	-2528.131	3.357
1102.200	-2528.204	3.357
1102.400	-2527.910	3.357
1102.600	-2528.074	3.357
1102.800	-2528.283	3.357
1103.000	-2528.403	3.357
1103.200	-2528.033	3.357
1103.400	-2527.969	3.357
1103.600	-2527.891	3.357
1103.800	-2527.954	3.356
1104.000	-2528.000	3.356
1104.200	-2527.393	3.357
1104.400	-2527.804	3.356
1104.600	-2528.194	3.356
1104.800	-2528.216	3.356
1105.000	-2528.194	3.356
1105.200	-2528.043	3.356
1105.400	-2527.642	3.356
1105.600	-2527.708	3.356
1105.800	-2527.840	3.356
1106.000	-2528.207	3.356
1106.200	-2528.342	3.356
1106.400	-2528.873	3.356
1106.600	-2529.058	3.356
1106.800	-2529.287	3.356
1107.000	-2529.064	3.356
1107.200	-2528.658	3.356
1107.400	-2528.183	3.356
1107.600	-2528.232	3.356
1107.800	-2528.058	3.356
1108.000	-2528.291	3.356
1108.200	-2528.636	3.356
1108.400	-2528.699	3.356
1108.600	-2528.553	3.356
1108.800	-2528.406	3.356
1109.000	-2528.633	3.355
1109.200	-2529.108	3.355
1109.400	-2528.995	3.355
1109.600	-2528.609	3.355
1109.800	-2528.749	3.355
1110.000	-2528.652	3.355
1110.200	-2528.549	3.355
1110.400	-2528.351	3.355
1110.600	-2528.281	3.355
1110.800	-2527.721	3.355
1111.000	-2527.224	3.355
1111.200	-2526.900	3.355
1111.400	-2526.686	3.355
1111.600	-2526.384	3.355
1111.800	-2526.226	3.355
1112.000	-2526.882	3.355
1112.200	-2527.418	3.355
1112.400	-2527.426	3.355
1112.600	-2527.379	3.355
1112.800	-2527.966	3.355
1113.000	-2527.807	3.355
1113.200	-2527.719	3.355
1113.400	-2527.592	3.355
1113.600	-2527.341	3.355
1113.800	-2527.672	3.355
1114.000	-2528.345	3.355
1114.200	-2528.100	3.355
1114.400	-2528.074	3.355
1114.600	-2527.754	3.355
1114.800	-2528.101	3.354
1115.000	-2528.221	3.354
1115.200	-2528.023	3.354
1115.400	-2527.830	3.354
1115.600	-2527.518	3.354
1115.800	-2527.920	3.354
1116.000	-2527.952	3.354
1116.200	-2528.120	3.354
1116.400	-2527.767	3.354
1116.600	-2527.628	3.354
1116.800	-2528.004	3.354
1117.000	-2528.578	3.354
1117.200	-2528.577	3.354
1117.400	-2528.246	3.354
1117.600	-2527.909	3.354
1117.800	-2528.340	3.354
1118.000	-2528.504	3.354
1118.200	-2528.301	3.354
1118.400	-2528.996	3.354
1118.600	-2529.219	3.354
1118.800	-2528.982	3.354
1119.000	-2528.613	3.354
1119.200	-2528.417	3.354
1119.400	-2528.016	3.354
1119.600	-2527.923	3.354
1119.800	-2527.936	3.354
1120.000	-2527.989	3.354
1120.200	-2528.324	3.353
1120.400	-2528.158	3.353
1120.600	-2527.974	3.353
1120.800	-2528.131	3.353
1121.000	-2527.881	3.353
1121.200	-2527.760	3.353
1121.400	-2528.760	3.353
1121.600	-2528.940	3.353
1121.800	-2528.770	3.353
1122.000	-2528.406	3.353
1122.200	-2528.124	3.353
1122.400	-2528.194	3.353
1122.600	-2528.255	3.353
1122.800	-2527.923	3.353
1123.000	-2527.440	3.353
1123.200	-2527.058	3.353
1123.400	-2527.619	3.353
1123.600	-2527.347	3.353
1123.800	-2526.920	3.353
1124.000	-2526.774	3.353
1124.200	-2526.568	3.353
1124.400	-2526.875	3.353
1124.600	-2526.690	3.353
1124.800	-2526.575	3.353
1125.000	-2526.738	3.353
1125.200	-2526.739	3.353
1125.400	-2526.751	3.353
1125.600	-2526.935	3.353
1125.800	-2527.455	3.352
1126.000	-2527.677	3.352
1126.200	-2527.633	3.352
1126.400	-2527.451	3.352
1126.600	-2527.723	3.352
1126.800	-2527.770	3.352
1127.000	-2528.345	3.352
1127.200	-2528.592	3.352
1127.400	-2528.794	3.352
1127.600	-2528.511	3.352
1127.800	-2528.140	3.352
1128.000	-2527.560	3.352
1128.200	-2528.120	3.352
1128.400	-2528.349	3.352
1128.600	-2528.050	3.352
1128.800	-2528.472	3.352
1129.000	-2528.346	3.352
1129.200	-2528.120	3.352
1129.400	-2527.776	3.352
1129.600	-2527.622	3.352
1129.800	-2527.287	3.352
1130.000	-2526.843	3.352
1130.200	-2527.158	3.352
1130.400	-2527.969	3.352
1130.600	-2527.672	3.352
1130.800	-2527.416	3.352
1131.000	-2527.231	3.352
1131.200	-2527.253	3.352
1131.400	-2527.324	3.352
1131.600	-2527.454	3.352
1131.800	-2527.096	3.352
1132.000	-2526.742	3.352
1132.200	-2526.866	3.351
1132.400	-2526.944	3.351
1132.600	-2527.052	3.351
1132.800	-2527.257	3.351
1133.000	-2527.512	3.351
1133.200	-2528.142	3.351
1133.400	-2528.054	3.351
1133.600	-2527.872	3.351
1133.800	-2527.818	3.351
1134.000	-2528.194	3.351
1134.200	-2528.054	3.351
1134.400	-2528.522	3.351
1134.600	-2528.534	3.351
1134.800	-2528.906	3.351
1135.000	-2528.469	3.351
1135.200	-2528.267	3.351
1135.400	-2528.354	3.351
1135.600	-2528.020	3.351
1135.800	-2528.141	3.351
1136.000	-2528.677	3.351
1136.200	-2528.918	3.351
1136.400	-2528.772	3.351
1136.600	-2529.171	3.351
1136.800	-2528.906	3.350
1137.000	-2528.888	3.350
1137.200	-2528.628	3.350
1137.400	-2528.310	3.350
1137.600	-2528.057	3.350
1137.800	-2528.517	3.350
1138.000	-2528.472	3.350
1138.200	-2528.099	3.350
1138.400	-2527.819	3.350
1138.600	-2527.359	3.350
1138.800	-2527.808	3.350
1139.000	-2527.647	3.350
1139.200	-2527.465	3.350
1139.400	-2527.400	3.350
1139.600	-2527.060	3.350
1139.800	-2526.932	3.350
1140.000	-2527.012	3.350
1140.200	-2527.296	3.350
1140.400	-2527.341	3.350
1140.600	-2527.092	3.350
1140.800	-2526.835	3.350
1141.000	-2526.813	3.350
1141.200	-2526.937	3.350
1141.400	-2527.174	3.350
1141.600	-2527.620	3.350
1141.800	-2528.156	3.350
1142.000	-2528.207	3.350
1142.200	-2528.114	3.350
1142.400	-2528.225	3.350
1142.600	-2527.900	3.350
1142.800	-2527.468	3.350
1143.000	-2527.418	3.349
1143.200	-2527.789	3.349
1143.400	-2527.755	3.349
1143.600	-2527.706	3.349
1143.800	-2527.502	3.349
1144.000	-2527.376	3.349
1144.200	-2527.677	3.349
1144.400	-2527.913	3.349
1144.600	-2528.130	3.349
1144.800	-2528.155	3.349
1145.000	-2528.178	3.349
1145.200	-2527.720	3.349
1145.400	-2527.604	3.349
1145.600	-2527.672	3.349
1145.800	-2528.155	3.349
1146.000	-2528.260	3.349
1146.200	-2528.544	3.349
1146.400	-2528.409	3.349
1146.600	-2528.275	3.349
1146.800	-2527.890	3.349
1147.000	-2527.436	3.349
1147.200	-2527.122	3.349
1147.400	-2527.194	3.349
1147.600	-2527.004	3.349
1147.800	-2526.792	3.349
1148.000	-2526.554	3.349
1148.200	-2526.774	3.349
1148.400	-2527.420	3.349
1148.600	-2527.483	3.348
1148.800	-2527.722	3.348
1149.000	-2528.049	3.348
1149.200	-2527.557	3.348
1149.400	-2527.035	3.348
1149.600	-2526.623	3.348
1149.800	-2526.634	3.348
1150.000	-2526.411	3.348
1150.200	-2526.700	3.348
1150.400	-2526.817	3.348
1150.600	-2526.693	3.348
1150.800	-2526.673	3.348
1151.000	-2527.036	3.348
1151.200	-2527.052	3.348
1151.400	-2526.887	3.348
1151.600	-2526.809	3.348
1151.800	-2526.960	3.348
1152.000	-2527.318	3.348
1152.200	-2527.156	3.348
1152.400	-2527.267	3.348
1152.600	-2527.455	3.348
1152.800	-2527.343	3.348
1153.000	-2527.405	3.348
1153.200	-2527.354	3.348
1153.400	-2527.556	3.348
1153.600	-2527.510	3.348
1153.800	-2527.347	3.348
1154.000	-2527.361	3.348
1154.200	-2527.685	3.348
1154.400	-2528.080	3.348
1154.600	-2527.779	3.347
1154.800	-2527.401	3.347
1155.000	-2527.639	3.347
1155.200	-2527.337	3.347
1155.400	-2527.279	3.347
1155.600	-2527.037	3.347
1155.800	-2527.038	3.347
1156.000	-2527.540	3.347
1156.200	-2528.363	3.347
1156.400	-2528.640	3.347
1156.600	-2528.590	3.347
1156.800	-2528.563	3.347
1157.000	-2528.045	3.347
1157.200	-2527.936	3.347
1157.400	-2527.761	3.347
1157.600	-2527.527	3.347
1157.800	-2528.226	3.347
1158.000	-2528.207	3.347
1158.200	-2528.126	3.347
1158.400	-2527.898	3.347
1158.600	-2527.583	3.347
1158.800	-2527.893	3.347
1159.000	-2528.020	3.347
1159.200	-2527.831	3.347
1159.400	-2527.730	3.347
1159.600	-2527.543	3.347
1159.800	-2527.247	3.347
1160.000	-2527.035	3.347
1160.200	-2527.022	3.347
1160.400	-2526.632	3.346
1160.600	-2526.493	3.347
1160.800	-2526.585	3.346
1161.000	-2526.722	3.346
1161.200	-2526.902	3.346
1161.400	-2526.872	3.346
1161.600	-2527.294	3.346
1161.800	-2527.323	3.346
1162.000	-2527.046	3.346
1162.200	-2527.336	3.346
1162.400	-2527.465	3.346
1162.600	-2527.673	3.346
1162.800	-2527.634	3.346
1163.000	-2527.845	3.346
1163.200	-2527.531	3.346
1163.400	-2527.625	3.346
1163.600	-2527.341	3.346
1163.800	-2527.122	3.346
1164.000	-2527.506	3.346
1164.200	-2527.519	3.346
1164.400	-2527.403	3.346
1164.600	-2527.373	3.346
1164.800	-2527.434	3.346
1165.000	-2527.062	3.346
1165.200	-2526.663	3.346
1165.400	-2527.212	3.346
1165.600	-2527.152	3.346
1165.800	-2527.082	3.346
1166.000	-2527.526	3.345
1166.200	-2527.569	3.345
1166.400	-2527.947	3.345
1166.600	-2527.564	3.345
1166.800	-2527.210	3.345
1167.000	-2527.238	3.345
1167.200	-2527.165	3.345
1167.400	-2526.852	3.345
1167.600	-2526.844	3.345
1167.800	-2526.934	3.345
1168.000	-2526.974	3.345
1168.200	-2527.277	3.345
1168.400	-2527.287	3.345
1168.600	-2527.274	3.345
1168.800	-2527.232	3.345
1169.000	-2527.334	3.345
1169.200	-2527.221	3.345
1169.400	-2526.891	3.345
1169.600	-2527.139	3.345
1169.800	-2527.228	3.345
1170.000	-2527.433	3.345
1170.200	-2527.514	3.345
1170.400	-2527.364	3.345
1170.600	-2527.079	3.345
1170.800	-2526.845	3.345
1171.000	-2527.141	3.345
1171.200	-2527.596	3.345
1171.400	-2527.503	3.345
1171.600	-2527.187	3.345
1171.800	-2527.026	3.345
1172.000	-2526.999	3.344
1172.200	-2526.867	3.344
1172.400	-2526.677	3.344
1172.600	-2526.582	3.344
1172.800	-2526.368	3.344
1173.000	-2526.529	3.344
1173.200	-2526.955	3.344
1173.400	-2526.859	3.344
1173.600	-2526.895	3.344
1173.800	-2526.982	3.344
1174.000	-2526.696	3.344
1174.200	-2526.633	3.344
1174.400	-2526.765	3.344
1174.600	-2526.931	3.344
1174.800	-2527.169	3.344
1175.000	-2527.399	3.344
1175.200	-2526.983	3.344
1175.400	-2527.140	3.344
1175.600	-2527.306	3.344
1175.800	-2527.656	3.344
1176.000	-2527.270	3.344
1176.200	-2527.258	3.344
1176.400	-2527.618	3.344
1176.600	-2527.461	3.344
1176.800	-2527.693	3.344
1177.000	-2527.302	3.344
1177.200	-2527.376	3.344
1177.400	-2526.980	3.344
1177.600	-2526.628	3.344
1177.800	-2526.528	3.344
1178.000	-2526.123	3.344
1178.200	-2525.866	3.344
1178.400	-2525.653	3.344
1178.600	-2525.667	3.344
1178.800	-2525.570	3.344
1179.000	-2525.692	3.344
1179.200	-2526.191	3.343
1179.400	-2526.073	3.343
1179.600	-2525.973	3.343
1179.800	-2525.837	3.343
1180.000	-2525.859	3.343
1180.200	-2526.208	3.343
1180.400	-2526.436	3.343
1180.600	-2526.365	3.343
1180.800	-2526.124	3.343
1181.000	-2525.850	3.343
1181.200	-2525.547	3.343
1181.400	-2525.142	3.343
1181.600	-2525.558	3.343
1181.800	-2525.466	3.343
1182.000	-2525.506	3.343
1182.200	-2525.384	3.343
1182.400	-2525.754	3.343
1182.600	-2525.898	3.343
1182.800	-2525.908	3.343
1183.000	-2526.211	3.343
1183.200	-2526.073	3.343
1183.400	-2525.852	3.343
1183.600	-2525.849	3.343
1183.800	-2525.875	3.343
1184.000	-2526.252	3.343
1184.200	-2526.236	3.343
1184.400	-2526.206	3.343
1184.600	-2526.307	3.342
1184.800	-2526.633	3.342
1185.000	-2526.724	3.342
1185.200	-2527.848	3.342
1185.400	-2527.848	3.342
1185.600	-2527.853	3.342
1185.800	-2527.274	3.342
1186.000	-2526.725	3.342
1186.200	-2526.663	3.342
1186.400	-2526.393	3.342
1186.600	-2526.215	3.342
1186.800	-2526.113	3.342
1187.000	-2526.408	3.342
1187.200	-2526.768	3.342
1187.400	-2527.044	3.342
1187.600	-2526.898	3.342
1187.800	-2526.573	3.342
1188.000	-2526.330	3.342
1188.200	-2526.089	3.342
1188.400	-2525.882	3.342
1188.600	-2525.858	3.342
1188.800	-2526.080	3.342
1189.000	-2526.464	3.342
1189.200	-2526.757	3.342
1189.400	-2526.606	3.342
1189.600	-2526.383	3.342
1189.800	-2526.173	3.342
1190.000	-2526.205	3.342
1190.200	-2526.465	3.342
1190.400	-2526.659	3.341
1190.600	-2526.470	3.341
1190.800	-2527.156	3.341
1191.000	-2527.203	3.341
1191.200	-2527.337	3.341
1191.400	-2527.438	3.341
1191.600	-2527.152	3.341
1191.800	-2527.113	3.341
1192.000	-2527.269	3.341
1192.200	-2527.095	3.341
1192.400	-2527.120	3.341
1192.600	-2527.310	3.341
1192.800	-2527.069	3.341
1193.000	-2526.665	3.341
1193.200	-2526.239	3.341
1193.400	-2526.261	3.341
1193.600	-2526.425	3.341
1193.800	-2526.463	3.341
1194.000	-2526.832	3.341
1194.200	-2526.799	3.341
1194.400	-2527.536	3.341
1194.600	-2527.615	3.341
1194.800	-2528.113	3.341
1195.000	-2528.209	3.340
1195.200	-2528.095	3.340
1195.400	-2527.923	3.340
1195.600	-2527.932	3.340
1195.800	-2527.622	3.340
1196.000	-2527.908	3.340
1196.200	-2527.708	3.340
1196.400	-2527.684	3.340
1196.600	-2527.479	3.340
1196.800	-2527.080	3.340
1197.000	-2526.825	3.340
1197.200	-2527.054	3.340
1197.400	-2526.736	3.340
1197.600	-2526.393	3.340
1197.800	-2526.364	3.340
1198.000	-2526.190	3.340
1198.200	-2526.275	3.340
1198.400	-2526.113	3.340
1198.600	-2525.841	3.340
1198.800	-2526.123	3.340
1199.000	-2526.188	3.340
1199.200	-2526.243	3.340
1199.400	-2526.716	3.340
1199.600	-2526.649	3.340
1199.800	-2526.398	3.340
1200.000	-2526.061	3.340
1200.200	-2526.118	3.340
1200.400	-2526.587	3.340
1200.600	-2527.405	3.340
1200.800	-2527.123	3.340
1201.000	-2527.173	3.340
1201.200	-2527.755	3.339
1201.400	-2527.914	3.339
1201.600	-2527.355	3.339
1201.800	-2526.985	3.339
1202.000	-2527.233	3.339
1202.200	-2526.914	3.339
1202.400	-2527.115	3.339
1202.600	-2527.314	3.339
1202.800	-2527.010	3.339
1203.000	-2527.103	3.339
1203.200	-2527.352	3.339
1203.400	-2527.135	3.339
1203.600	-2527.158	3.339
1203.800	-2526.754	3.339
1204.000	-2526.492	3.339
1204.200	-2526.438	3.339
1204.400	-2527.172	3.339
1204.600	-2527.499	3.339
1204.800	-2527.255	3.339
1205.000	-2527.339	3.339
1205.200	-2527.930	3.339
1205.400	-2527.744	3.339
1205.600	-2527.698	3.339
1205.800	-2527.497	3.339
1206.000	-2527.583	3.339
1206.200	-2527.272	3.339
1206.400	-2527.337	3.339
1206.600	-2527.286	3.339
1206.800	-2526.950	3.339
1207.000	-2527.066	3.339
1207.200	-2527.565	3.339
1207.400	-2527.229	3.339
1207.600	-2527.350	3.338
1207.800	-2527.482	3.338
1208.000	-2527.404	3.338
1208.200	-2527.143	3.338
1208.400	-2526.796	3.338
1208.600	-2526.861	3.338
1208.800	-2526.788	3.338
1209.000	-2526.416	3.338
1209.200	-2526.286	3.338
1209.400	-2526.248	3.338
1209.600	-2526.531	3.338
1209.800	-2526.467	3.338
1210.000	-2526.597	3.338
1210.200	-2526.831	3.338
1210.400	-2526.533	3.338
1210.600	-2526.268	3.338
1210.800	-2526.232	3.338
1211.000	-2526.614	3.338
1211.200	-2527.068	3.338
1211.400	-2526.892	3.338
1211.600	-2526.826	3.338
1211.800	-2526.658	3.338
1212.000	-2526.697	3.338
1212.200	-2526.810	3.338
1212.400	-2526.544	3.338
1212.600	-2526.503	3.338
1212.800	-2526.526	3.338
1213.000	-2526.521	3.338
1213.200	-2526.665	3.338
1213.400	-2526.351	3.338
1213.600	-2526.252	3.338
1213.800	-2526.312	3.338
1214.000	-2525.894	3.338
1214.200	-2525.878	3.338
1214.400	-2526.297	3.337
1214.600	-2526.458	3.337
1214.800	-2526.662	3.337
1215.000	-2526.294	3.337
1215.200	-2526.399	3.337
1215.400	-2526.437	3.337
1215.600	-2526.321	3.337
1215.800	-2526.622	3.337
1216.000	-2526.788	3.337
1216.200	-2527.033	3.337
1216.400	-2526.713	3.337
1216.600	-2526.246	3.337
1216.800	-2526.386	3.337
1217.000	-2526.318	3.337
1217.200	-2526.232	3.337
1217.400	-2526.402	3.337
1217.600	-2526.570	3.337
1217.800	-2526.399	3.337
1218.000	-2526.431	3.337
1218.200	-2526.661	3.337
1218.400	-2526.783	3.337
1218.600	-2526.902	3.337
1218.800	-2526.863	3.337
1219.000	-2526.683	3.337
1219.200	-2526.728	3.337
1219.400	-2526.550	3.337
1219.600	-2526.749	3.337
1219.800	-2526.654	3.337
1220.000	-2527.215	3.336
1220.200	-2527.309	3.336
1220.400	-2527.122	3.336
1220.600	-2526.979	3.336
1220.800	-2526.317	3.336
1221.000	-2526.094	3.336
1221.200	-2525.877	3.336
1221.400	-2526.130	3.336
1221.600	-2526.433	3.336
1221.800	-2526.410	3.336
1222.000	-2526.645	3.336
1222.200	-2526.878	3.336
1222.400	-2526.852	3.336
1222.600	-2527.323	3.336
1222.800	-2527.820	3.336
1223.000	-2527.592	3.336
1223.200	-2526.978	3.336
1223.400	-2526.530	3.336
1223.600	-2526.855	3.336
1223.800	-2526.664	3.336
1224.000	-2526.406	3.336
1224.200	-2526.311	3.336
1224.400	-2526.860	3.336
1224.600	-2527.369	3.336
1224.800	-2527.157	3.336
1225.000	-2527.184	3.336
1225.200	-2526.795	3.336
1225.400	-2526.625	3.336
1225.600	-2526.849	3.336
1225.800	-2526.765	3.336
1226.000	-2526.252	3.336
1226.200	-2526.240	3.336
1226.400	-2526.067	3.335
1226.600	-2525.796	3.335
1226.800	-2525.559	3.335
1227.000	-2525.271	3.335
1227.200	-2525.325	3.335
1227.400	-2525.368	3.335
1227.600	-2525.309	3.335
1227.800	-2525.674	3.335
1228.000	-2525.732	3.335
1228.200	-2526.613	3.335
1228.400	-2527.006	3.335
1228.600	-2527.374	3.335
1228.800	-2527.698	3.335
1229.000	-2527.382	3.335
1229.200	-2526.883	3.335
1229.400	-2526.732	3.335
1229.600	-2526.800	3.335
1229.800	-2526.906	3.335
1230.000	-2526.944	3.335
1230.200	-2526.980	3.335
1230.400	-2526.946	3.335
1230.600	-2526.896	3.335
1230.800	-2526.409	3.335
1231.000	-2526.292	3.335
1231.200	-2526.328	3.335
1231.400	-2526.418	3.335
1231.600	-2526.296	3.335
1231.800	-2526.331	3.335
1232.000	-2526.407	3.334
1232.200	-2526.102	3.334
1232.400	-2525.900	3.334
1232.600	-2526.214	3.334
1232.800	-2526.833	3.334
1233.000	-2526.575	3.334
1233.200	-2526.142	3.334
1233.400	-2526.134	3.334
1233.600	-2526.493	3.334
1233.800	-2526.385	3.334
1234.000	-2526.423	3.334
1234.200	-2526.549	3.334
1234.400	-2526.469	3.334
1234.600	-2526.706	3.334
1234.800	-2526.765	3.334
1235.000	-2526.355	3.334
1235.200	-2527.063	3.334
1235.400	-2527.777	3.334
1235.600	-2527.592	3.334
1235.800	-2527.411	3.334
1236.000	-2526.893	3.334
1236.200	-2526.761	3.334
1236.400	-2526.989	3.334
1236.600	-2527.127	3.334
1236.800	-2526.870	3.334
1237.000	-2526.565	3.334
1237.200	-2526.414	3.334
1237.400	-2526.823	3.333
1237.600	-2526.983	3.333
1237.800	-2527.131	3.333
1238.000	-2526.776	3.333
1238.200	-2526.618	3.333
1238.400	-2526.546	3.333
1238.600	-2526.323	3.333
1238.800	-2526.369	3.333
1239.000	-2526.259	3.333
1239.200	-2526.518	3.333
1239.400	-2526.877	3.333
1239.600	-2526.600	3.333
1239.800	-2526.527	3.333
1240.000	-2526.434	3.333
1240.200	-2526.495	3.333
1240.400	-2526.765	3.333
1240.600	-2526.797	3.333
1240.800	-2526.896	3.333
1241.000	-2526.787	3.333
1241.200	-2526.784	3.333
1241.400	-2526.256	3.333
1241.600	-2526.344	3.333
1241.800	-2526.326	3.333
1242.000	-2526.597	3.333
1242.200	-2526.366	3.333
1242.400	-2526.218	3.333
1242.600	-2526.501	3.333
1242.800	-2526.309	3.333
1243.000	-2526.237	3.333
1243.200	-2526.346	3.333
1243.400	-2526.327	3.333
1243.600	-2526.153	3.333
1243.800	-2526.026	3.333
1244.000	-2526.200	3.333
1244.200	-2526.274	3.333
1244.400	-2526.090	3.333
1244.600	-2526.233	3.332
1244.800	-2526.319	3.332
1245.000	-2526.561	3.332
1245.200	-2526.327	3.332
1245.400	-2526.446	3.332
1245.600	-2526.540	3.332
1245.800	-2526.324	3.332
1246.000	-2526.585	3.332
1246.200	-2526.500	3.332
1246.400	-2526.350	3.332
1246.600	-2526.274	3.332
1246.800	-2527.154	3.332
1247.000	-2526.910	3.332
1247.200	-2526.699	3.332
1247.400	-2526.316	3.332
1247.600	-2526.662	3.332
1247.800	-2526.648	3.332
1248.000	-2526.192	3.332
1248.200	-2526.312	3.332
1248.400	-2526.296	3.332
1248.600	-2526.384	3.332
1248.800	-2526.321	3.332
1249.000	-2526.299	3.332
1249.200	-2526.446	3.332
1249.400	-2526.060	3.332
1249.600	-2526.144	3.332
1249.800	-2526.198	3.332
1250.000	-2526.620	3.332
1250.200	-2526.572	3.331
1250.400	-2526.353	3.331
1250.600	-2526.251	3.331
1250.800	-2526.199	3.331
1251.000	-2526.261	3.331
1251.200	-2526.228	3.331
1251.400	-2526.276	3.331
1251.600	-2526.259	3.331
1251.800	-2526.598	3.331
1252.000	-2527.139	3.331
1252.200	-2527.281	3.331
1252.400	-2526.767	3.331
1252.600	-2526.649	3.331
1252.800	-2526.539	3.331
1253.000	-2526.622	3.331
1253.200	-2526.752	3.331
1253.400	-2526.582	3.331
1253.600	-2526.427	3.331
1253.800	-2526.037	3.331
1254.000	-2526.350	3.331
1254.200	-2526.498	3.331
1254.400	-2526.271	3.331
1254.600	-2526.115	3.331
1254.800	-2526.367	3.331
1255.000	-2526.833	3.331
1255.200	-2527.156	3.331
1255.400	-2527.381	3.331
1255.600	-2527.220	3.331
1255.800	-2527.042	3.330
1256.000	-2526.663	3.330
1256.200	-2526.602	3.330
1256.400	-2526.527	3.330
1256.600	-2526.415	3.330
1256.800	-2526.983	3.330
1257.000	-2527.050	3.330
1257.200	-2527.519	3.330
1257.400	-2527.808	3.330
1257.600	-2527.032	3.330
1257.800	-2527.494	3.330
1258.000	-2527.843	3.330
1258.200	-2528.061	3.330
1258.400	-2527.554	3.330
1258.600	-2527.354	3.330
1258.800	-2527.049	3.330
1259.000	-2527.059	3.330
1259.200	-2526.562	3.330
1259.400	-2526.583	3.330
1259.600	-2526.483	3.330
1259.800	-2526.411	3.330
1260.000	-2526.177	3.330
1260.200	-2526.192	3.330
1260.400	-2526.554	3.330
1260.600	-2526.832	3.330
1260.800	-2527.002	3.330
1261.000	-2527.334	3.330
1261.200	-2527.498	3.330
1261.400	-2527.243	3.330
1261.600	-2527.373	3.330
1261.800	-2527.400	3.329
1262.000	-2526.998	3.329
1262.200	-2526.531	3.330
1262.400	-2526.483	3.329
1262.600	-2526.381	3.329
1262.800	-2526.119	3.329
1263.000	-2526.644	3.329
1263.200	-2526.715	3.329
1263.400	-2526.280	3.329
1263.600	-2526.360	3.329
1263.800	-2526.481	3.329
1264.000	-2526.287	3.329
1264.200	-2526.210	3.329
1264.400	-2526.258	3.329
1264.600	-2526.686	3.329
1264.800	-2526.386	3.329
1265.000	-2526.771	3.329
1265.200	-2526.634	3.329
1265.400	-2526.541	3.329
1265.600	-2526.311	3.329
1265.800	-2526.649	3.329
1266.000	-2527.018	3.329
1266.200	-2526.831	3.329
1266.400	-2526.309	3.329
1266.600	-2526.125	3.329
1266.800	-2526.062	3.329
1267.000	-2525.748	3.329
1267.200	-2525.316	3.329
1267.400	-2525.253	3.329
1267.600	-2525.326	3.329
1267.800	-2525.194	3.329
1268.000	-2525.212	3.329
1268.200	-2525.049	3.329
1268.400	-2524.894	3.329
1268.600	-2525.531	3.329
1268.800	-2526.120	3.328
1269.000	-2526.494	3.328
1269.200	-2526.515	3.328
1269.400	-2526.076	3.328
1269.600	-2526.172	3.328
1269.800	-2526.095	3.328
1270.000	-2526.076	3.328
1270.200	-2525.658	3.328
1270.400	-2525.644	3.328
1270.600	-2525.613	3.328
1270.800	-2525.631	3.328
1271.000	-2525.616	3.328
1271.200	-2525.617	3.328
1271.400	-2525.659	3.328
1271.600	-2526.122	3.328
1271.800	-2526.190	3.328
1272.000	-2525.949	3.328
1272.200	-2525.854	3.328
1272.400	-2525.739	3.328
1272.600	-2525.499	3.328
1272.800	-2525.527	3.328
1273.000	-2525.412	3.328
1273.200	-2525.389	3.328
1273.400	-2525.254	3.328
1273.600	-2525.701	3.328
1273.800	-2525.678	3.328
1274.000	-2525.512	3.328
1274.200	-2525.753	3.328
1274.400	-2526.454	3.327
1274.600	-2526.314	3.327
1274.800	-2526.144	3.327
1275.000	-2525.866	3.327
1275.200	-2526.086	3.327
1275.400	-2526.057	3.327
1275.600	-2526.077	3.327
1275.800	-2526.167	3.327
1276.000	-2525.924	3.327
1276.200	-2525.910	3.327
1276.400	-2525.934	3.327
1276.600	-2525.993	3.327
1276.800	-2525.781	3.327
1277.000	-2525.448	3.327
1277.200	-2525.302	3.327
1277.400	-2525.756	3.327
1277.600	-2525.773	3.327
1277.800	-2526.005	3.327
1278.000	-2526.287	3.327
1278.200	-2526.127	3.327
1278.400	-2526.400	3.327
1278.600	-2525.918	3.327
1278.800	-2525.854	3.327
1279.000	-2525.900	3.327
1279.200	-2525.882	3.327
1279.400	-2525.618	3.327
1279.600	-2525.591	3.327
1279.800	-2525.975	3.327
1280.000	-2526.291	3.327
1280.200	-2525.984	3.327
1280.400	-2526.184	3.327
1280.600	-2526.204	3.327
1280.800	-2526.111	3.327
1281.000	-2525.995	3.327
1281.200	-2525.862	3.326
1281.400	-2525.738	3.326
1281.600	-2525.662	3.326
1281.800	-2525.627	3.326
1282.000	-2525.588	3.326
1282.200	-2525.801	3.326
1282.400	-2525.955	3.326
1282.600	-2525.702	3.326
1282.800	-2525.879	3.326
1283.000	-2526.026	3.326
1283.200	-2525.887	3.326
1283.400	-2525.802	3.326
1283.600	-2526.012	3.326
1283.800	-2525.990	3.326
1284.000	-2526.595	3.326
1284.200	-2526.774	3.326
1284.400	-2526.913	3.326
1284.600	-2526.714	3.326
1284.800	-2527.086	3.326
1285.000	-2527.679	3.326
1285.200	-2527.701	3.326
1285.400	-2527.286	3.326
1285.600	-2526.973	3.326
1285.800	-2526.419	3.326
1286.000	-2526.321	3.326
1286.200	-2526.413	3.326
1286.400	-2527.192	3.326
1286.600	-2527.193	3.325
1286.800	-2526.780	3.325
1287.000	-2526.356	3.325
1287.200	-2526.286	3.325
1287.400	-2526.552	3.325
1287.600	-2526.746	3.325
1287.800	-2526.349	3.325
1288.000	-2526.595	3.325
1288.200	-2526.329	3.325
1288.400	-2526.138	3.325
1288.600	-2526.222	3.325
1288.800	-2525.977	3.325
1289.000	-2525.739	3.325
1289.200	-2525.431	3.325
1289.400	-2525.469	3.325
1289.600	-2525.677	3.325
1289.800	-2526.412	3.325
1290.000	-2526.628	3.325
1290.200	-2526.558	3.325
1290.400	-2526.581	3.325
1290.600	-2526.758	3.325
1290.800	-2526.367	3.325
1291.000	-2526.146	3.325
1291.200	-2526.037	3.325
1291.400	-2525.674	3.325
1291.600	-2525.219	3.325
1291.800	-2525.056	3.325
1292.000	-2525.286	3.325
1292.200	-2525.390	3.325
1292.400	-2525.810	3.325
1292.600	-2525.815	3.325
1292.800	-2525.702	3.325
1293.000	-2525.442	3.325
1293.200	-2525.830	3.325
1293.400	-2526.325	3.324
1293.600	-2526.770	3.324
1293.800	-2526.335	3.324
1294.000	-2526.240	3.324
1294.200	-2526.471	3.324
1294.400	-2526.915	3.324
1294.600	-2527.065	3.324
1294.800	-2526.598	3.324
1295.000	-2526.375	3.324
1295.200	-2526.371	3.324
1295.400	-2526.824	3.324
1295.600	-2526.957	3.324
1295.800	-2526.716	3.324
1296.000	-2527.162	3.324
1296.200	-2527.204	3.324
1296.400	-2526.746	3.324
1296.600	-2526.716	3.324
1296.800	-2526.799	3.324
1297.000	-2526.523	3.324
1297.200	-2526.350	3.324
1297.400	-2526.842	3.324
1297.600	-2526.703	3.324
1297.800	-2526.619	3.324
1298.000	-2526.541	3.324
1298.200	-2526.480	3.324
1298.400	-2526.203	3.324
1298.600	-2526.034	3.324
1298.800	-2526.119	3.324
1299.000	-2526.006	3.324
1299.200	-2525.692	3.324
1299.400	-2525.814	3.324
1299.600	-2525.438	3.324
1299.800	-2525.287	3.324
1300.000	-2525.518	3.323
1300.200	-2525.837	3.323
1300.400	-2525.639	3.323
1300.600	-2525.875	3.323
1300.800	-2525.870	3.323
1301.000	-2525.954	3.323
1301.200	-2525.604	3.323
1301.400	-2525.407	3.323
1301.600	-2525.610	3.323
1301.800	-2525.585	3.323
1302.000	-2525.663	3.323
1302.200	-2525.547	3.323
1302.400	-2525.362	3.323
1302.600	-2525.474	3.323
1302.800	-2526.112	3.323
1303.000	-2526.314	3.323
1303.200	-2526.538	3.323
1303.400	-2526.519	3.323
1303.600	-2526.628	3.323
1303.800	-2526.697	3.323
1304.000	-2526.809	3.323
1304.200	-2526.585	3.323
1304.400	-2526.365	3.323
1304.600	-2526.326	3.323
1304.800	-2525.915	3.323
1305.000	-2525.932	3.323
1305.200	-2525.617	3.323
1305.400	-2525.437	3.323
1305.600	-2525.569	3.323
1305.800	-2525.449	3.323
1306.000	-2525.632	3.322
1306.200	-2525.569	3.322
1306.400	-2525.842	3.322
1306.600	-2525.303	3.322
1306.800	-2525.492	3.322
1307.000	-2525.743	3.322
1307.200	-2525.627	3.322
1307.400	-2525.802	3.322
1307.600	-2525.786	3.322
1307.800	-2525.642	3.322
1308.000	-2525.640	3.322
1308.200	-2525.639	3.322
1308.400	-2526.048	3.322
1308.600	-2526.555	3.322
1308.800	-2526.411	3.322
1309.000	-2526.688	3.322
1309.200	-2527.023	3.322
1309.400	-2527.831	3.322
1309.600	-2527.193	3.322
1309.800	-2527.026	3.322
1310.000	-2527.364	3.322
1310.200	-2527.302	3.322
1310.400	-2526.919	3.322
1310.600	-2526.449	3.322
1310.800	-2526.682	3.322
1311.000	-2526.763	3.321
1311.200	-2527.166	3.321
1311.400	-2527.329	3.321
1311.600	-2526.897	3.321
1311.800	-2526.528	3.321
1312.000	-2526.303	3.321
1312.200	-2526.137	3.321
1312.400	-2525.896	3.321
1312.600	-2525.918	3.321
1312.800	-2525.812	3.321
1313.000	-2525.815	3.321
1313.200	-2526.090	3.321
1313.400	-2526.194	3.321
1313.600	-2526.494	3.321
1313.800	-2526.689	3.321
1314.000	-2526.642	3.321
1314.200	-2526.498	3.321
1314.400	-2526.807	3.321
1314.600	-2526.861	3.321
1314.800	-2527.091	3.321
1315.000	-2527.214	3.321
1315.200	-2526.901	3.321
1315.400	-2526.560	3.321
1315.600	-2526.407	3.321
1315.800	-2526.358	3.321
1316.000	-2526.379	3.321
1316.200	-2526.237	3.321
1316.400	-2526.286	3.321
1316.600	-2526.625	3.321
1316.800	-2526.472	3.321
1317.000	-2526.290	3.321
1317.200	-2526.383	3.321
1317.400	-2526.395	3.321
1317.600	-2526.328	3.321
1317.800	-2526.761	3.320
1318.000	-2527.224	3.320
1318.200	-2527.189	3.320
1318.400	-2526.985	3.320
1318.600	-2526.843	3.320
1318.800	-2526.367	3.320
1319.000	-2526.604	3.320
1319.200	-2527.040	3.320
1319.400	-2527.486	3.320
1319.600	-2527.718	3.320
1319.800	-2527.897	3.320
1320.000	-2527.693	3.320
1320.200	-2527.635	3.320
1320.400	-2527.288	3.320
1320.600	-2526.935	3.320
1320.800	-2527.009	3.320
1321.000	-2527.192	3.320
1321.200	-2526.860	3.320
1321.400	-2526.895	3.320
1321.600	-2526.584	3.320
1321.800	-2526.345	3.320
1322.000	-2526.405	3.320
1322.200	-2526.268	3.320
1322.400	-2526.458	3.320
1322.600	-2526.673	3.320
1322.800	-2526.548	3.320
1323.000	-2526.364	3.320
1323.200	-2526.554	3.320
1323.400	-2526.680	3.320
1323.600	-2526.324	3.320
1323.800	-2526.230	3.320
1324.000	-2526.302	3.320
1324.200	-2526.035	3.320
1324.400	-2525.636	3.320
1324.600	-2526.014	3.320
1324.800	-2526.136	3.319
1325.000	-2525.725	3.319
1325.200	-2525.762	3.319
1325.400	-2525.843	3.319
1325.600	-2525.829	3.319
1325.800	-2525.884	3.319
1326.000	-2526.280	3.319
1326.200	-2525.965	3.319
1326.400	-2525.947	3.319
1326.600	-2525.966	3.319
1326.800	-2526.101	3.319
1327.000	-2526.335	3.319
1327.200	-2526.407	3.319
1327.400	-2526.965	3.319
1327.600	-2527.090	3.319
1327.800	-2527.324	3.319
1328.000	-2526.899	3.319
1328.200	-2526.548	3.319
1328.400	-2526.546	3.319
1328.600	-2526.772	3.319
1328.800	-2526.666	3.319
1329.000	-2526.829	3.319
1329.200	-2527.179	3.319
1329.400	-2526.481	3.319
1329.600	-2526.054	3.319
1329.800	-2525.562	3.319
1330.000	-2525.339	3.319
1330.200	-2525.437	3.319
1330.400	-2525.110	3.319
1330.600	-2525.561	3.319
1330.800	-2525.577	3.319
1331.000	-2525.346	3.319
1331.200	-2525.387	3.319
1331.400	-2525.484	3.319
1331.600	-2525.176	3.319
1331.800	-2525.345	3.318
1332.000	-2525.785	3.318
1332.200	-2525.859	3.318
1332.400	-2525.849	3.318
1332.600	-2526.066	3.318
1332.800	-2526.119	3.318
1333.000	-2526.356	3.318
1333.200	-2526.325	3.318
1333.400	-2526.333	3.318
1333.600	-2526.392	3.318
1333.800	-2526.399	3.318
1334.000	-2526.366	3.318
1334.200	-2526.226	3.318
1334.400	-2525.930	3.318
1334.600	-2526.086	3.318
1334.800	-2526.196	3.318
1335.000	-2526.910	3.318
1335.200	-2527.161	3.318
1335.400	-2526.932	3.318
1335.600	-2526.710	3.318
1335.800	-2526.638	3.318
1336.000	-2526.361	3.318
1336.200	-2526.276	3.318
1336.400	-2526.039	3.318
1336.600	-2526.409	3.318
1336.800	-2526.337	3.318
1337.000	-2525.956	3.318
1337.200	-2525.684	3.318
1337.400	-2525.869	3.317
1337.600	-2525.278	3.318
1337.800	-2525.385	3.317
1338.000	-2525.428	3.317
1338.200	-2525.207	3.317
1338.400	-2525.635	3.317
1338.600	-2525.573	3.317
1338.800	-2525.431	3.317
1339.000	-2525.630	3.317
1339.200	-2525.794	3.317
1339.400	-2526.231	3.317
1339.600	-2526.406	3.317
1339.800	-2526.322	3.317
1340.000	-2526.536	3.317
1340.200	-2526.777	3.317
1340.400	-2526.296	3.317
1340.600	-2526.031	3.317
1340.800	-2525.605	3.317
1341.000	-2525.242	3.317
1341.200	-2525.305	3.317
1341.400	-2525.121	3.317
1341.600	-2525.084	3.317
1341.800	-2524.700	3.317
1342.000	-2524.127	3.317
1342.200	-2524.201	3.317
1342.400	-2524.238	3.317
1342.600	-2524.234	3.317
1342.800	-2524.080	3.317
1343.000	-2524.416	3.317
1343.200	-2524.231	3.317
1343.400	-2524.098	3.317
1343.600	-2524.184	3.317
1343.800	-2523.732	3.317
1344.000	-2523.578	3.317
1344.200	-2523.518	3.317
1344.400	-2523.729	3.317
1344.600	-2524.132	3.317
1344.800	-2524.427	3.316
1345.000	-2524.358	3.316
1345.200	-2524.689	3.316
1345.400	-2524.814	3.316
1345.600	-2524.661	3.316
1345.800	-2524.671	3.316
1346.000	-2524.836	3.316
1346.200	-2525.113	3.316
1346.400	-2525.233	3.316
1346.600	-2525.290	3.316
1346.800	-2525.443	3.316
1347.000	-2525.236	3.316
1347.200	-2525.804	3.316
1347.400	-2525.956	3.316
1347.600	-2526.279	3.316
1347.800	-2526.133	3.316
1348.000	-2526.160	3.316
1348.200	-2526.038	3.316
1348.400	-2525.747	3.316
1348.600	-2525.645	3.316
1348.800	-2525.412	3.316
1349.000	-2525.317	3.316
1349.200	-2525.158	3.316
1349.400	-2524.961	3.316
1349.600	-2524.693	3.316
1349.800	-2524.478	3.316
1350.000	-2524.641	3.316
1350.200	-2525.285	3.315
1350.400	-2525.254	3.315
1350.600	-2525.492	3.315
1350.800	-2525.421	3.315
1351.000	-2525.672	3.315
1351.200	-2526.136	3.315
1351.400	-2525.883	3.315
1351.600	-2525.326	3.315
1351.800	-2525.190	3.315
1352.000	-2525.629	3.315
1352.200	-2525.749	3.315
1352.400	-2525.484	3.315
1352.600	-2525.333	3.315
1352.800	-2525.465	3.315
1353.000	-2525.174	3.315
1353.200	-2525.269	3.315
1353.400	-2525.202	3.315
1353.600	-2525.160	3.315
1353.800	-2525.218	3.315
1354.000	-2525.045	3.315
1354.200	-2525.306	3.315
1354.400	-2525.657	3.315
1354.600	-2525.576	3.315
1354.800	-2525.687	3.315
1355.000	-2525.359	3.315
1355.200	-2525.159	3.315
1355.400	-2525.151	3.315
1355.600	-2525.290	3.315
1355.800	-2525.424	3.315
1356.000	-2525.606	3.315
1356.200	-2525.944	3.314
1356.400	-2525.914	3.314
1356.600	-2525.859	3.314
1356.800	-2525.605	3.314
1357.000	-2525.175	3.314
1357.200	-2524.874	3.314
1357.400	-2525.497	3.314
1357.600	-2525.722	3.314
1357.800	-2525.693	3.314
1358.000	-2525.547	3.314
1358.200	-2525.198	3.314
1358.400	-2525.413	3.314
1358.600	-2525.451	3.314
1358.800	-2526.142	3.314
1359.000	-2526.337	3.314
1359.200	-2525.709	3.314
1359.400	-2525.435	3.314
1359.600	-2525.778	3.314
1359.800	-2525.840	3.314
1360.000	-2525.452	3.314
1360.200	-2525.577	3.314
1360.400	-2525.316	3.314
1360.600	-2525.405	3.314
1360.800	-2525.191	3.314
1361.000	-2524.846	3.314
1361.200	-2524.908	3.314
1361.400	-2524.637	3.314
1361.600	-2524.749	3.314
1361.800	-2525.424	3.314
1362.000	-2525.390	3.314
1362.200	-2525.693	3.314
1362.400	-2525.972	3.313
1362.600	-2525.679	3.313
1362.800	-2525.413	3.313
1363.000	-2525.365	3.313
1363.200	-2525.123	3.313
1363.400	-2525.244	3.313
1363.600	-2525.625	3.313
1363.800	-2525.744	3.313
1364.000	-2525.457	3.313
1364.200	-2526.072	3.313
1364.400	-2526.186	3.313
1364.600	-2525.881	3.313
1364.800	-2525.855	3.313
1365.000	-2525.822	3.313
1365.200	-2525.553	3.313
1365.400	-2525.421	3.313
1365.600	-2525.415	3.313
1365.800	-2524.866	3.313
1366.000	-2524.883	3.313
1366.200	-2525.160	3.313
1366.400	-2525.627	3.313
1366.600	-2525.186	3.313
1366.800	-2524.831	3.313
1367.000	-2524.885	3.313
1367.200	-2525.014	3.313
1367.400	-2524.817	3.313
1367.600	-2524.444	3.313
1367.800	-2524.498	3.313
1368.000	-2524.400	3.313
1368.200	-2524.195	3.313
1368.400	-2524.327	3.313
1368.600	-2524.541	3.313
1368.800	-2524.629	3.313
1369.000	-2524.527	3.313
1369.200	-2524.700	3.312
1369.400	-2525.244	3.312
1369.600	-2525.569	3.312
1369.800	-2525.746	3.312
1370.000	-2525.660	3.312
1370.200	-2525.670	3.312
1370.400	-2525.455	3.312
1370.600	-2525.576	3.312
1370.800	-2525.551	3.312
1371.000	-2525.397	3.312
1371.200	-2524.786	3.312
1371.400	-2524.857	3.312
1371.600	-2524.649	3.312
1371.800	-2524.554	3.312
1372.000	-2524.351	3.312
1372.200	-2524.594	3.312
1372.400	-2524.666	3.312
1372.600	-2524.930	3.312
1372.800	-2524.923	3.312
1373.000	-2524.909	3.312
1373.200	-2524.952	3.312
1373.400	-2525.060	3.312
1373.600	-2524.766	3.312
1373.800	-2525.043	3.312
1374.000	-2525.437	3.312
1374.200	-2525.440	3.312
1374.400	-2525.161	3.312
1374.600	-2525.221	3.312
1374.800	-2525.363	3.312
1375.000	-2525.279	3.312
1375.200	-2525.566	3.311
1375.400	-2525.207	3.311
1375.600	-2524.982	3.311
1375.800	-2525.474	3.311
1376.000	-2525.456	3.311
1376.200	-2525.090	3.311
1376.400	-2525.061	3.311
1376.600	-2524.827	3.311
1376.800	-2525.224	3.311
1377.000	-2525.684	3.311
1377.200	-2525.979	3.311
1377.400	-2526.092	3.311
1377.600	-2525.963	3.311
1377.800	-2525.923	3.311
1378.000	-2525.901	3.311
1378.200	-2525.719	3.311
1378.400	-2525.734	3.311
1378.600	-2525.546	3.311
1378.800	-2525.636	3.311
1379.000	-2525.409	3.311
1379.200	-2525.602	3.311
1379.400	-2525.791	3.311
1379.600	-2525.663	3.311
1379.800	-2525.723	3.311
1380.000	-2526.366	3.311
1380.200	-2525.986	3.311
1380.400	-2525.841	3.311
1380.600	-2526.081	3.311
1380.800	-2525.929	3.311
1381.000	-2525.681	3.310
1381.200	-2525.502	3.310
1381.400	-2525.374	3.310
1381.600	-2525.304	3.310
1381.800	-2525.365	3.310
1382.000	-2524.983	3.310
1382.200	-2524.767	3.310
1382.400	-2524.489	3.310
1382.600	-2524.573	3.310
1382.800	-2524.417	3.310
1383.000	-2524.303	3.310
1383.200	-2524.045	3.310
1383.400	-2523.769	3.310
1383.600	-2523.799	3.310
1383.800	-2524.088	3.310
1384.000	-2524.270	3.310
1384.200	-2524.246	3.310
1384.400	-2523.958	3.310
1384.600	-2524.042	3.310
1384.800	-2523.800	3.310
1385.000	-2524.140	3.310
1385.200	-2524.316	3.310
1385.400	-2524.367	3.310
1385.600	-2524.287	3.310
1385.800	-2524.307	3.310
1386.000	-2523.989	3.310
1386.200	-2524.079	3.310
1386.400	-2524.204	3.310
1386.600	-2524.707	3.310
1386.800	-2524.740	3.310
1387.000	-2524.694	3.310
1387.200	-2524.716	3.310
1387.400	-2524.808	3.309
1387.600	-2524.897	3.309
1387.800	-2524.998	3.309
1388.000	-2525.577	3.309
1388.200	-2525.658	3.309
1388.400	-2525.484	3.309
1388.600	-2525.608	3.309
1388.800	-2525.218	3.309
1389.000	-2525.019	3.309
1389.200	-2524.916	3.309
1389.400	-2525.333	3.309
1389.600	-2525.248	3.309
1389.800	-2525.987	3.309
1390.000	-2525.996	3.309
1390.200	-2526.035	3.309
1390.400	-2526.046	3.309
1390.600	-2526.037	3.309
1390.800	-2525.855	3.309
1391.000	-2525.929	3.309
1391.200	-2525.465	3.309
1391.400	-2525.442	3.309
1391.600	-2525.686	3.309
1391.800	-2525.908	3.309
1392.000	-2526.111	3.309
1392.200	-2526.806	3.309
1392.400	-2526.621	3.309
1392.600	-2526.464	3.309
1392.800	-2526.464	3.309
1393.000	-2526.503	3.308
1393.200	-2526.401	3.308
1393.400	-2526.175	3.308
1393.600	-2525.760	3.309
1393.800	-2525.619	3.308
1394.000	-2525.557	3.308
1394.200	-2525.159	3.308
1394.400	-2524.996	3.308
1394.600	-2525.056	3.308
1394.800	-2525.310	3.308
1395.000	-2525.066	3.308
1395.200	-2525.168	3.308
1395.400	-2525.092	3.308
1395.600	-2525.249	3.308
1395.800	-2525.135	3.308
1396.000	-2525.287	3.308
1396.200	-2525.269	3.308
1396.400	-2525.466	3.308
1396.600	-2525.584	3.308
1396.800	-2525.563	3.308
1397.000	-2525.454	3.308
1397.200	-2525.307	3.308
1397.400	-2524.973	3.308
1397.600	-2524.929	3.308
1397.800	-2524.494	3.308
1398.000	-2524.575	3.308
1398.200	-2524.288	3.308
1398.400	-2524.518	3.308
1398.600	-2524.587	3.308
1398.800	-2524.893	3.308
1399.000	-2525.245	3.308
1399.200	-2525.417	3.308
1399.400	-2525.742	3.308
1399.600	-2525.635	3.308
1399.800	-2525.875	3.308
1400.000	-2525.588	3.308
1400.200	-2525.107	3.308
1400.400	-2524.801	3.308
1400.600	-2525.090	3.307
1400.800	-2524.958	3.307
1401.000	-2524.717	3.307
1401.200	-2524.801	3.307
1401.400	-2524.841	3.307
1401.600	-2524.444	3.307
1401.800	-2524.731	3.307
1402.000	-2524.835	3.307
1402.200	-2524.680	3.307
1402.400	-2524.532	3.307
1402.600	-2525.152	3.307
1402.800	-2524.862	3.307
1403.000	-2524.547	3.307
1403.200	-2524.238	3.307
1403.400	-2524.397	3.307
1403.600	-2524.542	3.307
1403.800	-2525.110	3.307
1404.000	-2526.020	3.307
1404.200	-2526.476	3.307
1404.400	-2526.197	3.307
1404.600	-2525.821	3.307
1404.800	-2525.795	3.307
1405.000	-2525.216	3.307
1405.200	-2525.085	3.307
1405.400	-2525.346	3.307
1405.600	-2525.461	3.307
1405.800	-2525.253	3.307
1406.000	-2525.063	3.307
1406.200	-2524.744	3.307
1406.400	-2524.806	3.306
1406.600	-2524.905	3.306
1406.800	-2525.335	3.306
1407.000	-2525.935	3.306
1407.200	-2525.512	3.306
1407.400	-2525.000	3.306
1407.600	-2525.130	3.306
1407.800	-2525.457	3.306
1408.000	-2525.312	3.306
1408.200	-2525.444	3.306
1408.400	-2525.430	3.306
1408.600	-2525.326	3.306
1408.800	-2525.664	3.306
1409.000	-2525.743	3.306
1409.200	-2525.316	3.306
1409.400	-2525.151	3.306
1409.600	-2525.312	3.306
1409.800	-2525.207	3.306
1410.000	-2525.256	3.306
1410.200	-2525.686	3.306
1410.400	-2526.068	3.306
1410.600	-2525.756	3.306
1410.800	-2525.690	3.306
1411.000	-2525.637	3.306
1411.200	-2525.300	3.306
1411.400	-2525.348	3.306
1411.600	-2525.310	3.306
1411.800	-2525.498	3.306
1412.000	-2525.956	3.306
1412.200	-2526.060	3.305
1412.400	-2526.170	3.305
1412.600	-2526.135	3.305
1412.800	-2526.231	3.305
1413.000	-2525.749	3.305
1413.200	-2525.625	3.305
1413.400	-2525.470	3.305
1413.600	-2525.861	3.305
1413.800	-2525.883	3.305
1414.000	-2525.940	3.305
1414.200	-2526.014	3.305
1414.400	-2525.840	3.305
1414.600	-2525.981	3.305
1414.800	-2525.765	3.305
1415.000	-2525.395	3.305
1415.200	-2525.210	3.305
1415.400	-2525.155	3.305
1415.600	-2525.364	3.305
1415.800	-2525.572	3.305
1416.000	-2526.045	3.305
1416.200	-2525.983	3.305
1416.400	-2526.111	3.305
1416.600	-2526.078	3.305
1416.800	-2526.295	3.305
1417.000	-2526.169	3.305
1417.200	-2525.907	3.305
1417.400	-2526.142	3.305
1417.600	-2526.374	3.305
1417.800	-2526.640	3.305
1418.000	-2526.436	3.304
1418.200	-2526.288	3.304
1418.400	-2525.955	3.304
1418.600	-2525.843	3.304
1418.800	-2525.602	3.304
1419.000	-2525.462	3.304
1419.200	-2525.382	3.304
1419.400	-2525.443	3.304
1419.600	-2525.016	3.304
1419.800	-2524.978	3.304
1420.000	-2524.742	3.304
1420.200	-2524.738	3.304
1420.400	-2525.234	3.304
1420.600	-2525.179	3.304
1420.800	-2524.958	3.304
1421.000	-2524.773	3.304
1421.200	-2524.742	3.304
1421.400	-2524.857	3.304
1421.600	-2525.214	3.304
1421.800	-2524.665	3.304
1422.000	-2524.242	3.304
1422.200	-2524.388	3.304
1422.400	-2524.618	3.304
1422.600	-2524.833	3.304
1422.800	-2524.959	3.304
1423.000	-2525.640	3.304
1423.200	-2525.576	3.304
1423.400	-2525.370	3.304
1423.600	-2525.336	3.304
1423.800	-2525.264	3.304
1424.000	-2525.268	3.304
1424.200	-2525.382	3.304
1424.400	-2525.546	3.304
1424.600	-2525.473	3.303
1424.800	-2525.547	3.303
1425.000	-2525.316	3.303
1425.200	-2524.968	3.303
1425.400	-2525.144	3.303
1425.600	-2525.183	3.303
1425.800	-2524.829	3.303
1426.000	-2524.925	3.303
1426.200	-2524.924	3.303
1426.400	-2524.548	3.303
1426.600	-2524.252	3.303
1426.800	-2524.556	3.303
1427.000	-2525.015	3.303
1427.200	-2524.984	3.303
1427.400	-2525.267	3.303
1427.600	-2525.492	3.303
1427.800	-2525.683	3.303
1428.000	-2525.669	3.303
1428.200	-2525.561	3.303
1428.400	-2525.060	3.303
1428.600	-2524.894	3.303
1428.800	-2525.063	3.303
1429.000	-2525.626	3.303
1429.200	-2525.659	3.303
1429.400	-2525.468	3.303
1429.600	-2525.352	3.303
1429.800	-2525.008	3.303
1430.000	-2524.933	3.303
1430.200	-2525.094	3.303
1430.400	-2524.878	3.303
1430.600	-2524.799	3.303
1430.800	-2524.583	3.303
1431.000	-2525.211	3.303
1431.200	-2525.459	3.303
1431.400	-2525.234	3.303
1431.600	-2525.114	3.303
1431.800	-2525.141	3.302
1432.000	-2525.083	3.302
1432.200	-2524.830	3.302
1432.400	-2524.606	3.302
1432.600	-2524.559	3.302
1432.800	-2524.622	3.302
1433.000	-2524.851	3.302
1433.200	-2524.812	3.302
1433.400	-2524.640	3.302
1433.600	-2524.781	3.302
1433.800	-2525.040	3.302
1434.000	-2524.902	3.302
1434.200	-2524.563	3.302
1434.400	-2524.525	3.302
1434.600	-2524.161	3.302
1434.800	-2524.498	3.302
1435.000	-2524.066	3.302
1435.200	-2524.100	3.302
1435.400	-2523.883	3.302
1435.600	-2523.503	3.302
1435.800	-2523.857	3.302
1436.000	-2523.572	3.302
1436.200	-2523.387	3.302
1436.400	-2523.509	3.302
1436.600	-2523.890	3.302
1436.800	-2524.067	3.302
1437.000	-2524.143	3.302
1437.200	-2523.995	3.302
1437.400	-2523.890	3.302
1437.600	-2524.310	3.302
1437.800	-2524.894	3.302
1438.000	-2524.356	3.302
1438.200	-2524.171	3.302
1438.400	-2523.842	3.302
1438.600	-2523.808	3.302
1438.800	-2524.105	3.301
1439.000	-2523.876	3.301
1439.200	-2523.918	3.301
1439.400	-2524.364	3.301
1439.600	-2524.467	3.301
1439.800	-2524.388	3.301
1440.000	-2524.375	3.301
1440.200	-2524.228	3.301
1440.400	-2523.847	3.301
1440.600	-2523.754	3.301
1440.800	-2523.904	3.301
1441.000	-2523.572	3.301
1441.200	-2523.883	3.301
1441.400	-2524.114	3.301
1441.600	-2524.077	3.301
1441.800	-2524.236	3.301
1442.000	-2524.868	3.301
1442.200	-2525.122	3.301
1442.400	-2524.787	3.301
1442.600	-2524.966	3.301
1442.800	-2525.786	3.301
1443.000	-2526.005	3.301
1443.200	-2525.819	3.301
1443.400	-2525.967	3.300
1443.600	-2525.748	3.300
1443.800	-2525.924	3.300
1444.000	-2525.903	3.300
1444.200	-2525.684	3.300
1444.400	-2525.818	3.300
1444.600	-2525.554	3.300
1444.800	-2525.584	3.300
1445.000	-2525.630	3.300
1445.200	-2525.273	3.300
1445.400	-2525.151	3.300
1445.600	-2525.098	3.300
1445.800	-2525.231	3.300
1446.000	-2525.264	3.300
1446.200	-2525.616	3.300
1446.400	-2525.891	3.300
1446.600	-2525.381	3.300
1446.800	-2524.761	3.300
1447.000	-2524.914	3.300
1447.200	-2525.623	3.300
1447.400	-2526.000	3.300
1447.600	-2526.335	3.300
1447.800	-2526.052	3.300
1448.000	-2525.766	3.300
1448.200	-2525.588	3.300
1448.400	-2525.049	3.300
1448.600	-2524.821	3.300
1448.800	-2524.887	3.300
1449.000	-2524.770	3.300
1449.200	-2524.274	3.300
1449.400	-2523.913	3.300
1449.600	-2523.983	3.300
1449.800	-2524.736	3.300
1450.000	-2524.930	3.300
1450.200	-2525.114	3.300
1450.400	-2525.422	3.299
1450.600	-2525.381	3.299
1450.800	-2524.894	3.299
1451.000	-2525.573	3.299
1451.200	-2525.694	3.299
1451.400	-2525.346	3.299
1451.600	-2525.178	3.299
1451.800	-2525.426	3.299
1452.000	-2525.798	3.299
1452.200	-2526.151	3.299
1452.400	-2526.172	3.299
1452.600	-2526.003	3.299
1452.800	-2526.358	3.299
1453.000	-2526.468	3.299
1453.200	-2525.991	3.299
1453.400	-2525.911	3.299
1453.600	-2525.464	3.299
1453.800	-2525.119	3.299
1454.000	-2525.156	3.299
1454.200	-2525.301	3.299
1454.400	-2524.863	3.299
1454.600	-2524.924	3.299
1454.800	-2524.802	3.299
1455.000	-2525.169	3.299
1455.200	-2525.073	3.299
1455.400	-2524.999	3.299
1455.600	-2524.837	3.299
1455.800	-2524.940	3.299
1456.000	-2525.025	3.299
1456.200	-2525.018	3.299
1456.400	-2525.213	3.298
1456.600	-2525.140	3.298
1456.800	-2525.366	3.298
1457.000	-2525.349	3.298
1457.200	-2524.967	3.298
1457.400	-2524.941	3.298
1457.600	-2524.872	3.298
1457.800	-2524.697	3.298
1458.000	-2524.568	3.298
1458.200	-2524.273	3.298
1458.400	-2524.414	3.298
1458.600	-2524.267	3.298
1458.800	-2524.491	3.298
1459.000	-2524.653	3.298
1459.200	-2525.062	3.298
1459.400	-2525.037	3.298
1459.600	-2525.109	3.298
1459.800	-2525.183	3.298
1460.000	-2525.370	3.298
1460.200	-2524.651	3.298
1460.400	-2524.156	3.298
1460.600	-2523.756	3.298
1460.800	-2523.554	3.298
1461.000	-2523.514	3.298
1461.200	-2523.472	3.298
1461.400	-2523.993	3.298
1461.600	-2524.166	3.298
1461.800	-2523.796	3.298
1462.000	-2524.028	3.298
1462.200	-2524.034	3.298
1462.400	-2524.122	3.298
1462.600	-2524.329	3.298
1462.800	-2524.331	3.297
1463.000	-2524.849	3.297
1463.200	-2525.077	3.297
1463.400	-2525.191	3.297
1463.600	-2524.936	3.297
1463.800	-2524.792	3.297
1464.000	-2524.499	3.297
1464.200	-2524.658	3.297
1464.400	-2524.781	3.297
1464.600	-2524.699	3.297
1464.800	-2524.909	3.297
1465.000	-2524.849	3.297
1465.200	-2524.832	3.297
1465.400	-2525.079	3.297
1465.600	-2525.291	3.297
1465.800	-2525.924	3.297
1466.000	-2526.242	3.297
1466.200	-2526.138	3.297
1466.400	-2526.011	3.297
1466.600	-2525.682	3.297
1466.800	-2525.559	3.297
1467.000	-2525.621	3.297
1467.200	-2525.489	3.297
1467.400	-2525.315	3.297
1467.600	-2525.408	3.297
1467.800	-2525.575	3.297
1468.000	-2525.497	3.297
1468.200	-2525.464	3.297
1468.400	-2525.480	3.297
1468.600	-2526.097	3.296
1468.800	-2526.178	3.296
1469.000	-2526.241	3.296
1469.200	-2526.062	3.296
1469.400	-2526.157	3.296
1469.600	-2526.198	3.296
1469.800	-2526.024	3.296
1470.000	-2525.863	3.296
1470.200	-2525.734	3.296
1470.400	-2525.938	3.296
1470.600	-2526.127	3.296
1470.800	-2526.293	3.296
1471.000	-2526.100	3.296
1471.200	-2525.884	3.296
1471.400	-2525.788	3.296
1471.600	-2525.758	3.296
1471.800	-2525.521	3.296
1472.000	-2525.427	3.296
1472.200	-2526.188	3.296
1472.400	-2526.007	3.296
1472.600	-2525.840	3.296
1472.800	-2526.104	3.296
1473.000	-2526.042	3.296
1473.200	-2526.129	3.296
1473.400	-2526.368	3.296
1473.600	-2526.514	3.296
1473.800	-2525.946	3.296
1474.000	-2525.583	3.296
1474.200	-2525.583	3.296
1474.400	-2525.425	3.296
1474.600	-2525.013	3.296
1474.800	-2525.182	3.296
1475.000	-2525.123	3.296
1475.200	-2525.551	3.295
1475.400	-2525.457	3.295
1475.600	-2525.645	3.295
1475.800	-2525.442	3.295
1476.000	-2525.602	3.295
1476.200	-2525.829	3.295
1476.400	-2525.896	3.295
1476.600	-2525.739	3.295
1476.800	-2525.471	3.295
1477.000	-2525.080	3.295
1477.200	-2525.406	3.295
1477.400	-2525.553	3.295
1477.600	-2525.450	3.295
1477.800	-2525.331	3.295
1478.000	-2525.439	3.295
1478.200	-2525.247	3.295
1478.400	-2525.105	3.295
1478.600	-2524.992	3.295
1478.800	-2524.752	3.295
1479.000	-2524.554	3.295
1479.200	-2524.155	3.295
1479.400	-2524.355	3.295
1479.600	-2524.480	3.295
1479.800	-2524.864	3.295
1480.000	-2524.818	3.295
1480.200	-2525.310	3.295
1480.400	-2525.709	3.295
1480.600	-2525.717	3.295
1480.800	-2525.327	3.295
1481.000	-2525.381	3.295
1481.200	-2525.238	3.295
1481.400	-2525.412	3.294
1481.600	-2525.095	3.294
1481.800	-2525.022	3.294
1482.000	-2525.247	3.294
1482.200	-2525.200	3.294
1482.400	-2525.631	3.294
1482.600	-2525.604	3.294
1482.800	-2525.710	3.294
1483.000	-2525.456	3.294
1483.200	-2525.640	3.294
1483.400	-2526.123	3.294
1483.600	-2526.173	3.294
1483.800	-2526.055	3.294
1484.000	-2525.762	3.294
1484.200	-2525.612	3.294
1484.400	-2525.347	3.294
1484.600	-2524.862	3.294
1484.800	-2524.769	3.294
1485.000	-2524.723	3.294
1485.200	-2524.648	3.294
1485.400	-2524.604	3.294
1485.600	-2524.682	3.294
1485.800	-2524.906	3.294
1486.000	-2524.861	3.294
1486.200	-2524.585	3.294
1486.400	-2524.505	3.294
1486.600	-2525.213	3.294
1486.800	-2525.225	3.294
1487.000	-2524.997	3.294
1487.200	-2524.803	3.294
1487.400	-2524.632	3.294
1487.600	-2524.505	3.294
1487.800	-2524.972	3.293
1488.000	-2524.866	3.294
1488.200	-2524.852	3.293
1488.400	-2525.159	3.293
1488.600	-2525.115	3.293
1488.800	-2525.791	3.293
1489.000	-2525.726	3.293
1489.200	-2525.807	3.293
1489.400	-2525.561	3.293
1489.600	-2525.513	3.293
1489.800	-2525.549	3.293
1490.000	-2525.369	3.293
1490.200	-2525.230	3.293
1490.400	-2524.937	3.293
1490.600	-2524.779	3.293
1490.800	-2524.698	3.293
1491.000	-2524.518	3.293
1491.200	-2524.942	3.293
1491.400	-2524.492	3.293
1491.600	-2524.702	3.293
1491.800	-2524.689	3.293
1492.000	-2524.280	3.293
1492.200	-2524.470	3.293
1492.400	-2524.415	3.293
1492.600	-2524.258	3.293
1492.800	-2524.207	3.293
1493.000	-2524.372	3.293
1493.200	-2524.770	3.293
1493.400	-2524.653	3.293
1493.600	-2525.135	3.293
1493.800	-2525.717	3.293
1494.000	-2525.859	3.292
1494.200	-2525.898	3.292
1494.400	-2525.751	3.292
1494.600	-2525.739	3.292
1494.800	-2525.881	3.292
1495.000	-2525.572	3.292
1495.200	-2525.068	3.292
1495.400	-2524.785	3.292
1495.600	-2525.259	3.292
1495.800	-2525.066	3.292
1496.000	-2524.795	3.292
1496.200	-2525.250	3.292
1496.400	-2525.268	3.292
1496.600	-2525.180	3.292
1496.800	-2524.660	3.292
1497.000	-2524.480	3.292
1497.200	-2524.595	3.292
1497.400	-2524.420	3.292
1497.600	-2524.421	3.292
1497.800	-2524.448	3.292
1498.000	-2524.334	3.292
1498.200	-2524.297	3.292
1498.400	-2524.566	3.292
1498.600	-2524.309	3.292
1498.800	-2524.101	3.292
1499.000	-2524.740	3.292
1499.200	-2524.832	3.292
1499.400	-2524.704	3.292
1499.600	-2524.302	3.292
1499.800	-2524.688	3.292
1500.000	-2524.936	3.291
1500.200	-2524.762	3.291
1500.400	-2524.723	3.291
1500.600	-2524.212	3.291
1500.800	-2524.120	3.291
1501.000	-2524.477	3.291
1501.200	-2524.678	3.291
1501.400	-2525.244	3.291
1501.600	-2525.376	3.291
1501.800	-2525.539	3.291
1502.000	-2525.333	3.291
1502.200	-2525.672	3.291
1502.400	-2525.460	3.291
1502.600	-2525.341	3.291
1502.800	-2525.516	3.291
1503.000	-2525.586	3.291
1503.200	-2525.632	3.291
1503.400	-2525.724	3.291
1503.600	-2525.536	3.291
1503.800	-2525.184	3.291
1504.000	-2525.233	3.291
1504.200	-2525.578	3.291
1504.400	-2525.666	3.291
1504.600	-2525.583	3.291
1504.800	-2525.426	3.291
1505.000	-2525.519	3.291
1505.200	-2525.659	3.291
1505.400	-2525.250	3.291
1505.600	-2524.740	3.291
1505.800	-2524.386	3.291
1506.000	-2524.427	3.291
1506.200	-2524.270	3.291
1506.400	-2524.601	3.291
1506.600	-2524.852	3.291
1506.800	-2524.730	3.291
1507.000	-2524.915	3.290
1507.200	-2525.242	3.290
1507.400	-2525.573	3.290
1507.600	-2526.022	3.290
1507.800	-2526.075	3.290
1508.000	-2525.811	3.290
1508.200	-2525.659	3.290
1508.400	-2525.364	3.290
1508.600	-2525.401	3.290
1508.800	-2525.247	3.290
1509.000	-2525.701	3.290
1509.200	-2525.550	3.290
1509.400	-2525.633	3.290
1509.600	-2525.552	3.290
1509.800	-2525.235	3.290
1510.000	-2524.735	3.290
1510.200	-2524.824	3.290
1510.400	-2524.524	3.290
1510.600	-2524.029	3.290
1510.800	-2524.289	3.290
1511.000	-2524.260	3.290
1511.200	-2524.336	3.290
1511.400	-2524.799	3.290
1511.600	-2524.672	3.290
1511.800	-2524.284	3.290
1512.000	-2524.068	3.290
1512.200	-2524.066	3.290
1512.400	-2524.440	3.290
1512.600	-2524.776	3.290
1512.800	-2524.635	3.290
1513.000	-2524.244	3.290
1513.200	-2524.264	3.290
1513.400	-2524.809	3.289
1513.600	-2524.846	3.289
1513.800	-2524.714	3.289
1514.000	-2525.662	3.289
1514.200	-2525.908	3.289
1514.400	-2525.768	3.289
1514.600	-2525.872	3.289
1514.800	-2525.404	3.289
1515.000	-2524.946	3.289
1515.200	-2525.365	3.289
1515.400	-2525.394	3.289
1515.600	-2525.388	3.289
1515.800	-2525.423	3.289
1516.000	-2525.733	3.289
1516.200	-2525.853	3.289
1516.400	-2526.114	3.289
1516.600	-2525.832	3.289
1516.800	-2525.873	3.289
1517.000	-2526.282	3.289
1517.200	-2526.162	3.289
1517.400	-2525.679	3.289
1517.600	-2525.321	3.289
1517.800	-2525.093	3.289
1518.000	-2524.797	3.289
1518.200	-2524.814	3.289
1518.400	-2524.660	3.289
1518.600	-2524.753	3.289
1518.800	-2524.506	3.289
1519.000	-2524.410	3.289
1519.200	-2524.315	3.288
1519.400	-2524.793	3.288
1519.600	-2524.926	3.288
1519.800	-2525.014	3.288
1520.000	-2524.533	3.288
1520.200	-2524.220	3.288
1520.400	-2524.305	3.288
1520.600	-2524.397	3.288
1520.800	-2524.607	3.288
1521.000	-2524.446	3.288
1521.200	-2524.264	3.288
1521.400	-2524.384	3.288
1521.600	-2524.799	3.288
1521.800	-2525.011	3.288
1522.000	-2524.999	3.288
1522.200	-2524.875	3.288
1522.400	-2524.800	3.288
1522.600	-2524.748	3.288
1522.800	-2524.614	3.288
1523.000	-2524.219	3.288
1523.200	-2524.321	3.288
1523.400	-2524.036	3.288
1523.600	-2524.154	3.288
1523.800	-2524.041	3.288
1524.000	-2524.004	3.288
1524.200	-2523.920	3.288
1524.400	-2523.907	3.288
1524.600	-2523.758	3.288
1524.800	-2523.553	3.288
1525.000	-2523.514	3.288
1525.200	-2523.269	3.288
1525.400	-2523.668	3.288
1525.600	-2524.535	3.287
1525.800	-2524.891	3.287
1526.000	-2525.005	3.287
1526.200	-2525.116	3.287
1526.400	-2524.932	3.287
1526.600	-2524.870	3.287
1526.800	-2524.915	3.287
1527.000	-2524.997	3.287
1527.200	-2524.969	3.287
1527.400	-2524.980	3.287
1527.600	-2524.723	3.287
1527.800	-2524.581	3.287
1528.000	-2524.562	3.287
1528.200	-2524.674	3.287
1528.400	-2524.905	3.287
1528.600	-2525.316	3.287
1528.800	-2525.062	3.287
1529.000	-2524.915	3.287
1529.200	-2524.895	3.287
1529.400	-2524.915	3.287
1529.600	-2524.632	3.287
1529.800	-2524.320	3.287
1530.000	-2524.158	3.287
1530.200	-2524.435	3.287
1530.400	-2524.961	3.287
1530.600	-2524.783	3.287
1530.800	-2524.604	3.287
1531.000	-2524.470	3.287
1531.200	-2524.194	3.287
1531.400	-2523.985	3.287
1531.600	-2524.287	3.287
1531.800	-2524.661	3.286
1532.000	-2524.888	3.286
1532.200	-2525.131	3.286
1532.400	-2525.078	3.286
1532.600	-2525.055	3.286
1532.800	-2525.237	3.286
1533.000	-2525.400	3.286
1533.200	-2525.651	3.286
1533.400	-2525.993	3.286
1533.600	-2525.881	3.286
1533.800	-2525.723	3.286
1534.000	-2525.699	3.286
1534.200	-2525.404	3.286
1534.400	-2525.457	3.286
1534.600	-2525.101	3.286
1534.800	-2525.237	3.286
1535.000	-2525.202	3.286
1535.200	-2525.400	3.286
1535.400	-2525.196	3.286
1535.600	-2525.319	3.286
1535.800	-2525.251	3.286
1536.000	-2524.899	3.286
1536.200	-2525.213	3.286
1536.400	-2524.902	3.286
1536.600	-2524.834	3.286
1536.800	-2524.449	3.286
1537.000	-2524.130	3.286
1537.200	-2523.945	3.286
1537.400	-2524.184	3.286
1537.600	-2523.952	3.286
1537.800	-2523.818	3.285
1538.000	-2524.617	3.285
1538.200	-2524.760	3.285
1538.400	-2524.323	3.285
1538.600	-2524.262	3.285
1538.800	-2524.212	3.285
1539.000	-2524.647	3.285
1539.200	-2524.774	3.285
1539.400	-2525.025	3.285
1539.600	-2524.696	3.285
1539.800	-2524.740	3.285
1540.000	-2524.405	3.285
1540.200	-2523.907	3.285
1540.400	-2523.942	3.285
1540.600	-2523.546	3.285
1540.800	-2523.831	3.285
1541.000	-2524.244	3.285
1541.200	-2524.230	3.285
1541.400	-2524.711	3.285
1541.600	-2524.922	3.285
1541.800	-2525.015	3.285
1542.000	-2524.988	3.285
1542.200	-2524.915	3.285
1542.400	-2525.346	3.285
1542.600	-2525.540	3.285
1542.800	-2525.139	3.285
1543.000	-2525.280	3.285
1543.200	-2525.108	3.285
1543.400	-2524.770	3.285
1543.600	-2524.544	3.285
1543.800	-2524.642	3.285
1544.000	-2524.446	3.285
1544.200	-2524.480	3.285
1544.400	-2524.902	3.285
1544.600	-2525.020	3.285
1544.800	-2525.451	3.284
1545.000	-2525.375	3.284
1545.200	-2525.079	3.284
1545.400	-2525.129	3.284
1545.600	-2524.649	3.284
1545.800	-2524.472	3.284
1546.000	-2524.758	3.284
1546.200	-2524.777	3.284
1546.400	-2524.595	3.284
1546.600	-2524.842	3.284
1546.800	-2525.254	3.284
1547.000	-2525.978	3.284
1547.200	-2525.887	3.284
1547.400	-2525.863	3.284
1547.600	-2525.595	3.284
1547.800	-2525.040	3.284
1548.000	-2524.706	3.284
1548.200	-2524.542	3.284
1548.400	-2524.013	3.284
1548.600	-2523.809	3.284
1548.800	-2523.924	3.284
1549.000	-2523.624	3.284
1549.200	-2523.335	3.284
1549.400	-2523.119	3.284
1549.600	-2523.344	3.284
1549.800	-2523.346	3.284
1550.000	-2523.950	3.284
1550.200	-2524.389	3.284
1550.400	-2524.552	3.284
1550.600	-2524.974	3.284
1550.800	-2525.001	3.284
1551.000	-2524.908	3.284
1551.200	-2524.891	3.284
1551.400	-2524.522	3.284
1551.600	-2524.325	3.284
1551.800	-2524.454	3.284
1552.000	-2524.264	3.283
1552.200	-2523.999	3.283
1552.400	-2524.117	3.283
1552.600	-2524.080	3.283
1552.800	-2524.559	3.283
1553.000	-2525.094	3.283
1553.200	-2525.842	3.283
1553.400	-2525.757	3.283
1553.600	-2525.298	3.283
1553.800	-2524.969	3.283
1554.000	-2524.568	3.283
1554.200	-2524.493	3.283
1554.400	-2524.171	3.283
1554.600	-2523.782	3.283
1554.800	-2523.715	3.283
1555.000	-2523.665	3.283
1555.200	-2523.883	3.283
1555.400	-2524.270	3.283
1555.600	-2524.196	3.283
1555.800	-2524.120	3.283
1556.000	-2523.936	3.283
1556.200	-2524.613	3.283
1556.400	-2525.024	3.283
1556.600	-2524.968	3.283
1556.800	-2525.007	3.283
1557.000	-2524.876	3.283
1557.200	-2524.753	3.283
1557.400	-2524.526	3.283
1557.600	-2524.717	3.283
1557.800	-2524.990	3.282
1558.000	-2524.844	3.282
1558.200	-2525.631	3.282
1558.400	-2525.592	3.282
1558.600	-2525.104	3.282
1558.800	-2524.940	3.282
1559.000	-2524.871	3.282
1559.200	-2524.941	3.282
1559.400	-2525.605	3.282
1559.600	-2525.289	3.282
1559.800	-2525.238	3.282
1560.000	-2525.173	3.282
1560.200	-2524.733	3.282
1560.400	-2524.575	3.282
1560.600	-2524.789	3.282
1560.800	-2524.295	3.282
1561.000	-2524.273	3.282
1561.200	-2524.579	3.282
1561.400	-2524.647	3.282
1561.600	-2524.863	3.282
1561.800	-2524.848	3.282
1562.000	-2524.827	3.282
1562.200	-2525.019	3.282
1562.400	-2525.253	3.282
1562.600	-2524.724	3.282
1562.800	-2524.527	3.282
1563.000	-2524.653	3.282
1563.200	-2524.379	3.282
1563.400	-2524.259	3.282
1563.600	-2525.172	3.281
1563.800	-2525.136	3.281
1564.000	-2525.676	3.281
1564.200	-2525.774	3.281
1564.400	-2525.726	3.281
1564.600	-2525.333	3.281
1564.800	-2525.183	3.281
1565.000	-2524.753	3.281
1565.200	-2524.570	3.281
1565.400	-2524.025	3.281
1565.600	-2523.756	3.281
1565.800	-2523.861	3.281
1566.000	-2523.726	3.281
1566.200	-2523.812	3.281
1566.400	-2523.666	3.281
1566.600	-2523.989	3.281
1566.800	-2524.026	3.281
1567.000	-2523.998	3.281
1567.200	-2523.873	3.281
1567.400	-2523.222	3.281
1567.600	-2523.613	3.281
1567.800	-2524.007	3.281
1568.000	-2524.074	3.281
1568.200	-2524.198	3.281
1568.400	-2523.838	3.281
1568.600	-2523.670	3.281
1568.800	-2523.878	3.281
1569.000	-2523.676	3.281
1569.200	-2523.869	3.281
1569.400	-2523.754	3.281
1569.600	-2524.274	3.281
1569.800	-2523.661	3.281
1570.000	-2523.625	3.281
1570.200	-2523.685	3.281
1570.400	-2523.910	3.281
1570.600	-2523.644	3.281
1570.800	-2523.451	3.281
1571.000	-2523.571	3.280
1571.200	-2523.363	3.280
1571.400	-2523.502	3.280
1571.600	-2523.368	3.280
1571.800	-2523.009	3.280
1572.000	-2522.727	3.280
1572.200	-2523.057	3.280
1572.400	-2523.204	3.280
1572.600	-2524.364	3.280
1572.800	-2524.463	3.280
1573.000	-2524.154	3.280
1573.200	-2523.758	3.280
1573.400	-2523.807	3.280
1573.600	-2524.236	3.280
1573.800	-2523.900	3.280
1574.000	-2523.425	3.280
1574.200	-2523.015	3.280
1574.400	-2523.452	3.280
1574.600	-2523.979	3.280
1574.800	-2523.669	3.280
1575.000	-2523.396	3.280
1575.200	-2523.625	3.280
1575.400	-2523.767	3.280
1575.600	-2523.690	3.280
1575.800	-2523.868	3.280
1576.000	-2523.815	3.280
1576.200	-2523.692	3.280
1576.400	-2524.264	3.279
1576.600	-2524.027	3.279
1576.800	-2523.758	3.279
1577.000	-2523.893	3.279
1577.200	-2523.981	3.279
1577.400	-2523.991	3.279
1577.600	-2524.510	3.279
1577.800	-2524.751	3.279
1578.000	-2524.636	3.279
1578.200	-2524.767	3.279
1578.400	-2524.690	3.279
1578.600	-2524.247	3.279
1578.800	-2524.815	3.279
1579.000	-2524.669	3.279
1579.200	-2524.634	3.279
1579.400	-2524.230	3.279
1579.600	-2524.068	3.279
1579.800	-2523.975	3.279
1580.000	-2524.226	3.279
1580.200	-2524.257	3.279
1580.400	-2523.849	3.279
1580.600	-2523.859	3.279
1580.800	-2523.530	3.279
1581.000	-2523.233	3.279
1581.200	-2523.997	3.279
1581.400	-2523.692	3.279
1581.600	-2523.387	3.279
1581.800	-2523.137	3.279
1582.000	-2522.763	3.279
1582.200	-2523.163	3.279
1582.400	-2522.849	3.279
1582.600	-2523.229	3.279
1582.800	-2523.785	3.278
1583.000	-2524.068	3.278
1583.200	-2523.851	3.278
1583.400	-2523.499	3.278
1583.600	-2523.439	3.278
1583.800	-2523.275	3.278
1584.000	-2523.121	3.278
1584.200	-2523.052	3.278
1584.400	-2523.144	3.278
1584.600	-2523.395	3.278
1584.800	-2523.875	3.278
1585.000	-2523.472	3.278
1585.200	-2523.454	3.278
1585.400	-2523.065	3.278
1585.600	-2522.870	3.278
1585.800	-2523.173	3.278
1586.000	-2523.741	3.278
1586.200	-2523.565	3.278
1586.400	-2523.955	3.278
1586.600	-2524.061	3.278
1586.800	-2524.259	3.278
1587.000	-2524.192	3.278
1587.200	-2524.549	3.278
1587.400	-2524.152	3.278
1587.600	-2524.337	3.278
1587.800	-2524.485	3.278
1588.000	-2523.887	3.278
1588.200	-2524.317	3.278
1588.400	-2524.006	3.278
1588.600	-2523.614	3.278
1588.800	-2523.378	3.278
1589.000	-2523.287	3.277
1589.200	-2523.542	3.277
1589.400	-2523.917	3.277
1589.600	-2524.262	3.277
1589.800	-2524.207	3.277
1590.000	-2523.707	3.277
1590.200	-2523.402	3.277
1590.400	-2523.729	3.277
1590.600	-2524.581	3.277
1590.800	-2524.608	3.277
1591.000	-2524.316	3.277
1591.200	-2523.985	3.277
1591.400	-2523.729	3.277
1591.600	-2523.786	3.277
1591.800	-2524.058	3.277
1592.000	-2524.598	3.277
1592.200	-2524.521	3.277
1592.400	-2524.956	3.277
1592.600	-2525.037	3.277
1592.800	-2525.103	3.277
1593.000	-2525.151	3.277
1593.200	-2524.812	3.277
1593.400	-2524.724	3.277
1593.600	-2524.407	3.277
1593.800	-2524.232	3.277
1594.000	-2524.892	3.276
1594.200	-2525.047	3.276
1594.400	-2525.084	3.276
1594.600	-2525.011	3.276
1594.800	-2524.888	3.276
1595.000	-2524.909	3.276
1595.200	-2525.399	3.276
1595.400	-2525.427	3.276
1595.600	-2525.365	3.276
1595.800	-2524.944	3.276
1596.000	-2524.514	3.276
1596.200	-2524.747	3.276
1596.400	-2524.951	3.276
1596.600	-2525.011	3.276
1596.800	-2524.786	3.276
1597.000	-2524.838	3.276
1597.200	-2525.055	3.276
1597.400	-2524.756	3.276
1597.600	-2524.313	3.276
1597.800	-2524.247	3.276
1598.000	-2524.369	3.276
1598.200	-2524.821	3.276
1598.400	-2524.688	3.276
1598.600	-2524.355	3.276
1598.800	-2523.990	3.276
1599.000	-2524.045	3.276
1599.200	-2524.675	3.276
1599.400	-2524.483	3.276
1599.600	-2524.250	3.276
1599.800	-2524.202	3.276
1600.000	-2524.488	3.275
1600.200	-2524.204	3.275
1600.400	-2523.851	3.275
1600.600	-2524.089	3.275
1600.800	-2524.140	3.275
1601.000	-2524.014	3.275
1601.200	-2524.197	3.275
1601.400	-2524.357	3.275
1601.600	-2523.977	3.275
1601.800	-2524.087	3.275
1602.000	-2523.982	3.275
1602.200	-2523.844	3.275
1602.400	-2523.748	3.275
1602.600	-2523.594	3.275
1602.800	-2523.304	3.275
1603.000	-2523.282	3.275
1603.200	-2523.225	3.275
1603.400	-2523.323	3.275
1603.600	-2523.801	3.275
1603.800	-2523.866	3.275
1604.000	-2523.856	3.275
1604.200	-2523.123	3.275
1604.400	-2523.229	3.275
1604.600	-2522.992	3.275
1604.800	-2523.096	3.275
1605.000	-2522.955	3.275
1605.200	-2523.589	3.275
1605.400	-2523.565	3.275
1605.600	-2523.291	3.275
1605.800	-2523.782	3.275
1606.000	-2523.846	3.275
1606.200	-2523.590	3.275
1606.400	-2523.365	3.275
1606.600	-2523.212	3.274
1606.800	-2523.241	3.274
1607.000	-2523.444	3.274
1607.200	-2523.522	3.274
1607.400	-2523.705	3.274
1607.600	-2523.639	3.274
1607.800	-2523.565	3.274
1608.000	-2523.301	3.274
1608.200	-2523.061	3.274
1608.400	-2522.841	3.274
1608.600	-2523.265	3.274
1608.800	-2523.123	3.274
1609.000	-2523.503	3.274
1609.200	-2523.693	3.274
1609.400	-2523.534	3.274
1609.600	-2523.828	3.274
1609.800	-2523.728	3.274
1610.000	-2523.628	3.274
1610.200	-2523.984	3.274
1610.400	-2524.029	3.274
1610.600	-2524.307	3.274
1610.800	-2524.590	3.274
1611.000	-2524.744	3.274
1611.200	-2524.518	3.274
1611.400	-2524.668	3.274
1611.600	-2524.468	3.274
1611.800	-2524.353	3.274
1612.000	-2524.144	3.273
1612.200	-2524.025	3.273
1612.400	-2524.199	3.273
1612.600	-2524.380	3.273
1612.800	-2524.621	3.273
1613.000	-2524.612	3.273
1613.200	-2524.176	3.273
1613.400	-2523.755	3.273
1613.600	-2523.750	3.273
1613.800	-2524.296	3.273
1614.000	-2524.150	3.273
1614.200	-2523.748	3.273
1614.400	-2523.643	3.273
1614.600	-2523.833	3.273
1614.800	-2523.929	3.273
1615.000	-2523.690	3.273
1615.200	-2523.462	3.273
1615.400	-2523.606	3.273
1615.600	-2524.013	3.273
1615.800	-2523.867	3.273
1616.000	-2523.647	3.273
1616.200	-2523.241	3.273
1616.400	-2522.896	3.273
1616.600	-2522.586	3.273
1616.800	-2522.500	3.273
1617.000	-2523.000	3.273
1617.200	-2522.749	3.273
1617.400	-2522.841	3.273
1617.600	-2522.702	3.273
1617.800	-2523.136	3.273
1618.000	-2523.176	3.273
1618.200	-2523.462	3.273
1618.400	-2523.757	3.272
1618.600	-2523.499	3.272
1618.800	-2523.459	3.272
1619.000	-2523.507	3.272
1619.200	-2523.311	3.272
1619.400	-2523.515	3.272
1619.600	-2523.730	3.272
1619.800	-2524.165	3.272
1620.000	-2523.944	3.272
1620.200	-2523.554	3.272
1620.400	-2523.268	3.272
1620.600	-2523.852	3.272
1620.800	-2523.567	3.272
1621.000	-2523.326	3.272
1621.200	-2523.515	3.272
1621.400	-2523.611	3.272
1621.600	-2523.998	3.272
1621.800	-2523.704	3.272
1622.000	-2524.122	3.272
1622.200	-2524.092	3.272
1622.400	-2523.906	3.272
1622.600	-2523.809	3.272
1622.800	-2523.698	3.272
1623.000	-2523.443	3.272
1623.200	-2523.528	3.272
1623.400	-2523.808	3.272
1623.600	-2523.955	3.272
1623.800	-2523.792	3.272
1624.000	-2523.625	3.272
1624.200	-2523.023	3.272
1624.400	-2522.920	3.272
1624.600	-2523.214	3.272
1624.800	-2523.448	3.271
1625.000	-2523.341	3.271
1625.200	-2522.963	3.271
1625.400	-2523.000	3.271
1625.600	-2522.836	3.271
1625.800	-2522.990	3.271
1626.000	-2523.273	3.271
1626.200	-2522.963	3.271
1626.400	-2522.611	3.271
1626.600	-2522.739	3.271
1626.800	-2522.689	3.271
1627.000	-2522.660	3.271
1627.200	-2522.805	3.271
1627.400	-2523.542	3.271
1627.600	-2523.728	3.271
1627.800	-2524.283	3.271
1628.000	-2524.399	3.271
1628.200	-2524.844	3.271
1628.400	-2524.951	3.271
1628.600	-2524.792	3.271
1628.800	-2524.495	3.271
1629.000	-2524.306	3.271
1629.200	-2524.056	3.271
1629.400	-2523.750	3.271
1629.600	-2523.690	3.271
1629.800	-2523.937	3.271
1630.000	-2524.213	3.270
1630.200	-2524.575	3.270
1630.400	-2524.613	3.270
1630.600	-2524.819	3.270
1630.800	-2524.943	3.270
1631.000	-2524.948	3.270
1631.200	-2524.350	3.270
1631.400	-2524.379	3.270
1631.600	-2524.356	3.270
1631.800	-2524.025	3.270
1632.000	-2524.013	3.270
1632.200	-2523.761	3.270
1632.400	-2523.487	3.270
1632.600	-2523.761	3.270
1632.800	-2523.361	3.270
1633.000	-2523.030	3.270
1633.200	-2523.242	3.270
1633.400	-2523.309	3.270
1633.600	-2523.232	3.270
1633.800	-2523.305	3.270
1634.000	-2523.428	3.270
1634.200	-2523.543	3.270
1634.400	-2523.396	3.270
1634.600	-2523.491	3.270
1634.800	-2523.539	3.270
1635.000	-2523.368	3.270
1635.200	-2523.540	3.270
1635.400	-2523.409	3.270
1635.600	-2523.004	3.270
1635.800	-2522.650	3.270
1636.000	-2522.863	3.270
1636.200	-2522.887	3.270
1636.400	-2523.113	3.270
1636.600	-2523.120	3.270
1636.800	-2522.855	3.269
1637.000	-2523.192	3.269
1637.200	-2523.728	3.269
1637.400	-2523.583	3.269
1637.600	-2523.471	3.269
1637.800	-2523.469	3.269
1638.000	-2523.887	3.269
1638.200	-2523.827	3.269
1638.400	-2524.052	3.269
1638.600	-2523.923	3.269
1638.800	-2524.254	3.269
1639.000	-2524.049	3.269
1639.200	-2524.349	3.269
1639.400	-2524.102	3.269
1639.600	-2523.871	3.269
1639.800	-2523.548	3.269
1640.000	-2523.274	3.269
1640.200	-2523.610	3.269
1640.400	-2523.741	3.269
1640.600	-2523.937	3.269
1640.800	-2523.867	3.269
1641.000	-2523.835	3.269
1641.200	-2524.515	3.269
1641.400	-2524.094	3.269
1641.600	-2523.768	3.269
1641.800	-2523.708	3.269
1642.000	-2523.700	3.269
1642.200	-2523.677	3.268
1642.400	-2523.431	3.269
1642.600	-2523.371	3.268
1642.800	-2523.112	3.268
1643.000	-2523.010	3.268
1643.200	-2523.290	3.268
1643.400	-2523.692	3.268
1643.600	-2523.554	3.268
1643.800	-2523.252	3.268
1644.000	-2523.475	3.268
1644.200	-2523.335	3.268
1644.400	-2523.339	3.268
1644.600	-2522.871	3.268
1644.800	-2522.787	3.268
1645.000	-2522.819	3.268
1645.200	-2523.020	3.268
1645.400	-2523.558	3.268
1645.600	-2523.213	3.268
1645.800	-2522.819	3.268
1646.000	-2523.054	3.268
1646.200	-2523.490	3.268
1646.400	-2523.575	3.268
1646.600	-2523.655	3.268
1646.800	-2523.691	3.268
1647.000	-2524.006	3.268
1647.200	-2524.186	3.268
1647.400	-2524.266	3.268
1647.600	-2524.580	3.267
1647.800	-2524.570	3.267
1648.000	-2524.209	3.267
1648.200	-2524.035	3.267
1648.400	-2523.767	3.267
1648.600	-2523.788	3.267
1648.800	-2524.125	3.267
1649.000	-2523.944	3.267
1649.200	-2523.953	3.267
1649.400	-2523.648	3.267
1649.600	-2523.916	3.267
1649.800	-2524.192	3.267
1650.000	-2524.311	3.267
1650.200	-2523.976	3.267
1650.400	-2523.849	3.267
1650.600	-2523.580	3.267
1650.800	-2523.675	3.267
1651.000	-2523.572	3.267
1651.200	-2523.406	3.267
1651.400	-2523.954	3.267
1651.600	-2524.180	3.267
1651.800	-2523.839	3.267
1652.000	-2523.774	3.267
1652.200	-2523.634	3.267
1652.400	-2523.421	3.267
1652.600	-2523.020	3.267
1652.800	-2522.824	3.267
1653.000	-2523.093	3.267
1653.200	-2523.608	3.267
1653.400	-2524.182	3.266
1653.600	-2523.771	3.267
1653.800	-2523.268	3.267
1654.000	-2522.773	3.267
1654.200	-2522.737	3.266
1654.400	-2523.407	3.266
1654.600	-2523.545	3.266
1654.800	-2524.009	3.266
1655.000	-2523.914	3.266
1655.200	-2523.757	3.266
1655.400	-2523.655	3.266
1655.600	-2523.440	3.266
1655.800	-2523.274	3.266
1656.000	-2523.314	3.266
1656.200	-2523.147	3.266
1656.400	-2523.186	3.266
1656.600	-2523.311	3.266
1656.800	-2523.273	3.266
1657.000	-2523.531	3.266
1657.200	-2523.636	3.266
1657.400	-2523.709	3.266
1657.600	-2523.736	3.266
1657.800	-2523.701	3.266
1658.000	-2524.263	3.266
1658.200	-2524.219	3.266
1658.400	-2524.821	3.266
1658.600	-2525.321	3.265
1658.800	-2524.732	3.266
1659.000	-2524.333	3.266
1659.200	-2523.999	3.265
1659.400	-2524.737	3.265
1659.600	-2524.587	3.265
1659.800	-2523.946	3.265
1660.000	-2524.179	3.265
1660.200	-2524.253	3.265
1660.400	-2524.468	3.265
1660.600	-2524.644	3.265
1660.800	-2524.533	3.265
1661.000	-2524.458	3.265
1661.200	-2524.982	3.265
1661.400	-2524.805	3.265
1661.600	-2524.757	3.265
1661.800	-2524.813	3.265
1662.000	-2524.480	3.265
1662.200	-2524.200	3.265
1662.400	-2524.001	3.265
1662.600	-2523.926	3.265
1662.800	-2523.860	3.265
1663.000	-2523.777	3.265
1663.200	-2523.811	3.265
1663.400	-2523.886	3.265
1663.600	-2523.924	3.265
1663.800	-2523.895	3.265
1664.000	-2523.691	3.265
1664.200	-2523.425	3.265
1664.400	-2523.417	3.265
1664.600	-2523.726	3.265
1664.800	-2523.505	3.265
1665.000	-2523.412	3.265
1665.200	-2523.357	3.264
1665.400	-2523.625	3.264
1665.600	-2523.515	3.264
1665.800	-2523.132	3.264
1666.000	-2522.900	3.264
1666.200	-2522.809	3.264
1666.400	-2522.551	3.264
1666.600	-2522.575	3.264
1666.800	-2522.718	3.264
1667.000	-2522.580	3.264
1667.200	-2522.743	3.264
1667.400	-2522.937	3.264
1667.600	-2523.455	3.264
1667.800	-2524.013	3.264
1668.000	-2524.161	3.264
1668.200	-2523.901	3.264
1668.400	-2523.853	3.264
1668.600	-2523.924	3.264
1668.800	-2524.420	3.264
1669.000	-2524.343	3.264
1669.200	-2524.113	3.264
1669.400	-2524.070	3.264
1669.600	-2523.867	3.264
1669.800	-2524.175	3.264
1670.000	-2524.196	3.264
1670.200	-2524.270	3.263
1670.400	-2523.966	3.263
1670.600	-2524.250	3.263
1670.800	-2524.154	3.263
1671.000	-2523.692	3.263
1671.200	-2523.548	3.263
1671.400	-2523.843	3.263
1671.600	-2523.678	3.263
1671.800	-2523.230	3.263
1672.000	-2522.940	3.263
1672.200	-2523.041	3.263
1672.400	-2522.958	3.263
1672.600	-2522.901	3.263
1672.800	-2522.944	3.263
1673.000	-2522.940	3.263
1673.200	-2523.018	3.263
1673.400	-2523.219	3.263
1673.600	-2523.112	3.263
1673.800	-2522.851	3.263
1674.000	-2522.837	3.263
1674.200	-2522.703	3.263
1674.400	-2523.045	3.263
1674.600	-2522.982	3.263
1674.800	-2522.690	3.263
1675.000	-2522.740	3.263
1675.200	-2522.554	3.263
1675.400	-2522.420	3.263
1675.600	-2522.371	3.263
1675.800	-2522.382	3.263
1676.000	-2522.466	3.263
1676.200	-2522.580	3.263
1676.400	-2522.655	3.263
1676.600	-2522.672	3.263
1676.800	-2522.735	3.263
1677.000	-2522.819	3.262
1677.200	-2523.133	3.262
1677.400	-2522.832	3.262
1677.600	-2523.068	3.262
1677.800	-2523.247	3.262
1678.000	-2523.062	3.262
1678.200	-2523.122	3.262
1678.400	-2523.288	3.262
1678.600	-2523.395	3.262
1678.800	-2523.058	3.262
1679.000	-2523.082	3.262
1679.200	-2523.268	3.262
1679.400	-2523.217	3.262
1679.600	-2522.980	3.262
1679.800	-2523.060	3.262
1680.000	-2523.009	3.262
1680.200	-2522.693	3.262
1680.400	-2522.775	3.262
1680.600	-2522.697	3.262
1680.800	-2522.673	3.262
1681.000	-2523.090	3.262
1681.200	-2522.945	3.262
1681.400	-2523.040	3.262
1681.600	-2523.341	3.262
1681.800	-2523.088	3.262
1682.000	-2523.530	3.262
1682.200	-2523.623	3.261
1682.400	-2523.712	3.261
1682.600	-2523.684	3.261
1682.800	-2523.584	3.261
1683.000	-2523.909	3.261
1683.200	-2523.749	3.261
1683.400	-2523.903	3.261
1683.600	-2524.143	3.261
1683.800	-2523.885	3.261
1684.000	-2524.379	3.261
1684.200	-2524.158	3.261
1684.400	-2524.014	3.261
1684.600	-2523.650	3.261
1684.800	-2523.367	3.261
1685.000	-2523.112	3.261
1685.200	-2523.194	3.261
1685.400	-2523.236	3.261
1685.600	-2523.176	3.261
1685.800	-2523.061	3.261
1686.000	-2522.645	3.261
1686.200	-2522.950	3.261
1686.400	-2523.152	3.261
1686.600	-2523.213	3.261
1686.800	-2523.166	3.261
1687.000	-2523.234	3.261
1687.200	-2523.484	3.261
1687.400	-2523.486	3.261
1687.600	-2523.593	3.260
1687.800	-2523.807	3.260
1688.000	-2523.686	3.260
1688.200	-2523.475	3.260
1688.400	-2523.682	3.260
1688.600	-2523.931	3.260
1688.800	-2523.842	3.260
1689.000	-2523.649	3.260
1689.200	-2523.534	3.260
1689.400	-2523.694	3.260
1689.600	-2524.089	3.260
1689.800	-2523.864	3.260
1690.000	-2524.048	3.260
1690.200	-2524.611	3.260
1690.400	-2524.361	3.260
1690.600	-2524.522	3.260
1690.800	-2523.931	3.260
1691.000	-2523.669	3.260
1691.200	-2523.404	3.260
1691.400	-2523.534	3.260
1691.600	-2523.068	3.260
1691.800	-2522.950	3.260
1692.000	-2523.097	3.260
1692.200	-2523.202	3.260
1692.400	-2523.479	3.260
1692.600	-2523.288	3.260
1692.800	-2523.471	3.260
1693.000	-2523.924	3.260
1693.200	-2523.609	3.260
1693.400	-2523.077	3.260
1693.600	-2523.153	3.260
1693.800	-2523.779	3.259
1694.000	-2524.032	3.259
1694.200	-2524.295	3.259
1694.400	-2524.196	3.259
1694.600	-2523.959	3.259
1694.800	-2523.657	3.259
1695.000	-2523.667	3.259
1695.200	-2523.473	3.259
1695.400	-2523.504	3.259
1695.600	-2523.641	3.259
1695.800	-2523.751	3.259
1696.000	-2524.162	3.259
1696.200	-2524.470	3.259
1696.400	-2524.115	3.259
1696.600	-2523.904	3.259
1696.800	-2523.651	3.259
1697.000	-2523.168	3.259
1697.200	-2523.365	3.259
1697.400	-2523.249	3.259
1697.600	-2523.091	3.259
1697.800	-2523.125	3.259
1698.000	-2522.777	3.259
1698.200	-2522.638	3.259
1698.400	-2522.787	3.259
1698.600	-2523.210	3.259
1698.800	-2523.489	3.259
1699.000	-2523.929	3.258
1699.200	-2523.725	3.258
1699.400	-2523.631	3.258
1699.600	-2523.575	3.258
1699.800	-2523.492	3.258
1700.000	-2523.547	3.258
1700.200	-2523.393	3.258
1700.400	-2523.302	3.258
1700.600	-2522.841	3.258
1700.800	-2522.897	3.258
1701.000	-2523.795	3.258
1701.200	-2523.995	3.258
1701.400	-2523.857	3.258
1701.600	-2523.535	3.258
1701.800	-2523.363	3.258
1702.000	-2522.974	3.258
1702.200	-2522.960	3.258
1702.400	-2523.283	3.258
1702.600	-2523.254	3.258
1702.800	-2523.161	3.258
1703.000	-2523.460	3.258
1703.200	-2523.607	3.258
1703.400	-2524.237	3.258
1703.600	-2524.195	3.258
1703.800	-2523.891	3.258
1704.000	-2523.630	3.258
1704.200	-2523.659	3.258
1704.400	-2523.242	3.258
1704.600	-2523.030	3.258
1704.800	-2523.313	3.258
1705.000	-2523.625	3.257
1705.200	-2523.330	3.258
1705.400	-2523.749	3.257
1705.600	-2523.902	3.257
1705.800	-2523.647	3.257
1706.000	-2524.129	3.257
1706.200	-2524.244	3.257
1706.400	-2524.153	3.257
1706.600	-2524.209	3.257
1706.800	-2523.777	3.257
1707.000	-2523.251	3.257
1707.200	-2522.932	3.257
1707.400	-2522.845	3.257
1707.600	-2523.073	3.257
1707.800	-2522.983	3.257
1708.000	-2523.028	3.257
1708.200	-2523.151	3.257
1708.400	-2523.708	3.257
1708.600	-2523.926	3.257
1708.800	-2523.933	3.257
1709.000	-2523.850	3.257
1709.200	-2523.540	3.257
1709.400	-2523.368	3.257
1709.600	-2522.882	3.257
1709.800	-2522.648	3.257
1710.000	-2522.511	3.257
1710.200	-2522.514	3.257
1710.400	-2522.745	3.257
1710.600	-2522.681	3.257
1710.800	-2522.791	3.257
1711.000	-2522.612	3.257
1711.200	-2522.561	3.256
1711.400	-2522.963	3.256
1711.600	-2523.193	3.256
1711.800	-2522.813	3.256
1712.000	-2523.163	3.256
1712.200	-2523.283	3.256
1712.400	-2523.084	3.256
1712.600	-2522.762	3.256
1712.800	-2522.886	3.256
1713.000	-2522.681	3.256
1713.200	-2522.613	3.256
1713.400	-2522.892	3.256
1713.600	-2522.704	3.256
1713.800	-2522.565	3.256
1714.000	-2522.787	3.256
1714.200	-2523.033	3.256
1714.400	-2523.315	3.256
1714.600	-2523.221	3.256
1714.800	-2523.329	3.256
1715.000	-2523.381	3.256
1715.200	-2523.124	3.256
1715.400	-2522.902	3.256
1715.600	-2522.745	3.256
1715.800	-2523.176	3.256
1716.000	-2523.322	3.255
1716.200	-2523.005	3.255
1716.400	-2523.060	3.255
1716.600	-2522.923	3.255
1716.800	-2523.338	3.255
1717.000	-2523.290	3.255
1717.200	-2523.491	3.255
1717.400	-2523.563	3.255
1717.600	-2523.450	3.255
1717.800	-2523.772	3.255
1718.000	-2523.785	3.255
1718.200	-2523.723	3.255
1718.400	-2523.719	3.255
1718.600	-2523.745	3.255
1718.800	-2524.051	3.255
1719.000	-2523.876	3.255
1719.200	-2523.746	3.255
1719.400	-2523.933	3.255
1719.600	-2524.647	3.255
1719.800	-2524.426	3.255
1720.000	-2523.920	3.255
1720.200	-2523.437	3.255
1720.400	-2523.236	3.255
1720.600	-2523.581	3.255
1720.800	-2523.630	3.255
1721.000	-2524.362	3.254
1721.200	-2524.431	3.254
1721.400	-2524.366	3.254
1721.600	-2524.624	3.254
1721.800	-2524.366	3.254
1722.000	-2524.248	3.254
1722.200	-2524.069	3.254
1722.400	-2524.189	3.254
1722.600	-2524.249	3.254
1722.800	-2524.698	3.254
1723.000	-2524.902	3.254
1723.200	-2524.988	3.254
1723.400	-2524.707	3.254
1723.600	-2524.583	3.254
1723.800	-2524.179	3.254
1724.000	-2524.138	3.254
1724.200	-2524.117	3.254
1724.400	-2523.860	3.254
1724.600	-2523.956	3.254
1724.800	-2524.152	3.254
1725.000	-2524.443	3.254
1725.200	-2524.480	3.254
1725.400	-2524.651	3.254
1725.600	-2524.699	3.254
1725.800	-2524.949	3.254
1726.000	-2524.843	3.253
1726.200	-2525.044	3.253
1726.400	-2525.200	3.253
1726.600	-2525.351	3.253
1726.800	-2525.599	3.253
1727.000	-2525.320	3.253
1727.200	-2525.265	3.253
1727.400	-2525.126	3.253
1727.600	-2524.685	3.253
1727.800	-2524.290	3.253
1728.000	-2523.973	3.253
1728.200	-2524.145	3.253
1728.400	-2523.966	3.253
1728.600	-2523.636	3.253
1728.800	-2523.380	3.253
1729.000	-2523.428	3.253
1729.200	-2523.691	3.253
1729.400	-2523.677	3.253
1729.600	-2523.639	3.253
1729.800	-2524.267	3.253
1730.000	-2524.147	3.253
1730.200	-2523.834	3.253
1730.400	-2523.685	3.253
1730.600	-2523.472	3.253
1730.800	-2523.530	3.253
1731.000	-2523.491	3.253
1731.200	-2524.246	3.253
1731.400	-2524.223	3.253
1731.600	-2523.880	3.253
1731.800	-2523.297	3.253
1732.000	-2523.413	3.253
1732.200	-2523.227	3.252
1732.400	-2523.556	3.252
1732.600	-2523.656	3.252
1732.800	-2523.906	3.252
1733.000	-2523.730	3.252
1733.200	-2523.595	3.252
1733.400	-2523.756	3.252
1733.600	-2523.674	3.252
1733.800	-2523.503	3.252
1734.000	-2523.260	3.252
1734.200	-2523.341	3.252
1734.400	-2523.138	3.252
1734.600	-2523.230	3.252
1734.800	-2523.342	3.252
1735.000	-2523.516	3.252
1735.200	-2523.190	3.252
1735.400	-2523.058	3.252
1735.600	-2523.325	3.252
1735.800	-2523.257	3.252
1736.000	-2523.301	3.252
1736.200	-2523.508	3.252
1736.400	-2523.461	3.252
1736.600	-2523.783	3.252
1736.800	-2523.880	3.252
1737.000	-2524.346	3.252
1737.200	-2524.082	3.252
1737.400	-2523.767	3.251
1737.600	-2523.547	3.251
1737.800	-2523.769	3.251
1738.000	-2523.878	3.251
1738.200	-2523.808	3.251
1738.400	-2524.074	3.251
1738.600	-2523.940	3.251
1738.800	-2523.816	3.251
1739.000	-2523.854	3.251
1739.200	-2523.631	3.251
1739.400	-2523.681	3.251
1739.600	-2523.522	3.251
1739.800	-2523.448	3.251
1740.000	-2524.137	3.251
1740.200	-2523.712	3.251
1740.400	-2523.413	3.251
1740.600	-2523.501	3.251
1740.800	-2523.109	3.251
1741.000	-2523.111	3.251
1741.200	-2523.600	3.251
1741.400	-2523.661	3.251
1741.600	-2523.698	3.251
1741.800	-2523.622	3.251
1742.000	-2523.262	3.251
1742.200	-2523.377	3.251
1742.400	-2523.305	3.251
1742.600	-2523.206	3.251
1742.800	-2523.082	3.251
1743.000	-2522.882	3.251
1743.200	-2523.199	3.250
1743.400	-2523.317	3.250
1743.600	-2523.795	3.250
1743.800	-2524.294	3.250
1744.000	-2524.495	3.250
1744.200	-2524.258	3.250
1744.400	-2523.883	3.250
1744.600	-2523.908	3.250
1744.800	-2523.759	3.250
1745.000	-2524.048	3.250
1745.200	-2524.077	3.250
1745.400	-2524.234	3.250
1745.600	-2523.812	3.250
1745.800	-2523.741	3.250
1746.000	-2524.228	3.250
1746.200	-2524.182	3.250
1746.400	-2524.393	3.250
1746.600	-2524.853	3.250
1746.800	-2525.376	3.250
1747.000	-2524.920	3.250
1747.200	-2524.862	3.250
1747.400	-2524.632	3.250
1747.600	-2524.437	3.250
1747.800	-2524.369	3.250
1748.000	-2524.584	3.249
1748.200	-2524.604	3.249
1748.400	-2524.475	3.249
1748.600	-2524.207	3.249
1748.800	-2523.825	3.249
1749.000	-2523.775	3.249
1749.200	-2523.669	3.249
1749.400	-2524.080	3.249
1749.600	-2524.003	3.249
1749.800	-2524.199	3.249
1750.000	-2523.964	3.249
1750.200	-2523.941	3.249
1750.400	-2523.780	3.249
1750.600	-2523.253	3.249
1750.800	-2523.551	3.249
1751.000	-2523.530	3.249
1751.200	-2523.349	3.249
1751.400	-2523.530	3.249
1751.600	-2523.610	3.249
1751.800	-2523.279	3.249
1752.000	-2523.344	3.249
1752.200	-2523.399	3.249
1752.400	-2523.309	3.249
1752.600	-2523.047	3.249
1752.800	-2523.036	3.249
1753.000	-2522.967	3.249
1753.200	-2523.265	3.249
1753.400	-2523.578	3.249
1753.600	-2523.571	3.249
1753.800	-2523.346	3.249
1754.000	-2523.207	3.248
1754.200	-2523.160	3.248
1754.400	-2523.271	3.248
1754.600	-2523.503	3.248
1754.800	-2523.702	3.248
1755.000	-2523.882	3.248
1755.200	-2523.545	3.248
1755.400	-2523.599	3.248
1755.600	-2523.453	3.248
1755.800	-2523.469	3.248
1756.000	-2523.415	3.248
1756.200	-2523.260	3.248
1756.400	-2523.380	3.248
1756.600	-2523.516	3.248
1756.800	-2523.299	3.248
1757.000	-2523.341	3.248
1757.200	-2523.185	3.248
1757.400	-2522.962	3.248
1757.600	-2523.077	3.248
1757.800	-2522.825	3.248
1758.000	-2522.717	3.248
1758.200	-2522.645	3.248
1758.400	-2522.856	3.248
1758.600	-2522.886	3.248
1758.800	-2523.113	3.248
1759.000	-2523.380	3.248
1759.200	-2523.044	3.248
1759.400	-2523.108	3.248
1759.600	-2523.359	3.247
1759.800	-2523.078	3.247
1760.000	-2522.963	3.247
1760.200	-2522.728	3.247
1760.400	-2523.620	3.247
1760.600	-2523.417	3.247
1760.800	-2523.387	3.247
1761.000	-2523.119	3.247
1761.200	-2522.970	3.247
1761.400	-2522.710	3.247
1761.600	-2522.570	3.247
1761.800	-2522.640	3.247
1762.000	-2522.677	3.247
1762.200	-2522.587	3.247
1762.400	-2522.767	3.247
1762.600	-2523.091	3.247
1762.800	-2522.895	3.247
1763.000	-2523.173	3.247
1763.200	-2523.154	3.247
1763.400	-2523.625	3.247
1763.600	-2523.689	3.247
1763.800	-2523.917	3.247
1764.000	-2524.080	3.247
1764.200	-2523.813	3.247
1764.400	-2524.073	3.247
1764.600	-2524.096	3.247
1764.800	-2523.931	3.246
1765.000	-2524.439	3.246
1765.200	-2524.248	3.246
1765.400	-2523.706	3.246
1765.600	-2523.586	3.246
1765.800	-2523.963	3.246
1766.000	-2524.103	3.246
1766.200	-2523.919	3.246
1766.400	-2523.840	3.246
1766.600	-2524.109	3.246
1766.800	-2524.176	3.246
1767.000	-2523.949	3.246
1767.200	-2523.799	3.246
1767.400	-2523.464	3.246
1767.600	-2523.104	3.246
1767.800	-2523.000	3.246
1768.000	-2522.786	3.246
1768.200	-2523.163	3.246
1768.400	-2523.110	3.246
1768.600	-2523.215	3.246
1768.800	-2523.319	3.246
1769.000	-2523.147	3.246
1769.200	-2523.382	3.246
1769.400	-2523.240	3.246
1769.600	-2523.120	3.246
1769.800	-2523.356	3.246
1770.000	-2523.374	3.246
1770.200	-2523.540	3.245
1770.400	-2523.991	3.245
1770.600	-2524.338	3.245
1770.800	-2524.235	3.245
1771.000	-2523.741	3.245
1771.200	-2523.871	3.245
1771.400	-2523.719	3.245
1771.600	-2523.296	3.245
1771.800	-2523.048	3.245
1772.000	-2523.341	3.245
1772.200	-2523.288	3.245
1772.400	-2523.780	3.245
1772.600	-2524.040	3.245
1772.800	-2524.357	3.245
1773.000	-2524.045	3.245
1773.200	-2524.143	3.245
1773.400	-2524.875	3.245
1773.600	-2525.128	3.245
1773.800	-2525.017	3.245
1774.000	-2524.882	3.245
1774.200	-2524.660	3.245
1774.400	-2524.980	3.245
1774.600	-2525.659	3.245
1774.800	-2525.694	3.244
1775.000	-2525.098	3.244
1775.200	-2524.510	3.245
1775.400	-2524.285	3.244
1775.600	-2523.895	3.245
1775.800	-2524.087	3.244
1776.000	-2524.088	3.244
1776.200	-2524.519	3.244
1776.400	-2525.157	3.244
1776.600	-2525.264	3.244
1776.800	-2525.069	3.244
1777.000	-2524.441	3.244
1777.200	-2524.263	3.244
1777.400	-2524.088	3.244
1777.600	-2524.001	3.244
1777.800	-2523.920	3.244
1778.000	-2524.074	3.244
1778.200	-2524.673	3.244
1778.400	-2524.632	3.244
1778.600	-2524.073	3.244
1778.800	-2524.014	3.244
1779.000	-2523.714	3.244
1779.200	-2523.518	3.244
1779.400	-2523.490	3.244
1779.600	-2523.481	3.244
1779.800	-2523.767	3.244
1780.000	-2523.350	3.244
1780.200	-2523.050	3.244
1780.400	-2523.442	3.244
1780.600	-2524.261	3.243
1780.800	-2524.061	3.243
1781.000	-2523.591	3.243
1781.200	-2523.669	3.243
1781.400	-2523.293	3.243
1781.600	-2523.186	3.243
1781.800	-2523.358	3.243
1782.000	-2524.243	3.243
1782.200	-2524.112	3.243
1782.400	-2523.750	3.243
1782.600	-2523.343	3.243
1782.800	-2523.918	3.243
1783.000	-2523.927	3.243
1783.200	-2523.981	3.243
1783.400	-2523.713	3.243
1783.600	-2523.551	3.243
1783.800	-2523.200	3.243
1784.000	-2522.985	3.243
1784.200	-2522.651	3.243
1784.400	-2522.689	3.243
1784.600	-2522.685	3.243
1784.800	-2522.729	3.243
1785.000	-2522.658	3.243
1785.200	-2523.057	3.243
1785.400	-2523.225	3.243
1785.600	-2523.186	3.243
1785.800	-2523.103	3.243
1786.000	-2523.365	3.243
1786.200	-2523.467	3.242
1786.400	-2523.492	3.242
1786.600	-2523.671	3.242
1786.800	-2523.996	3.242
1787.000	-2524.077	3.242
1787.200	-2523.790	3.242
1787.400	-2523.516	3.242
1787.600	-2523.654	3.242
1787.800	-2523.459	3.242
1788.000	-2523.241	3.242
1788.200	-2523.170	3.242
1788.400	-2522.820	3.242
1788.600	-2523.278	3.242
1788.800	-2523.121	3.242
1789.000	-2523.589	3.242
1789.200	-2523.471	3.242
1789.400	-2523.173	3.242
1789.600	-2523.029	3.242
1789.800	-2523.130	3.242
1790.000	-2523.126	3.242
1790.200	-2523.096	3.242
1790.400	-2523.152	3.242
1790.600	-2523.698	3.242
1790.800	-2524.039	3.242
1791.000	-2523.601	3.242
1791.200	-2523.343	3.242
1791.400	-2523.158	3.242
1791.600	-2523.072	3.241
1791.800	-2523.205	3.241
1792.000	-2523.234	3.241
1792.200	-2523.140	3.241
1792.400	-2523.044	3.241
1792.600	-2523.191	3.241
1792.800	-2523.439	3.241
1793.000	-2524.076	3.241
1793.200	-2524.072	3.241
1793.400	-2523.551	3.241
1793.600	-2523.363	3.241
1793.800	-2523.104	3.241
1794.000	-2523.142	3.241
1794.200	-2523.339	3.241
1794.400	-2523.510	3.241
1794.600	-2523.475	3.241
1794.800	-2523.315	3.241
1795.000	-2523.318	3.241
1795.200	-2523.291	3.241
1795.400	-2522.970	3.241
1795.600	-2523.129	3.241
1795.800	-2522.897	3.241
1796.000	-2523.343	3.241
1796.200	-2523.448	3.241
1796.400	-2523.035	3.241
1796.600	-2522.953	3.241
1796.800	-2522.682	3.241
1797.000	-2522.470	3.241
1797.200	-2522.389	3.241
1797.400	-2522.132	3.240
1797.600	-2522.288	3.240
1797.800	-2522.425	3.240
1798.000	-2522.293	3.240
1798.200	-2522.517	3.240
1798.400	-2522.284	3.240
1798.600	-2522.190	3.240
1798.800	-2522.357	3.240
1799.000	-2522.303	3.240
1799.200	-2522.243	3.240
1799.400	-2522.012	3.240
1799.600	-2522.130	3.240
1799.800	-2522.013	3.240
1800.000	-2522.434	3.240
1800.200	-2522.879	3.240
1800.400	-2522.854	3.240
1800.600	-2522.828	3.240
1800.800	-2523.036	3.240
1801.000	-2522.983	3.240
1801.200	-2522.820	3.240
1801.400	-2522.771	3.240
1801.600	-2523.374	3.240
1801.800	-2523.370	3.240
1802.000	-2523.681	3.239
1802.200	-2523.483	3.239
1802.400	-2523.182	3.239
1802.600	-2522.851	3.239
1802.800	-2522.601	3.239
1803.000	-2522.565	3.239
1803.200	-2522.424	3.239
1803.400	-2522.492	3.239
1803.600	-2522.591	3.239
1803.800	-2522.617	3.239
1804.000	-2522.444	3.239
1804.200	-2522.484	3.239
1804.400	-2522.589	3.239
1804.600	-2522.460	3.239
1804.800	-2522.471	3.239
1805.000	-2522.352	3.239
1805.200	-2522.445	3.239
1805.400	-2522.379	3.239
1805.600	-2522.311	3.239
1805.800	-2522.411	3.239
1806.000	-2522.936	3.239
1806.200	-2523.178	3.239
1806.400	-2522.947	3.239
1806.600	-2522.736	3.239
1806.800	-2522.838	3.239
1807.000	-2522.931	3.239
1807.200	-2522.651	3.239
1807.400	-2522.274	3.239
1807.600	-2522.042	3.239
1807.800	-2522.137	3.239
1808.000	-2522.243	3.238
1808.200	-2522.738	3.238
1808.400	-2523.184	3.238
1808.600	-2523.123	3.238
1808.800	-2522.924	3.238
1809.000	-2522.759	3.238
1809.200	-2522.863	3.238
1809.400	-2523.338	3.238
1809.600	-2523.173	3.238
1809.800	-2522.977	3.238
1810.000	-2523.085	3.238
1810.200	-2522.586	3.238
1810.400	-2522.686	3.238
1810.600	-2522.715	3.238
1810.800	-2522.841	3.238
1811.000	-2522.817	3.238
1811.200	-2522.965	3.238
1811.400	-2522.824	3.238
1811.600	-2523.054	3.238
1811.800	-2523.295	3.238
1812.000	-2523.456	3.238
1812.200	-2523.548	3.237
1812.400	-2523.766	3.237
1812.600	-2523.625	3.237
1812.800	-2523.776	3.237
1813.000	-2523.989	3.237
1813.200	-2523.605	3.237
1813.400	-2523.510	3.237
1813.600	-2523.092	3.237
1813.800	-2522.970	3.237
1814.000	-2522.841	3.237
1814.200	-2522.966	3.237
1814.400	-2522.884	3.237
1814.600	-2522.773	3.237
1814.800	-2522.780	3.237
1815.000	-2522.933	3.237
1815.200	-2523.063	3.237
1815.400	-2523.468	3.237
1815.600	-2523.355	3.237
1815.800	-2523.162	3.237
1816.000	-2523.028	3.237
1816.200	-2523.386	3.237
1816.400	-2523.568	3.237
1816.600	-2524.014	3.237
1816.800	-2524.348	3.237
1817.000	-2524.294	3.236
1817.200	-2524.294	3.236
1817.400	-2524.033	3.236
1817.600	-2523.782	3.236
1817.800	-2523.273	3.236
1818.000	-2523.228	3.236
1818.200	-2523.053	3.236
1818.400	-2523.040	3.236
1818.600	-2523.119	3.236
1818.800	-2523.169	3.236
1819.000	-2522.855	3.236
1819.200	-2522.811	3.236
1819.400	-2522.592	3.236
1819.600	-2522.652	3.236
1819.800	-2522.667	3.236
1820.000	-2522.621	3.236
1820.200	-2522.771	3.236
1820.400	-2523.412	3.236
1820.600	-2523.312	3.236
1820.800	-2522.980	3.236
1821.000	-2522.583	3.236
1821.200	-2522.726	3.236
1821.400	-2522.613	3.236
1821.600	-2522.447	3.236
1821.800	-2522.382	3.236
1822.000	-2522.828	3.236
1822.200	-2522.667	3.236
1822.400	-2522.909	3.236
1822.600	-2523.058	3.235
1822.800	-2522.872	3.235
1823.000	-2522.925	3.235
1823.200	-2522.681	3.235
1823.400	-2522.611	3.235
1823.600	-2522.557	3.235
1823.800	-2522.624	3.235
1824.000	-2522.482	3.235
1824.200	-2522.442	3.235
1824.400	-2522.412	3.235
1824.600	-2522.116	3.235
1824.800	-2522.218	3.235
1825.000	-2522.309	3.235
1825.200	-2522.355	3.235
1825.400	-2522.219	3.235
1825.600	-2522.062	3.235
1825.800	-2522.144	3.235
1826.000	-2522.404	3.235
1826.200	-2522.618	3.235
1826.400	-2522.498	3.235
1826.600	-2522.711	3.235
1826.800	-2522.739	3.235
1827.000	-2522.583	3.235
1827.200	-2522.440	3.235
1827.400	-2523.102	3.235
1827.600	-2523.235	3.235
1827.800	-2522.987	3.235
1828.000	-2522.663	3.235
1828.200	-2522.484	3.235
1828.400	-2522.284	3.234
1828.600	-2522.558	3.234
1828.800	-2522.317	3.234
1829.000	-2522.675	3.234
1829.200	-2522.707	3.234
1829.400	-2522.596	3.234
1829.600	-2522.737	3.234
1829.800	-2523.042	3.234
1830.000	-2522.954	3.234
1830.200	-2522.755	3.234
1830.400	-2522.763	3.234
1830.600	-2522.910	3.234
1830.800	-2522.722	3.234
1831.000	-2523.192	3.234
1831.200	-2523.309	3.234
1831.400	-2522.961	3.234
1831.600	-2523.198	3.234
1831.800	-2523.230	3.234
1832.000	-2523.139	3.234
1832.200	-2523.380	3.234
1832.400	-2524.135	3.233
1832.600	-2524.896	3.233
1832.800	-2524.848	3.233
1833.000	-2524.489	3.233
1833.200	-2524.025	3.233
1833.400	-2523.495	3.233
1833.600	-2523.256	3.233
1833.800	-2522.910	3.233
1834.000	-2522.673	3.233
1834.200	-2522.766	3.233
1834.400	-2523.070	3.233
1834.600	-2523.098	3.233
1834.800	-2523.270	3.233
1835.000	-2523.269	3.233
1835.200	-2522.980	3.233
1835.400	-2522.913	3.233
1835.600	-2522.828	3.233
1835.800	-2522.779	3.233
1836.000	-2522.567	3.233
1836.200	-2522.710	3.233
1836.400	-2522.834	3.233
1836.600	-2523.174	3.233
1836.800	-2523.993	3.233
1837.000	-2524.302	3.233
1837.200	-2524.918	3.233
1837.400	-2524.739	3.233
1837.600	-2525.023	3.232
1837.800	-2524.874	3.232
1838.000	-2524.212	3.232
1838.200	-2523.667	3.232
1838.400	-2523.398	3.232
1838.600	-2523.664	3.232
1838.800	-2523.615	3.232
1839.000	-2523.429	3.232
1839.200	-2523.806	3.232
1839.400	-2524.298	3.232
1839.600	-2524.325	3.232
1839.800	-2524.096	3.232
1840.000	-2523.711	3.232
1840.200	-2523.721	3.232
1840.400	-2523.632	3.232
1840.600	-2523.741	3.232
1840.800	-2523.669	3.232
1841.000	-2523.384	3.232
1841.200	-2523.294	3.232
1841.400	-2523.079	3.232
1841.600	-2522.977	3.232
1841.800	-2523.068	3.232
1842.000	-2523.329	3.232
1842.200	-2523.346	3.232
1842.400	-2523.420	3.232
1842.600	-2523.249	3.232
1842.800	-2523.178	3.232
1843.000	-2523.474	3.232
1843.200	-2523.485	3.231
1843.400	-2523.024	3.231
1843.600	-2522.676	3.231
1843.800	-2522.848	3.231
1844.000	-2523.146	3.231
1844.200	-2523.164	3.231
1844.400	-2523.390	3.231
1844.600	-2523.345	3.231
1844.800	-2523.339	3.231
1845.000	-2523.321	3.231
1845.200	-2522.972	3.231
1845.400	-2522.877	3.231
1845.600	-2523.427	3.231
1845.800	-2523.310	3.231
1846.000	-2523.165	3.231
1846.200	-2523.041	3.231
1846.400	-2523.384	3.231
1846.600	-2522.934	3.231
1846.800	-2523.367	3.231
1847.000	-2523.654	3.231
1847.200	-2523.509	3.231
1847.400	-2523.883	3.231
1847.600	-2523.912	3.231
1847.800	-2523.670	3.231
1848.000	-2523.695	3.230
1848.200	-2523.195	3.230
1848.400	-2523.139	3.230
1848.600	-2523.229	3.230
1848.800	-2523.107	3.230
1849.000	-2523.100	3.230
1849.200	-2523.372	3.230
1849.400	-2522.927	3.230
1849.600	-2522.574	3.230
1849.800	-2522.466	3.230
1850.000	-2522.701	3.230
1850.200	-2522.937	3.230
1850.400	-2522.577	3.230
1850.600	-2522.264	3.230
1850.800	-2522.514	3.230
1851.000	-2522.578	3.230
1851.200	-2522.846	3.230
1851.400	-2523.194	3.230
1851.600	-2523.295	3.230
1851.800	-2523.166	3.230
1852.000	-2523.399	3.230
1852.200	-2522.983	3.230
1852.400	-2523.202	3.230
1852.600	-2523.053	3.230
1852.800	-2522.856	3.230
1853.000	-2523.144	3.230
1853.200	-2523.349	3.230
1853.400	-2524.297	3.229
1853.600	-2524.467	3.229
1853.800	-2524.590	3.229
1854.000	-2524.057	3.229
1854.200	-2523.704	3.229
1854.400	-2523.492	3.229
1854.600	-2523.121	3.229
1854.800	-2523.265	3.229
1855.000	-2523.954	3.229
1855.200	-2524.069	3.229
1855.400	-2523.644	3.229
1855.600	-2523.305	3.229
1855.800	-2523.360	3.229
1856.000	-2523.129	3.229
1856.200	-2523.049	3.229
1856.400	-2523.143	3.229
1856.600	-2523.027	3.229
1856.800	-2523.285	3.229
1857.000	-2523.390	3.229
1857.200	-2523.487	3.229
1857.400	-2523.412	3.229
1857.600	-2522.811	3.229
1857.800	-2522.500	3.229
1858.000	-2522.388	3.229
1858.200	-2522.619	3.229
1858.400	-2522.675	3.229
1858.600	-2522.524	3.229
1858.800	-2522.378	3.228
1859.000	-2522.203	3.228
1859.200	-2522.459	3.228
1859.400	-2522.462	3.228
1859.600	-2522.637	3.228
1859.800	-2522.741	3.228
1860.000	-2523.061	3.228
1860.200	-2522.723	3.228
1860.400	-2523.026	3.228
1860.600	-2523.527	3.228
1860.800	-2523.257	3.228
1861.000	-2523.544	3.228
1861.200	-2523.674	3.228
1861.400	-2524.110	3.228
1861.600	-2524.023	3.228
1861.800	-2523.847	3.228
1862.000	-2523.867	3.228
1862.200	-2523.726	3.228
1862.400	-2523.213	3.228
1862.600	-2522.952	3.228
1862.800	-2522.847	3.228
1863.000	-2522.754	3.228
1863.200	-2522.793	3.227
1863.400	-2522.632	3.227
1863.600	-2522.624	3.227
1863.800	-2522.748	3.227
1864.000	-2522.998	3.227
1864.200	-2523.146	3.227
1864.400	-2523.222	3.227
1864.600	-2522.933	3.227
1864.800	-2522.588	3.227
1865.000	-2522.519	3.227
1865.200	-2522.496	3.227
1865.400	-2522.549	3.227
1865.600	-2522.912	3.227
1865.800	-2522.885	3.227
1866.000	-2522.860	3.227
1866.200	-2522.955	3.227
1866.400	-2523.293	3.227
1866.600	-2523.222	3.227
1866.800	-2523.034	3.227
1867.000	-2523.168	3.227
1867.200	-2523.300	3.227
1867.400	-2523.183	3.227
1867.600	-2523.021	3.227
1867.800	-2522.942	3.227
1868.000	-2522.948	3.226
1868.200	-2522.646	3.226
1868.400	-2522.440	3.227
1868.600	-2522.316	3.227
1868.800	-2522.062	3.226
1869.000	-2522.350	3.226
1869.200	-2522.978	3.226
1869.400	-2523.187	3.226
1869.600	-2523.118	3.226
1869.800	-2522.833	3.226
1870.000	-2523.363	3.226
1870.200	-2524.077	3.226
1870.400	-2524.356	3.226
1870.600	-2524.137	3.226
1870.800	-2523.727	3.226
1871.000	-2523.698	3.226
1871.200	-2523.652	3.226
1871.400	-2523.854	3.226
1871.600	-2524.225	3.226
1871.800	-2524.219	3.226
1872.000	-2523.979	3.226
1872.200	-2523.762	3.226
1872.400	-2523.959	3.226
1872.600	-2523.423	3.226
1872.800	-2523.171	3.225
1873.000	-2523.717	3.225
1873.200	-2523.982	3.225
1873.400	-2524.090	3.225
1873.600	-2523.798	3.225
1873.800	-2524.045	3.225
1874.000	-2524.102	3.225
1874.200	-2523.604	3.225
1874.400	-2523.614	3.225
1874.600	-2523.824	3.225
1874.800	-2523.869	3.225
1875.000	-2524.273	3.225
1875.200	-2524.071	3.225
1875.400	-2524.015	3.225
1875.600	-2524.030	3.225
1875.800	-2523.597	3.225
1876.000	-2523.649	3.225
1876.200	-2523.130	3.225
1876.400	-2523.000	3.225
1876.600	-2522.743	3.225
1876.800	-2522.352	3.225
1877.000	-2522.466	3.225
1877.200	-2522.434	3.225
1877.400	-2522.411	3.225
1877.600	-2522.122	3.225
1877.800	-2521.833	3.225
1878.000	-2521.789	3.224
1878.200	-2521.836	3.224
1878.400	-2521.774	3.224
1878.600	-2522.369	3.224
1878.800	-2522.827	3.224
1879.000	-2522.613	3.224
1879.200	-2522.599	3.224
1879.400	-2522.943	3.224
1879.600	-2522.912	3.224
1879.800	-2522.602	3.224
1880.000	-2523.008	3.224
1880.200	-2522.964	3.224
1880.400	-2522.686	3.224
1880.600	-2522.766	3.224
1880.800	-2522.585	3.224
1881.000	-2522.706	3.224
1881.200	-2523.124	3.224
1881.400	-2523.282	3.224
1881.600	-2522.920	3.224
1881.800	-2522.807	3.224
1882.000	-2522.426	3.224
1882.200	-2522.423	3.224
1882.400	-2522.519	3.224
1882.600	-2522.222	3.224
1882.800	-2522.280	3.223
1883.000	-2522.229	3.223
1883.200	-2522.236	3.223
1883.400	-2522.794	3.223
1883.600	-2522.707	3.223
1883.800	-2523.180	3.223
1884.000	-2523.533	3.223
1884.200	-2523.751	3.223
1884.400	-2524.075	3.223
1884.600	-2523.704	3.223
1884.800	-2523.605	3.223
1885.000	-2523.355	3.223
1885.200	-2523.172	3.223
1885.400	-2522.891	3.223
1885.600	-2523.031	3.223
1885.800	-2522.825	3.223
1886.000	-2522.675	3.223
1886.200	-2522.530	3.223
1886.400	-2522.793	3.223
1886.600	-2523.401	3.223
1886.800	-2523.321	3.223
1887.000	-2523.289	3.223
1887.200	-2523.139	3.222
1887.400	-2523.220	3.222
1887.600	-2523.336	3.222
1887.800	-2523.398	3.222
1888.000	-2523.258	3.222
1888.200	-2523.572	3.222
1888.400	-2524.088	3.222
1888.600	-2524.395	3.222
1888.800	-2524.279	3.222
1889.000	-2524.041	3.222
1889.200	-2523.546	3.222
1889.400	-2523.185	3.222
1889.600	-2523.184	3.222
1889.800	-2523.199	3.222
1890.000	-2522.853	3.222
1890.200	-2522.523	3.222
1890.400	-2522.407	3.222
1890.600	-2522.460	3.222
1890.800	-2522.744	3.222
1891.000	-2522.874	3.222
1891.200	-2522.656	3.222
1891.400	-2522.990	3.222
1891.600	-2523.157	3.222
1891.800	-2522.701	3.222
1892.000	-2522.751	3.221
1892.200	-2523.202	3.221
1892.400	-2523.298	3.221
1892.600	-2522.923	3.221
1892.800	-2523.298	3.221
1893.000	-2523.341	3.221
1893.200	-2523.223	3.221
1893.400	-2523.552	3.221
1893.600	-2523.436	3.221
1893.800	-2523.838	3.221
1894.000	-2523.504	3.221
1894.200	-2522.990	3.221
1894.400	-2522.938	3.221
1894.600	-2522.983	3.221
1894.800	-2522.900	3.221
1895.000	-2522.655	3.221
1895.200	-2522.393	3.221
1895.400	-2522.059	3.221
1895.600	-2521.875	3.221
1895.800	-2521.761	3.221
1896.000	-2521.605	3.221
1896.200	-2522.175	3.221
1896.400	-2522.373	3.221
1896.600	-2522.625	3.221
1896.800	-2522.486	3.221
1897.000	-2522.176	3.221
1897.200	-2522.052	3.221
1897.400	-2522.375	3.220
1897.600	-2522.193	3.220
1897.800	-2521.947	3.220
1898.000	-2521.970	3.220
1898.200	-2522.243	3.220
1898.400	-2522.447	3.220
1898.600	-2522.326	3.220
1898.800	-2522.214	3.220
1899.000	-2522.084	3.220
1899.200	-2522.354	3.220
1899.400	-2522.280	3.220
1899.600	-2522.241	3.220
1899.800	-2521.983	3.220
1900.000	-2522.290	3.220
1900.200	-2522.531	3.220
1900.400	-2522.277	3.220
1900.600	-2522.479	3.220
1900.800	-2522.409	3.220
1901.000	-2522.342	3.220
1901.200	-2522.444	3.220
1901.400	-2522.223	3.220
1901.600	-2522.113	3.220
1901.800	-2521.977	3.220
1902.000	-2521.820	3.219
1902.200	-2521.871	3.219
1902.400	-2522.236	3.219
1902.600	-2522.546	3.219
1902.800	-2522.793	3.219
1903.000	-2522.771	3.219
1903.200	-2522.972	3.219
1903.400	-2522.898	3.219
1903.600	-2522.941	3.219
1903.800	-2523.274	3.219
1904.000	-2523.268	3.219
1904.200	-2523.235	3.219
1904.400	-2523.236	3.219
1904.600	-2523.171	3.219
1904.800	-2523.357	3.219
1905.000	-2523.033	3.219
1905.200	-2523.005	3.219
1905.400	-2523.375	3.218
1905.600	-2522.956	3.218
1905.800	-2522.987	3.218
1906.000	-2522.711	3.218
1906.200	-2522.987	3.218
1906.400	-2522.976	3.218
1906.600	-2522.807	3.218
1906.800	-2522.958	3.218
1907.000	-2523.103	3.218
1907.200	-2523.028	3.218
1907.400	-2523.696	3.218
1907.600	-2523.459	3.218
1907.800	-2523.086	3.218
1908.000	-2522.802	3.218
1908.200	-2522.784	3.218
1908.400	-2522.517	3.218
1908.600	-2522.501	3.218
1908.800	-2522.171	3.218
1909.000	-2522.092	3.218
1909.200	-2522.234	3.218
1909.400	-2522.105	3.218
1909.600	-2522.173	3.218
1909.800	-2522.098	3.218
1910.000	-2522.371	3.218
1910.200	-2522.342	3.218
1910.400	-2522.299	3.218
1910.600	-2522.637	3.217
1910.800	-2522.283	3.217
1911.000	-2522.010	3.217
1911.200	-2522.102	3.217
1911.400	-2522.427	3.217
1911.600	-2522.571	3.217
1911.800	-2522.606	3.217
1912.000	-2522.346	3.217
1912.200	-2522.567	3.217
1912.400	-2522.475	3.217
1912.600	-2522.507	3.217
1912.800	-2522.618	3.217
1913.000	-2522.748	3.217
1913.200	-2522.821	3.217
1913.400	-2522.939	3.217
1913.600	-2522.817	3.217
1913.800	-2522.958	3.217
1914.000	-2522.729	3.217
1914.200	-2522.622	3.217
1914.400	-2522.768	3.217
1914.600	-2523.034	3.216
1914.800	-2523.221	3.216
1915.000	-2523.141	3.216
1915.200	-2522.843	3.216
1915.400	-2522.755	3.216
1915.600	-2522.748	3.216
1915.800	-2522.660	3.216
1916.000	-2522.784	3.216
1916.200	-2522.728	3.216
1916.400	-2522.925	3.216
1916.600	-2523.421	3.216
1916.800	-2523.517	3.216
1917.000	-2523.416	3.216
1917.200	-2523.411	3.216
1917.400	-2523.309	3.216
1917.600	-2522.983	3.216
1917.800	-2522.904	3.216
1918.000	-2522.927	3.216
1918.200	-2522.601	3.216
1918.400	-2522.257	3.216
1918.600	-2522.475	3.216
1918.800	-2522.421	3.216
1919.000	-2522.532	3.215
1919.200	-2522.535	3.215
1919.400	-2522.641	3.215
1919.600	-2522.451	3.215
1919.800	-2522.315	3.215
1920.000	-2522.303	3.215
1920.200	-2522.181	3.215
1920.400	-2522.331	3.215
1920.600	-2522.809	3.215
1920.800	-2522.799	3.215
1921.000	-2522.669	3.215
1921.200	-2522.488	3.215
1921.400	-2522.195	3.215
1921.600	-2522.128	3.215
1921.800	-2521.684	3.215
1922.000	-2521.632	3.215
1922.200	-2521.907	3.215
1922.400	-2522.060	3.215
1922.600	-2521.785	3.215
1922.800	-2522.020	3.215
1923.000	-2521.839	3.215
1923.200	-2521.776	3.215
1923.400	-2522.084	3.214
1923.600	-2522.236	3.214
1923.800	-2522.041	3.214
1924.000	-2522.085	3.214
1924.200	-2522.374	3.214
1924.400	-2522.430	3.214
1924.600	-2522.597	3.214
1924.800	-2522.581	3.214
1925.000	-2522.658	3.214
1925.200	-2523.296	3.214
1925.400	-2522.786	3.214
1925.600	-2522.978	3.214
1925.800	-2522.762	3.214
1926.000	-2522.957	3.214
1926.200	-2523.165	3.214
1926.400	-2523.367	3.214
1926.600	-2523.167	3.214
1926.800	-2522.557	3.214
1927.000	-2522.165	3.214
1927.200	-2522.179	3.214
1927.400	-2522.896	3.213
1927.600	-2522.830	3.213
1927.800	-2522.531	3.213
1928.000	-2522.351	3.213
1928.200	-2522.393	3.213
1928.400	-2522.596	3.213
1928.600	-2522.434	3.213
1928.800	-2522.123	3.213
1929.000	-2522.523	3.213
1929.200	-2522.618	3.213
1929.400	-2522.517	3.213
1929.600	-2522.449	3.213
1929.800	-2522.540	3.213
1930.000	-2522.241	3.213
1930.200	-2522.554	3.213
1930.400	-2522.537	3.213
1930.600	-2522.704	3.213
1930.800	-2522.680	3.213
1931.000	-2522.899	3.213
1931.200	-2523.302	3.212
1931.400	-2523.119	3.212
1931.600	-2523.049	3.212
1931.800	-2523.097	3.212
1932.000	-2523.264	3.212
1932.200	-2523.516	3.212
1932.400	-2523.072	3.212
1932.600	-2522.683	3.212
1932.800	-2522.325	3.212
1933.000	-2522.379	3.212
1933.200	-2522.392	3.212
1933.400	-2522.511	3.212
1933.600	-2522.643	3.212
1933.800	-2522.759	3.212
1934.000	-2523.204	3.212
1934.200	-2523.484	3.212
1934.400	-2523.440	3.212
1934.600	-2523.112	3.212
1934.800	-2522.974	3.212
1935.000	-2522.759	3.212
1935.200	-2522.671	3.212
1935.400	-2522.637	3.212
1935.600	-2522.921	3.211
1935.800	-2522.949	3.211
1936.000	-2523.017	3.211
1936.200	-2522.877	3.211
1936.400	-2522.551	3.211
1936.600	-2522.429	3.211
1936.800	-2522.326	3.211
1937.000	-2522.382	3.211
1937.200	-2521.935	3.211
1937.400	-2522.170	3.211
1937.600	-2522.177	3.211
1937.800	-2522.476	3.211
1938.000	-2522.497	3.211
1938.200	-2522.774	3.211
1938.400	-2522.715	3.211
1938.600	-2522.799	3.211
1938.800	-2522.821	3.211
1939.000	-2523.197	3.211
1939.200	-2523.173	3.211
1939.400	-2523.207	3.211
1939.600	-2523.477	3.210
1939.800	-2523.299	3.210
1940.000	-2523.282	3.210
1940.200	-2523.507	3.210
1940.400	-2523.045	3.210
1940.600	-2523.150	3.210
1940.800	-2523.509	3.210
1941.000	-2523.078	3.210
1941.200	-2522.899	3.210
1941.400	-2522.525	3.210
1941.600	-2522.293	3.210
1941.800	-2522.313	3.210
1942.000	-2522.386	3.210
1942.200	-2522.606	3.210
1942.400	-2522.773	3.210
1942.600	-2522.790	3.210
1942.800	-2523.209	3.210
1943.000	-2523.359	3.210
1943.200	-2523.461	3.210
1943.400	-2523.435	3.209
1943.600	-2522.972	3.209
1943.800	-2522.806	3.209
1944.000	-2523.164	3.209
1944.200	-2522.700	3.209
1944.400	-2523.101	3.209
1944.600	-2522.612	3.209
1944.800	-2523.070	3.209
1945.000	-2522.891	3.209
1945.200	-2523.110	3.209
1945.400	-2523.200	3.209
1945.600	-2523.234	3.209
1945.800	-2523.182	3.209
1946.000	-2523.415	3.209
1946.200	-2523.810	3.209
1946.400	-2523.559	3.209
1946.600	-2523.501	3.209
1946.800	-2523.086	3.209
1947.000	-2523.064	3.209
1947.200	-2523.181	3.209
1947.400	-2523.666	3.208
1947.600	-2523.808	3.208
1947.800	-2523.859	3.208
1948.000	-2523.793	3.208
1948.200	-2523.635	3.208
1948.400	-2523.275	3.208
1948.600	-2523.454	3.208
1948.800	-2523.293	3.208
1949.000	-2522.897	3.208
1949.200	-2522.896	3.208
1949.400	-2522.677	3.208
1949.600	-2522.500	3.208
1949.800	-2522.658	3.208
1950.000	-2522.448	3.208
1950.200	-2522.556	3.208
1950.400	-2523.111	3.208
1950.600	-2523.413	3.208
1950.800	-2523.043	3.208
1951.000	-2522.998	3.208
1951.200	-2523.345	3.208
1951.400	-2523.380	3.207
1951.600	-2523.134	3.207
1951.800	-2523.081	3.207
1952.000	-2523.203	3.207
1952.200	-2523.499	3.207
1952.400	-2523.663	3.207
1952.600	-2523.724	3.207
1952.800	-2523.405	3.207
1953.000	-2524.019	3.207
1953.200	-2523.911	3.207
1953.400	-2523.746	3.207
1953.600	-2523.609	3.207
1953.800	-2523.294	3.207
1954.000	-2523.556	3.207
1954.200	-2523.422	3.207
1954.400	-2523.706	3.207
1954.600	-2523.189	3.207
1954.800	-2523.357	3.207
1955.000	-2522.809	3.207
1955.200	-2522.618	3.206
1955.400	-2522.465	3.206
1955.600	-2522.532	3.206
1955.800	-2522.315	3.206
1956.000	-2522.499	3.206
1956.200	-2522.990	3.206
1956.400	-2523.292	3.206
1956.600	-2523.651	3.206
1956.800	-2523.680	3.206
1957.000	-2523.805	3.206
1957.200	-2523.608	3.206
1957.400	-2523.363	3.206
1957.600	-2523.429	3.206
1957.800	-2523.212	3.206
1958.000	-2523.063	3.206
1958.200	-2522.844	3.206
1958.400	-2522.780	3.206
1958.600	-2522.961	3.206
1958.800	-2523.054	3.206
1959.000	-2523.454	3.205
1959.200	-2523.633	3.205
1959.400	-2523.475	3.205
1959.600	-2522.884	3.205
1959.800	-2522.663	3.205
1960.000	-2522.480	3.205
1960.200	-2522.300	3.205
1960.400	-2522.594	3.205
1960.600	-2522.636	3.205
1960.800	-2523.078	3.205
1961.000	-2523.056	3.205
1961.200	-2522.925	3.205
1961.400	-2522.649	3.205
1961.600	-2522.324	3.205
1961.800	-2522.434	3.205
1962.000	-2522.360	3.205
1962.200	-2522.373	3.205
1962.400	-2522.317	3.205
1962.600	-2522.220	3.205
1962.800	-2521.844	3.205
1963.000	-2521.835	3.205
1963.200	-2521.746	3.205
1963.400	-2522.218	3.205
1963.600	-2522.213	3.204
1963.800	-2522.010	3.204
1964.000	-2521.650	3.204
1964.200	-2521.229	3.204
1964.400	-2521.150	3.204
1964.600	-2521.421	3.204
1964.800	-2521.407	3.204
1965.000	-2521.332	3.204
1965.200	-2521.177	3.204
1965.400	-2521.209	3.204
1965.600	-2521.255	3.204
1965.800	-2521.695	3.204
1966.000	-2521.645	3.204
1966.200	-2521.815	3.204
1966.400	-2521.760	3.204
1966.600	-2521.780	3.204
1966.800	-2521.637	3.204
1967.000	-2521.589	3.204
1967.200	-2521.837	3.203
1967.400	-2522.072	3.203
1967.600	-2522.079	3.203
1967.800	-2521.829	3.203
1968.000	-2521.890	3.203
1968.200	-2521.895	3.203
1968.400	-2521.941	3.203
1968.600	-2521.625	3.203
1968.800	-2522.047	3.203
1969.000	-2522.600	3.203
1969.200	-2522.854	3.203
1969.400	-2522.821	3.203
1969.600	-2522.737	3.203
1969.800	-2522.464	3.203
1970.000	-2522.284	3.203
1970.200	-2522.384	3.203
1970.400	-2522.499	3.202
1970.600	-2522.691	3.202
1970.800	-2522.596	3.202
1971.000	-2522.518	3.202
1971.200	-2522.466	3.202
1971.400	-2522.385	3.202
1971.600	-2521.992	3.202
1971.800	-2522.028	3.202
1972.000	-2522.364	3.202
1972.200	-2522.711	3.202
1972.400	-2522.666	3.202
1972.600	-2522.365	3.202
1972.800	-2522.500	3.202
1973.000	-2522.790	3.202
1973.200	-2522.927	3.202
1973.400	-2522.659	3.202
1973.600	-2522.551	3.202
1973.800	-2522.335	3.202
1974.000	-2522.328	3.202
1974.200	-2522.682	3.201
1974.400	-2522.916	3.201
1974.600	-2523.277	3.201
1974.800	-2523.241	3.201
1975.000	-2522.708	3.201
1975.200	-2522.493	3.201
1975.400	-2522.599	3.201
1975.600	-2522.525	3.201
1975.800	-2522.967	3.201
1976.000	-2523.631	3.201
1976.200	-2523.538	3.201
1976.400	-2523.400	3.201
1976.600	-2523.059	3.201
1976.800	-2522.779	3.201
1977.000	-2522.481	3.201
1977.200	-2522.893	3.201
1977.400	-2522.987	3.201
1977.600	-2523.025	3.200
1977.800	-2523.645	3.200
1978.000	-2523.425	3.200
1978.200	-2523.453	3.200
1978.400	-2523.437	3.200
1978.600	-2523.491	3.200
1978.800	-2523.426	3.200
1979.000	-2523.635	3.200
1979.200	-2523.992	3.200
1979.400	-2523.496	3.200
1979.600	-2522.913	3.200
1979.800	-2522.830	3.200
1980.000	-2522.925	3.200
1980.200	-2523.251	3.200
1980.400	-2524.030	3.200
1980.600	-2523.896	3.200
1980.800	-2523.552	3.200
1981.000	-2523.234	3.199
1981.200	-2523.074	3.199
1981.400	-2523.038	3.199
1981.600	-2522.924	3.199
1981.800	-2523.454	3.199
1982.000	-2523.475	3.199
1982.200	-2523.542	3.199
1982.400	-2523.612	3.199
1982.600	-2523.386	3.199
1982.800	-2523.474	3.199
1983.000	-2523.408	3.199
1983.200	-2523.598	3.199
1983.400	-2523.395	3.199
1983.600	-2523.510	3.199
1983.800	-2523.628	3.199
1984.000	-2523.902	3.199
1984.200	-2524.170	3.199
1984.400	-2523.748	3.199
1984.600	-2523.189	3.199
1984.800	-2523.080	3.199
1985.000	-2522.945	3.198
1985.200	-2522.811	3.198
1985.400	-2522.651	3.198
1985.600	-2523.058	3.198
1985.800	-2523.306	3.198
1986.000	-2523.113	3.198
1986.200	-2522.671	3.198
1986.400	-2522.943	3.198
1986.600	-2523.142	3.198
1986.800	-2523.118	3.198
1987.000	-2522.732	3.198
1987.200	-2523.046	3.198
1987.400	-2523.013	3.198
1987.600	-2523.393	3.198
1987.800	-2523.276	3.198
1988.000	-2523.262	3.198
1988.200	-2523.579	3.198
1988.400	-2523.468	3.198
1988.600	-2523.502	3.197
1988.800	-2523.258	3.197
1989.000	-2523.248	3.197
1989.200	-2523.277	3.197
1989.400	-2522.969	3.197
1989.600	-2522.855	3.197
1989.800	-2522.813	3.197
1990.000	-2522.752	3.197
1990.200	-2522.798	3.197
1990.400	-2522.806	3.197
1990.600	-2523.265	3.197
1990.800	-2523.340	3.197
1991.000	-2522.905	3.197
1991.200	-2523.226	3.197
1991.400	-2522.885	3.197
1991.600	-2522.702	3.197
1991.800	-2523.017	3.197
1992.000	-2523.503	3.196
1992.200	-2523.475	3.196
1992.400	-2523.239	3.196
1992.600	-2523.637	3.196
1992.800	-2523.533	3.196
1993.000	-2522.920	3.196
1993.200	-2522.769	3.196
1993.400	-2522.745	3.196
1993.600	-2522.701	3.196
1993.800	-2522.511	3.196
1994.000	-2522.386	3.196
1994.200	-2522.618	3.196
1994.400	-2522.761	3.196
1994.600	-2522.918	3.196
1994.800	-2523.403	3.196
1995.000	-2523.689	3.196
1995.200	-2523.731	3.196
1995.400	-2523.194	3.195
1995.600	-2523.067	3.195
1995.800	-2523.227	3.195
1996.000	-2523.337	3.195
1996.200	-2523.069	3.195
1996.400	-2522.817	3.195
1996.600	-2522.559	3.195
1996.800	-2522.486	3.195
1997.000	-2522.418	3.195
1997.200	-2522.511	3.195
1997.400	-2522.471	3.195
1997.600	-2522.694	3.195
1997.800	-2522.828	3.195
1998.000	-2522.799	3.195
1998.200	-2523.025	3.195
1998.400	-2523.784	3.195
1998.600	-2523.605	3.194
1998.800	-2523.423	3.194
1999.000	-2523.831	3.194
1999.200	-2523.967	3.194
1999.400	-2524.089	3.194
1999.600	-2523.726	3.194
1999.800	-2523.676	3.194
2000.000	-2523.439	3.194
2000.200	-2523.540	3.194
2000.400	-2523.811	3.194
2000.600	-2523.998	3.194
2000.800	-2524.060	3.194
2001.000	-2523.682	3.194
2001.200	-2523.668	3.194
2001.400	-2523.842	3.194
2001.600	-2523.848	3.194
2001.800	-2523.880	3.193
2002.000	-2524.094	3.193
2002.200	-2524.247	3.193
2002.400	-2524.339	3.193
2002.600	-2523.926	3.193
2002.800	-2523.651	3.193
2003.000	-2523.009	3.193
2003.200	-2522.943	3.193
2003.400	-2522.850	3.193
2003.600	-2523.118	3.193
2003.800	-2523.337	3.193
2004.000	-2523.602	3.193
2004.200	-2523.300	3.193
2004.400	-2522.934	3.193
2004.600	-2522.772	3.193
2004.800	-2522.960	3.193
2005.000	-2522.804	3.193
2005.200	-2522.747	3.193
2005.400	-2522.631	3.193
2005.600	-2522.674	3.193
2005.800	-2523.109	3.192
2006.000	-2523.178	3.192
2006.200	-2523.223	3.192
2006.400	-2523.413	3.192
2006.600	-2523.195	3.192
2006.800	-2522.838	3.192
2007.000	-2522.844	3.192
2007.200	-2523.530	3.192
2007.400	-2523.598	3.192
2007.600	-2523.273	3.192
2007.800	-2523.351	3.192
2008.000	-2523.310	3.192
2008.200	-2523.233	3.192
2008.400	-2523.238	3.192
2008.600	-2523.771	3.191
2008.800	-2523.631	3.191
2009.000	-2523.300	3.191
2009.200	-2522.828	3.191
2009.400	-2522.913	3.191
2009.600	-2522.484	3.191
2009.800	-2522.623	3.191
2010.000	-2523.382	3.191
2010.200	-2523.770	3.191
2010.400	-2523.237	3.191
2010.600	-2523.414	3.191
2010.800	-2523.521	3.191
2011.000	-2523.427	3.191
2011.200	-2523.276	3.191
2011.400	-2523.430	3.191
2011.600	-2523.501	3.191
2011.800	-2523.450	3.191
2012.000	-2522.992	3.191
2012.200	-2523.592	3.190
2012.400	-2523.243	3.190
2012.600	-2523.119	3.190
2012.800	-2523.112	3.190
2013.000	-2522.723	3.190
2013.200	-2522.454	3.190
2013.400	-2522.479	3.190
2013.600	-2522.779	3.190
2013.800	-2523.006	3.190
2014.000	-2522.998	3.190
2014.200	-2522.680	3.190
2014.400	-2522.474	3.190
2014.600	-2522.526	3.190
2014.800	-2522.386	3.190
2015.000	-2522.498	3.190
2015.200	-2522.707	3.190
2015.400	-2522.607	3.190
2015.600	-2522.336	3.190
2015.800	-2522.575	3.189
2016.000	-2523.029	3.189
2016.200	-2522.913	3.189
2016.400	-2522.994	3.189
2016.600	-2523.334	3.189
2016.800	-2523.608	3.189
2017.000	-2523.418	3.189
2017.200	-2523.151	3.189
2017.400	-2522.868	3.189
2017.600	-2522.676	3.189
2017.800	-2522.813	3.189
2018.000	-2523.089	3.189
2018.200	-2523.357	3.189
2018.400	-2523.441	3.188
2018.600	-2522.941	3.188
2018.800	-2522.732	3.188
2019.000	-2522.700	3.188
2019.200	-2523.015	3.188
2019.400	-2522.761	3.188
2019.600	-2522.852	3.188
2019.800	-2523.134	3.188
2020.000	-2522.703	3.188
2020.200	-2522.591	3.188
2020.400	-2522.845	3.188
2020.600	-2522.911	3.188
2020.800	-2522.848	3.188
2021.000	-2523.259	3.188
2021.200	-2523.178	3.188
2021.400	-2523.062	3.188
2021.600	-2522.548	3.188
2021.800	-2522.632	3.188
2022.000	-2522.483	3.187
2022.200	-2523.006	3.187
2022.400	-2522.915	3.187
2022.600	-2522.755	3.187
2022.800	-2522.572	3.187
2023.000	-2522.600	3.187
2023.200	-2522.538	3.187
2023.400	-2522.866	3.187
2023.600	-2523.648	3.187
2023.800	-2523.996	3.187
2024.000	-2524.612	3.187
2024.200	-2524.586	3.187
2024.400	-2524.142	3.187
2024.600	-2524.084	3.187
2024.800	-2523.845	3.186
2025.000	-2523.876	3.186
2025.200	-2523.472	3.186
2025.400	-2523.317	3.186
2025.600	-2523.685	3.186
2025.800	-2523.576	3.186
2026.000	-2523.853	3.186
2026.200	-2524.061	3.186
2026.400	-2524.498	3.186
2026.600	-2524.439	3.186
2026.800	-2524.403	3.186
2027.000	-2524.267	3.186
2027.200	-2524.217	3.186
2027.400	-2524.345	3.186
2027.600	-2524.361	3.186
2027.800	-2524.163	3.185
2028.000	-2523.737	3.185
2028.200	-2523.814	3.185
2028.400	-2523.908	3.185
2028.600	-2523.774	3.185
2028.800	-2523.463	3.185
2029.000	-2523.468	3.185
2029.200	-2523.588	3.185
2029.400	-2523.631	3.185
2029.600	-2523.665	3.185
2029.800	-2523.110	3.185
2030.000	-2522.897	3.185
2030.200	-2522.651	3.185
2030.400	-2522.489	3.185
2030.600	-2522.763	3.185
2030.800	-2523.105	3.185
2031.000	-2523.221	3.185
2031.200	-2523.379	3.185
2031.400	-2523.246	3.184
2031.600	-2523.045	3.184
2031.800	-2523.015	3.184
2032.000	-2522.593	3.184
2032.200	-2522.719	3.184
2032.400	-2523.017	3.184
2032.600	-2523.350	3.184
2032.800	-2523.601	3.184
2033.000	-2523.539	3.184
2033.200	-2523.324	3.184
2033.400	-2523.942	3.184
2033.600	-2523.836	3.184
2033.800	-2523.529	3.184
2034.000	-2522.931	3.184
2034.200	-2523.236	3.184
2034.400	-2523.333	3.184
2034.600	-2523.307	3.183
2034.800	-2523.494	3.183
2035.000	-2524.191	3.183
2035.200	-2524.443	3.183
2035.400	-2524.149	3.183
2035.600	-2524.048	3.183
2035.800	-2523.875	3.183
2036.000	-2523.540	3.183
2036.200	-2524.225	3.183
2036.400	-2524.302	3.183
2036.600	-2523.890	3.183
2036.800	-2523.785	3.183
2037.000	-2523.518	3.183
2037.200	-2523.239	3.183
2037.400	-2522.812	3.183
2037.600	-2522.528	3.183
2037.800	-2522.467	3.182
2038.000	-2522.557	3.182
2038.200	-2522.943	3.182
2038.400	-2522.977	3.182
2038.600	-2522.824	3.182
2038.800	-2522.578	3.182
2039.000	-2522.509	3.182
2039.200	-2522.702	3.182
2039.400	-2522.519	3.182
2039.600	-2522.484	3.182
2039.800	-2522.313	3.182
2040.000	-2522.337	3.182
2040.200	-2522.331	3.182
2040.400	-2522.423	3.182
2040.600	-2522.399	3.182
2040.800	-2522.975	3.181
2041.000	-2523.053	3.181
2041.200	-2522.999	3.181
2041.400	-2523.289	3.181
2041.600	-2522.864	3.181
2041.800	-2523.098	3.181
2042.000	-2522.621	3.181
2042.200	-2523.134	3.181
2042.400	-2523.411	3.181
2042.600	-2523.161	3.181
2042.800	-2522.876	3.181
2043.000	-2522.478	3.181
2043.200	-2522.713	3.181
2043.400	-2522.823	3.181
2043.600	-2522.598	3.181
2043.800	-2522.295	3.181
2044.000	-2522.231	3.180
2044.200	-2522.520	3.180
2044.400	-2522.608	3.180
2044.600	-2522.716	3.180
2044.800	-2522.497	3.180
2045.000	-2522.780	3.180
2045.200	-2522.860	3.180
2045.400	-2522.552	3.180
2045.600	-2522.592	3.180
2045.800	-2522.438	3.180
2046.000	-2522.735	3.180
2046.200	-2522.623	3.180
2046.400	-2522.230	3.180
2046.600	-2522.039	3.180
2046.800	-2522.002	3.180
2047.000	-2521.775	3.180
2047.200	-2522.187	3.179
2047.400	-2522.284	3.179
2047.600	-2522.064	3.179
2047.800	-2521.641	3.179
2048.000	-2521.669	3.179
2048.200	-2522.154	3.179
2048.400	-2521.990	3.179
2048.600	-2522.255	3.179
2048.800	-2522.414	3.179
2049.000	-2522.305	3.179
2049.200	-2521.847	3.179
2049.400	-2521.823	3.179
2049.600	-2521.701	3.179
2049.800	-2521.775	3.179
2050.000	-2521.590	3.178
2050.200	-2521.497	3.178
2050.400	-2521.608	3.178
2050.600	-2521.328	3.178
2050.800	-2521.814	3.178
2051.000	-2522.216	3.178
2051.200	-2522.115	3.178
2051.400	-2522.331	3.178
2051.600	-2522.298	3.178
2051.800	-2522.261	3.178
2052.000	-2522.551	3.178
2052.200	-2522.575	3.178
2052.400	-2522.562	3.178
2052.600	-2522.657	3.178
2052.800	-2522.623	3.177
2053.000	-2522.777	3.177
2053.200	-2522.892	3.177
2053.400	-2522.695	3.177
2053.600	-2522.382	3.177
2053.800	-2521.876	3.177
2054.000	-2521.640	3.177
2054.200	-2521.410	3.177
2054.400	-2521.762	3.177
2054.600	-2521.958	3.177
2054.800	-2521.979	3.177
2055.000	-2521.946	3.177
2055.200	-2521.938	3.177
2055.400	-2522.134	3.177
2055.600	-2522.461	3.177
2055.800	-2522.043	3.176
2056.000	-2522.176	3.176
2056.200	-2521.877	3.176
2056.400	-2521.547	3.176
2056.600	-2521.634	3.176
2056.800	-2521.557	3.176
2057.000	-2521.770	3.176
2057.200	-2521.987	3.176
2057.400	-2522.107	3.176
2057.600	-2522.234	3.176
2057.800	-2522.591	3.176
2058.000	-2522.406	3.176
2058.200	-2522.522	3.176
2058.400	-2522.773	3.175
2058.600	-2522.677	3.175
2058.800	-2522.522	3.175
2059.000	-2522.522	3.175
2059.200	-2523.078	3.175
2059.400	-2523.005	3.175
2059.600	-2523.314	3.175
2059.800	-2523.030	3.175
2060.000	-2522.975	3.175
2060.200	-2522.776	3.175
2060.400	-2522.886	3.175
2060.600	-2523.498	3.175
2060.800	-2523.689	3.175
2061.000	-2523.219	3.175
2061.200	-2523.142	3.175
2061.400	-2522.898	3.175
2061.600	-2522.913	3.174
2061.800	-2522.864	3.174
2062.000	-2522.625	3.174
2062.200	-2522.302	3.174
2062.400	-2521.887	3.174
2062.600	-2521.803	3.174
2062.800	-2522.052	3.174
2063.000	-2522.399	3.174
2063.200	-2522.200	3.174
2063.400	-2522.269	3.174
2063.600	-2521.958	3.174
2063.800	-2521.778	3.174
2064.000	-2521.686	3.174
2064.200	-2521.762	3.174
2064.400	-2521.733	3.174
2064.600	-2521.695	3.174
2064.800	-2521.724	3.173
2065.000	-2521.652	3.173
2065.200	-2521.436	3.173
2065.400	-2521.779	3.173
2065.600	-2522.078	3.173
2065.800	-2522.143	3.173
2066.000	-2521.863	3.173
2066.200	-2521.965	3.173
2066.400	-2522.557	3.173
2066.600	-2522.450	3.173
2066.800	-2522.500	3.173
2067.000	-2522.580	3.173
2067.200	-2522.499	3.173
2067.400	-2522.537	3.173
2067.600	-2522.572	3.172
2067.800	-2522.452	3.172
2068.000	-2522.420	3.172
2068.200	-2522.303	3.172
2068.400	-2522.455	3.172
2068.600	-2522.321	3.172
2068.800	-2522.485	3.172
2069.000	-2522.709	3.172
2069.200	-2522.994	3.172
2069.400	-2523.070	3.172
2069.600	-2523.099	3.172
2069.800	-2523.049	3.172
2070.000	-2522.855	3.172
2070.200	-2522.863	3.171
2070.400	-2522.866	3.171
2070.600	-2523.227	3.171
2070.800	-2523.385	3.171
2071.000	-2523.622	3.171
2071.200	-2523.644	3.171
2071.400	-2523.590	3.171
2071.600	-2523.302	3.171
2071.800	-2523.056	3.171
2072.000	-2522.681	3.171
2072.200	-2522.464	3.171
2072.400	-2522.228	3.171
2072.600	-2522.022	3.171
2072.800	-2521.915	3.171
2073.000	-2521.825	3.171
2073.200	-2521.943	3.170
2073.400	-2522.192	3.170
2073.600	-2522.375	3.170
2073.800	-2522.412	3.170
2074.000	-2522.326	3.170
2074.200	-2522.207	3.170
2074.400	-2522.525	3.170
2074.600	-2522.492	3.170
2074.800	-2522.459	3.170
2075.000	-2522.768	3.170
2075.200	-2522.836	3.170
2075.400	-2522.722	3.170
2075.600	-2522.642	3.169
2075.800	-2522.779	3.169
2076.000	-2523.519	3.169
2076.200	-2523.630	3.169
2076.400	-2523.484	3.169
2076.600	-2523.269	3.169
2076.800	-2522.719	3.169
2077.000	-2522.760	3.169
2077.200	-2522.430	3.169
2077.400	-2522.504	3.169
2077.600	-2522.949	3.169
2077.800	-2523.284	3.169
2078.000	-2523.310	3.169
2078.200	-2523.174	3.169
2078.400	-2522.870	3.168
2078.600	-2522.431	3.168
2078.800	-2522.392	3.168
2079.000	-2522.113	3.168
2079.200	-2521.786	3.168
2079.400	-2522.103	3.168
2079.600	-2522.019	3.168
2079.800	-2521.897	3.168
2080.000	-2521.973	3.168
2080.200	-2521.997	3.168
2080.400	-2521.719	3.168
2080.600	-2521.825	3.168
2080.800	-2522.042	3.168
2081.000	-2522.260	3.168
2081.200	-2522.099	3.168
2081.400	-2522.192	3.167
2081.600	-2522.369	3.167
2081.800	-2522.458	3.167
2082.000	-2522.248	3.167
2082.200	-2522.045	3.167
2082.400	-2522.435	3.167
2082.600	-2522.637	3.167
2082.800	-2522.935	3.167
2083.000	-2523.136	3.167
2083.200	-2523.105	3.167
2083.400	-2523.462	3.167
2083.600	-2522.990	3.167
2083.800	-2522.495	3.167
2084.000	-2522.310	3.166
2084.200	-2522.229	3.166
2084.400	-2521.948	3.166
2084.600	-2522.011	3.166
2084.800	-2522.010	3.166
2085.000	-2521.858	3.166
2085.200	-2521.930	3.166
2085.400	-2522.356	3.166
2085.600	-2522.488	3.166
2085.800	-2522.885	3.166
2086.000	-2523.146	3.166
2086.200	-2522.689	3.166
2086.400	-2522.306	3.166
2086.600	-2522.377	3.166
2086.800	-2522.685	3.165
2087.000	-2522.835	3.165
2087.200	-2523.235	3.165
2087.400	-2522.871	3.165
2087.600	-2522.663	3.165
2087.800	-2522.436	3.165
2088.000	-2522.177	3.165
2088.200	-2522.283	3.165
2088.400	-2522.133	3.165
2088.600	-2521.999	3.165
2088.800	-2522.371	3.165
2089.000	-2522.712	3.165
2089.200	-2522.964	3.164
2089.400	-2523.380	3.164
2089.600	-2523.028	3.164
2089.800	-2522.899	3.164
2090.000	-2523.107	3.164
2090.200	-2523.151	3.164
2090.400	-2523.556	3.164
2090.600	-2523.888	3.164
2090.800	-2523.679	3.164
2091.000	-2523.221	3.164
2091.200	-2522.704	3.164
2091.400	-2522.808	3.164
2091.600	-2522.941	3.164
2091.800	-2522.739	3.163
2092.000	-2522.497	3.163
2092.200	-2522.578	3.163
2092.400	-2522.706	3.163
2092.600	-2522.767	3.163
2092.800	-2523.212	3.163
2093.000	-2523.099	3.163
2093.200	-2523.948	3.163
2093.400	-2523.741	3.163
2093.600	-2523.391	3.163
2093.800	-2523.420	3.163
2094.000	-2523.122	3.163
2094.200	-2523.335	3.162
2094.400	-2523.407	3.162
2094.600	-2523.179	3.162
2094.800	-2522.845	3.162
2095.000	-2522.659	3.162
2095.200	-2522.394	3.162
2095.400	-2522.402	3.162
2095.600	-2522.419	3.162
2095.800	-2522.279	3.162
2096.000	-2522.463	3.162
2096.200	-2522.366	3.162
2096.400	-2522.596	3.162
2096.600	-2522.736	3.162
2096.800	-2522.965	3.162
2097.000	-2522.822	3.162
2097.200	-2522.946	3.161
2097.400	-2522.678	3.161
2097.600	-2522.272	3.161
2097.800	-2522.001	3.161
2098.000	-2521.927	3.161
2098.200	-2522.318	3.161
2098.400	-2522.556	3.161
2098.600	-2522.392	3.161
2098.800	-2522.436	3.161
2099.000	-2522.672	3.161
2099.200	-2523.089	3.161
2099.400	-2523.128	3.161
2099.600	-2523.291	3.160
2099.800	-2523.950	3.160
2100.000	-2523.740	3.160
2100.200	-2524.088	3.160
2100.400	-2524.083	3.160
2100.600	-2523.710	3.160
2100.800	-2523.230	3.160
2101.000	-2523.479	3.160
2101.200	-2522.992	3.160
2101.400	-2522.586	3.160
2101.600	-2522.499	3.160
2101.800	-2522.395	3.160
2102.000	-2522.217	3.160
2102.200	-2522.446	3.160
2102.400	-2523.146	3.159
2102.600	-2523.065	3.159
2102.800	-2522.872	3.159
2103.000	-2522.622	3.159
2103.200	-2522.677	3.159
2103.400	-2522.973	3.159
2103.600	-2523.339	3.159
2103.800	-2522.852	3.159
2104.000	-2522.785	3.159
2104.200	-2522.614	3.159
2104.400	-2522.444	3.159
2104.600	-2522.735	3.159
2104.800	-2522.672	3.158
2105.000	-2522.705	3.158
2105.200	-2522.720	3.158
2105.400	-2522.607	3.158
2105.600	-2522.651	3.158
2105.800	-2523.071	3.158
2106.000	-2523.115	3.158
2106.200	-2523.232	3.158
2106.400	-2523.268	3.158
2106.600	-2523.184	3.158
2106.800	-2522.810	3.158
2107.000	-2522.749	3.158
2107.200	-2522.509	3.158
2107.400	-2522.395	3.157
2107.600	-2522.576	3.157
2107.800	-2522.865	3.157
2108.000	-2522.994	3.157
2108.200	-2523.033	3.157
2108.400	-2523.064	3.157
2108.600	-2522.936	3.157
2108.800	-2523.478	3.157
2109.000	-2523.246	3.157
2109.200	-2523.126	3.157
2109.400	-2523.341	3.157
2109.600	-2523.541	3.156
2109.800	-2523.655	3.156
2110.000	-2523.675	3.156
2110.200	-2523.719	3.156
2110.400	-2524.136	3.156
2110.600	-2524.011	3.156
2110.800	-2523.852	3.156
2111.000	-2523.815	3.156
2111.200	-2523.518	3.156
2111.400	-2523.309	3.156
2111.600	-2523.829	3.156
2111.800	-2523.773	3.156
2112.000	-2523.774	3.155
2112.200	-2523.551	3.155
2112.400	-2523.299	3.155
2112.600	-2522.943	3.155
2112.800	-2523.198	3.155
2113.000	-2523.250	3.155
2113.200	-2522.986	3.155
2113.400	-2522.714	3.155
2113.600	-2523.245	3.155
2113.800	-2523.249	3.155
2114.000	-2523.314	3.155
2114.200	-2523.184	3.155
2114.400	-2523.316	3.155
2114.600	-2522.947	3.154
2114.800	-2522.739	3.154
2115.000	-2522.901	3.154
2115.200	-2523.353	3.154
2115.400	-2523.436	3.154
2115.600	-2523.686	3.154
2115.800	-2524.077	3.154
2116.000	-2524.118	3.154
2116.200	-2523.804	3.154
2116.400	-2523.803	3.154
2116.600	-2524.127	3.154
2116.800	-2523.946	3.153
2117.000	-2523.489	3.153
2117.200	-2523.237	3.153
2117.400	-2523.093	3.153
2117.600	-2523.018	3.153
2117.800	-2523.067	3.153
2118.000	-2522.700	3.153
2118.200	-2522.352	3.153
2118.400	-2522.424	3.153
2118.600	-2522.279	3.153
2118.800	-2522.222	3.153
2119.000	-2522.637	3.153
2119.200	-2522.421	3.153
2119.400	-2522.596	3.153
2119.600	-2523.189	3.152
2119.800	-2523.303	3.152
2120.000	-2522.840	3.152
2120.200	-2522.933	3.152
2120.400	-2522.792	3.152
2120.600	-2522.435	3.152
2120.800	-2522.146	3.152
2121.000	-2522.027	3.152
2121.200	-2521.896	3.152
2121.400	-2521.809	3.152
2121.600	-2521.907	3.152
2121.800	-2521.841	3.152
2122.000	-2522.345	3.152
2122.200	-2521.952	3.151
2122.400	-2521.586	3.151
2122.600	-2521.439	3.151
2122.800	-2521.683	3.151
2123.000	-2521.822	3.151
2123.200	-2521.665	3.151
2123.400	-2521.929	3.151
2123.600	-2521.711	3.151
2123.800	-2522.062	3.151
2124.000	-2522.560	3.151
2124.200	-2522.908	3.151
2124.400	-2523.255	3.150
2124.600	-2523.410	3.150
2124.800	-2522.799	3.150
2125.000	-2522.552	3.150
2125.200	-2522.570	3.150
2125.400	-2522.388	3.150
2125.600	-2522.436	3.150
2125.800	-2522.470	3.150
2126.000	-2522.110	3.150
2126.200	-2522.317	3.150
2126.400	-2522.155	3.150
2126.600	-2522.348	3.150
2126.800	-2522.366	3.150
2127.000	-2522.394	3.150
2127.200	-2522.447	3.149
2127.400	-2522.269	3.149
2127.600	-2522.482	3.149
2127.800	-2522.615	3.149
2128.000	-2523.095	3.149
2128.200	-2523.619	3.149
2128.400	-2523.561	3.149
2128.600	-2523.598	3.149
2128.800	-2523.642	3.149
2129.000	-2523.506	3.149
2129.200	-2523.027	3.148
2129.400	-2523.175	3.148
2129.600	-2522.966	3.148
2129.800	-2522.591	3.148
2130.000	-2522.656	3.148
2130.200	-2522.741	3.148
2130.400	-2522.678	3.148
2130.600	-2522.476	3.148
2130.800	-2522.325	3.148
2131.000	-2521.708	3.148
2131.200	-2521.360	3.148
2131.400	-2521.612	3.148
2131.600	-2521.701	3.148
2131.800	-2521.876	3.148
2132.000	-2522.128	3.147
2132.200	-2522.013	3.147
2132.400	-2521.960	3.147
2132.600	-2521.978	3.147
2132.800	-2522.147	3.147
2133.000	-2522.253	3.147
2133.200	-2522.609	3.147
2133.400	-2522.388	3.147
2133.600	-2522.392	3.147
2133.800	-2522.579	3.147
2134.000	-2522.847	3.146
2134.200	-2522.641	3.146
2134.400	-2522.504	3.146
2134.600	-2522.610	3.146
2134.800	-2522.699	3.146
2135.000	-2522.817	3.146
2135.200	-2522.887	3.146
2135.400	-2522.904	3.146
2135.600	-2522.937	3.146
2135.800	-2522.734	3.146
2136.000	-2522.557	3.146
2136.200	-2522.455	3.146
2136.400	-2522.581	3.145
2136.600	-2522.519	3.145
2136.800	-2522.580	3.145
2137.000	-2522.708	3.145
2137.200	-2522.835	3.145
2137.400	-2523.023	3.145
2137.600	-2523.261	3.145
2137.800	-2523.211	3.145
2138.000	-2523.013	3.145
2138.200	-2522.909	3.145
2138.400	-2522.804	3.145
2138.600	-2523.489	3.144
2138.800	-2523.902	3.144
2139.000	-2524.419	3.144
2139.200	-2524.261	3.144
2139.400	-2523.839	3.144
2139.600	-2523.413	3.144
2139.800	-2522.906	3.144
2140.000	-2522.760	3.144
2140.200	-2522.591	3.144
2140.400	-2522.712	3.144
2140.600	-2522.991	3.144
2140.800	-2522.915	3.143
2141.000	-2523.000	3.143
2141.200	-2522.970	3.143
2141.400	-2523.219	3.143
2141.600	-2523.496	3.143
2141.800	-2523.661	3.143
2142.000	-2523.436	3.143
2142.200	-2522.912	3.143
2142.400	-2522.756	3.143
2142.600	-2522.714	3.143
2142.800	-2522.525	3.143
2143.000	-2522.376	3.143
2143.200	-2522.497	3.142
2143.400	-2522.340	3.142
2143.600	-2522.074	3.142
2143.800	-2522.198	3.142
2144.000	-2522.324	3.142
2144.200	-2522.425	3.142
2144.400	-2522.632	3.142
2144.600	-2522.758	3.142
2144.800	-2522.855	3.142
2145.000	-2523.271	3.142
2145.200	-2523.392	3.142
2145.400	-2523.206	3.141
2145.600	-2523.244	3.141
2145.800	-2523.125	3.141
2146.000	-2523.363	3.141
2146.200	-2523.371	3.141
2146.400	-2522.956	3.141
2146.600	-2523.279	3.141
2146.800	-2523.598	3.141
2147.000	-2523.498	3.141
2147.200	-2523.748	3.141
2147.400	-2523.450	3.141
2147.600	-2523.364	3.140
2147.800	-2522.839	3.140
2148.000	-2522.613	3.140
2148.200	-2522.390	3.140
2148.400	-2522.381	3.140
2148.600	-2522.023	3.140
2148.800	-2521.870	3.140
2149.000	-2521.621	3.140
2149.200	-2521.918	3.140
2149.400	-2521.776	3.140
2149.600	-2522.107	3.140
2149.800	-2521.749	3.140
2150.000	-2521.694	3.139
2150.200	-2521.659	3.139
2150.400	-2521.617	3.139
2150.600	-2521.436	3.139
2150.800	-2521.545	3.139
2151.000	-2521.601	3.139
2151.200	-2521.491	3.139
2151.400	-2521.849	3.139
2151.600	-2521.924	3.139
2151.800	-2522.024	3.139
2152.000	-2522.459	3.138
2152.200	-2522.461	3.138
2152.400	-2522.475	3.138
2152.600	-2522.416	3.138
2152.800	-2522.511	3.138
2153.000	-2522.368	3.138
2153.200	-2522.285	3.138
2153.400	-2522.515	3.138
2153.600	-2522.795	3.138
2153.800	-2522.999	3.138
2154.000	-2522.429	3.138
2154.200	-2522.174	3.138
2154.400	-2521.731	3.137
2154.600	-2521.903	3.137
2154.800	-2522.625	3.137
2155.000	-2522.650	3.137
2155.200	-2522.550	3.137
2155.400	-2522.403	3.137
2155.600	-2522.903	3.137
2155.800	-2522.717	3.137
2156.000	-2522.822	3.137
2156.200	-2523.128	3.136
2156.400	-2523.307	3.136
2156.600	-2523.230	3.136
2156.800	-2522.906	3.136
2157.000	-2522.677	3.136
2157.200	-2522.563	3.136
2157.400	-2522.604	3.136
2157.600	-2522.745	3.136
2157.800	-2522.417	3.136
2158.000	-2522.507	3.136
2158.200	-2522.326	3.136
2158.400	-2522.314	3.136
2158.600	-2522.279	3.135
2158.800	-2522.218	3.135
2159.000	-2522.181	3.135
2159.200	-2522.512	3.135
2159.400	-2522.642	3.135
2159.600	-2522.752	3.135
2159.800	-2522.560	3.135
2160.000	-2522.300	3.135
2160.200	-2522.026	3.135
2160.400	-2521.729	3.135
2160.600	-2522.251	3.134
2160.800	-2522.055	3.134
2161.000	-2522.367	3.134
2161.200	-2522.257	3.134
2161.400	-2522.630	3.134
2161.600	-2522.478	3.134
2161.800	-2522.207	3.134
2162.000	-2522.172	3.134
2162.200	-2521.839	3.134
2162.400	-2522.117	3.134
2162.600	-2522.053	3.133
2162.800	-2521.966	3.133
2163.000	-2522.420	3.133
2163.200	-2522.196	3.133
2163.400	-2521.989	3.133
2163.600	-2521.894	3.133
2163.800	-2521.625	3.133
2164.000	-2521.931	3.133
2164.200	-2521.575	3.133
2164.400	-2521.549	3.133
2164.600	-2521.238	3.133
2164.800	-2521.127	3.133
2165.000	-2521.127	3.132
2165.200	-2521.352	3.132
2165.400	-2522.124	3.132
2165.600	-2521.877	3.132
2165.800	-2521.822	3.132
2166.000	-2522.040	3.132
2166.200	-2522.182	3.132
2166.400	-2522.633	3.132
2166.600	-2522.488	3.132
2166.800	-2522.404	3.131
2167.000	-2522.469	3.131
2167.200	-2522.651	3.131
2167.400	-2522.539	3.131
2167.600	-2522.513	3.131
2167.800	-2522.632	3.131
2168.000	-2523.066	3.131
2168.200	-2523.700	3.131
2168.400	-2523.151	3.131
2168.600	-2523.209	3.130
2168.800	-2522.852	3.130
2169.000	-2522.899	3.130
2169.200	-2522.988	3.130
2169.400	-2523.037	3.130
2169.600	-2523.463	3.130
2169.800	-2523.129	3.130
2170.000	-2522.742	3.130
2170.200	-2522.549	3.130
2170.400	-2522.283	3.130
2170.600	-2522.366	3.130
2170.800	-2522.225	3.129
2171.000	-2521.687	3.129
2171.200	-2521.420	3.129
2171.400	-2522.255	3.129
2171.600	-2522.483	3.129
2171.800	-2522.651	3.129
2172.000	-2522.599	3.129
2172.200	-2522.711	3.129
2172.400	-2522.800	3.129
2172.600	-2522.383	3.128
2172.800	-2522.352	3.128
2173.000	-2522.344	3.128
2173.200	-2522.471	3.128
2173.400	-2522.018	3.128
2173.600	-2521.747	3.128
2173.800	-2521.728	3.128
2174.000	-2522.243	3.128
2174.200	-2522.176	3.128
2174.400	-2522.378	3.128
2174.600	-2522.220	3.127
2174.800	-2522.142	3.127
2175.000	-2521.996	3.127
2175.200	-2521.957	3.127
2175.400	-2521.869	3.127
2175.600	-2521.394	3.127
2175.800	-2521.106	3.127
2176.000	-2520.772	3.127
2176.200	-2520.872	3.127
2176.400	-2520.823	3.127
2176.600	-2520.737	3.127
2176.800	-2521.247	3.126
2177.000	-2521.442	3.126
2177.200	-2521.187	3.126
2177.400	-2520.802	3.126
2177.600	-2521.132	3.126
2177.800	-2521.636	3.126
2178.000	-2521.500	3.126
2178.200	-2521.337	3.126
2178.400	-2521.483	3.126
2178.600	-2521.700	3.125
2178.800	-2521.719	3.125
2179.000	-2521.708	3.125
2179.200	-2521.881	3.125
2179.400	-2522.272	3.125
2179.600	-2522.161	3.125
2179.800	-2522.271	3.125
2180.000	-2522.588	3.125
2180.200	-2522.488	3.125
2180.400	-2522.557	3.124
2180.600	-2522.746	3.124
2180.800	-2522.583	3.124
2181.000	-2522.829	3.124
2181.200	-2522.495	3.124
2181.400	-2522.985	3.124
2181.600	-2522.851	3.124
2181.800	-2522.617	3.124
2182.000	-2522.357	3.124
2182.200	-2522.167	3.124
2182.400	-2521.947	3.123
2182.600	-2522.081	3.123
2182.800	-2521.488	3.123
2183.000	-2521.435	3.123
2183.200	-2521.749	3.123
2183.400	-2522.131	3.123
2183.600	-2521.769	3.123
2183.800	-2521.613	3.123
2184.000	-2521.783	3.123
2184.200	-2521.900	3.122
2184.400	-2521.734	3.122
2184.600	-2521.649	3.122
2184.800	-2521.633	3.122
2185.000	-2521.558	3.122
2185.200	-2521.420	3.122
2185.400	-2521.487	3.122
2185.600	-2521.485	3.122
2185.800	-2521.588	3.122
2186.000	-2521.296	3.122
2186.200	-2521.902	3.121
2186.400	-2521.905	3.121
2186.600	-2521.888	3.121
2186.800	-2521.888	3.121
2187.000	-2522.065	3.121
2187.200	-2522.014	3.121
2187.400	-2521.782	3.121
2187.600	-2521.718	3.121
2187.800	-2522.379	3.120
2188.000	-2522.676	3.120
2188.200	-2522.562	3.120
2188.400	-2522.349	3.120
2188.600	-2522.021	3.120
2188.800	-2522.128	3.120
2189.000	-2522.024	3.120
2189.200	-2522.145	3.120
2189.400	-2522.495	3.120
2189.600	-2522.543	3.119
2189.800	-2522.279	3.119
2190.000	-2522.321	3.119
2190.200	-2522.285	3.119
2190.400	-2522.070	3.119
2190.600	-2521.955	3.119
2190.800	-2522.363	3.119
2191.000	-2522.668	3.119
2191.200	-2522.482	3.119
2191.400	-2522.564	3.118
2191.600	-2522.577	3.118
2191.800	-2522.559	3.118
2192.000	-2522.750	3.118
2192.200	-2522.284	3.118
2192.400	-2521.633	3.118
2192.600	-2521.651	3.118
2192.800	-2522.029	3.118
2193.000	-2521.908	3.118
2193.200	-2521.628	3.118
2193.400	-2521.473	3.117
2193.600	-2521.533	3.117
2193.800	-2521.784	3.117
2194.000	-2522.189	3.117
2194.200	-2522.288	3.117
2194.400	-2522.496	3.117
2194.600	-2522.550	3.117
2194.800	-2522.613	3.116
2195.000	-2522.604	3.116
2195.200	-2522.842	3.116
2195.400	-2522.654	3.116
2195.600	-2522.493	3.116
2195.800	-2522.217	3.116
2196.000	-2522.238	3.116
2196.200	-2522.421	3.116
2196.400	-2522.944	3.116
2196.600	-2523.213	3.115
2196.800	-2523.215	3.115
2197.000	-2522.853	3.115
2197.200	-2522.571	3.115
2197.400	-2522.209	3.115
2197.600	-2522.411	3.115
2197.800	-2522.332	3.115
2198.000	-2522.521	3.115
2198.200	-2522.948	3.114
2198.400	-2523.573	3.114
2198.600	-2523.577	3.114
2198.800	-2523.234	3.114
2199.000	-2522.664	3.114
2199.200	-2522.197	3.114
2199.400	-2521.925	3.114
2199.600	-2521.807	3.114
2199.800	-2521.578	3.114
2200.000	-2522.008	3.114
2200.200	-2521.974	3.113
2200.400	-2521.674	3.113
2200.600	-2521.518	3.113
2200.800	-2521.793	3.113
2201.000	-2521.508	3.113
2201.200	-2521.358	3.113
2201.400	-2521.041	3.113
2201.600	-2521.202	3.113
2201.800	-2521.531	3.113
2202.000	-2521.845	3.112
2202.200	-2522.115	3.112
2202.400	-2522.143	3.112
2202.600	-2522.244	3.112
2202.800	-2521.959	3.112
2203.000	-2521.978	3.112
2203.200	-2522.013	3.112
2203.400	-2521.973	3.112
2203.600	-2522.163	3.111
2203.800	-2522.381	3.111
2204.000	-2522.789	3.111
2204.200	-2522.440	3.111
2204.400	-2522.590	3.111
2204.600	-2522.550	3.111
2204.800	-2522.364	3.111
2205.000	-2522.257	3.111
2205.200	-2522.233	3.110
2205.400	-2522.244	3.110
2205.600	-2522.192	3.110
2205.800	-2522.273	3.110
2206.000	-2522.518	3.110
2206.200	-2522.580	3.110
2206.400	-2522.746	3.110
2206.600	-2522.855	3.110
2206.800	-2523.275	3.109
2207.000	-2523.151	3.109
2207.200	-2522.982	3.109
2207.400	-2522.503	3.109
2207.600	-2522.196	3.109
2207.800	-2521.889	3.109
2208.000	-2522.001	3.109
2208.200	-2521.804	3.109
2208.400	-2522.091	3.108
2208.600	-2521.939	3.108
2208.800	-2522.114	3.108
2209.000	-2522.085	3.108
2209.200	-2522.276	3.108
2209.400	-2522.359	3.108
2209.600	-2522.479	3.108
2209.800	-2522.085	3.108
2210.000	-2521.752	3.108
2210.200	-2521.723	3.107
2210.400	-2521.461	3.107
2210.600	-2521.500	3.107
2210.800	-2521.642	3.107
2211.000	-2521.719	3.107
2211.200	-2521.995	3.107
2211.400	-2522.111	3.107
2211.600	-2522.493	3.106
2211.800	-2522.633	3.106
2212.000	-2522.877	3.106
2212.200	-2523.014	3.106
2212.400	-2522.734	3.106
2212.600	-2523.036	3.106
2212.800	-2522.802	3.106
2213.000	-2522.633	3.106
2213.200	-2522.236	3.105
2213.400	-2522.196	3.105
2213.600	-2522.293	3.105
2213.800	-2522.604	3.105
2214.000	-2522.901	3.105
2214.200	-2522.871	3.105
2214.400	-2522.502	3.105
2214.600	-2522.805	3.104
2214.800	-2522.537	3.104
2215.000	-2522.171	3.104
2215.200	-2522.239	3.104
2215.400	-2522.397	3.104
2215.600	-2522.191	3.104
2215.800	-2522.073	3.104
2216.000	-2521.998	3.104
2216.200	-2522.451	3.103
2216.400	-2522.309	3.103
2216.600	-2522.120	3.103
2216.800	-2522.137	3.103
2217.000	-2522.471	3.103
2217.200	-2522.058	3.103
2217.400	-2521.857	3.103
2217.600	-2521.870	3.103
2217.800	-2522.036	3.102
2218.000	-2521.926	3.102
2218.200	-2521.610	3.102
2218.400	-2521.512	3.102
2218.600	-2522.018	3.102
2218.800	-2522.252	3.102
2219.000	-2522.350	3.102
2219.200	-2522.238	3.102
2219.400	-2521.908	3.101
2219.600	-2521.759	3.101
2219.800	-2521.829	3.101
2220.000	-2522.207	3.101
2220.200	-2522.261	3.101
2220.400	-2522.212	3.101
2220.600	-2522.165	3.101
2220.800	-2521.532	3.101
2221.000	-2521.297	3.101
2221.200	-2521.896	3.100
2221.400	-2522.194	3.100
2221.600	-2522.060	3.100
2221.800	-2521.704	3.100
2222.000	-2521.637	3.100
2222.200	-2522.325	3.100
2222.400	-2522.224	3.099
2222.600	-2522.094	3.099
2222.800	-2522.339	3.099
2223.000	-2522.547	3.099
2223.200	-2522.806	3.099
2223.400	-2522.757	3.099
2223.600	-2522.846	3.099
2223.800	-2522.600	3.098
2224.000	-2522.226	3.098
2224.200	-2521.693	3.098
2224.400	-2521.633	3.098
2224.600	-2521.675	3.098
2224.800	-2522.133	3.098
2225.000	-2521.915	3.098
2225.200	-2521.827	3.098
2225.400	-2521.989	3.097
2225.600	-2522.120	3.097
2225.800	-2522.117	3.097
2226.000	-2521.850	3.097
2226.200	-2522.172	3.097
2226.400	-2522.284	3.097
2226.600	-2522.393	3.097
2226.800	-2522.336	3.096
2227.000	-2522.419	3.096
2227.200	-2522.639	3.096
2227.400	-2522.833	3.096
2227.600	-2522.598	3.096
2227.800	-2522.455	3.096
2228.000	-2522.186	3.096
2228.200	-2522.734	3.095
2228.400	-2522.946	3.095
2228.600	-2522.837	3.095
2228.800	-2522.492	3.095
2229.000	-2522.743	3.095
2229.200	-2522.457	3.095
2229.400	-2522.363	3.095
2229.600	-2522.478	3.094
2229.800	-2522.547	3.094
2230.000	-2522.334	3.094
2230.200	-2522.079	3.094
2230.400	-2521.883	3.094
2230.600	-2522.035	3.094
2230.800	-2522.380	3.094
2231.000	-2522.700	3.093
2231.200	-2522.522	3.093
2231.400	-2522.546	3.093
2231.600	-2522.805	3.093
2231.800	-2522.831	3.093
2232.000	-2522.777	3.093
2232.200	-2522.718	3.093
2232.400	-2523.823	3.092
2232.600	-2523.287	3.092
2232.800	-2522.580	3.092
2233.000	-2522.728	3.092
2233.200	-2523.085	3.092
2233.400	-2522.940	3.092
2233.600	-2522.979	3.092
2233.800	-2522.867	3.091
2234.000	-2522.889	3.091
2234.200	-2522.519	3.091
2234.400	-2522.503	3.091
2234.600	-2522.278	3.091
2234.800	-2522.177	3.091
2235.000	-2522.727	3.091
2235.200	-2522.656	3.090
2235.400	-2522.559	3.090
2235.600	-2522.786	3.090
2235.800	-2522.666	3.090
2236.000	-2522.878	3.090
2236.200	-2522.486	3.090
2236.400	-2522.517	3.090
2236.600	-2522.509	3.089
2236.800	-2522.445	3.089
2237.000	-2522.178	3.089
2237.200	-2522.249	3.089
2237.400	-2522.058	3.089
2237.600	-2521.915	3.089
2237.800	-2522.316	3.089
2238.000	-2522.308	3.088
2238.200	-2522.069	3.088
2238.400	-2522.594	3.088
2238.600	-2522.644	3.088
2238.800	-2522.490	3.088
2239.000	-2522.325	3.088
2239.200	-2522.346	3.087
2239.400	-2521.911	3.087
2239.600	-2522.218	3.087
2239.800	-2522.119	3.087
2240.000	-2522.273	3.087
2240.200	-2522.696	3.087
2240.400	-2522.466	3.087
2240.600	-2522.623	3.087
2240.800	-2522.469	3.087
2241.000	-2522.790	3.086
2241.200	-2522.568	3.086
2241.400	-2522.367	3.086
2241.600	-2521.985	3.086
2241.800	-2521.457	3.086
2242.000	-2521.801	3.086
2242.200	-2521.602	3.086
2242.400	-2522.035	3.085
2242.600	-2522.226	3.085
2242.800	-2522.412	3.085
2243.000	-2522.587	3.085
2243.200	-2523.201	3.085
2243.400	-2522.809	3.085
2243.600	-2523.042	3.084
2243.800	-2523.349	3.084
2244.000	-2523.778	3.084
2244.200	-2523.594	3.084
2244.400	-2523.319	3.084
2244.600	-2523.482	3.084
2244.800	-2523.526	3.083
2245.000	-2523.823	3.083
2245.200	-2523.505	3.083
2245.400	-2523.015	3.083
2245.600	-2522.960	3.083
2245.800	-2522.737	3.083
2246.000	-2522.325	3.083
2246.200	-2522.313	3.082
2246.400	-2522.256	3.082
2246.600	-2522.404	3.082
2246.800	-2522.208	3.082
2247.000	-2522.175	3.082
2247.200	-2521.966	3.082
2247.400	-2522.019	3.081
2247.600	-2521.760	3.081
2247.800	-2521.934	3.081
2248.000	-2521.981	3.081
2248.200	-2521.725	3.081
2248.400	-2521.899	3.081
2248.600	-2522.218	3.081
2248.800	-2522.229	3.080
2249.000	-2521.878	3.080
2249.200	-2521.693	3.080
2249.400	-2521.905	3.080
2249.600	-2521.640	3.080
2249.800	-2521.405	3.080
2250.000	-2521.251	3.080
2250.200	-2521.010	3.079
2250.400	-2521.322	3.079
2250.600	-2521.084	3.079
2250.800	-2521.072	3.079
2251.000	-2520.737	3.079
2251.200	-2520.667	3.079
2251.400	-2520.441	3.078
2251.600	-2520.672	3.078
2251.800	-2520.617	3.078
2252.000	-2520.314	3.078
2252.200	-2520.556	3.078
2252.400	-2520.694	3.078
2252.600	-2521.156	3.077
2252.800	-2521.308	3.077
2253.000	-2521.487	3.077
2253.200	-2522.356	3.077
2253.400	-2522.556	3.077
2253.600	-2522.388	3.077
2253.800	-2522.323	3.077
2254.000	-2521.993	3.076
2254.200	-2522.164	3.076
2254.400	-2522.462	3.076
2254.600	-2522.709	3.076
2254.800	-2523.170	3.076
2255.000	-2522.858	3.075
2255.200	-2522.750	3.075
2255.400	-2522.783	3.075
2255.600	-2522.562	3.075
2255.800	-2522.074	3.075
2256.000	-2521.762	3.075
2256.200	-2521.542	3.075
2256.400	-2521.217	3.075
2256.600	-2520.866	3.074
2256.800	-2521.149	3.074
2257.000	-2521.164	3.074
2257.200	-2521.339	3.074
2257.400	-2521.793	3.074
2257.600	-2522.002	3.073
2257.800	-2521.792	3.073
2258.000	-2521.416	3.073
2258.200	-2521.646	3.073
2258.400	-2521.773	3.073
2258.600	-2521.269	3.073
2258.800	-2521.710	3.072
2259.000	-2521.983	3.072
2259.200	-2521.971	3.072
2259.400	-2521.712	3.072
2259.600	-2521.956	3.072
2259.800	-2522.501	3.072
2260.000	-2522.780	3.071
2260.200	-2522.503	3.071
2260.400	-2522.398	3.071
2260.600	-2522.018	3.071
2260.800	-2521.939	3.071
2261.000	-2522.036	3.071
2261.200	-2522.397	3.070
2261.400	-2522.275	3.070
2261.600	-2521.963	3.070
2261.800	-2521.701	3.070
2262.000	-2521.632	3.070
2262.200	-2521.383	3.070
2262.400	-2521.227	3.069
2262.600	-2521.096	3.069
2262.800	-2521.277	3.069
2263.000	-2521.486	3.069
2263.200	-2521.504	3.069
2263.400	-2521.450	3.069
2263.600	-2521.521	3.068
2263.800	-2521.834	3.068
2264.000	-2521.861	3.068
2264.200	-2521.894	3.068
2264.400	-2521.874	3.068
2264.600	-2521.659	3.068
2264.800	-2522.009	3.067
2265.000	-2522.198	3.067
2265.200	-2521.870	3.067
2265.400	-2521.935	3.067
2265.600	-2522.068	3.067
2265.800	-2522.317	3.066
2266.000	-2522.467	3.066
2266.200	-2522.492	3.066
2266.400	-2522.335	3.066
2266.600	-2522.302	3.066
2266.800	-2522.316	3.066
2267.000	-2522.186	3.065
2267.200	-2522.003	3.065
2267.400	-2522.277	3.065
2267.600	-2522.244	3.065
2267.800	-2522.648	3.065
2268.000	-2522.293	3.065
2268.200	-2521.878	3.064
2268.400	-2521.335	3.064
2268.600	-2521.302	3.064
2268.800	-2521.114	3.064
2269.000	-2521.217	3.064
2269.200	-2521.135	3.064
2269.400	-2521.128	3.063
2269.600	-2521.135	3.063
2269.800	-2521.498	3.063
2270.000	-2521.754	3.063
2270.200	-2521.774	3.063
2270.400	-2521.808	3.063
2270.600	-2522.219	3.062
2270.800	-2522.229	3.062
2271.000	-2522.350	3.062
2271.200	-2522.678	3.062
2271.400	-2522.995	3.062
2271.600	-2522.815	3.061
2271.800	-2522.519	3.061
2272.000	-2522.278	3.061
2272.200	-2522.379	3.061
2272.400	-2522.108	3.061
2272.600	-2522.299	3.061
2272.800	-2522.480	3.060
2273.000	-2522.307	3.060
2273.200	-2522.521	3.060
2273.400	-2522.528	3.060
2273.600	-2521.889	3.060
2273.800	-2521.381	3.060
2274.000	-2521.827	3.059
2274.200	-2522.096	3.059
2274.400	-2522.136	3.059
2274.600	-2521.873	3.059
2274.800	-2521.426	3.059
2275.000	-2521.313	3.059
2275.200	-2521.381	3.058
2275.400	-2521.459	3.058
2275.600	-2521.324	3.058
2275.800	-2521.465	3.058
2276.000	-2520.950	3.058
2276.200	-2521.049	3.057
2276.400	-2521.274	3.057
2276.600	-2521.095	3.057
2276.800	-2521.679	3.057
2277.000	-2522.207	3.057
2277.200	-2522.501	3.056
2277.400	-2522.435	3.056
2277.600	-2522.669	3.056
2277.800	-2523.255	3.056
2278.000	-2522.963	3.056
2278.200	-2522.646	3.055
2278.400	-2522.583	3.055
2278.600	-2522.367	3.055
2278.800	-2522.521	3.055
2279.000	-2522.309	3.055
2279.200	-2522.476	3.055
2279.400	-2522.585	3.054
2279.600	-2522.386	3.054
2279.800	-2522.283	3.054
2280.000	-2522.374	3.054
2280.200	-2522.317	3.054
2280.400	-2522.671	3.053
2280.600	-2522.767	3.053
2280.800	-2522.545	3.053
2281.000	-2521.998	3.053
2281.200	-2522.463	3.053
2281.400	-2522.146	3.053
2281.600	-2522.222	3.052
2281.800	-2521.756	3.052
2282.000	-2521.660	3.052
2282.200	-2521.411	3.052
2282.400	-2521.131	3.052
2282.600	-2520.997	3.052
2282.800	-2521.297	3.051
2283.000	-2521.094	3.051
2283.200	-2520.672	3.051
2283.400	-2520.481	3.051
2283.600	-2520.508	3.051
2283.800	-2520.476	3.051
2284.000	-2520.835	3.050
2284.200	-2520.965	3.050
2284.400	-2521.266	3.050
2284.600	-2521.340	3.050
2284.800	-2521.174	3.050
2285.000	-2521.339	3.049
2285.200	-2521.175	3.049
2285.400	-2521.796	3.049
2285.600	-2521.831	3.049
2285.800	-2521.784	3.049
2286.000	-2521.917	3.048
2286.200	-2522.013	3.048
2286.400	-2521.734	3.048
2286.600	-2522.052	3.048
2286.800	-2522.468	3.048
2287.000	-2522.610	3.047
2287.200	-2522.549	3.047
2287.400	-2522.593	3.047
2287.600	-2522.595	3.047
2287.800	-2522.967	3.047
2288.000	-2522.629	3.046
2288.200	-2522.187	3.046
2288.400	-2522.268	3.046
2288.600	-2522.288	3.046
2288.800	-2521.997	3.046
2289.000	-2521.616	3.046
2289.200	-2521.780	3.045
2289.400	-2521.535	3.045
2289.600	-2521.215	3.045
2289.800	-2521.348	3.045
2290.000	-2521.424	3.045
2290.200	-2521.477	3.044
2290.400	-2521.099	3.044
2290.600	-2520.963	3.044
2290.800	-2521.342	3.044
2291.000	-2521.782	3.044
2291.200	-2521.883	3.043
2291.400	-2522.080	3.043
2291.600	-2521.651	3.043
2291.800	-2521.885	3.043
2292.000	-2522.128	3.043
2292.200	-2522.290	3.042
2292.400	-2522.324	3.042
2292.600	-2522.251	3.042
2292.800	-2522.069	3.042
2293.000	-2521.856	3.042
2293.200	-2521.711	3.041
2293.400	-2521.833	3.041
2293.600	-2521.982	3.041
2293.800	-2521.681	3.041
2294.000	-2521.698	3.041
2294.200	-2521.529	3.041
2294.400	-2521.425	3.040
2294.600	-2521.474	3.040
2294.800	-2521.904	3.040
2295.000	-2521.462	3.040
2295.200	-2521.260	3.040
2295.400	-2521.386	3.039
2295.600	-2521.105	3.039
2295.800	-2520.800	3.039
2296.000	-2520.658	3.039
2296.200	-2521.141	3.039
2296.400	-2521.368	3.038
2296.600	-2521.435	3.038
2296.800	-2521.338	3.038
2297.000	-2521.638	3.038
2297.200	-2521.351	3.038
2297.400	-2521.129	3.037
2297.600	-2521.287	3.037
2297.800	-2521.283	3.037
2298.000	-2521.495	3.037
2298.200	-2521.748	3.037
2298.400	-2521.875	3.036
2298.600	-2521.920	3.036
2298.800	-2521.802	3.036
2299.000	-2521.512	3.036
2299.200	-2521.633	3.036
2299.400	-2521.872	3.035
2299.600	-2522.169	3.035
2299.800	-2522.203	3.035
2300.000	-2522.477	3.035
2300.200	-2522.490	3.035
2300.400	-2522.715	3.034
2300.600	-2522.859	3.034
2300.800	-2522.621	3.034
2301.000	-2522.757	3.034
2301.200	-2522.653	3.033
2301.400	-2522.478	3.033
2301.600	-2522.443	3.033
2301.800	-2522.190	3.033
2302.000	-2521.875	3.033
2302.200	-2521.923	3.033
2302.400	-2522.510	3.032
2302.600	-2522.297	3.032
2302.800	-2521.859	3.032
2303.000	-2521.709	3.032
2303.200	-2521.474	3.032
2303.400	-2522.008	3.031
2303.600	-2521.950	3.031
2303.800	-2522.096	3.031
2304.000	-2521.918	3.031
2304.200	-2521.855	3.031
2304.400	-2521.785	3.030
2304.600	-2521.881	3.030
2304.800	-2521.782	3.030
2305.000	-2521.601	3.030
2305.200	-2521.626	3.030
2305.400	-2521.066	3.029
2305.600	-2520.679	3.029
2305.800	-2520.450	3.029
2306.000	-2520.349	3.029
2306.200	-2520.684	3.029
2306.400	-2520.879	3.028
2306.600	-2520.659	3.028
2306.800	-2521.345	3.028
2307.000	-2521.381	3.028
2307.200	-2521.170	3.028
2307.400	-2521.155	3.027
2307.600	-2521.317	3.027
2307.800	-2521.653	3.027
2308.000	-2521.776	3.027
2308.200	-2522.668	3.026
2308.400	-2523.403	3.026
2308.600	-2522.856	3.026
2308.800	-2522.550	3.026
2309.000	-2522.341	3.026
2309.200	-2521.734	3.026
2309.400	-2521.617	3.025
2309.600	-2521.585	3.025
2309.800	-2521.399	3.025
2310.000	-2521.408	3.025
2310.200	-2521.545	3.024
2310.400	-2521.200	3.024
2310.600	-2521.152	3.024
2310.800	-2520.810	3.024
2311.000	-2521.389	3.024
2311.200	-2521.721	3.023
2311.400	-2522.259	3.023
2311.600	-2522.344	3.023
2311.800	-2522.295	3.023
2312.000	-2522.455	3.022
2312.200	-2523.197	3.022
2312.400	-2523.119	3.022
2312.600	-2522.791	3.022
2312.800	-2522.656	3.022
2313.000	-2522.342	3.021
2313.200	-2521.953	3.021
2313.400	-2521.579	3.021
2313.600	-2522.096	3.021
2313.800	-2522.372	3.021
2314.000	-2522.041	3.020
2314.200	-2521.999	3.020
2314.400	-2522.215	3.020
2314.600	-2522.256	3.020
2314.800	-2522.394	3.020
2315.000	-2522.139	3.019
2315.200	-2521.882	3.019
2315.400	-2522.073	3.019
2315.600	-2521.974	3.019
2315.800	-2521.983	3.018
2316.000	-2522.103	3.018
2316.200	-2521.914	3.018
2316.400	-2521.923	3.018
2316.600	-2522.214	3.018
2316.800	-2522.102	3.017
2317.000	-2522.547	3.017
2317.200	-2522.874	3.017
2317.400	-2522.461	3.017
2317.600	-2522.266	3.017
2317.800	-2522.316	3.016
2318.000	-2522.174	3.016
2318.200	-2522.370	3.016
2318.400	-2522.113	3.016
2318.600	-2521.859	3.015
2318.800	-2522.120	3.015
2319.000	-2522.204	3.015
2319.200	-2522.346	3.015
2319.400	-2522.306	3.015
2319.600	-2522.008	3.014
2319.800	-2521.627	3.014
2320.000	-2521.174	3.014
2320.200	-2521.226	3.014
2320.400	-2521.119	3.014
2320.600	-2521.527	3.013
2320.800	-2522.172	3.013
2321.000	-2522.507	3.013
2321.200	-2522.297	3.013
2321.400	-2522.010	3.012
2321.600	-2521.838	3.012
2321.800	-2521.559	3.012
2322.000	-2521.176	3.012
2322.200	-2521.018	3.012
2322.400	-2520.881	3.011
2322.600	-2520.384	3.011
2322.800	-2520.863	3.011
2323.000	-2521.208	3.011
2323.200	-2521.197	3.010
2323.400	-2521.429	3.010
2323.600	-2521.796	3.010
2323.800	-2521.673	3.010
2324.000	-2521.437	3.010
2324.200	-2521.202	3.009
2324.400	-2520.992	3.009
2324.600	-2520.669	3.009
2324.800	-2520.842	3.009
2325.000	-2520.911	3.008
2325.200	-2520.680	3.008
2325.400	-2521.006	3.008
2325.600	-2520.967	3.008
2325.800	-2521.255	3.007
2326.000	-2521.556	3.007
2326.200	-2521.395	3.007
2326.400	-2521.270	3.007
2326.600	-2521.637	3.007
2326.800	-2521.740	3.006
2327.000	-2521.568	3.006
2327.200	-2521.456	3.006
2327.400	-2521.087	3.006
2327.600	-2521.294	3.005
2327.800	-2521.391	3.005
2328.000	-2521.677	3.005
2328.200	-2522.030	3.005
2328.400	-2522.061	3.004
2328.600	-2521.757	3.004
2328.800	-2521.556	3.004
2329.000	-2521.178	3.004
2329.200	-2521.529	3.004
2329.400	-2521.741	3.003
2329.600	-2521.593	3.003
2329.800	-2521.788	3.003
2330.000	-2521.823	3.003
2330.200	-2521.422	3.002
2330.400	-2521.347	3.002
2330.600	-2521.190	3.002
2330.800	-2521.326	3.002
2331.000	-2521.346	3.002
2331.200	-2521.088	3.001
2331.400	-2521.231	3.001
2331.600	-2521.468	3.001
2331.800	-2521.609	3.001
2332.000	-2521.448	3.000
2332.200	-2521.231	3.000
2332.400	-2521.023	3.000
2332.600	-2521.403	3.000
2332.800	-2521.286	3.000
2333.000	-2521.180	2.999
2333.200	-2520.832	2.999
2333.400	-2520.730	2.999
2333.600	-2521.041	2.999
2333.800	-2521.134	2.998
2334.000	-2521.303	2.998
2334.200	-2521.603	2.998
2334.400	-2521.545	2.998
2334.600	-2521.540	2.997
2334.800	-2521.744	2.997
2335.000	-2522.171	2.997
2335.200	-2522.334	2.997
2335.400	-2522.007	2.996
2335.600	-2521.877	2.996
2335.800	-2521.785	2.996
2336.000	-2521.497	2.996
2336.200	-2521.099	2.996
2336.400	-2521.198	2.995
2336.600	-2521.285	2.995
2336.800	-2521.708	2.995
2337.000	-2522.105	2.995
2337.200	-2521.697	2.994
2337.400	-2522.011	2.994
2337.600	-2522.361	2.994
2337.800	-2522.154	2.994
2338.000	-2522.288	2.993
2338.200	-2522.068	2.993
2338.400	-2521.688	2.993
2338.600	-2521.048	2.993
2338.800	-2520.723	2.992
2339.000	-2520.568	2.992
2339.200	-2520.945	2.992
2339.400	-2520.987	2.992
2339.600	-2521.304	2.991
2339.800	-2521.281	2.991
2340.000	-2521.290	2.991
2340.200	-2521.547	2.991
2340.400	-2521.231	2.991
2340.600	-2521.135	2.990
2340.800	-2521.818	2.990
2341.000	-2521.580	2.990
2341.200	-2521.524	2.990
2341.400	-2521.158	2.989
2341.600	-2521.219	2.989
2341.800	-2521.062	2.989
2342.000	-2521.228	2.989
2342.200	-2520.959	2.988
2342.400	-2521.172	2.988
2342.600	-2521.180	2.988
2342.800	-2521.093	2.988
2343.000	-2521.220	2.987
2343.200	-2520.999	2.987
2343.400	-2520.745	2.987
2343.600	-2520.862	2.987
2343.800	-2521.001	2.986
2344.000	-2520.930	2.986
2344.200	-2520.940	2.986
2344.400	-2521.354	2.986
2344.600	-2521.057	2.985
2344.800	-2521.141	2.985
2345.000	-2521.134	2.985
2345.200	-2521.358	2.985
2345.400	-2521.512	2.984
2345.600	-2521.482	2.984
2345.800	-2521.601	2.984
2346.000	-2522.236	2.984
2346.200	-2522.452	2.983
2346.400	-2522.499	2.983
2346.600	-2522.489	2.983
2346.800	-2522.451	2.983
2347.000	-2522.519	2.982
2347.200	-2522.882	2.982
2347.400	-2522.509	2.982
2347.600	-2521.955	2.982
2347.800	-2521.273	2.981
2348.000	-2521.238	2.981
2348.200	-2521.226	2.981
2348.400	-2521.296	2.981
2348.600	-2521.542	2.980
2348.800	-2521.786	2.980
2349.000	-2522.267	2.980
2349.200	-2522.019	2.980
2349.400	-2522.071	2.980
2349.600	-2522.130	2.979
2349.800	-2522.182	2.979
2350.000	-2521.681	2.979
2350.200	-2521.621	2.978
2350.400	-2521.698	2.978
2350.600	-2521.888	2.978
2350.800	-2521.619	2.978
2351.000	-2521.735	2.977
2351.200	-2521.917	2.977
2351.400	-2522.000	2.977
2351.600	-2521.500	2.977
2351.800	-2521.338	2.976
2352.000	-2521.230	2.976
2352.200	-2521.287	2.976
2352.400	-2521.267	2.976
2352.600	-2521.862	2.975
2352.800	-2522.158	2.975
2353.000	-2522.003	2.975
2353.200	-2521.833	2.975
2353.400	-2522.002	2.974
2353.600	-2521.976	2.974
2353.800	-2521.700	2.974
2354.000	-2521.634	2.974
2354.200	-2521.428	2.973
2354.400	-2521.256	2.973
2354.600	-2520.856	2.973
2354.800	-2521.135	2.973
2355.000	-2521.168	2.972
2355.200	-2521.276	2.972
2355.400	-2521.297	2.972
2355.600	-2521.302	2.972
2355.800	-2521.063	2.971
2356.000	-2521.241	2.971
2356.200	-2521.597	2.971
2356.400	-2521.532	2.971
2356.600	-2521.712	2.970
2356.800	-2522.328	2.970
2357.000	-2522.588	2.970
2357.200	-2522.736	2.969
2357.400	-2522.720	2.969
2357.600	-2522.678	2.969
2357.800	-2522.404	2.969
2358.000	-2522.424	2.968
2358.200	-2522.380	2.968
2358.400	-2522.164	2.968
2358.600	-2521.491	2.968
2358.800	-2521.873	2.967
2359.000	-2521.645	2.967
2359.200	-2521.333	2.967
2359.400	-2521.352	2.967
2359.600	-2522.261	2.966
2359.800	-2522.176	2.966
2360.000	-2522.357	2.966
2360.200	-2522.473	2.966
2360.400	-2522.578	2.965
2360.600	-2522.408	2.965
2360.800	-2522.265	2.965
2361.000	-2521.753	2.965
2361.200	-2521.814	2.964
2361.400	-2522.022	2.964
2361.600	-2521.696	2.964
2361.800	-2521.412	2.964
2362.000	-2521.144	2.963
2362.200	-2520.790	2.963
2362.400	-2520.868	2.963
2362.600	-2520.788	2.962
2362.800	-2520.810	2.962
2363.000	-2520.840	2.962
2363.200	-2520.764	2.962
2363.400	-2520.896	2.961
2363.600	-2521.486	2.961
2363.800	-2521.686	2.961
2364.000	-2522.004	2.961
2364.200	-2521.753	2.960
2364.400	-2521.896	2.960
2364.600	-2521.706	2.960
2364.800	-2521.449	2.960
2365.000	-2521.415	2.959
2365.200	-2521.251	2.959
2365.400	-2521.410	2.959
2365.600	-2521.935	2.958
2365.800	-2522.168	2.958
2366.000	-2522.261	2.958
2366.200	-2521.904	2.958
2366.400	-2521.290	2.957
2366.600	-2521.643	2.957
2366.800	-2521.586	2.957
2367.000	-2522.072	2.956
2367.200	-2522.267	2.956
2367.400	-2522.305	2.956
2367.600	-2522.203	2.956
2367.800	-2521.941	2.955
2368.000	-2521.564	2.955
2368.200	-2521.443	2.955
2368.400	-2521.196	2.955
2368.600	-2521.192	2.954
2368.800	-2521.222	2.954
2369.000	-2521.295	2.954
2369.200	-2521.181	2.954
2369.400	-2521.179	2.953
2369.600	-2521.355	2.953
2369.800	-2521.441	2.953
2370.000	-2521.729	2.953
2370.200	-2521.102	2.952
2370.400	-2521.253	2.952
2370.600	-2521.821	2.952
2370.800	-2521.587	2.951
2371.000	-2521.377	2.951
2371.200	-2521.390	2.951
2371.400	-2521.547	2.951
2371.600	-2521.189	2.950
2371.800	-2521.571	2.950
2372.000	-2521.552	2.950
2372.200	-2521.330	2.949
2372.400	-2521.413	2.949
2372.600	-2520.962	2.949
2372.800	-2521.179	2.949
2373.000	-2521.831	2.948
2373.200	-2521.809	2.948
2373.400	-2522.408	2.948
2373.600	-2522.223	2.947
2373.800	-2522.050	2.947
2374.000	-2521.638	2.947
2374.200	-2521.296	2.947
2374.400	-2521.077	2.946
2374.600	-2520.844	2.946
2374.800	-2520.805	2.946
2375.000	-2520.743	2.946
2375.200	-2521.183	2.945
2375.400	-2521.865	2.945
2375.600	-2521.868	2.945
2375.800	-2521.674	2.944
2376.000	-2521.406	2.944
2376.200	-2521.214	2.944
2376.400	-2521.614	2.944
2376.600	-2521.311	2.943
2376.800	-2521.586	2.943
2377.000	-2521.500	2.943
2377.200	-2521.613	2.942
2377.400	-2522.078	2.942
2377.600	-2521.965	2.942
2377.800	-2521.831	2.942
2378.000	-2521.818	2.941
2378.200	-2521.443	2.941
2378.400	-2521.281	2.941
2378.600	-2521.260	2.941
2378.800	-2521.473	2.940
2379.000	-2521.924	2.940
2379.200	-2521.696	2.940
2379.400	-2522.119	2.939
2379.600	-2521.747	2.939
2379.800	-2521.380	2.939
2380.000	-2521.660	2.938
2380.200	-2521.585	2.938
2380.400	-2521.538	2.938
2380.600	-2521.062	2.938
2380.800	-2521.280	2.937
2381.000	-2521.379	2.937
2381.200	-2521.485	2.937
2381.400	-2521.084	2.937
2381.600	-2520.862	2.936
2381.800	-2520.966	2.936
2382.000	-2521.123	2.936
2382.200	-2520.770	2.935
2382.400	-2520.739	2.935
2382.600	-2520.854	2.935
2382.800	-2521.364	2.935
2383.000	-2521.585	2.934
2383.200	-2521.282	2.934
2383.400	-2521.533	2.934
2383.600	-2521.463	2.933
2383.800	-2521.334	2.933
2384.000	-2520.983	2.933
2384.200	-2521.177	2.933
2384.400	-2521.549	2.932
2384.600	-2521.503	2.932
2384.800	-2521.782	2.932
2385.000	-2522.034	2.931
2385.200	-2522.175	2.931
2385.400	-2522.089	2.931
2385.600	-2522.098	2.930
2385.800	-2521.990	2.930
2386.000	-2522.275	2.930
2386.200	-2522.316	2.930
2386.400	-2521.951	2.929
2386.600	-2521.483	2.929
2386.800	-2521.302	2.929
2387.000	-2521.094	2.929
2387.200	-2521.380	2.928
2387.400	-2521.019	2.928
2387.600	-2520.815	2.928
2387.800	-2520.653	2.927
2388.000	-2521.149	2.927
2388.200	-2521.813	2.927
2388.400	-2521.913	2.926
2388.600	-2521.512	2.926
2388.800	-2521.268	2.926
2389.000	-2521.015	2.926
2389.200	-2520.832	2.925
2389.400	-2520.806	2.925
2389.600	-2520.954	2.925
2389.800	-2521.376	2.924
2390.000	-2521.668	2.924
2390.200	-2521.533	2.924
2390.400	-2522.141	2.923
2390.600	-2521.836	2.923
2390.800	-2521.535	2.923
2391.000	-2521.453	2.923
2391.200	-2520.849	2.922
2391.400	-2521.019	2.922
2391.600	-2521.309	2.922
2391.800	-2521.565	2.921
2392.000	-2522.048	2.921
2392.200	-2522.390	2.921
2392.400	-2522.173	2.920
2392.600	-2522.087	2.920
2392.800	-2522.161	2.920
2393.000	-2521.673	2.920
2393.200	-2521.266	2.919
2393.400	-2521.258	2.919
2393.600	-2521.028	2.919
2393.800	-2521.078	2.919
2394.000	-2521.271	2.918
2394.200	-2520.979	2.918
2394.400	-2521.630	2.918
2394.600	-2522.006	2.917
2394.800	-2521.924	2.917
2395.000	-2522.273	2.917
2395.200	-2522.342	2.916
2395.400	-2522.681	2.916
2395.600	-2522.663	2.916
2395.800	-2522.531	2.915
2396.000	-2522.432	2.915
2396.200	-2521.878	2.915
2396.400	-2521.614	2.914
2396.600	-2521.333	2.914
2396.800	-2520.956	2.914
2397.000	-2520.749	2.914
2397.200	-2520.941	2.913
2397.400	-2521.126	2.913
2397.600	-2521.086	2.913
2397.800	-2521.208	2.912
2398.000	-2521.327	2.912
2398.200	-2521.511	2.912
2398.400	-2521.446	2.911
2398.600	-2521.410	2.911
2398.800	-2521.243	2.911
2399.000	-2521.125	2.911
2399.200	-2521.030	2.910
2399.400	-2520.841	2.910
2399.600	-2520.683	2.910
2399.800	-2520.856	2.909
2400.000	-2521.743	2.909
2400.200	-2521.972	2.909
2400.400	-2521.977	2.908
2400.600	-2521.610	2.908
2400.800	-2521.714	2.908
2401.000	-2521.894	2.907
2401.200	-2521.557	2.907
2401.400	-2521.509	2.907
2401.600	-2521.216	2.907
2401.800	-2521.116	2.906
2402.000	-2521.081	2.906
2402.200	-2521.433	2.906
2402.400	-2521.297	2.905
2402.600	-2521.037	2.905
2402.800	-2521.834	2.905
2403.000	-2521.729	2.904
2403.200	-2521.691	2.904
2403.400	-2521.235	2.904
2403.600	-2521.373	2.904
2403.800	-2521.580	2.903
2404.000	-2521.897	2.903
2404.200	-2522.205	2.903
2404.400	-2522.031	2.902
2404.600	-2522.044	2.902
2404.800	-2522.045	2.902
2405.000	-2521.721	2.901
2405.200	-2521.821	2.901
2405.400	-2521.626	2.901
2405.600	-2521.185	2.900
2405.800	-2521.257	2.900
2406.000	-2521.604	2.900
2406.200	-2521.696	2.899
2406.400	-2521.696	2.899
2406.600	-2521.626	2.899
2406.800	-2521.505	2.899
2407.000	-2521.685	2.898
2407.200	-2521.921	2.898
2407.400	-2522.151	2.898
2407.600	-2522.421	2.897
2407.800	-2522.232	2.897
2408.000	-2521.744	2.897
2408.200	-2521.466	2.896
2408.400	-2520.970	2.896
2408.600	-2520.937	2.896
2408.800	-2520.872	2.895
2409.000	-2520.852	2.895
2409.200	-2520.598	2.895
2409.400	-2520.973	2.895
2409.600	-2521.015	2.894
2409.800	-2521.218	2.894
2410.000	-2521.057	2.894
2410.200	-2520.913	2.893
2410.400	-2520.928	2.893
2410.600	-2521.084	2.893
2410.800	-2521.119	2.893
2411.000	-2520.834	2.892
2411.200	-2520.926	2.892
2411.400	-2520.989	2.892
2411.600	-2521.237	2.891
2411.800	-2521.248	2.891
2412.000	-2521.625	2.891
2412.200	-2521.724	2.890
2412.400	-2521.742	2.890
2412.600	-2522.001	2.890
2412.800	-2521.584	2.889
2413.000	-2521.755	2.889
2413.200	-2522.199	2.889
2413.400	-2522.137	2.888
2413.600	-2522.475	2.888
2413.800	-2522.425	2.888
2414.000	-2522.104	2.887
2414.200	-2521.718	2.887
2414.400	-2521.594	2.887
2414.600	-2521.476	2.886
2414.800	-2521.443	2.886
2415.000	-2521.369	2.886
2415.200	-2521.627	2.885
2415.400	-2521.612	2.885
2415.600	-2521.491	2.885
2415.800	-2521.209	2.884
2416.000	-2521.064	2.884
2416.200	-2520.896	2.884
2416.400	-2520.946	2.884
2416.600	-2521.375	2.883
2416.800	-2521.683	2.883
2417.000	-2521.693	2.883
2417.200	-2522.030	2.882
2417.400	-2522.193	2.882
2417.600	-2522.232	2.882
2417.800	-2522.495	2.881
2418.000	-2522.414	2.881
2418.200	-2522.399	2.881
2418.400	-2522.151	2.880
2418.600	-2521.779	2.880
2418.800	-2521.792	2.880
2419.000	-2521.931	2.879
2419.200	-2522.166	2.879
2419.400	-2521.981	2.879
2419.600	-2521.717	2.878
2419.800	-2521.921	2.878
2420.000	-2522.120	2.878
2420.200	-2521.883	2.877
2420.400	-2521.878	2.877
2420.600	-2521.981	2.877
2420.800	-2521.925	2.876
2421.000	-2521.837	2.876
2421.200	-2522.221	2.876
2421.400	-2522.376	2.875
2421.600	-2522.358	2.875
2421.800	-2521.760	2.875
2422.000	-2522.051	2.874
2422.200	-2522.118	2.874
2422.400	-2522.486	2.874
2422.600	-2522.414	2.873
2422.800	-2522.593	2.873
2423.000	-2522.307	2.873
2423.200	-2521.770	2.872
2423.400	-2521.640	2.872
2423.600	-2521.803	2.872
2423.800	-2522.181	2.871
2424.000	-2522.347	2.871
2424.200	-2522.414	2.871
2424.400	-2522.440	2.870
2424.600	-2522.090	2.870
2424.800	-2521.961	2.870
2425.000	-2522.394	2.869
2425.200	-2522.336	2.869
2425.400	-2522.229	2.869
2425.600	-2522.285	2.868
2425.800	-2522.076	2.868
2426.000	-2522.144	2.868
2426.200	-2521.894	2.867
2426.400	-2521.385	2.867
2426.600	-2520.893	2.867
2426.800	-2520.840	2.866
2427.000	-2521.135	2.866
2427.200	-2521.356	2.866
2427.400	-2521.209	2.865
2427.600	-2521.868	2.865
2427.800	-2521.572	2.865
2428.000	-2521.754	2.864
2428.200	-2521.631	2.864
2428.400	-2521.893	2.864
2428.600	-2522.098	2.863
2428.800	-2522.486	2.863
2429.000	-2522.258	2.862
2429.200	-2521.808	2.862
2429.400	-2521.813	2.862
2429.600	-2521.639	2.861
2429.800	-2521.718	2.861
2430.000	-2521.860	2.861
2430.200	-2521.739	2.860
2430.400	-2521.430	2.860
2430.600	-2521.036	2.860
2430.800	-2520.648	2.859
2431.000	-2520.783	2.859
2431.200	-2521.701	2.859
2431.400	-2521.903	2.858
2431.600	-2521.698	2.858
2431.800	-2521.375	2.858
2432.000	-2521.719	2.857
2432.200	-2522.120	2.857
2432.400	-2522.015	2.857
2432.600	-2521.801	2.856
2432.800	-2521.533	2.856
2433.000	-2521.090	2.856
2433.200	-2520.930	2.855
2433.400	-2521.459	2.855
2433.600	-2522.095	2.855
2433.800	-2522.395	2.854
2434.000	-2522.072	2.854
2434.200	-2522.025	2.853
2434.400	-2521.801	2.853
2434.600	-2521.415	2.853
2434.800	-2521.218	2.853
2435.000	-2521.320	2.852
2435.200	-2521.328	2.852
2435.400	-2521.331	2.852
2435.600	-2521.053	2.851
2435.800	-2521.036	2.851
2436.000	-2521.381	2.850
2436.200	-2521.130	2.850
2436.400	-2520.882	2.850
2436.600	-2520.820	2.849
2436.800	-2520.972	2.849
2437.000	-2520.813	2.849
2437.200	-2521.287	2.848
2437.400	-2522.086	2.848
2437.600	-2522.203	2.847
2437.800	-2522.024	2.847
2438.000	-2522.034	2.847
2438.200	-2522.230	2.846
2438.400	-2522.583	2.846
2438.600	-2522.653	2.846
2438.800	-2522.537	2.845
2439.000	-2522.481	2.845
2439.200	-2522.309	2.845
2439.400	-2522.196	2.844
2439.600	-2522.196	2.844
2439.800	-2522.494	2.843
2440.000	-2522.745	2.843
2440.200	-2522.415	2.843
2440.400	-2522.149	2.842
2440.600	-2522.400	2.842
2440.800	-2522.462	2.842
2441.000	-2522.419	2.841
2441.200	-2522.388	2.841
2441.400	-2521.981	2.841
2441.600	-2521.852	2.840
2441.800	-2522.390	2.840
2442.000	-2522.222	2.840
2442.200	-2522.548	2.839
2442.400	-2522.538	2.839
2442.600	-2522.201	2.838
2442.800	-2522.336	2.838
2443.000	-2522.012	2.838
2443.200	-2522.003	2.837
2443.400	-2521.807	2.837
2443.600	-2521.716	2.837
2443.800	-2521.151	2.836
2444.000	-2521.092	2.836
2444.200	-2521.004	2.836
2444.400	-2520.904	2.835
2444.600	-2520.897	2.835
2444.800	-2521.378	2.834
2445.000	-2521.871	2.834
2445.200	-2522.184	2.834
2445.400	-2522.149	2.833
2445.600	-2522.180	2.833
2445.800	-2521.872	2.833
2446.000	-2521.728	2.832
2446.200	-2521.675	2.832
2446.400	-2521.731	2.831
2446.600	-2521.816	2.831
2446.800	-2521.855	2.831
2447.000	-2521.677	2.830
2447.200	-2521.348	2.830
2447.400	-2521.244	2.830
2447.600	-2521.678	2.829
2447.800	-2521.302	2.829
2448.000	-2521.051	2.829
2448.200	-2521.362	2.828
2448.400	-2521.085	2.828
2448.600	-2520.985	2.827
2448.800	-2521.253	2.827
2449.000	-2522.088	2.827
2449.200	-2522.360	2.826
2449.400	-2521.974	2.826
2449.600	-2522.006	2.825
2449.800	-2521.938	2.825
2450.000	-2522.279	2.825
2450.200	-2522.337	2.824
2450.400	-2522.854	2.824
2450.600	-2523.523	2.823
2450.800	-2523.990	2.823
2451.000	-2524.605	2.822
2451.200	-2524.606	2.822
2451.400	-2523.646	2.822
2451.600	-2523.279	2.821
2451.800	-2522.801	2.821
2452.000	-2522.577	2.821
2452.200	-2522.545	2.820
2452.400	-2522.455	2.820
2452.600	-2522.058	2.820
2452.800	-2521.621	2.819
2453.000	-2521.499	2.819
2453.200	-2521.964	2.819
2453.400	-2521.979	2.818
2453.600	-2521.733	2.818
2453.800	-2522.022	2.817
2454.000	-2521.688	2.817
2454.200	-2521.383	2.817
2454.400	-2521.528	2.816
2454.600	-2521.812	2.816
2454.800	-2521.799	2.815
2455.000	-2522.081	2.815
2455.200	-2521.900	2.815
2455.400	-2521.552	2.814
2455.600	-2520.947	2.814
2455.800	-2521.012	2.813
2456.000	-2521.460	2.813
2456.200	-2521.755	2.813
2456.400	-2521.764	2.812
2456.600	-2521.788	2.812
2456.800	-2521.832	2.811
2457.000	-2522.254	2.811
2457.200	-2522.472	2.811
2457.400	-2522.519	2.810
2457.600	-2522.175	2.810
2457.800	-2521.941	2.809
2458.000	-2521.406	2.809
2458.200	-2521.033	2.809
2458.400	-2520.993	2.808
2458.600	-2520.991	2.808
2458.800	-2521.085	2.808
2459.000	-2521.043	2.807
2459.200	-2521.577	2.807
2459.400	-2521.391	2.806
2459.600	-2521.281	2.806
2459.800	-2521.256	2.806
2460.000	-2521.069	2.805
2460.200	-2521.215	2.805
2460.400	-2521.130	2.804
2460.600	-2521.947	2.804
2460.800	-2522.252	2.803
2461.000	-2522.131	2.803
2461.200	-2522.170	2.803
2461.400	-2522.359	2.802
2461.600	-2522.474	2.802
2461.800	-2522.017	2.801
2462.000	-2521.714	2.801
2462.200	-2521.498	2.801
2462.400	-2521.714	2.800
2462.600	-2521.900	2.800
2462.800	-2522.378	2.799
2463.000	-2522.063	2.799
2463.200	-2522.017	2.798
2463.400	-2521.533	2.798
2463.600	-2521.311	2.798
2463.800	-2520.880	2.797
2464.000	-2520.929	2.797
2464.200	-2521.272	2.796
2464.400	-2521.540	2.796
2464.600	-2521.473	2.796
2464.800	-2521.206	2.795
2465.000	-2521.531	2.795
2465.200	-2521.446	2.795
2465.400	-2521.499	2.794
2465.600	-2521.216	2.794
2465.800	-2521.043	2.793
2466.000	-2520.949	2.793
2466.200	-2521.099	2.792
2466.400	-2520.932	2.792
2466.600	-2520.575	2.792
2466.800	-2520.122	2.791
2467.000	-2520.043	2.791
2467.200	-2520.746	2.790
2467.400	-2521.081	2.790
2467.600	-2520.833	2.789
2467.800	-2520.677	2.789
2468.000	-2521.075	2.788
2468.200	-2521.013	2.788
2468.400	-2521.323	2.788
2468.600	-2521.316	2.787
2468.800	-2521.213	2.787
2469.000	-2521.650	2.786
2469.200	-2522.420	2.786
2469.400	-2522.611	2.785
2469.600	-2522.386	2.785
2469.800	-2522.010	2.785
2470.000	-2522.318	2.784
2470.200	-2522.345	2.784
2470.400	-2522.287	2.783
2470.600	-2522.036	2.783
2470.800	-2521.434	2.782
2471.000	-2521.611	2.782
2471.200	-2521.632	2.782
2471.400	-2521.451	2.781
2471.600	-2521.481	2.781
2471.800	-2521.335	2.780
2472.000	-2521.249	2.780
2472.200	-2521.532	2.779
2472.400	-2521.725	2.779
2472.600	-2521.189	2.778
2472.800	-2521.184	2.778
2473.000	-2521.034	2.778
2473.200	-2520.592	2.777
2473.400	-2520.455	2.777
2473.600	-2520.798	2.776
2473.800	-2521.209	2.776
2474.000	-2521.127	2.775
2474.200	-2521.290	2.775
2474.400	-2521.274	2.774
2474.600	-2520.998	2.774
2474.800	-2521.257	2.773
2475.000	-2521.417	2.773
2475.200	-2521.295	2.772
2475.400	-2521.272	2.772
2475.600	-2521.663	2.772
2475.800	-2521.724	2.771
2476.000	-2521.897	2.771
2476.200	-2522.217	2.770
2476.400	-2522.021	2.770
2476.600	-2522.096	2.769
2476.800	-2521.946	2.769
2477.000	-2521.838	2.768
2477.200	-2522.062	2.768
2477.400	-2522.425	2.767
2477.600	-2522.301	2.767
2477.800	-2522.440	2.766
2478.000	-2522.056	2.766
2478.200	-2522.269	2.765
2478.400	-2522.319	2.765
2478.600	-2522.321	2.764
2478.800	-2522.174	2.764
2479.000	-2522.317	2.763
2479.200	-2521.768	2.763
2479.400	-2521.537	2.763
2479.600	-2521.300	2.762
2479.800	-2521.508	2.762
2480.000	-2521.734	2.761
2480.200	-2521.690	2.761
2480.400	-2522.008	2.760
2480.600	-2522.588	2.760
2480.800	-2522.395	2.759
2481.000	-2522.067	2.759
2481.200	-2522.165	2.758
2481.400	-2521.902	2.758
2481.600	-2521.440	2.757
2481.800	-2521.295	2.757
2482.000	-2521.717	2.756
2482.200	-2521.863	2.756
2482.400	-2521.602	2.755
2482.600	-2521.771	2.755
2482.800	-2521.810	2.754
2483.000	-2521.634	2.754
2483.200	-2521.446	2.753
2483.400	-2521.522	2.753
2483.600	-2521.710	2.752
2483.800	-2521.618	2.752
2484.000	-2521.630	2.751
2484.200	-2521.639	2.751
2484.400	-2521.705	2.750
2484.600	-2521.432	2.750
2484.800	-0.151	2.987
2485.000	-0.026	2.990
2485.200	-0.004	2.993
2485.400	0.006	2.995
2485.600	0.012	2.997
2485.800	0.016	2.998
2486.000	0.018	3.000
2486.200	0.019	3.001
2486.400	0.022	3.002
2486.600	0.023	3.004
2486.800	0.024	3.005
2487.000	0.025	3.006
2487.200	0.026	3.007
2487.400	0.028	3.008
2487.600	0.028	3.009
2487.800	0.027	3.010
2488.000	0.028	3.010
