time /s	I /mA	E /V
0.200	-1495.882	3.771
0.400	-1498.614	3.770
0.600	-1498.795	3.769
0.800	-1498.854	3.769
1.000	-1498.921	3.768
1.200	-1498.926	3.768
1.400	-1498.953	3.768
1.600	-1498.988	3.767
1.800	-1498.982	3.767
2.000	-1498.983	3.767
2.200	-1498.995	3.766
2.400	-1499.006	3.766
2.600	-1499.030	3.766
2.800	-1499.003	3.765
3.000	-1499.036	3.765
3.200	-1499.023	3.765
3.400	-1499.027	3.765
3.600	-1499.047	3.764
3.800	-1499.047	3.764
4.000	-1499.047	3.764
4.200	-1499.046	3.763
4.400	-1499.048	3.763
4.600	-1499.046	3.763
4.800	-1499.043	3.763
5.000	-1499.038	3.763
5.200	-1499.051	3.762
5.400	-1499.050	3.762
5.600	-1499.055	3.762
5.800	-1499.053	3.762
6.000	-1499.050	3.761
6.200	-1499.053	3.761
6.400	-1499.054	3.761
6.600	-1499.050	3.761
6.800	-1499.052	3.761
7.000	-1499.056	3.760
7.200	-1499.040	3.760
7.400	-1499.065	3.760
7.600	-1499.050	3.760
7.800	-1499.048	3.760
8.000	-1499.063	3.759
8.200	-1499.057	3.759
8.400	-1499.042	3.759
8.600	-1499.048	3.759
8.800	-1499.055	3.759
9.000	-1499.038	3.759
9.200	-1499.060	3.758
9.400	-1499.042	3.758
9.600	-1499.058	3.758
9.800	-1499.055	3.758
10.000	-1499.035	3.758
10.200	-1499.049	3.757
10.400	-1499.060	3.757
10.600	-1499.056	3.757
10.800	-1499.060	3.757
11.000	-1499.060	3.757
11.200	-1499.031	3.757
11.400	-1499.039	3.757
11.600	-1499.053	3.756
11.800	-1499.034	3.756
12.000	-1499.051	3.756
12.200	-1499.050	3.756
12.400	-1499.062	3.756
12.600	-1499.063	3.756
12.800	-1499.058	3.755
13.000	-1499.054	3.755
13.200	-1499.052	3.755
13.400	-1499.054	3.755
13.600	-1499.043	3.755
13.800	-1499.059	3.755
14.000	-1499.052	3.755
14.200	-1499.075	3.754
14.400	-1499.062	3.754
14.600	-1499.056	3.754
14.800	-1499.053	3.754
15.000	-1499.075	3.754
15.200	-1499.070	3.754
15.400	-1499.066	3.754
15.600	-1499.058	3.754
15.800	-1499.052	3.753
16.000	-1499.059	3.753
16.200	-1499.063	3.753
16.400	-1499.070	3.753
16.600	-1499.066	3.753
16.800	-1499.069	3.753
17.000	-1499.050	3.753
17.200	-1499.058	3.752
17.400	-1499.053	3.752
17.600	-1499.071	3.752
17.800	-1499.085	3.752
18.000	-1499.053	3.752
18.200	-1499.073	3.752
18.400	-1499.075	3.752
18.600	-1499.068	3.752
18.800	-1499.068	3.751
19.000	-1499.063	3.751
19.200	-1499.062	3.751
19.400	-1499.054	3.751
19.600	-1499.055	3.751
19.800	-1499.067	3.751
20.000	-1499.052	3.751
20.200	-1499.051	3.751
20.400	-1499.050	3.751
20.600	-1499.061	3.750
20.800	-1499.050	3.750
21.000	-1499.051	3.750
21.200	-1499.053	3.750
21.400	-1499.071	3.750
21.600	-1499.060	3.750
21.800	-1499.062	3.750
22.000	-1499.063	3.750
22.200	-1499.050	3.749
22.400	-1499.074	3.749
22.600	-1499.041	3.749
22.800	-1499.040	3.749
23.000	-1499.052	3.749
23.200	-1499.053	3.749
23.400	-1499.041	3.749
23.600	-1499.056	3.749
23.800	-1499.049	3.749
24.000	-1499.059	3.748
24.200	-1499.056	3.748
24.400	-1499.054	3.748
24.600	-1499.055	3.748
24.800	-1499.052	3.748
25.000	-1499.051	3.748
25.200	-1499.065	3.748
25.400	-1499.040	3.748
25.600	-1499.048	3.748
25.800	-1499.062	3.748
26.000	-1499.059	3.747
26.200	-1499.068	3.747
26.400	-1499.048	3.747
26.600	-1499.042	3.747
26.800	-1499.042	3.747
27.000	-1499.054	3.747
27.200	-1499.044	3.747
27.400	-1499.051	3.747
27.600	-1499.046	3.747
27.800	-1499.062	3.747
28.000	-1499.075	3.746
28.200	-1499.061	3.746
28.400	-1499.056	3.746
28.600	-1499.063	3.746
28.800	-1499.049	3.746
29.000	-1499.055	3.746
29.200	-1499.047	3.746
29.400	-1499.048	3.746
29.600	-1499.056	3.746
29.800	-1499.051	3.746
30.000	-1499.063	3.745
30.200	-1499.053	3.745
30.400	-1499.053	3.745
30.600	-1499.068	3.745
30.800	-1499.062	3.745
31.000	-1499.071	3.745
31.200	-1499.072	3.745
31.400	-1499.058	3.745
31.600	-1499.071	3.745
31.800	-1499.058	3.745
32.000	-1499.059	3.745
32.200	-1499.052	3.744
32.400	-1499.076	3.744
32.600	-1499.061	3.744
32.800	-1499.062	3.744
33.000	-1499.059	3.744
33.200	-1499.062	3.744
33.400	-1499.064	3.744
33.600	-1499.068	3.744
33.800	-1499.056	3.744
34.000	-1499.064	3.744
34.200	-1499.056	3.744
34.400	-1499.067	3.743
34.600	-1499.068	3.743
34.800	-1499.057	3.743
35.000	-1499.067	3.743
35.200	-1499.061	3.743
35.400	-1499.050	3.743
35.600	-1499.036	3.743
35.800	-1499.055	3.743
36.000	-1499.057	3.743
36.200	-1499.063	3.743
36.400	-1499.050	3.743
36.600	-1499.066	3.743
36.800	-1499.064	3.743
37.000	-1499.047	3.742
37.200	-1499.069	3.742
37.400	-1499.076	3.742
37.600	-1499.078	3.742
37.800	-1499.053	3.742
38.000	-1499.068	3.742
38.200	-1499.062	3.742
38.400	-1499.057	3.742
38.600	-1499.056	3.742
38.800	-1499.062	3.742
39.000	-1499.063	3.742
39.200	-1499.087	3.742
39.400	-1499.063	3.742
39.600	-1499.062	3.741
39.800	-1499.070	3.741
40.000	-1499.073	3.741
40.200	-1499.063	3.741
40.400	-1499.064	3.741
40.600	-1499.060	3.741
40.800	-1499.056	3.741
41.000	-1499.062	3.741
41.200	-1499.080	3.741
41.400	-1499.064	3.741
41.600	-1499.071	3.741
41.800	-1499.080	3.741
42.000	-1499.071	3.741
42.200	-1499.086	3.740
42.400	-1499.062	3.740
42.600	-1499.058	3.740
42.800	-1499.061	3.740
43.000	-1499.073	3.740
43.200	-1499.060	3.740
43.400	-1499.068	3.740
43.600	-1499.073	3.740
43.800	-1499.060	3.740
44.000	-1499.056	3.740
44.200	-1499.071	3.740
44.400	-1499.076	3.740
44.600	-1499.079	3.740
44.800	-1499.070	3.740
45.000	-1499.082	3.739
45.200	-1499.081	3.739
45.400	-1499.073	3.739
45.600	-1499.066	3.739
45.800	-1499.057	3.739
46.000	-1499.064	3.739
46.200	-1499.079	3.739
46.400	-1499.082	3.739
46.600	-1499.076	3.739
46.800	-1499.077	3.739
47.000	-1499.064	3.739
47.200	-1499.072	3.739
47.400	-1499.065	3.739
47.600	-1499.069	3.739
47.800	-1499.056	3.738
48.000	-1499.061	3.738
48.200	-1499.070	3.738
48.400	-1499.057	3.738
48.600	-1499.065	3.738
48.800	-1499.056	3.738
49.000	-1499.069	3.738
49.200	-1499.063	3.738
49.400	-1499.069	3.738
49.600	-1499.066	3.738
49.800	-1499.057	3.738
50.000	-1499.065	3.738
50.200	-1499.061	3.738
50.400	-1499.067	3.738
50.600	-1499.079	3.738
50.800	-1499.071	3.738
51.000	-1499.066	3.737
51.200	-1499.069	3.737
51.400	-1499.066	3.737
51.600	-1499.069	3.737
51.800	-1499.074	3.737
52.000	-1499.084	3.737
52.200	-1499.070	3.737
52.400	-1499.073	3.737
52.600	-1499.061	3.737
52.800	-1499.063	3.737
53.000	-1499.062	3.737
53.200	-1499.099	3.737
53.400	-1499.088	3.737
53.600	-1499.077	3.737
53.800	-1499.076	3.736
54.000	-1499.080	3.736
54.200	-1499.070	3.736
54.400	-1499.091	3.736
54.600	-1499.092	3.736
54.800	-1499.067	3.736
55.000	-1499.076	3.736
55.200	-1499.072	3.736
55.400	-1499.083	3.736
55.600	-1499.063	3.736
55.800	-1499.066	3.736
56.000	-1499.081	3.736
56.200	-1499.080	3.736
56.400	-1499.086	3.736
56.600	-1499.076	3.736
56.800	-1499.088	3.736
57.000	-1499.068	3.735
57.200	-1499.078	3.735
57.400	-1499.091	3.735
57.600	-1499.093	3.735
57.800	-1499.084	3.735
58.000	-1499.080	3.735
58.200	-1499.085	3.735
58.400	-1499.079	3.735
58.600	-1499.073	3.735
58.800	-1499.064	3.735
59.000	-1499.065	3.735
59.200	-1499.066	3.735
59.400	-1499.071	3.735
59.600	-1499.076	3.735
59.800	-1499.079	3.735
60.000	-1499.077	3.735
60.200	-1499.086	3.735
60.400	-1499.090	3.735
60.600	-1499.065	3.734
60.800	-1499.079	3.734
61.000	-1499.062	3.734
61.200	-1499.078	3.734
61.400	-1499.065	3.734
61.600	-1499.065	3.734
61.800	-1499.075	3.734
62.000	-1499.073	3.734
62.200	-1499.070	3.734
62.400	-1499.082	3.734
62.600	-1499.086	3.734
62.800	-1499.065	3.734
63.000	-1499.067	3.734
63.200	-1499.084	3.734
63.400	-1499.068	3.734
63.600	-1499.070	3.734
63.800	-1499.061	3.734
64.000	-1499.058	3.733
64.200	-1499.062	3.733
64.400	-1499.082	3.733
64.600	-1499.066	3.733
64.800	-1499.060	3.733
65.000	-1499.067	3.733
65.200	-1499.054	3.733
65.400	-1499.057	3.733
65.600	-1499.070	3.733
65.800	-1499.066	3.733
66.000	-1499.055	3.733
66.200	-1499.068	3.733
66.400	-1499.056	3.733
66.600	-1499.058	3.733
66.800	-1499.053	3.733
67.000	-1499.057	3.733
67.200	-1499.067	3.733
67.400	-1499.062	3.732
67.600	-1499.061	3.732
67.800	-1499.068	3.732
68.000	-1499.060	3.732
68.200	-1499.057	3.732
68.400	-1499.057	3.732
68.600	-1499.047	3.732
68.800	-1499.080	3.732
69.000	-1499.069	3.732
69.200	-1499.063	3.732
69.400	-1499.049	3.732
69.600	-1499.068	3.732
69.800	-1499.066	3.732
70.000	-1499.076	3.732
70.200	-1499.066	3.732
70.400	-1499.056	3.732
70.600	-1499.070	3.732
70.800	-1499.078	3.732
71.000	-1499.066	3.732
71.200	-1499.072	3.732
71.400	-1499.071	3.731
71.600	-1499.069	3.731
71.800	-1499.085	3.731
72.000	-1499.071	3.731
72.200	-1499.080	3.731
72.400	-1499.075	3.731
72.600	-1499.065	3.731
72.800	-1499.061	3.731
73.000	-1499.074	3.731
73.200	-1499.069	3.731
73.400	-1499.084	3.731
73.600	-1499.070	3.731
73.800	-1499.086	3.731
74.000	-1499.081	3.731
74.200	-1499.069	3.731
74.400	-1499.067	3.731
74.600	-1499.070	3.731
74.800	-1499.073	3.731
75.000	-1499.082	3.731
75.200	-1499.056	3.731
75.400	-1499.082	3.730
75.600	-1499.072	3.730
75.800	-1499.069	3.730
76.000	-1499.077	3.730
76.200	-1499.073	3.730
76.400	-1499.067	3.730
76.600	-1499.064	3.730
76.800	-1499.092	3.730
77.000	-1499.072	3.730
77.200	-1499.067	3.730
77.400	-1499.056	3.730
77.600	-1499.066	3.730
77.800	-1499.063	3.730
78.000	-1499.071	3.730
78.200	-1499.065	3.730
78.400	-1499.073	3.730
78.600	-1499.066	3.730
78.800	-1499.076	3.730
79.000	-1499.071	3.730
79.200	-1499.079	3.729
79.400	-1499.069	3.729
79.600	-1499.084	3.729
79.800	-1499.066	3.729
80.000	-1499.080	3.729
80.200	-1499.065	3.729
80.400	-1499.064	3.729
80.600	-1499.075	3.729
80.800	-1499.085	3.729
81.000	-1499.082	3.729
81.200	-1499.089	3.729
81.400	-1499.083	3.729
81.600	-1499.077	3.729
81.800	-1499.052	3.729
82.000	-1499.077	3.729
82.200	-1499.072	3.729
82.400	-1499.067	3.729
82.600	-1499.081	3.729
82.800	-1499.069	3.729
83.000	-1499.063	3.729
83.200	-1499.057	3.729
83.400	-1499.057	3.728
83.600	-1499.058	3.728
83.800	-1499.072	3.728
84.000	-1499.064	3.728
84.200	-1499.084	3.728
84.400	-1499.089	3.728
84.600	-1499.070	3.728
84.800	-1499.071	3.728
85.000	-1499.073	3.728
85.200	-1499.083	3.728
85.400	-1499.075	3.728
85.600	-1499.080	3.728
85.800	-1499.072	3.728
86.000	-1499.065	3.728
86.200	-1499.064	3.728
86.400	-1499.067	3.728
86.600	-1499.065	3.728
86.800	-1499.072	3.728
87.000	-1499.056	3.728
87.200	-1499.068	3.728
87.400	-1499.078	3.727
87.600	-1499.070	3.727
87.800	-1499.075	3.727
88.000	-1499.075	3.727
88.200	-1499.072	3.727
88.400	-1499.082	3.727
88.600	-1499.071	3.727
88.800	-1499.073	3.727
89.000	-1499.076	3.727
89.200	-1499.061	3.727
89.400	-1499.078	3.727
89.600	-1499.071	3.727
89.800	-1499.080	3.727
90.000	-1499.078	3.727
90.200	-1499.069	3.727
90.400	-1499.064	3.727
90.600	-1499.076	3.727
90.800	-1499.072	3.727
91.000	-1499.065	3.727
91.200	-1499.073	3.727
91.400	-1499.077	3.726
91.600	-1499.067	3.726
91.800	-1499.068	3.726
92.000	-1499.058	3.726
92.200	-1499.062	3.726
92.400	-1499.061	3.726
92.600	-1499.079	3.726
92.800	-1499.068	3.726
93.000	-1499.069	3.726
93.200	-1499.070	3.726
93.400	-1499.070	3.726
93.600	-1499.063	3.726
93.800	-1499.057	3.726
94.000	-1499.070	3.726
94.200	-1499.062	3.726
94.400	-1499.074	3.726
94.600	-1499.074	3.726
94.800	-1499.078	3.726
95.000	-1499.071	3.726
95.200	-1499.068	3.726
95.400	-1499.076	3.726
95.600	-1499.068	3.726
95.800	-1499.074	3.726
96.000	-1499.072	3.725
96.200	-1499.063	3.725
96.400	-1499.070	3.725
96.600	-1499.068	3.725
96.800	-1499.073	3.725
97.000	-1499.061	3.725
97.200	-1499.060	3.725
97.400	-1499.043	3.725
97.600	-1499.062	3.725
97.800	-1499.069	3.725
98.000	-1499.062	3.725
98.200	-1499.044	3.725
98.400	-1499.089	3.725
98.600	-1499.084	3.725
98.800	-1499.072	3.725
99.000	-1499.067	3.725
99.200	-1499.070	3.725
99.400	-1499.064	3.725
99.600	-1499.051	3.725
99.800	-1499.058	3.725
100.000	-1499.068	3.725
100.200	-1499.070	3.725
100.400	-1499.076	3.724
100.600	-1499.069	3.724
100.800	-1499.072	3.724
101.000	-1499.075	3.724
101.200	-1499.075	3.724
101.400	-1499.070	3.724
101.600	-1499.067	3.724
101.800	-1499.076	3.724
102.000	-1499.067	3.724
102.200	-1499.066	3.724
102.400	-1499.083	3.724
102.600	-1499.065	3.724
102.800	-1499.062	3.724
103.000	-1499.071	3.724
103.200	-1499.065	3.724
103.400	-1499.063	3.724
103.600	-1499.046	3.724
103.800	-1499.064	3.724
104.000	-1499.050	3.724
104.200	-1499.055	3.724
104.400	-1499.046	3.724
104.600	-1499.050	3.723
104.800	-1499.063	3.723
105.000	-1499.062	3.723
105.200	-1499.057	3.723
105.400	-1499.053	3.723
105.600	-1499.054	3.723
105.800	-1499.063	3.723
106.000	-1499.066	3.723
106.200	-1499.052	3.723
106.400	-1499.071	3.723
106.600	-1499.073	3.723
106.800	-1499.086	3.723
107.000	-1499.061	3.723
107.200	-1499.076	3.723
107.400	-1499.077	3.723
107.600	-1499.070	3.723
107.800	-1499.064	3.723
108.000	-1499.078	3.723
108.200	-1499.077	3.723
108.400	-1499.083	3.723
108.600	-1499.073	3.723
108.800	-1499.066	3.723
109.000	-1499.058	3.722
109.200	-1499.072	3.722
109.400	-1499.079	3.722
109.600	-1499.066	3.722
109.800	-1499.053	3.722
110.000	-1499.070	3.722
110.200	-1499.078	3.722
110.400	-1499.066	3.722
110.600	-1499.074	3.722
110.800	-1499.057	3.722
111.000	-1499.076	3.722
111.200	-1499.074	3.722
111.400	-1499.073	3.722
111.600	-1499.061	3.722
111.800	-1499.086	3.722
112.000	-1499.061	3.722
112.200	-1499.066	3.722
112.400	-1499.082	3.722
112.600	-1499.066	3.722
112.800	-1499.067	3.722
113.000	-1499.074	3.722
113.200	-1499.093	3.722
113.400	-1499.066	3.722
113.600	-1499.065	3.721
113.800	-1499.069	3.721
114.000	-1499.057	3.721
114.200	-1499.065	3.721
114.400	-1499.066	3.721
114.600	-1499.076	3.721
114.800	-1499.064	3.721
115.000	-1499.054	3.721
115.200	-1499.070	3.721
115.400	-1499.059	3.721
115.600	-1499.066	3.721
115.800	-1499.046	3.721
116.000	-1499.068	3.721
116.200	-1499.054	3.721
116.400	-1499.057	3.721
116.600	-1499.071	3.721
116.800	-1499.046	3.721
117.000	-1499.057	3.721
117.200	-1499.053	3.721
117.400	-1499.054	3.721
117.600	-1499.041	3.721
117.800	-1499.069	3.720
118.000	-1499.055	3.720
118.200	-1499.045	3.720
118.400	-1499.054	3.720
118.600	-1499.061	3.720
118.800	-1499.057	3.720
119.000	-1499.063	3.720
119.200	-1499.060	3.720
119.400	-1499.071	3.720
119.600	-1499.059	3.720
119.800	-1499.072	3.720
120.000	-1499.071	3.720
120.200	-1499.071	3.720
120.400	-1499.066	3.720
120.600	-1499.068	3.720
120.800	-1499.074	3.720
121.000	-1499.061	3.720
121.200	-1499.068	3.720
121.400	-1499.068	3.720
121.600	-1499.062	3.720
121.800	-1499.052	3.720
122.000	-1499.071	3.720
122.200	-1499.071	3.720
122.400	-1499.062	3.720
122.600	-1499.063	3.720
122.800	-1499.072	3.719
123.000	-1499.066	3.719
123.200	-1499.075	3.719
123.400	-1499.068	3.719
123.600	-1499.057	3.719
123.800	-1499.073	3.719
124.000	-1499.051	3.719
124.200	-1499.078	3.719
124.400	-1499.075	3.719
124.600	-1499.065	3.719
124.800	-1499.057	3.719
125.000	-1499.050	3.719
125.200	-1499.065	3.719
125.400	-1499.052	3.719
125.600	-1499.048	3.719
125.800	-1499.076	3.719
126.000	-1499.074	3.719
126.200	-1499.056	3.719
126.400	-1499.058	3.719
126.600	-1499.073	3.719
126.800	-1499.076	3.719
127.000	-1499.080	3.719
127.200	-1499.067	3.719
127.400	-1499.085	3.718
127.600	-1499.066	3.718
127.800	-1499.071	3.718
128.000	-1499.065	3.718
128.200	-1499.066	3.718
128.400	-1499.061	3.718
128.600	-1499.064	3.718
128.800	-1499.060	3.718
129.000	-1499.051	3.718
129.200	-1499.057	3.718
129.400	-1499.068	3.718
129.600	-1499.047	3.718
129.800	-1499.053	3.718
130.000	-1499.062	3.718
130.200	-1499.056	3.718
130.400	-1499.061	3.718
130.600	-1499.054	3.718
130.800	-1499.048	3.718
131.000	-1499.054	3.718
131.200	-1499.057	3.718
131.400	-1499.049	3.718
131.600	-1499.048	3.718
131.800	-1499.037	3.718
132.000	-1499.052	3.718
132.200	-1499.058	3.717
132.400	-1499.058	3.717
132.600	-1499.050	3.717
132.800	-1499.045	3.717
133.000	-1499.068	3.717
133.200	-1499.043	3.717
133.400	-1499.043	3.717
133.600	-1499.058	3.717
133.800	-1499.064	3.717
134.000	-1499.053	3.717
134.200	-1499.052	3.717
134.400	-1499.047	3.717
134.600	-1499.051	3.717
134.800	-1499.054	3.717
135.000	-1499.047	3.717
135.200	-1499.065	3.717
135.400	-1499.061	3.717
135.600	-1499.050	3.717
135.800	-1499.039	3.717
136.000	-1499.048	3.717
136.200	-1499.070	3.717
136.400	-1499.065	3.717
136.600	-1499.058	3.717
136.800	-1499.068	3.717
137.000	-1499.066	3.717
137.200	-1499.054	3.716
137.400	-1499.046	3.716
137.600	-1499.057	3.716
137.800	-1499.054	3.716
138.000	-1499.036	3.716
138.200	-1499.040	3.716
138.400	-1499.045	3.716
138.600	-1499.041	3.716
138.800	-1499.046	3.716
139.000	-1499.045	3.716
139.200	-1499.056	3.716
139.400	-1499.024	3.716
139.600	-1499.042	3.716
139.800	-1499.050	3.716
140.000	-1499.032	3.716
140.200	-1499.031	3.716
140.400	-1499.036	3.716
140.600	-1499.040	3.716
140.800	-1499.037	3.716
141.000	-1499.040	3.716
141.200	-1499.077	3.716
141.400	-1499.061	3.716
141.600	-1499.050	3.716
141.800	-1499.044	3.716
142.000	-1499.059	3.715
142.200	-1499.038	3.715
142.400	-1499.022	3.715
142.600	-1499.029	3.715
142.800	-1499.047	3.715
143.000	-1499.048	3.715
143.200	-1499.049	3.715
143.400	-1499.043	3.715
143.600	-1499.037	3.715
143.800	-1499.053	3.715
144.000	-1499.058	3.715
144.200	-1499.046	3.715
144.400	-1499.041	3.715
144.600	-1499.056	3.715
144.800	-1499.060	3.715
145.000	-1499.076	3.715
145.200	-1499.051	3.715
145.400	-1499.067	3.715
145.600	-1499.045	3.715
145.800	-1499.040	3.715
146.000	-1499.048	3.715
146.200	-1499.048	3.715
146.400	-1499.046	3.715
146.600	-1499.059	3.714
146.800	-1499.040	3.714
147.000	-1499.035	3.714
147.200	-1499.057	3.714
147.400	-1499.052	3.714
147.600	-1499.046	3.714
147.800	-1499.057	3.714
148.000	-1499.044	3.714
148.200	-1499.040	3.714
148.400	-1499.032	3.714
148.600	-1499.043	3.714
148.800	-1499.039	3.714
149.000	-1499.043	3.714
149.200	-1499.040	3.714
149.400	-1499.030	3.714
149.600	-1499.038	3.714
149.800	-1499.033	3.714
150.000	-1499.033	3.714
150.200	-1499.041	3.714
150.400	-1499.030	3.714
150.600	-1499.033	3.714
150.800	-1499.021	3.714
151.000	-1499.036	3.714
151.200	-1499.049	3.714
151.400	-1499.059	3.714
151.600	-1499.027	3.714
151.800	-1499.035	3.713
152.000	-1499.048	3.713
152.200	-1499.039	3.713
152.400	-1499.044	3.713
152.600	-1499.037	3.713
152.800	-1499.038	3.713
153.000	-1499.046	3.713
153.200	-1499.035	3.713
153.400	-1499.022	3.713
153.600	-1499.051	3.713
153.800	-1499.045	3.713
154.000	-1499.046	3.713
154.200	-1499.034	3.713
154.400	-1499.038	3.713
154.600	-1499.061	3.713
154.800	-1499.054	3.713
155.000	-1499.035	3.713
155.200	-1499.040	3.713
155.400	-1499.031	3.713
155.600	-1499.031	3.713
155.800	-1499.045	3.713
156.000	-1499.063	3.713
156.200	-1499.053	3.713
156.400	-1499.046	3.713
156.600	-1499.054	3.712
156.800	-1499.043	3.712
157.000	-1499.048	3.712
157.200	-1499.070	3.712
157.400	-1499.059	3.712
157.600	-1499.039	3.712
157.800	-1499.051	3.712
158.000	-1499.071	3.712
158.200	-1499.051	3.712
158.400	-1499.057	3.712
158.600	-1499.056	3.712
158.800	-1499.050	3.712
159.000	-1499.062	3.712
159.200	-1499.050	3.712
159.400	-1499.060	3.712
159.600	-1499.047	3.712
159.800	-1499.057	3.712
160.000	-1499.065	3.712
160.200	-1499.042	3.712
160.400	-1499.033	3.712
160.600	-1499.049	3.712
160.800	-1499.038	3.712
161.000	-1499.050	3.712
161.200	-1499.051	3.711
161.400	-1499.039	3.711
161.600	-1499.057	3.711
161.800	-1499.048	3.711
162.000	-1499.072	3.711
162.200	-1499.055	3.711
162.400	-1499.048	3.711
162.600	-1499.029	3.711
162.800	-1499.057	3.711
163.000	-1499.062	3.711
163.200	-1499.047	3.711
163.400	-1499.063	3.711
163.600	-1499.049	3.711
163.800	-1499.048	3.711
164.000	-1499.043	3.711
164.200	-1499.042	3.711
164.400	-1499.047	3.711
164.600	-1499.049	3.711
164.800	-1499.054	3.711
165.000	-1499.050	3.711
165.200	-1499.062	3.711
165.400	-1499.055	3.711
165.600	-1499.059	3.711
165.800	-1499.069	3.711
166.000	-1499.043	3.711
166.200	-1499.047	3.711
166.400	-1499.066	3.710
166.600	-1499.059	3.710
166.800	-1499.073	3.710
167.000	-1499.069	3.710
167.200	-1499.073	3.710
167.400	-1499.072	3.710
167.600	-1499.056	3.710
167.800	-1499.067	3.710
168.000	-1499.071	3.710
168.200	-1499.068	3.710
168.400	-1499.069	3.710
168.600	-1499.062	3.710
168.800	-1499.062	3.710
169.000	-1499.057	3.710
169.200	-1499.055	3.710
169.400	-1499.047	3.710
169.600	-1499.038	3.710
169.800	-1499.048	3.710
170.000	-1499.052	3.710
170.200	-1499.073	3.710
170.400	-1499.071	3.710
170.600	-1499.061	3.710
170.800	-1499.058	3.710
171.000	-1499.067	3.710
171.200	-1499.070	3.710
171.400	-1499.057	3.710
171.600	-1499.059	3.709
171.800	-1499.056	3.709
172.000	-1499.059	3.709
172.200	-1499.056	3.709
172.400	-1499.053	3.709
172.600	-1499.073	3.709
172.800	-1499.073	3.709
173.000	-1499.058	3.709
173.200	-1499.063	3.709
173.400	-1499.075	3.709
173.600	-1499.068	3.709
173.800	-1499.053	3.709
174.000	-1499.060	3.709
174.200	-1499.066	3.709
174.400	-1499.056	3.709
174.600	-1499.072	3.709
174.800	-1499.061	3.709
175.000	-1499.050	3.709
175.200	-1499.074	3.709
175.400	-1499.054	3.709
175.600	-1499.045	3.709
175.800	-1499.052	3.709
176.000	-1499.069	3.709
176.200	-1499.057	3.708
176.400	-1499.065	3.708
176.600	-1499.069	3.708
176.800	-1499.068	3.708
177.000	-1499.073	3.708
177.200	-1499.058	3.708
177.400	-1499.059	3.708
177.600	-1499.063	3.708
177.800	-1499.051	3.708
178.000	-1499.064	3.708
178.200	-1499.067	3.708
178.400	-1499.055	3.708
178.600	-1499.060	3.708
178.800	-1499.054	3.708
179.000	-1499.057	3.708
179.200	-1499.063	3.708
179.400	-1499.049	3.708
179.600	-1499.061	3.708
179.800	-1499.061	3.708
180.000	-1499.055	3.708
180.200	-1499.069	3.708
180.400	-1499.059	3.708
180.600	-1499.067	3.708
180.800	-1499.041	3.708
181.000	-1499.037	3.708
181.200	-1499.072	3.708
181.400	-1499.068	3.708
181.600	-1499.076	3.707
181.800	-1499.063	3.707
182.000	-1499.067	3.707
182.200	-1499.082	3.707
182.400	-1499.066	3.707
182.600	-1499.050	3.707
182.800	-1499.059	3.707
183.000	-1499.062	3.707
183.200	-1499.054	3.707
183.400	-1499.068	3.707
183.600	-1499.066	3.707
183.800	-1499.065	3.707
184.000	-1499.057	3.707
184.200	-1499.066	3.707
184.400	-1499.076	3.707
184.600	-1499.087	3.707
184.800	-1499.076	3.707
185.000	-1499.075	3.707
185.200	-1499.075	3.707
185.400	-1499.061	3.707
185.600	-1499.084	3.707
185.800	-1499.066	3.707
186.000	-1499.046	3.707
186.200	-1499.069	3.707
186.400	-1499.058	3.707
186.600	-1499.074	3.707
186.800	-1499.058	3.706
187.000	-1499.085	3.706
187.200	-1499.069	3.706
187.400	-1499.060	3.706
187.600	-1499.076	3.706
187.800	-1499.062	3.706
188.000	-1499.066	3.706
188.200	-1499.070	3.706
188.400	-1499.061	3.706
188.600	-1499.057	3.706
188.800	-1499.056	3.706
189.000	-1499.044	3.706
189.200	-1499.053	3.706
189.400	-1499.062	3.706
189.600	-1499.053	3.706
189.800	-1499.058	3.706
190.000	-1499.084	3.706
190.200	-1499.057	3.706
190.400	-1499.057	3.706
190.600	-1499.069	3.706
190.800	-1499.051	3.706
191.000	-1499.058	3.706
191.200	-1499.051	3.706
191.400	-1499.059	3.706
191.600	-1499.051	3.706
191.800	-1499.055	3.706
192.000	-1499.079	3.706
192.200	-1499.086	3.706
192.400	-1499.061	3.705
192.600	-1499.057	3.705
192.800	-1499.053	3.705
193.000	-1499.047	3.705
193.200	-1499.055	3.705
193.400	-1499.064	3.705
193.600	-1499.053	3.705
193.800	-1499.052	3.705
194.000	-1499.061	3.705
194.200	-1499.063	3.705
194.400	-1499.068	3.705
194.600	-1499.075	3.705
194.800	-1499.074	3.705
195.000	-1499.075	3.705
195.200	-1499.072	3.705
195.400	-1499.072	3.705
195.600	-1499.051	3.705
195.800	-1499.056	3.705
196.000	-1499.053	3.705
196.200	-1499.065	3.705
196.400	-1499.062	3.705
196.600	-1499.070	3.705
196.800	-1499.069	3.705
197.000	-1499.066	3.705
197.200	-1499.050	3.705
197.400	-1499.060	3.705
197.600	-1499.059	3.704
197.800	-1499.042	3.704
198.000	-1499.076	3.704
198.200	-1499.078	3.704
198.400	-1499.071	3.704
198.600	-1499.062	3.704
198.800	-1499.063	3.704
199.000	-1499.065	3.704
199.200	-1499.049	3.704
199.400	-1499.061	3.704
199.600	-1499.064	3.704
199.800	-1499.064	3.704
200.000	-1499.063	3.704
200.200	-1499.062	3.704
200.400	-1499.056	3.704
200.600	-1499.062	3.704
200.800	-1499.076	3.704
201.000	-1499.056	3.704
201.200	-1499.042	3.704
201.400	-1499.045	3.704
201.600	-1499.057	3.704
201.800	-1499.054	3.704
202.000	-1499.056	3.704
202.200	-1499.062	3.704
202.400	-1499.067	3.703
202.600	-1499.066	3.703
202.800	-1499.059	3.703
203.000	-1499.060	3.703
203.200	-1499.066	3.703
203.400	-1499.069	3.703
203.600	-1499.058	3.703
203.800	-1499.058	3.703
204.000	-1499.051	3.703
204.200	-1499.047	3.703
204.400	-1499.057	3.703
204.600	-1499.061	3.703
204.800	-1499.082	3.703
205.000	-1499.073	3.703
205.200	-1499.057	3.703
205.400	-1499.064	3.703
205.600	-1499.061	3.703
205.800	-1499.075	3.703
206.000	-1499.064	3.703
206.200	-1499.060	3.703
206.400	-1499.062	3.703
206.600	-1499.047	3.703
206.800	-1499.062	3.703
207.000	-1499.056	3.703
207.200	-1499.056	3.702
207.400	-1499.049	3.702
207.600	-1499.060	3.702
207.800	-1499.070	3.702
208.000	-1499.073	3.702
208.200	-1499.068	3.702
208.400	-1499.053	3.702
208.600	-1499.054	3.702
208.800	-1499.064	3.702
209.000	-1499.068	3.702
209.200	-1499.054	3.702
209.400	-1499.049	3.702
209.600	-1499.070	3.702
209.800	-1499.062	3.702
210.000	-1499.060	3.702
210.200	-1499.057	3.702
210.400	-1499.061	3.702
210.600	-1499.055	3.702
210.800	-1499.071	3.702
211.000	-1499.080	3.702
211.200	-1499.077	3.702
211.400	-1499.067	3.702
211.600	-1499.063	3.702
211.800	-1499.064	3.702
212.000	-1499.078	3.702
212.200	-1499.061	3.702
212.400	-1499.071	3.702
212.600	-1499.063	3.702
212.800	-1499.076	3.701
213.000	-1499.066	3.701
213.200	-1499.072	3.701
213.400	-1499.063	3.701
213.600	-1499.050	3.701
213.800	-1499.062	3.701
214.000	-1499.063	3.701
214.200	-1499.063	3.701
214.400	-1499.058	3.701
214.600	-1499.073	3.701
214.800	-1499.059	3.701
215.000	-1499.066	3.701
215.200	-1499.070	3.701
215.400	-1499.057	3.701
215.600	-1499.067	3.701
215.800	-1499.066	3.701
216.000	-1499.058	3.701
216.200	-1499.055	3.701
216.400	-1499.058	3.701
216.600	-1499.056	3.701
216.800	-1499.051	3.701
217.000	-1499.056	3.701
217.200	-1499.045	3.701
217.400	-1499.056	3.701
217.600	-1499.049	3.701
217.800	-1499.046	3.701
218.000	-1499.032	3.700
218.200	-1499.055	3.700
218.400	-1499.059	3.700
218.600	-1499.059	3.700
218.800	-1499.072	3.700
219.000	-1499.068	3.700
219.200	-1499.061	3.700
219.400	-1499.067	3.700
219.600	-1499.069	3.700
219.800	-1499.068	3.700
220.000	-1499.069	3.700
220.200	-1499.084	3.700
220.400	-1499.071	3.700
220.600	-1499.056	3.700
220.800	-1499.065	3.700
221.000	-1499.058	3.700
221.200	-1499.058	3.700
221.400	-1499.074	3.700
221.600	-1499.075	3.700
221.800	-1499.072	3.700
222.000	-1499.065	3.700
222.200	-1499.071	3.700
222.400	-1499.065	3.700
222.600	-1499.077	3.699
222.800	-1499.070	3.699
223.000	-1499.051	3.699
223.200	-1499.064	3.699
223.400	-1499.052	3.699
223.600	-1499.066	3.699
223.800	-1499.052	3.699
224.000	-1499.050	3.699
224.200	-1499.047	3.699
224.400	-1499.053	3.699
224.600	-1499.070	3.699
224.800	-1499.038	3.699
225.000	-1499.045	3.699
225.200	-1499.059	3.699
225.400	-1499.071	3.699
225.600	-1499.050	3.699
225.800	-1499.060	3.699
226.000	-1499.059	3.699
226.200	-1499.053	3.699
226.400	-1499.067	3.699
226.600	-1499.062	3.699
226.800	-1499.057	3.699
227.000	-1499.053	3.699
227.200	-1499.073	3.699
227.400	-1499.072	3.699
227.600	-1499.051	3.699
227.800	-1499.057	3.699
228.000	-1499.074	3.699
228.200	-1499.076	3.698
228.400	-1499.062	3.698
228.600	-1499.073	3.698
228.800	-1499.056	3.698
229.000	-1499.072	3.698
229.200	-1499.071	3.698
229.400	-1499.059	3.698
229.600	-1499.060	3.698
229.800	-1499.069	3.698
230.000	-1499.067	3.698
230.200	-1499.049	3.698
230.400	-1499.063	3.698
230.600	-1499.081	3.698
230.800	-1499.060	3.698
231.000	-1499.067	3.698
231.200	-1499.059	3.698
231.400	-1499.056	3.698
231.600	-1499.062	3.698
231.800	-1499.062	3.698
232.000	-1499.064	3.698
232.200	-1499.072	3.698
232.400	-1499.062	3.698
232.600	-1499.061	3.698
232.800	-1499.064	3.698
233.000	-1499.052	3.698
233.200	-1499.064	3.698
233.400	-1499.067	3.697
233.600	-1499.074	3.697
233.800	-1499.069	3.697
234.000	-1499.058	3.697
234.200	-1499.065	3.697
234.400	-1499.051	3.697
234.600	-1499.058	3.697
234.800	-1499.040	3.697
235.000	-1499.058	3.697
235.200	-1499.066	3.697
235.400	-1499.058	3.697
235.600	-1499.055	3.697
235.800	-1499.066	3.697
236.000	-1499.046	3.697
236.200	-1499.068	3.697
236.400	-1499.086	3.697
236.600	-1499.055	3.697
236.800	-1499.069	3.697
237.000	-1499.055	3.697
237.200	-1499.059	3.697
237.400	-1499.055	3.697
237.600	-1499.053	3.697
237.800	-1499.071	3.697
238.000	-1499.045	3.697
238.200	-1499.073	3.697
238.400	-1499.057	3.696
238.600	-1499.066	3.696
238.800	-1499.074	3.696
239.000	-1499.057	3.696
239.200	-1499.082	3.696
239.400	-1499.070	3.696
239.600	-1499.057	3.696
239.800	-1499.070	3.696
240.000	-1499.079	3.696
240.200	-1499.068	3.696
240.400	-1499.067	3.696
240.600	-1499.077	3.696
240.800	-1499.062	3.696
241.000	-1499.063	3.696
241.200	-1499.066	3.696
241.400	-1499.066	3.696
241.600	-1499.071	3.696
241.800	-1499.071	3.696
242.000	-1499.081	3.696
242.200	-1499.076	3.696
242.400	-1499.075	3.696
242.600	-1499.083	3.696
242.800	-1499.071	3.696
243.000	-1499.075	3.696
243.200	-1499.064	3.696
243.400	-1499.081	3.696
243.600	-1499.078	3.695
243.800	-1499.085	3.695
244.000	-1499.083	3.695
244.200	-1499.077	3.695
244.400	-1499.072	3.695
244.600	-1499.063	3.695
244.800	-1499.079	3.695
245.000	-1499.067	3.695
245.200	-1499.077	3.695
245.400	-1499.060	3.695
245.600	-1499.073	3.695
245.800	-1499.064	3.695
246.000	-1499.066	3.695
246.200	-1499.066	3.695
246.400	-1499.083	3.695
246.600	-1499.086	3.695
246.800	-1499.078	3.695
247.000	-1499.062	3.695
247.200	-1499.064	3.695
247.400	-1499.074	3.695
247.600	-1499.079	3.695
247.800	-1499.068	3.695
248.000	-1499.071	3.695
248.200	-1499.069	3.695
248.400	-1499.073	3.695
248.600	-1499.068	3.695
248.800	-1499.059	3.695
249.000	-1499.062	3.694
249.200	-1499.068	3.694
249.400	-1499.048	3.694
249.600	-1499.060	3.694
249.800	-1499.056	3.694
250.000	-1499.065	3.694
250.200	-1499.079	3.694
250.400	-1499.076	3.694
250.600	-1499.060	3.694
250.800	-1499.048	3.694
251.000	-1499.058	3.694
251.200	-1499.055	3.694
251.400	-1499.052	3.694
251.600	-1499.046	3.694
251.800	-1499.050	3.694
252.000	-1499.068	3.694
252.200	-1499.058	3.694
252.400	-1499.052	3.694
252.600	-1499.051	3.694
252.800	-1499.062	3.694
253.000	-1499.071	3.694
253.200	-1499.062	3.694
253.400	-1499.066	3.694
253.600	-1499.049	3.694
253.800	-1499.055	3.694
254.000	-1499.077	3.693
254.200	-1499.050	3.693
254.400	-1499.067	3.693
254.600	-1499.057	3.693
254.800	-1499.058	3.693
255.000	-1499.061	3.693
255.200	-1499.065	3.693
255.400	-1499.044	3.693
255.600	-1499.055	3.693
255.800	-1499.056	3.693
256.000	-1499.069	3.693
256.200	-1499.068	3.693
256.400	-1499.066	3.693
256.600	-1499.074	3.693
256.800	-1499.073	3.693
257.000	-1499.077	3.693
257.200	-1499.090	3.693
257.400	-1499.066	3.693
257.600	-1499.064	3.693
257.800	-1499.068	3.693
258.000	-1499.058	3.693
258.200	-1499.063	3.693
258.400	-1499.057	3.693
258.600	-1499.049	3.693
258.800	-1499.047	3.693
259.000	-1499.066	3.693
259.200	-1499.075	3.693
259.400	-1499.047	3.693
259.600	-1499.069	3.692
259.800	-1499.059	3.692
260.000	-1499.067	3.692
260.200	-1499.070	3.692
260.400	-1499.081	3.692
260.600	-1499.070	3.692
260.800	-1499.055	3.692
261.000	-1499.057	3.692
261.200	-1499.062	3.692
261.400	-1499.076	3.692
261.600	-1499.058	3.692
261.800	-1499.070	3.692
262.000	-1499.066	3.692
262.200	-1499.069	3.692
262.400	-1499.071	3.692
262.600	-1499.074	3.692
262.800	-1499.063	3.692
263.000	-1499.057	3.692
263.200	-1499.069	3.692
263.400	-1499.076	3.692
263.600	-1499.054	3.692
263.800	-1499.042	3.692
264.000	-1499.055	3.692
264.200	-1499.064	3.692
264.400	-1499.061	3.692
264.600	-1499.068	3.692
264.800	-1499.070	3.691
265.000	-1499.062	3.691
265.200	-1499.056	3.691
265.400	-1499.040	3.691
265.600	-1499.071	3.691
265.800	-1499.061	3.691
266.000	-1499.066	3.691
266.200	-1499.049	3.691
266.400	-1499.062	3.691
266.600	-1499.055	3.691
266.800	-1499.066	3.691
267.000	-1499.067	3.691
267.200	-1499.082	3.691
267.400	-1499.069	3.691
267.600	-1499.073	3.691
267.800	-1499.082	3.691
268.000	-1499.079	3.691
268.200	-1499.058	3.691
268.400	-1499.067	3.691
268.600	-1499.067	3.691
268.800	-1499.055	3.691
269.000	-1499.065	3.691
269.200	-1499.054	3.691
269.400	-1499.059	3.691
269.600	-1499.058	3.691
269.800	-1499.065	3.690
270.000	-1499.065	3.690
270.200	-1499.064	3.690
270.400	-1499.060	3.690
270.600	-1499.057	3.690
270.800	-1499.064	3.690
271.000	-1499.062	3.690
271.200	-1499.054	3.690
271.400	-1499.076	3.690
271.600	-1499.071	3.690
271.800	-1499.058	3.690
272.000	-1499.062	3.690
272.200	-1499.060	3.690
272.400	-1499.058	3.690
272.600	-1499.055	3.690
272.800	-1499.058	3.690
273.000	-1499.068	3.690
273.200	-1499.050	3.690
273.400	-1499.045	3.690
273.600	-1499.051	3.690
273.800	-1499.058	3.690
274.000	-1499.051	3.690
274.200	-1499.080	3.690
274.400	-1499.072	3.690
274.600	-1499.071	3.690
274.800	-1499.068	3.690
275.000	-1499.068	3.690
275.200	-1499.066	3.689
275.400	-1499.075	3.689
275.600	-1499.080	3.689
275.800	-1499.085	3.689
276.000	-1499.077	3.689
276.200	-1499.060	3.689
276.400	-1499.068	3.689
276.600	-1499.068	3.689
276.800	-1499.068	3.689
277.000	-1499.078	3.689
277.200	-1499.087	3.689
277.400	-1499.075	3.689
277.600	-1499.060	3.689
277.800	-1499.074	3.689
278.000	-1499.068	3.689
278.200	-1499.058	3.689
278.400	-1499.060	3.689
278.600	-1499.069	3.689
278.800	-1499.075	3.689
279.000	-1499.076	3.689
279.200	-1499.074	3.689
279.400	-1499.064	3.689
279.600	-1499.063	3.689
279.800	-1499.065	3.689
280.000	-1499.062	3.689
280.200	-1499.050	3.689
280.400	-1499.066	3.689
280.600	-1499.068	3.688
280.800	-1499.058	3.688
281.000	-1499.066	3.688
281.200	-1499.072	3.688
281.400	-1499.061	3.688
281.600	-1499.067	3.688
281.800	-1499.069	3.688
282.000	-1499.056	3.688
282.200	-1499.067	3.688
282.400	-1499.067	3.688
282.600	-1499.047	3.688
282.800	-1499.079	3.688
283.000	-1499.087	3.688
283.200	-1499.076	3.688
283.400	-1499.060	3.688
283.600	-1499.060	3.688
283.800	-1499.056	3.688
284.000	-1499.066	3.688
284.200	-1499.053	3.688
284.400	-1499.040	3.688
284.600	-1499.060	3.688
284.800	-1499.061	3.688
285.000	-1499.061	3.688
285.200	-1499.069	3.688
285.400	-1499.079	3.688
285.600	-1499.068	3.687
285.800	-1499.068	3.687
286.000	-1499.066	3.687
286.200	-1499.064	3.687
286.400	-1499.071	3.687
286.600	-1499.079	3.687
286.800	-1499.066	3.687
287.000	-1499.041	3.687
287.200	-1499.062	3.687
287.400	-1499.061	3.687
287.600	-1499.071	3.687
287.800	-1499.051	3.687
288.000	-1499.070	3.687
288.200	-1499.073	3.687
288.400	-1499.061	3.687
288.600	-1499.055	3.687
288.800	-1499.059	3.687
289.000	-1499.069	3.687
289.200	-1499.076	3.687
289.400	-1499.069	3.687
289.600	-1499.077	3.687
289.800	-1499.078	3.687
290.000	-1499.058	3.687
290.200	-1499.074	3.687
290.400	-1499.062	3.687
290.600	-1499.073	3.687
290.800	-1499.061	3.687
291.000	-1499.061	3.687
291.200	-1499.083	3.686
291.400	-1499.080	3.686
291.600	-1499.095	3.686
291.800	-1499.072	3.686
292.000	-1499.067	3.686
292.200	-1499.064	3.686
292.400	-1499.085	3.686
292.600	-1499.085	3.686
292.800	-1499.089	3.686
293.000	-1499.074	3.686
293.200	-1499.081	3.686
293.400	-1499.077	3.686
293.600	-1499.080	3.686
293.800	-1499.076	3.686
294.000	-1499.083	3.686
294.200	-1499.072	3.686
294.400	-1499.064	3.686
294.600	-1499.089	3.686
294.800	-1499.076	3.686
295.000	-1499.079	3.686
295.200	-1499.074	3.686
295.400	-1499.067	3.686
295.600	-1499.074	3.686
295.800	-1499.072	3.686
296.000	-1499.082	3.686
296.200	-1499.083	3.685
296.400	-1499.084	3.685
296.600	-1499.062	3.685
296.800	-1499.079	3.685
297.000	-1499.068	3.685
297.200	-1499.063	3.685
297.400	-1499.082	3.685
297.600	-1499.071	3.685
297.800	-1499.084	3.685
298.000	-1499.064	3.685
298.200	-1499.081	3.685
298.400	-1499.070	3.685
298.600	-1499.078	3.685
298.800	-1499.067	3.685
299.000	-1499.079	3.685
299.200	-1499.078	3.685
299.400	-1499.085	3.685
299.600	-1499.078	3.685
299.800	-1499.076	3.685
300.000	-1499.066	3.685
300.200	-1499.076	3.685
300.400	-1499.065	3.685
300.600	-1499.062	3.685
300.800	-1499.077	3.685
301.000	-1499.069	3.685
301.200	-1499.077	3.685
301.400	-1499.083	3.685
301.600	-1499.072	3.684
301.800	-1499.064	3.684
302.000	-1499.064	3.684
302.200	-1499.067	3.684
302.400	-1499.067	3.684
302.600	-1499.081	3.684
302.800	-1499.069	3.684
303.000	-1499.074	3.684
303.200	-1499.068	3.684
303.400	-1499.069	3.684
303.600	-1499.059	3.684
303.800	-1499.047	3.684
304.000	-1499.076	3.684
304.200	-1499.067	3.684
304.400	-1499.063	3.684
304.600	-1499.074	3.684
304.800	-1499.096	3.684
305.000	-1499.073	3.684
305.200	-1499.071	3.684
305.400	-1499.067	3.684
305.600	-1499.082	3.684
305.800	-1499.085	3.684
306.000	-1499.083	3.684
306.200	-1499.070	3.684
306.400	-1499.071	3.684
306.600	-1499.071	3.684
306.800	-1499.044	3.684
307.000	-1499.066	3.684
307.200	-1499.071	3.684
307.400	-1499.057	3.683
307.600	-1499.056	3.683
307.800	-1499.046	3.683
308.000	-1499.054	3.683
308.200	-1499.066	3.683
308.400	-1499.068	3.683
308.600	-1499.057	3.683
308.800	-1499.055	3.683
309.000	-1499.054	3.683
309.200	-1499.052	3.683
309.400	-1499.055	3.683
309.600	-1499.059	3.683
309.800	-1499.056	3.683
310.000	-1499.074	3.683
310.200	-1499.071	3.683
310.400	-1499.061	3.683
310.600	-1499.061	3.683
310.800	-1499.070	3.683
311.000	-1499.057	3.683
311.200	-1499.070	3.683
311.400	-1499.054	3.683
311.600	-1499.062	3.683
311.800	-1499.080	3.683
312.000	-1499.064	3.683
312.200	-1499.063	3.683
312.400	-1499.050	3.683
312.600	-1499.059	3.683
312.800	-1499.055	3.683
313.000	-1499.066	3.682
313.200	-1499.075	3.682
313.400	-1499.079	3.682
313.600	-1499.049	3.682
313.800	-1499.062	3.682
314.000	-1499.057	3.682
314.200	-1499.064	3.682
314.400	-1499.053	3.682
314.600	-1499.058	3.682
314.800	-1499.082	3.682
315.000	-1499.076	3.682
315.200	-1499.045	3.682
315.400	-1499.041	3.682
315.600	-1499.078	3.682
315.800	-1499.063	3.682
316.000	-1499.054	3.682
316.200	-1499.066	3.682
316.400	-1499.049	3.682
316.600	-1499.056	3.682
316.800	-1499.075	3.682
317.000	-1499.057	3.682
317.200	-1499.067	3.682
317.400	-1499.074	3.682
317.600	-1499.057	3.682
317.800	-1499.076	3.682
318.000	-1499.062	3.682
318.200	-1499.060	3.682
318.400	-1499.080	3.681
318.600	-1499.071	3.681
318.800	-1499.055	3.681
319.000	-1499.057	3.681
319.200	-1499.065	3.681
319.400	-1499.074	3.681
319.600	-1499.077	3.681
319.800	-1499.064	3.681
320.000	-1499.084	3.681
320.200	-1499.089	3.681
320.400	-1499.087	3.681
320.600	-1499.073	3.681
320.800	-1499.082	3.681
321.000	-1499.062	3.681
321.200	-1499.071	3.681
321.400	-1499.073	3.681
321.600	-1499.062	3.681
321.800	-1499.050	3.681
322.000	-1499.077	3.681
322.200	-1499.057	3.681
322.400	-1499.065	3.681
322.600	-1499.040	3.681
322.800	-1499.048	3.681
323.000	-1499.058	3.681
323.200	-1499.061	3.681
323.400	-1499.055	3.681
323.600	-1499.069	3.681
323.800	-1499.063	3.681
324.000	-1499.056	3.681
324.200	-1499.059	3.680
324.400	-1499.076	3.680
324.600	-1499.067	3.680
324.800	-1499.070	3.680
325.000	-1499.064	3.680
325.200	-1499.068	3.680
325.400	-1499.065	3.680
325.600	-1499.067	3.680
325.800	-1499.061	3.680
326.000	-1499.060	3.680
326.200	-1499.059	3.680
326.400	-1499.067	3.680
326.600	-1499.071	3.680
326.800	-1499.064	3.680
327.000	-1499.063	3.680
327.200	-1499.075	3.680
327.400	-1499.068	3.680
327.600	-1499.065	3.680
327.800	-1499.074	3.680
328.000	-1499.063	3.680
328.200	-1499.080	3.680
328.400	-1499.066	3.680
328.600	-1499.051	3.680
328.800	-1499.072	3.680
329.000	-1499.063	3.680
329.200	-1499.061	3.679
329.400	-1499.060	3.679
329.600	-1499.051	3.679
329.800	-1499.074	3.679
330.000	-1499.068	3.679
330.200	-1499.086	3.679
330.400	-1499.084	3.679
330.600	-1499.066	3.679
330.800	-1499.085	3.679
331.000	-1499.068	3.679
331.200	-1499.063	3.679
331.400	-1499.068	3.679
331.600	-1499.071	3.679
331.800	-1499.080	3.679
332.000	-1499.066	3.679
332.200	-1499.071	3.679
332.400	-1499.083	3.679
332.600	-1499.081	3.679
332.800	-1499.083	3.679
333.000	-1499.064	3.679
333.200	-1499.056	3.679
333.400	-1499.073	3.679
333.600	-1499.062	3.679
333.800	-1499.074	3.679
334.000	-1499.067	3.679
334.200	-1499.095	3.679
334.400	-1499.070	3.678
334.600	-1499.065	3.678
334.800	-1499.074	3.678
335.000	-1499.077	3.678
335.200	-1499.081	3.678
335.400	-1499.088	3.678
335.600	-1499.096	3.678
335.800	-1499.087	3.678
336.000	-1499.075	3.678
336.200	-1499.059	3.678
336.400	-1499.073	3.678
336.600	-1499.063	3.678
336.800	-1499.057	3.678
337.000	-1499.065	3.678
337.200	-1499.078	3.678
337.400	-1499.066	3.678
337.600	-1499.071	3.678
337.800	-1499.083	3.678
338.000	-1499.066	3.678
338.200	-1499.055	3.678
338.400	-1499.067	3.678
338.600	-1499.069	3.678
338.800	-1499.079	3.678
339.000	-1499.065	3.678
339.200	-1499.076	3.678
339.400	-1499.059	3.678
339.600	-1499.070	3.678
339.800	-1499.068	3.678
340.000	-1499.062	3.677
340.200	-1499.053	3.677
340.400	-1499.067	3.677
340.600	-1499.058	3.677
340.800	-1499.061	3.677
341.000	-1499.048	3.677
341.200	-1499.073	3.677
341.400	-1499.085	3.677
341.600	-1499.056	3.677
341.800	-1499.055	3.677
342.000	-1499.081	3.677
342.200	-1499.070	3.677
342.400	-1499.078	3.677
342.600	-1499.065	3.677
342.800	-1499.064	3.677
343.000	-1499.072	3.677
343.200	-1499.071	3.677
343.400	-1499.065	3.677
343.600	-1499.054	3.677
343.800	-1499.071	3.677
344.000	-1499.070	3.677
344.200	-1499.066	3.677
344.400	-1499.068	3.677
344.600	-1499.070	3.677
344.800	-1499.079	3.677
345.000	-1499.075	3.677
345.200	-1499.062	3.676
345.400	-1499.072	3.676
345.600	-1499.063	3.676
345.800	-1499.079	3.676
346.000	-1499.072	3.676
346.200	-1499.062	3.676
346.400	-1499.075	3.676
346.600	-1499.081	3.676
346.800	-1499.067	3.676
347.000	-1499.061	3.676
347.200	-1499.065	3.676
347.400	-1499.062	3.676
347.600	-1499.070	3.676
347.800	-1499.059	3.676
348.000	-1499.063	3.676
348.200	-1499.069	3.676
348.400	-1499.048	3.676
348.600	-1499.067	3.676
348.800	-1499.056	3.676
349.000	-1499.066	3.676
349.200	-1499.047	3.676
349.400	-1499.057	3.676
349.600	-1499.062	3.676
349.800	-1499.060	3.676
350.000	-1499.056	3.676
350.200	-1499.069	3.675
350.400	-1499.070	3.675
350.600	-1499.055	3.675
350.800	-1499.045	3.675
351.000	-1499.056	3.675
351.200	-1499.043	3.675
351.400	-1499.062	3.675
351.600	-1499.092	3.675
351.800	-1499.054	3.675
352.000	-1499.068	3.675
352.200	-1499.072	3.675
352.400	-1499.070	3.675
352.600	-1499.062	3.675
352.800	-1499.066	3.675
353.000	-1499.050	3.675
353.200	-1499.048	3.675
353.400	-1499.051	3.675
353.600	-1499.062	3.675
353.800	-1499.063	3.675
354.000	-1499.064	3.675
354.200	-1499.058	3.675
354.400	-1499.053	3.675
354.600	-1499.062	3.675
354.800	-1499.075	3.675
355.000	-1499.040	3.675
355.200	-1499.051	3.675
355.400	-1499.061	3.675
355.600	-1499.060	3.675
355.800	-1499.057	3.675
356.000	-1499.055	3.674
356.200	-1499.058	3.674
356.400	-1499.050	3.674
356.600	-1499.046	3.674
356.800	-1499.047	3.674
357.000	-1499.046	3.674
357.200	-1499.059	3.674
357.400	-1499.039	3.674
357.600	-1499.053	3.674
357.800	-1499.039	3.674
358.000	-1499.054	3.674
358.200	-1499.043	3.674
358.400	-1499.035	3.674
358.600	-1499.035	3.674
358.800	-1499.038	3.674
359.000	-1499.058	3.674
359.200	-1499.070	3.674
359.400	-1499.061	3.674
359.600	-1499.056	3.674
359.800	-1499.044	3.674
360.000	-1499.062	3.674
360.200	-1499.062	3.674
360.400	-1499.064	3.674
360.600	-1499.052	3.674
360.800	-1499.060	3.674
361.000	-1499.070	3.674
361.200	-1499.060	3.673
361.400	-1499.076	3.673
361.600	-1499.068	3.673
361.800	-1499.058	3.673
362.000	-1499.053	3.673
362.200	-1499.051	3.673
362.400	-1499.062	3.673
362.600	-1499.064	3.673
362.800	-1499.069	3.673
363.000	-1499.058	3.673
363.200	-1499.061	3.673
363.400	-1499.049	3.673
363.600	-1499.061	3.673
363.800	-1499.070	3.673
364.000	-1499.070	3.673
364.200	-1499.067	3.673
364.400	-1499.061	3.673
364.600	-1499.054	3.673
364.800	-1499.065	3.673
365.000	-1499.081	3.673
365.200	-1499.073	3.673
365.400	-1499.062	3.673
365.600	-1499.064	3.673
365.800	-1499.075	3.673
366.000	-1499.073	3.673
366.200	-1499.066	3.673
366.400	-1499.060	3.673
366.600	-1499.071	3.672
366.800	-1499.057	3.672
367.000	-1499.056	3.672
367.200	-1499.073	3.672
367.400	-1499.068	3.672
367.600	-1499.063	3.672
367.800	-1499.072	3.672
368.000	-1499.061	3.672
368.200	-1499.067	3.672
368.400	-1499.058	3.672
368.600	-1499.067	3.672
368.800	-1499.073	3.672
369.000	-1499.073	3.672
369.200	-1499.078	3.672
369.400	-1499.063	3.672
369.600	-1499.079	3.672
369.800	-1499.072	3.672
370.000	-1499.065	3.672
370.200	-1499.066	3.672
370.400	-1499.075	3.672
370.600	-1499.072	3.672
370.800	-1499.078	3.672
371.000	-1499.069	3.672
371.200	-1499.079	3.672
371.400	-1499.088	3.672
371.600	-1499.079	3.672
371.800	-1499.073	3.672
372.000	-1499.076	3.672
372.200	-1499.084	3.671
372.400	-1499.074	3.671
372.600	-1499.059	3.671
372.800	-1499.070	3.671
373.000	-1499.067	3.671
373.200	-1499.066	3.671
373.400	-1499.075	3.671
373.600	-1499.066	3.671
373.800	-1499.065	3.671
374.000	-1499.063	3.671
374.200	-1499.060	3.671
374.400	-1499.064	3.671
374.600	-1499.073	3.671
374.800	-1499.071	3.671
375.000	-1499.079	3.671
375.200	-1499.074	3.671
375.400	-1499.082	3.671
375.600	-1499.082	3.671
375.800	-1499.084	3.671
376.000	-1499.092	3.671
376.200	-1499.085	3.671
376.400	-1499.083	3.671
376.600	-1499.058	3.671
376.800	-1499.087	3.671
377.000	-1499.069	3.671
377.200	-1499.067	3.671
377.400	-1499.081	3.671
377.600	-1499.076	3.671
377.800	-1499.080	3.670
378.000	-1499.093	3.670
378.200	-1499.095	3.670
378.400	-1499.091	3.670
378.600	-1499.080	3.670
378.800	-1499.079	3.670
379.000	-1499.078	3.670
379.200	-1499.086	3.670
379.400	-1499.090	3.670
379.600	-1499.075	3.670
379.800	-1499.079	3.670
380.000	-1499.092	3.670
380.200	-1499.088	3.670
380.400	-1499.070	3.670
380.600	-1499.061	3.670
380.800	-1499.082	3.670
381.000	-1499.055	3.670
381.200	-1499.059	3.670
381.400	-1499.064	3.670
381.600	-1499.075	3.670
381.800	-1499.068	3.670
382.000	-1499.076	3.670
382.200	-1499.086	3.670
382.400	-1499.075	3.670
382.600	-1499.078	3.670
382.800	-1499.074	3.670
383.000	-1499.072	3.670
383.200	-1499.059	3.670
383.400	-1499.064	3.670
383.600	-1499.063	3.670
383.800	-1499.080	3.670
384.000	-1499.074	3.670
384.200	-1499.076	3.669
384.400	-1499.084	3.669
384.600	-1499.086	3.669
384.800	-1499.075	3.669
385.000	-1499.075	3.669
385.200	-1499.084	3.669
385.400	-1499.081	3.669
385.600	-1499.080	3.669
385.800	-1499.073	3.669
386.000	-1499.074	3.669
386.200	-1499.082	3.669
386.400	-1499.075	3.669
386.600	-1499.080	3.669
386.800	-1499.089	3.669
387.000	-1499.089	3.669
387.200	-1499.062	3.669
387.400	-1499.089	3.669
387.600	-1499.090	3.669
387.800	-1499.078	3.669
388.000	-1499.079	3.669
388.200	-1499.068	3.669
388.400	-1499.084	3.669
388.600	-1499.057	3.669
388.800	-1499.074	3.669
389.000	-1499.063	3.669
389.200	-1499.081	3.669
389.400	-1499.070	3.669
389.600	-1499.072	3.668
389.800	-1499.071	3.668
390.000	-1499.093	3.668
390.200	-1499.071	3.668
390.400	-1499.077	3.668
390.600	-1499.067	3.668
390.800	-1499.055	3.668
391.000	-1499.079	3.668
391.200	-1499.071	3.668
391.400	-1499.073	3.668
391.600	-1499.070	3.668
391.800	-1499.061	3.668
392.000	-1499.072	3.668
392.200	-1499.063	3.668
392.400	-1499.062	3.668
392.600	-1499.068	3.668
392.800	-1499.064	3.668
393.000	-1499.066	3.668
393.200	-1499.068	3.668
393.400	-1499.069	3.668
393.600	-1499.079	3.668
393.800	-1499.079	3.668
394.000	-1499.089	3.668
394.200	-1499.074	3.668
394.400	-1499.070	3.668
394.600	-1499.082	3.668
394.800	-1499.074	3.667
395.000	-1499.075	3.667
395.200	-1499.091	3.667
395.400	-1499.069	3.667
395.600	-1499.072	3.667
395.800	-1499.077	3.667
396.000	-1499.094	3.667
396.200	-1499.080	3.667
396.400	-1499.081	3.667
396.600	-1499.074	3.667
396.800	-1499.070	3.667
397.000	-1499.072	3.667
397.200	-1499.074	3.667
397.400	-1499.075	3.667
397.600	-1499.079	3.667
397.800	-1499.069	3.667
398.000	-1499.081	3.667
398.200	-1499.080	3.667
398.400	-1499.065	3.667
398.600	-1499.061	3.667
398.800	-1499.068	3.667
399.000	-1499.084	3.667
399.200	-1499.076	3.667
399.400	-1499.090	3.667
399.600	-1499.056	3.667
399.800	-1499.074	3.667
400.000	-1499.062	3.667
400.200	-1499.066	3.667
400.400	-1499.046	3.667
400.600	-1499.074	3.666
400.800	-1499.079	3.666
401.000	-1499.075	3.666
401.200	-1499.068	3.666
401.400	-1499.074	3.666
401.600	-1499.078	3.666
401.800	-1499.077	3.666
402.000	-1499.075	3.666
402.200	-1499.081	3.666
402.400	-1499.069	3.666
402.600	-1499.087	3.666
402.800	-1499.092	3.666
403.000	-1499.084	3.666
403.200	-1499.093	3.666
403.400	-1499.076	3.666
403.600	-1499.081	3.666
403.800	-1499.089	3.666
404.000	-1499.095	3.666
404.200	-1499.068	3.666
404.400	-1499.092	3.666
404.600	-1499.086	3.666
404.800	-1499.075	3.666
405.000	-1499.086	3.666
405.200	-1499.062	3.666
405.400	-1499.077	3.666
405.600	-1499.066	3.666
405.800	-1499.068	3.666
406.000	-1499.094	3.665
406.200	-1499.062	3.665
406.400	-1499.072	3.665
406.600	-1499.070	3.665
406.800	-1499.081	3.665
407.000	-1499.073	3.665
407.200	-1499.083	3.665
407.400	-1499.064	3.665
407.600	-1499.078	3.665
407.800	-1499.086	3.665
408.000	-1499.063	3.665
408.200	-1499.080	3.665
408.400	-1499.086	3.665
408.600	-1499.074	3.665
408.800	-1499.072	3.665
409.000	-1499.079	3.665
409.200	-1499.107	3.665
409.400	-1499.092	3.665
409.600	-1499.088	3.665
409.800	-1499.076	3.665
410.000	-1499.079	3.665
410.200	-1499.094	3.665
410.400	-1499.073	3.665
410.600	-1499.074	3.665
410.800	-1499.081	3.665
411.000	-1499.084	3.665
411.200	-1499.096	3.664
411.400	-1499.093	3.664
411.600	-1499.088	3.664
411.800	-1499.095	3.664
412.000	-1499.073	3.664
412.200	-1499.067	3.664
412.400	-1499.080	3.664
412.600	-1499.082	3.664
412.800	-1499.089	3.664
413.000	-1499.080	3.664
413.200	-1499.088	3.664
413.400	-1499.074	3.664
413.600	-1499.066	3.664
413.800	-1499.090	3.664
414.000	-1499.086	3.664
414.200	-1499.091	3.664
414.400	-1499.099	3.664
414.600	-1499.099	3.664
414.800	-1499.090	3.664
415.000	-1499.082	3.664
415.200	-1499.089	3.664
415.400	-1499.094	3.664
415.600	-1499.066	3.664
415.800	-1499.075	3.664
416.000	-1499.100	3.664
416.200	-1499.086	3.664
416.400	-1499.077	3.663
416.600	-1499.074	3.663
416.800	-1499.102	3.663
417.000	-1499.095	3.663
417.200	-1499.082	3.663
417.400	-1499.073	3.663
417.600	-1499.095	3.663
417.800	-1499.106	3.663
418.000	-1499.104	3.663
418.200	-1499.096	3.663
418.400	-1499.077	3.663
418.600	-1499.096	3.663
418.800	-1499.107	3.663
419.000	-1499.096	3.663
419.200	-1499.097	3.663
419.400	-1499.095	3.663
419.600	-1499.078	3.663
419.800	-1499.086	3.663
420.000	-1499.100	3.663
420.200	-1499.096	3.663
420.400	-1499.079	3.663
420.600	-1499.096	3.663
420.800	-1499.071	3.663
421.000	-1499.082	3.663
421.200	-1499.079	3.663
421.400	-1499.089	3.663
421.600	-1499.113	3.663
421.800	-1499.096	3.663
422.000	-1499.116	3.662
422.200	-1499.089	3.662
422.400	-1499.096	3.662
422.600	-1499.098	3.662
422.800	-1499.090	3.662
423.000	-1499.093	3.662
423.200	-1499.076	3.662
423.400	-1499.097	3.662
423.600	-1499.095	3.662
423.800	-1499.072	3.662
424.000	-1499.086	3.662
424.200	-1499.099	3.662
424.400	-1499.082	3.662
424.600	-1499.098	3.662
424.800	-1499.078	3.662
425.000	-1499.086	3.662
425.200	-1499.076	3.662
425.400	-1499.090	3.662
425.600	-1499.078	3.662
425.800	-1499.093	3.662
426.000	-1499.082	3.662
426.200	-1499.087	3.662
426.400	-1499.072	3.662
426.600	-1499.088	3.662
426.800	-1499.085	3.662
427.000	-1499.100	3.662
427.200	-1499.090	3.662
427.400	-1499.101	3.662
427.600	-1499.085	3.661
427.800	-1499.090	3.661
428.000	-1499.090	3.661
428.200	-1499.110	3.661
428.400	-1499.104	3.661
428.600	-1499.088	3.661
428.800	-1499.099	3.661
429.000	-1499.092	3.661
429.200	-1499.084	3.661
429.400	-1499.089	3.661
429.600	-1499.068	3.661
429.800	-1499.084	3.661
430.000	-1499.091	3.661
430.200	-1499.092	3.661
430.400	-1499.090	3.661
430.600	-1499.079	3.661
430.800	-1499.079	3.661
431.000	-1499.074	3.661
431.200	-1499.097	3.661
431.400	-1499.094	3.661
431.600	-1499.078	3.661
431.800	-1499.090	3.661
432.000	-1499.091	3.661
432.200	-1499.086	3.661
432.400	-1499.091	3.661
432.600	-1499.080	3.660
432.800	-1499.086	3.660
433.000	-1499.090	3.660
433.200	-1499.091	3.660
433.400	-1499.090	3.660
433.600	-1499.098	3.660
433.800	-1499.109	3.660
434.000	-1499.084	3.660
434.200	-1499.099	3.660
434.400	-1499.086	3.660
434.600	-1499.100	3.660
434.800	-1499.100	3.660
435.000	-1499.085	3.660
435.200	-1499.093	3.660
435.400	-1499.101	3.660
435.600	-1499.103	3.660
435.800	-1499.084	3.660
436.000	-1499.091	3.660
436.200	-1499.085	3.660
436.400	-1499.099	3.660
436.600	-1499.100	3.660
436.800	-1499.105	3.660
437.000	-1499.097	3.660
437.200	-1499.119	3.660
437.400	-1499.088	3.660
437.600	-1499.106	3.660
437.800	-1499.106	3.659
438.000	-1499.111	3.659
438.200	-1499.105	3.659
438.400	-1499.089	3.659
438.600	-1499.091	3.659
438.800	-1499.102	3.659
439.000	-1499.128	3.659
439.200	-1499.089	3.659
439.400	-1499.078	3.659
439.600	-1499.088	3.659
439.800	-1499.086	3.659
440.000	-1499.089	3.659
440.200	-1499.084	3.659
440.400	-1499.085	3.659
440.600	-1499.095	3.659
440.800	-1499.083	3.659
441.000	-1499.068	3.659
441.200	-1499.077	3.659
441.400	-1499.074	3.659
441.600	-1499.086	3.659
441.800	-1499.088	3.659
442.000	-1499.094	3.659
442.200	-1499.088	3.659
442.400	-1499.086	3.659
442.600	-1499.096	3.659
442.800	-1499.095	3.659
443.000	-1499.095	3.659
443.200	-1499.084	3.659
443.400	-1499.090	3.659
443.600	-1499.084	3.659
443.800	-1499.083	3.658
444.000	-1499.079	3.658
444.200	-1499.092	3.658
444.400	-1499.079	3.658
444.600	-1499.074	3.658
444.800	-1499.092	3.658
445.000	-1499.076	3.658
445.200	-1499.082	3.658
445.400	-1499.097	3.658
445.600	-1499.054	3.658
445.800	-1499.074	3.658
446.000	-1499.104	3.658
446.200	-1499.089	3.658
446.400	-1499.094	3.658
446.600	-1499.084	3.658
446.800	-1499.078	3.658
447.000	-1499.097	3.658
447.200	-1499.091	3.658
447.400	-1499.070	3.658
447.600	-1499.093	3.658
447.800	-1499.071	3.658
448.000	-1499.074	3.658
448.200	-1499.084	3.658
448.400	-1499.095	3.658
448.600	-1499.079	3.658
448.800	-1499.068	3.658
449.000	-1499.087	3.658
449.200	-1499.106	3.657
449.400	-1499.087	3.657
449.600	-1499.083	3.657
449.800	-1499.084	3.657
450.000	-1499.094	3.657
450.200	-1499.063	3.657
450.400	-1499.089	3.657
450.600	-1499.105	3.657
450.800	-1499.088	3.657
451.000	-1499.107	3.657
451.200	-1499.104	3.657
451.400	-1499.088	3.657
451.600	-1499.079	3.657
451.800	-1499.078	3.657
452.000	-1499.086	3.657
452.200	-1499.095	3.657
452.400	-1499.096	3.657
452.600	-1499.086	3.657
452.800	-1499.089	3.657
453.000	-1499.092	3.657
453.200	-1499.110	3.657
453.400	-1499.107	3.657
453.600	-1499.111	3.657
453.800	-1499.092	3.657
454.000	-1499.084	3.657
454.200	-1499.089	3.657
454.400	-1499.093	3.657
454.600	-1499.102	3.657
454.800	-1499.093	3.657
455.000	-1499.082	3.656
455.200	-1499.097	3.656
455.400	-1499.109	3.656
455.600	-1499.084	3.656
455.800	-1499.097	3.656
456.000	-1499.087	3.656
456.200	-1499.086	3.656
456.400	-1499.096	3.656
456.600	-1499.101	3.656
456.800	-1499.086	3.656
457.000	-1499.099	3.656
457.200	-1499.083	3.656
457.400	-1499.089	3.656
457.600	-1499.090	3.656
457.800	-1499.093	3.656
458.000	-1499.084	3.656
458.200	-1499.103	3.656
458.400	-1499.086	3.656
458.600	-1499.095	3.656
458.800	-1499.101	3.656
459.000	-1499.105	3.656
459.200	-1499.095	3.656
459.400	-1499.105	3.656
459.600	-1499.117	3.656
459.800	-1499.076	3.656
460.000	-1499.083	3.656
460.200	-1499.092	3.656
460.400	-1499.093	3.655
460.600	-1499.107	3.655
460.800	-1499.081	3.655
461.000	-1499.099	3.655
461.200	-1499.099	3.655
461.400	-1499.084	3.655
461.600	-1499.086	3.655
461.800	-1499.098	3.655
462.000	-1499.101	3.655
462.200	-1499.092	3.655
462.400	-1499.102	3.655
462.600	-1499.089	3.655
462.800	-1499.089	3.655
463.000	-1499.090	3.655
463.200	-1499.099	3.655
463.400	-1499.096	3.655
463.600	-1499.098	3.655
463.800	-1499.096	3.655
464.000	-1499.102	3.655
464.200	-1499.091	3.655
464.400	-1499.083	3.655
464.600	-1499.087	3.655
464.800	-1499.079	3.655
465.000	-1499.081	3.655
465.200	-1499.069	3.655
465.400	-1499.053	3.655
465.600	-1499.066	3.654
465.800	-1499.071	3.654
466.000	-1499.091	3.654
466.200	-1499.090	3.654
466.400	-1499.072	3.654
466.600	-1499.082	3.654
466.800	-1499.071	3.654
467.000	-1499.064	3.654
467.200	-1499.070	3.654
467.400	-1499.067	3.654
467.600	-1499.061	3.654
467.800	-1499.076	3.654
468.000	-1499.083	3.654
468.200	-1499.078	3.654
468.400	-1499.068	3.654
468.600	-1499.070	3.654
468.800	-1499.085	3.654
469.000	-1499.086	3.654
469.200	-1499.066	3.654
469.400	-1499.077	3.654
469.600	-1499.065	3.654
469.800	-1499.074	3.654
470.000	-1499.072	3.654
470.200	-1499.086	3.654
470.400	-1499.092	3.654
470.600	-1499.077	3.654
470.800	-1499.099	3.654
471.000	-1499.081	3.653
471.200	-1499.083	3.653
471.400	-1499.073	3.653
471.600	-1499.093	3.653
471.800	-1499.079	3.653
472.000	-1499.079	3.653
472.200	-1499.088	3.653
472.400	-1499.092	3.653
472.600	-1499.092	3.653
472.800	-1499.081	3.653
473.000	-1499.096	3.653
473.200	-1499.098	3.653
473.400	-1499.081	3.653
473.600	-1499.084	3.653
473.800	-1499.079	3.653
474.000	-1499.113	3.653
474.200	-1499.079	3.653
474.400	-1499.092	3.653
474.600	-1499.090	3.653
474.800	-1499.087	3.653
475.000	-1499.095	3.653
475.200	-1499.099	3.653
475.400	-1499.096	3.653
475.600	-1499.099	3.653
475.800	-1499.086	3.653
476.000	-1499.092	3.653
476.200	-1499.089	3.653
476.400	-1499.073	3.653
476.600	-1499.076	3.653
476.800	-1499.087	3.652
477.000	-1499.083	3.652
477.200	-1499.089	3.652
477.400	-1499.073	3.652
477.600	-1499.081	3.652
477.800	-1499.078	3.652
478.000	-1499.090	3.652
478.200	-1499.060	3.652
478.400	-1499.075	3.652
478.600	-1499.089	3.652
478.800	-1499.062	3.652
479.000	-1499.080	3.652
479.200	-1499.081	3.652
479.400	-1499.096	3.652
479.600	-1499.083	3.652
479.800	-1499.085	3.652
480.000	-1499.082	3.652
480.200	-1499.097	3.652
480.400	-1499.081	3.652
480.600	-1499.091	3.652
480.800	-1499.091	3.652
481.000	-1499.094	3.652
481.200	-1499.091	3.652
481.400	-1499.079	3.652
481.600	-1499.081	3.652
481.800	-1499.074	3.651
482.000	-1499.090	3.651
482.200	-1499.107	3.651
482.400	-1499.104	3.651
482.600	-1499.086	3.651
482.800	-1499.090	3.651
483.000	-1499.110	3.651
483.200	-1499.074	3.651
483.400	-1499.084	3.651
483.600	-1499.092	3.651
483.800	-1499.086	3.651
484.000	-1499.077	3.651
484.200	-1499.076	3.651
484.400	-1499.061	3.651
484.600	-1499.064	3.651
484.800	-1499.086	3.651
485.000	-1499.066	3.651
485.200	-1499.068	3.651
485.400	-1499.090	3.651
485.600	-1499.070	3.651
485.800	-1499.085	3.651
486.000	-1499.073	3.651
486.200	-1499.090	3.651
486.400	-1499.079	3.651
486.600	-1499.076	3.651
486.800	-1499.082	3.651
487.000	-1499.081	3.650
487.200	-1499.092	3.650
487.400	-1499.095	3.650
487.600	-1499.067	3.650
487.800	-1499.083	3.650
488.000	-1499.087	3.650
488.200	-1499.073	3.650
488.400	-1499.095	3.650
488.600	-1499.067	3.650
488.800	-1499.099	3.650
489.000	-1499.093	3.650
489.200	-1499.062	3.650
489.400	-1499.084	3.650
489.600	-1499.100	3.650
489.800	-1499.086	3.650
490.000	-1499.108	3.650
490.200	-1499.104	3.650
490.400	-1499.094	3.650
490.600	-1499.089	3.650
490.800	-1499.090	3.650
491.000	-1499.090	3.650
491.200	-1499.088	3.650
491.400	-1499.089	3.650
491.600	-1499.077	3.650
491.800	-1499.084	3.650
492.000	-1499.093	3.650
492.200	-1499.108	3.650
492.400	-1499.094	3.650
492.600	-1499.085	3.650
492.800	-1499.095	3.649
493.000	-1499.095	3.649
493.200	-1499.115	3.649
493.400	-1499.097	3.649
493.600	-1499.102	3.649
493.800	-1499.097	3.649
494.000	-1499.092	3.649
494.200	-1499.095	3.649
494.400	-1499.077	3.649
494.600	-1499.097	3.649
494.800	-1499.095	3.649
495.000	-1499.095	3.649
495.200	-1499.081	3.649
495.400	-1499.076	3.649
495.600	-1499.083	3.649
495.800	-1499.094	3.649
496.000	-1499.070	3.649
496.200	-1499.082	3.649
496.400	-1499.089	3.649
496.600	-1499.094	3.649
496.800	-1499.094	3.649
497.000	-1499.086	3.649
497.200	-1499.093	3.649
497.400	-1499.086	3.649
497.600	-1499.058	3.649
497.800	-1499.067	3.648
498.000	-1499.063	3.648
498.200	-1499.080	3.648
498.400	-1499.075	3.648
498.600	-1499.074	3.648
498.800	-1499.096	3.648
499.000	-1499.099	3.648
499.200	-1499.088	3.648
499.400	-1499.099	3.648
499.600	-1499.107	3.648
499.800	-1499.099	3.648
500.000	-1499.092	3.648
500.200	-1499.089	3.648
500.400	-1499.086	3.648
500.600	-1499.095	3.648
500.800	-1499.092	3.648
501.000	-1499.084	3.648
501.200	-1499.087	3.648
501.400	-1499.102	3.648
501.600	-1499.104	3.648
501.800	-1499.099	3.648
502.000	-1499.101	3.648
502.200	-1499.116	3.648
502.400	-1499.117	3.648
502.600	-1499.101	3.648
502.800	-1499.109	3.648
503.000	-1499.102	3.647
503.200	-1499.084	3.647
503.400	-1499.089	3.647
503.600	-1499.096	3.647
503.800	-1499.091	3.647
504.000	-1499.104	3.647
504.200	-1499.090	3.647
504.400	-1499.100	3.647
504.600	-1499.093	3.647
504.800	-1499.109	3.647
505.000	-1499.107	3.647
505.200	-1499.098	3.647
505.400	-1499.094	3.647
505.600	-1499.105	3.647
505.800	-1499.105	3.647
506.000	-1499.093	3.647
506.200	-1499.072	3.647
506.400	-1499.084	3.647
506.600	-1499.080	3.647
506.800	-1499.081	3.647
507.000	-1499.095	3.647
507.200	-1499.113	3.647
507.400	-1499.094	3.647
507.600	-1499.096	3.647
507.800	-1499.090	3.647
508.000	-1499.112	3.647
508.200	-1499.108	3.647
508.400	-1499.100	3.647
508.600	-1499.086	3.646
508.800	-1499.077	3.646
509.000	-1499.092	3.646
509.200	-1499.083	3.646
509.400	-1499.080	3.646
509.600	-1499.095	3.646
509.800	-1499.095	3.646
510.000	-1499.111	3.646
510.200	-1499.115	3.646
510.400	-1499.104	3.646
510.600	-1499.108	3.646
510.800	-1499.094	3.646
511.000	-1499.091	3.646
511.200	-1499.097	3.646
511.400	-1499.102	3.646
511.600	-1499.096	3.646
511.800	-1499.099	3.646
512.000	-1499.086	3.646
512.200	-1499.093	3.646
512.400	-1499.109	3.646
512.600	-1499.102	3.646
512.800	-1499.110	3.646
513.000	-1499.098	3.646
513.200	-1499.090	3.646
513.400	-1499.100	3.646
513.600	-1499.088	3.646
513.800	-1499.115	3.645
514.000	-1499.104	3.646
514.200	-1499.110	3.645
514.400	-1499.099	3.645
514.600	-1499.116	3.645
514.800	-1499.105	3.645
515.000	-1499.102	3.645
515.200	-1499.084	3.645
515.400	-1499.103	3.645
515.600	-1499.082	3.645
515.800	-1499.098	3.645
516.000	-1499.088	3.645
516.200	-1499.085	3.645
516.400	-1499.096	3.645
516.600	-1499.105	3.645
516.800	-1499.105	3.645
517.000	-1499.076	3.645
517.200	-1499.094	3.645
517.400	-1499.113	3.645
517.600	-1499.109	3.645
517.800	-1499.112	3.645
518.000	-1499.093	3.645
518.200	-1499.118	3.645
518.400	-1499.094	3.645
518.600	-1499.121	3.645
518.800	-1499.109	3.645
519.000	-1499.110	3.645
519.200	-1499.128	3.645
519.400	-1499.110	3.644
519.600	-1499.106	3.644
519.800	-1499.086	3.644
520.000	-1499.097	3.644
520.200	-1499.107	3.644
520.400	-1499.101	3.644
520.600	-1499.115	3.644
520.800	-1499.109	3.644
521.000	-1499.101	3.644
521.200	-1499.083	3.644
521.400	-1499.103	3.644
521.600	-1499.110	3.644
521.800	-1499.114	3.644
522.000	-1499.109	3.644
522.200	-1499.104	3.644
522.400	-1499.116	3.644
522.600	-1499.121	3.644
522.800	-1499.090	3.644
523.000	-1499.104	3.644
523.200	-1499.102	3.644
523.400	-1499.101	3.644
523.600	-1499.105	3.644
523.800	-1499.122	3.644
524.000	-1499.121	3.644
524.200	-1499.103	3.644
524.400	-1499.114	3.644
524.600	-1499.113	3.644
524.800	-1499.094	3.644
525.000	-1499.111	3.643
525.200	-1499.093	3.643
525.400	-1499.098	3.643
525.600	-1499.107	3.643
525.800	-1499.110	3.643
526.000	-1499.100	3.643
526.200	-1499.097	3.643
526.400	-1499.096	3.643
526.600	-1499.100	3.643
526.800	-1499.091	3.643
527.000	-1499.090	3.643
527.200	-1499.112	3.643
527.400	-1499.113	3.643
527.600	-1499.098	3.643
527.800	-1499.106	3.643
528.000	-1499.114	3.643
528.200	-1499.111	3.643
528.400	-1499.074	3.643
528.600	-1499.091	3.643
528.800	-1499.105	3.643
529.000	-1499.107	3.643
529.200	-1499.085	3.643
529.400	-1499.095	3.643
529.600	-1499.103	3.643
529.800	-1499.086	3.643
530.000	-1499.092	3.643
530.200	-1499.080	3.643
530.400	-1499.095	3.642
530.600	-1499.105	3.642
530.800	-1499.090	3.642
531.000	-1499.103	3.642
531.200	-1499.116	3.642
531.400	-1499.096	3.642
531.600	-1499.092	3.642
531.800	-1499.094	3.642
532.000	-1499.098	3.642
532.200	-1499.097	3.642
532.400	-1499.102	3.642
532.600	-1499.102	3.642
532.800	-1499.110	3.642
533.000	-1499.105	3.642
533.200	-1499.084	3.642
533.400	-1499.084	3.642
533.600	-1499.106	3.642
533.800	-1499.091	3.642
534.000	-1499.070	3.642
534.200	-1499.102	3.642
534.400	-1499.091	3.642
534.600	-1499.110	3.642
534.800	-1499.110	3.642
535.000	-1499.095	3.642
535.200	-1499.093	3.642
535.400	-1499.103	3.642
535.600	-1499.105	3.641
535.800	-1499.107	3.641
536.000	-1499.102	3.641
536.200	-1499.094	3.641
536.400	-1499.102	3.641
536.600	-1499.099	3.641
536.800	-1499.115	3.641
537.000	-1499.105	3.641
537.200	-1499.118	3.641
537.400	-1499.096	3.641
537.600	-1499.107	3.641
537.800	-1499.083	3.641
538.000	-1499.088	3.641
538.200	-1499.091	3.641
538.400	-1499.107	3.641
538.600	-1499.094	3.641
538.800	-1499.096	3.641
539.000	-1499.083	3.641
539.200	-1499.102	3.641
539.400	-1499.094	3.641
539.600	-1499.114	3.641
539.800	-1499.084	3.641
540.000	-1499.110	3.641
540.200	-1499.098	3.641
540.400	-1499.116	3.641
540.600	-1499.112	3.641
540.800	-1499.110	3.641
541.000	-1499.110	3.640
541.200	-1499.119	3.640
541.400	-1499.115	3.640
541.600	-1499.112	3.640
541.800	-1499.114	3.640
542.000	-1499.097	3.640
542.200	-1499.101	3.640
542.400	-1499.106	3.640
542.600	-1499.102	3.640
542.800	-1499.101	3.640
543.000	-1499.097	3.640
543.200	-1499.105	3.640
543.400	-1499.096	3.640
543.600	-1499.097	3.640
543.800	-1499.102	3.640
544.000	-1499.094	3.640
544.200	-1499.099	3.640
544.400	-1499.094	3.640
544.600	-1499.100	3.640
544.800	-1499.108	3.640
545.000	-1499.105	3.640
545.200	-1499.093	3.640
545.400	-1499.109	3.640
545.600	-1499.104	3.640
545.800	-1499.120	3.640
546.000	-1499.105	3.640
546.200	-1499.098	3.640
546.400	-1499.125	3.639
546.600	-1499.087	3.639
546.800	-1499.096	3.639
547.000	-1499.092	3.639
547.200	-1499.093	3.639
547.400	-1499.076	3.639
547.600	-1499.099	3.639
547.800	-1499.099	3.639
548.000	-1499.083	3.639
548.200	-1499.077	3.639
548.400	-1499.082	3.639
548.600	-1499.092	3.639
548.800	-1499.085	3.639
549.000	-1499.088	3.639
549.200	-1499.098	3.639
549.400	-1499.096	3.639
549.600	-1499.096	3.639
549.800	-1499.098	3.639
550.000	-1499.087	3.639
550.200	-1499.089	3.639
550.400	-1499.098	3.639
550.600	-1499.105	3.639
550.800	-1499.099	3.639
551.000	-1499.110	3.639
551.200	-1499.093	3.639
551.400	-1499.099	3.638
551.600	-1499.095	3.638
551.800	-1499.101	3.638
552.000	-1499.082	3.638
552.200	-1499.090	3.638
552.400	-1499.098	3.638
552.600	-1499.089	3.638
552.800	-1499.100	3.638
553.000	-1499.102	3.638
553.200	-1499.081	3.638
553.400	-1499.089	3.638
553.600	-1499.090	3.638
553.800	-1499.083	3.638
554.000	-1499.098	3.638
554.200	-1499.090	3.638
554.400	-1499.083	3.638
554.600	-1499.098	3.638
554.800	-1499.086	3.638
555.000	-1499.074	3.638
555.200	-1499.083	3.638
555.400	-1499.087	3.638
555.600	-1499.095	3.638
555.800	-1499.086	3.638
556.000	-1499.091	3.638
556.200	-1499.097	3.638
556.400	-1499.091	3.638
556.600	-1499.092	3.638
556.800	-1499.112	3.638
557.000	-1499.100	3.638
557.200	-1499.096	3.637
557.400	-1499.091	3.637
557.600	-1499.080	3.637
557.800	-1499.086	3.637
558.000	-1499.087	3.637
558.200	-1499.108	3.637
558.400	-1499.074	3.637
558.600	-1499.098	3.637
558.800	-1499.105	3.637
559.000	-1499.126	3.637
559.200	-1499.103	3.637
559.400	-1499.092	3.637
559.600	-1499.087	3.637
559.800	-1499.089	3.637
560.000	-1499.075	3.637
560.200	-1499.080	3.637
560.400	-1499.090	3.637
560.600	-1499.100	3.637
560.800	-1499.092	3.637
561.000	-1499.097	3.637
561.200	-1499.095	3.637
561.400	-1499.120	3.637
561.600	-1499.092	3.637
561.800	-1499.117	3.637
562.000	-1499.095	3.637
562.200	-1499.099	3.636
562.400	-1499.106	3.637
562.600	-1499.092	3.636
562.800	-1499.105	3.636
563.000	-1499.110	3.636
563.200	-1499.117	3.636
563.400	-1499.112	3.636
563.600	-1499.089	3.636
563.800	-1499.091	3.636
564.000	-1499.100	3.636
564.200	-1499.088	3.636
564.400	-1499.095	3.636
564.600	-1499.094	3.636
564.800	-1499.082	3.636
565.000	-1499.079	3.636
565.200	-1499.094	3.636
565.400	-1499.086	3.636
565.600	-1499.103	3.636
565.800	-1499.099	3.636
566.000	-1499.089	3.636
566.200	-1499.094	3.636
566.400	-1499.088	3.636
566.600	-1499.073	3.636
566.800	-1499.067	3.636
567.000	-1499.091	3.636
567.200	-1499.099	3.636
567.400	-1499.103	3.636
567.600	-1499.098	3.635
567.800	-1499.106	3.635
568.000	-1499.106	3.635
568.200	-1499.095	3.635
568.400	-1499.095	3.635
568.600	-1499.106	3.635
568.800	-1499.095	3.635
569.000	-1499.098	3.635
569.200	-1499.085	3.635
569.400	-1499.087	3.635
569.600	-1499.102	3.635
569.800	-1499.095	3.635
570.000	-1499.086	3.635
570.200	-1499.078	3.635
570.400	-1499.089	3.635
570.600	-1499.085	3.635
570.800	-1499.074	3.635
571.000	-1499.101	3.635
571.200	-1499.099	3.635
571.400	-1499.086	3.635
571.600	-1499.105	3.635
571.800	-1499.092	3.635
572.000	-1499.102	3.635
572.200	-1499.097	3.635
572.400	-1499.114	3.635
572.600	-1499.114	3.635
572.800	-1499.085	3.635
573.000	-1499.080	3.635
573.200	-1499.094	3.634
573.400	-1499.106	3.634
573.600	-1499.112	3.634
573.800	-1499.092	3.634
574.000	-1499.098	3.634
574.200	-1499.094	3.634
574.400	-1499.092	3.634
574.600	-1499.107	3.634
574.800	-1499.101	3.634
575.000	-1499.111	3.634
575.200	-1499.106	3.634
575.400	-1499.108	3.634
575.600	-1499.104	3.634
575.800	-1499.105	3.634
576.000	-1499.123	3.634
576.200	-1499.101	3.634
576.400	-1499.107	3.634
576.600	-1499.097	3.634
576.800	-1499.103	3.634
577.000	-1499.098	3.634
577.200	-1499.100	3.634
577.400	-1499.116	3.634
577.600	-1499.094	3.634
577.800	-1499.110	3.634
578.000	-1499.104	3.634
578.200	-1499.085	3.634
578.400	-1499.110	3.634
578.600	-1499.105	3.634
578.800	-1499.110	3.634
579.000	-1499.110	3.633
579.200	-1499.113	3.633
579.400	-1499.115	3.633
579.600	-1499.102	3.633
579.800	-1499.104	3.633
580.000	-1499.102	3.633
580.200	-1499.105	3.633
580.400	-1499.084	3.633
580.600	-1499.086	3.633
580.800	-1499.091	3.633
581.000	-1499.087	3.633
581.200	-1499.085	3.633
581.400	-1499.101	3.633
581.600	-1499.103	3.633
581.800	-1499.104	3.633
582.000	-1499.103	3.633
582.200	-1499.096	3.633
582.400	-1499.097	3.633
582.600	-1499.093	3.633
582.800	-1499.107	3.633
583.000	-1499.073	3.633
583.200	-1499.079	3.633
583.400	-1499.084	3.633
583.600	-1499.089	3.633
583.800	-1499.098	3.633
584.000	-1499.082	3.633
584.200	-1499.082	3.633
584.400	-1499.074	3.632
584.600	-1499.091	3.632
584.800	-1499.092	3.632
585.000	-1499.086	3.632
585.200	-1499.104	3.632
585.400	-1499.088	3.632
585.600	-1499.098	3.632
585.800	-1499.101	3.632
586.000	-1499.097	3.632
586.200	-1499.104	3.632
586.400	-1499.093	3.632
586.600	-1499.110	3.632
586.800	-1499.084	3.632
587.000	-1499.104	3.632
587.200	-1499.111	3.632
587.400	-1499.098	3.632
587.600	-1499.102	3.632
587.800	-1499.104	3.632
588.000	-1499.096	3.632
588.200	-1499.102	3.632
588.400	-1499.106	3.632
588.600	-1499.095	3.632
588.800	-1499.099	3.632
589.000	-1499.108	3.632
589.200	-1499.110	3.632
589.400	-1499.089	3.632
589.600	-1499.097	3.632
589.800	-1499.088	3.631
590.000	-1499.097	3.631
590.200	-1499.106	3.631
590.400	-1499.119	3.631
590.600	-1499.095	3.631
590.800	-1499.089	3.631
591.000	-1499.093	3.631
591.200	-1499.085	3.631
591.400	-1499.087	3.631
591.600	-1499.097	3.631
591.800	-1499.081	3.631
592.000	-1499.088	3.631
592.200	-1499.086	3.631
592.400	-1499.098	3.631
592.600	-1499.103	3.631
592.800	-1499.116	3.631
593.000	-1499.104	3.631
593.200	-1499.101	3.631
593.400	-1499.106	3.631
593.600	-1499.095	3.631
593.800	-1499.106	3.631
594.000	-1499.104	3.631
594.200	-1499.111	3.631
594.400	-1499.110	3.631
594.600	-1499.115	3.631
594.800	-1499.109	3.630
595.000	-1499.095	3.630
595.200	-1499.091	3.630
595.400	-1499.102	3.630
595.600	-1499.089	3.630
595.800	-1499.102	3.630
596.000	-1499.095	3.630
596.200	-1499.110	3.630
596.400	-1499.104	3.630
596.600	-1499.101	3.630
596.800	-1499.099	3.630
597.000	-1499.118	3.630
597.200	-1499.112	3.630
597.400	-1499.104	3.630
597.600	-1499.113	3.630
597.800	-1499.093	3.630
598.000	-1499.103	3.630
598.200	-1499.094	3.630
598.400	-1499.078	3.630
598.600	-1499.107	3.630
598.800	-1499.112	3.630
599.000	-1499.119	3.630
599.200	-1499.106	3.630
599.400	-1499.117	3.630
599.600	-1499.107	3.629
599.800	-1499.105	3.629
600.000	-1499.096	3.629
600.200	-1499.112	3.629
600.400	-1499.109	3.629
600.600	-1499.093	3.629
600.800	-1499.100	3.629
601.000	-1499.096	3.629
601.200	-1499.099	3.629
601.400	-1499.095	3.629
601.600	-1499.098	3.629
601.800	-1499.089	3.629
602.000	-1499.097	3.629
602.200	-1499.110	3.629
602.400	-1499.117	3.629
602.600	-1499.088	3.629
602.800	-1499.102	3.629
603.000	-1499.105	3.629
603.200	-1499.105	3.629
603.400	-1499.105	3.629
603.600	-1499.114	3.629
603.800	-1499.110	3.629
604.000	-1499.105	3.629
604.200	-1499.105	3.629
604.400	-1499.123	3.629
604.600	-1499.114	3.629
604.800	-1499.116	3.629
605.000	-1499.112	3.629
605.200	-1499.113	3.629
605.400	-1499.107	3.628
605.600	-1499.083	3.628
605.800	-1499.098	3.628
606.000	-1499.101	3.628
606.200	-1499.106	3.628
606.400	-1499.089	3.628
606.600	-1499.126	3.628
606.800	-1499.107	3.628
607.000	-1499.109	3.628
607.200	-1499.110	3.628
607.400	-1499.107	3.628
607.600	-1499.102	3.628
607.800	-1499.102	3.628
608.000	-1499.103	3.628
608.200	-1499.098	3.628
608.400	-1499.097	3.628
608.600	-1499.097	3.628
608.800	-1499.099	3.628
609.000	-1499.106	3.628
609.200	-1499.106	3.628
609.400	-1499.113	3.628
609.600	-1499.118	3.628
609.800	-1499.107	3.628
610.000	-1499.118	3.628
610.200	-1499.098	3.628
610.400	-1499.108	3.628
610.600	-1499.101	3.627
610.800	-1499.100	3.627
611.000	-1499.104	3.627
611.200	-1499.101	3.627
611.400	-1499.097	3.627
611.600	-1499.089	3.627
611.800	-1499.128	3.627
612.000	-1499.098	3.627
612.200	-1499.102	3.627
612.400	-1499.102	3.627
612.600	-1499.106	3.627
612.800	-1499.108	3.627
613.000	-1499.122	3.627
613.200	-1499.104	3.627
613.400	-1499.093	3.627
613.600	-1499.097	3.627
613.800	-1499.103	3.627
614.000	-1499.117	3.627
614.200	-1499.106	3.627
614.400	-1499.112	3.627
614.600	-1499.108	3.627
614.800	-1499.115	3.627
615.000	-1499.094	3.627
615.200	-1499.088	3.627
615.400	-1499.115	3.627
615.600	-1499.099	3.627
615.800	-1499.103	3.626
616.000	-1499.113	3.626
616.200	-1499.107	3.626
616.400	-1499.118	3.626
616.600	-1499.111	3.626
616.800	-1499.106	3.626
617.000	-1499.107	3.626
617.200	-1499.109	3.626
617.400	-1499.120	3.626
617.600	-1499.126	3.626
617.800	-1499.130	3.626
618.000	-1499.106	3.626
618.200	-1499.111	3.626
618.400	-1499.099	3.626
618.600	-1499.102	3.626
618.800	-1499.082	3.626
619.000	-1499.094	3.626
619.200	-1499.105	3.626
619.400	-1499.111	3.626
619.600	-1499.118	3.626
619.800	-1499.109	3.626
620.000	-1499.097	3.626
620.200	-1499.102	3.626
620.400	-1499.092	3.626
620.600	-1499.113	3.626
620.800	-1499.096	3.626
621.000	-1499.111	3.626
621.200	-1499.123	3.625
621.400	-1499.097	3.625
621.600	-1499.113	3.625
621.800	-1499.100	3.625
622.000	-1499.110	3.625
622.200	-1499.102	3.625
622.400	-1499.125	3.625
622.600	-1499.141	3.625
622.800	-1499.142	3.625
623.000	-1499.120	3.625
623.200	-1499.123	3.625
623.400	-1499.133	3.625
623.600	-1499.133	3.625
623.800	-1499.114	3.625
624.000	-1499.117	3.625
624.200	-1499.113	3.625
624.400	-1499.113	3.625
624.600	-1499.124	3.625
624.800	-1499.115	3.625
625.000	-1499.107	3.625
625.200	-1499.107	3.625
625.400	-1499.112	3.625
625.600	-1499.107	3.625
625.800	-1499.118	3.625
626.000	-1499.109	3.625
626.200	-1499.106	3.625
626.400	-1499.116	3.624
626.600	-1499.111	3.624
626.800	-1499.131	3.624
627.000	-1499.118	3.624
627.200	-1499.081	3.624
627.400	-1499.090	3.624
627.600	-1499.095	3.624
627.800	-1499.111	3.624
628.000	-1499.115	3.624
628.200	-1499.103	3.624
628.400	-1499.089	3.624
628.600	-1499.104	3.624
628.800	-1499.098	3.624
629.000	-1499.107	3.624
629.200	-1499.116	3.624
629.400	-1499.101	3.624
629.600	-1499.093	3.624
629.800	-1499.099	3.624
630.000	-1499.104	3.624
630.200	-1499.092	3.624
630.400	-1499.094	3.624
630.600	-1499.100	3.624
630.800	-1499.102	3.624
631.000	-1499.108	3.624
631.200	-1499.108	3.624
631.400	-1499.084	3.624
631.600	-1499.093	3.623
631.800	-1499.116	3.623
632.000	-1499.097	3.623
632.200	-1499.107	3.623
632.400	-1499.108	3.623
632.600	-1499.101	3.623
632.800	-1499.103	3.623
633.000	-1499.110	3.623
633.200	-1499.099	3.623
633.400	-1499.117	3.623
633.600	-1499.098	3.623
633.800	-1499.095	3.623
634.000	-1499.112	3.623
634.200	-1499.104	3.623
634.400	-1499.104	3.623
634.600	-1499.086	3.623
634.800	-1499.111	3.623
635.000	-1499.109	3.623
635.200	-1499.102	3.623
635.400	-1499.106	3.623
635.600	-1499.090	3.623
635.800	-1499.098	3.623
636.000	-1499.101	3.623
636.200	-1499.105	3.623
636.400	-1499.090	3.623
636.600	-1499.089	3.623
636.800	-1499.090	3.623
637.000	-1499.089	3.623
637.200	-1499.100	3.622
637.400	-1499.108	3.622
637.600	-1499.109	3.622
637.800	-1499.106	3.622
638.000	-1499.105	3.622
638.200	-1499.099	3.622
638.400	-1499.097	3.622
638.600	-1499.100	3.622
638.800	-1499.094	3.622
639.000	-1499.087	3.622
639.200	-1499.102	3.622
639.400	-1499.103	3.622
639.600	-1499.104	3.622
639.800	-1499.093	3.622
640.000	-1499.099	3.622
640.200	-1499.103	3.622
640.400	-1499.104	3.622
640.600	-1499.094	3.622
640.800	-1499.112	3.622
641.000	-1499.120	3.622
641.200	-1499.094	3.622
641.400	-1499.109	3.622
641.600	-1499.116	3.622
641.800	-1499.116	3.622
642.000	-1499.105	3.622
642.200	-1499.087	3.622
642.400	-1499.090	3.621
642.600	-1499.096	3.621
642.800	-1499.093	3.621
643.000	-1499.092	3.621
643.200	-1499.110	3.621
643.400	-1499.100	3.621
643.600	-1499.114	3.621
643.800	-1499.086	3.621
644.000	-1499.117	3.621
644.200	-1499.103	3.621
644.400	-1499.104	3.621
644.600	-1499.111	3.621
644.800	-1499.097	3.621
645.000	-1499.109	3.621
645.200	-1499.117	3.621
645.400	-1499.093	3.621
645.600	-1499.109	3.621
645.800	-1499.096	3.621
646.000	-1499.100	3.621
646.200	-1499.112	3.621
646.400	-1499.110	3.621
646.600	-1499.116	3.621
646.800	-1499.105	3.621
647.000	-1499.099	3.621
647.200	-1499.107	3.620
647.400	-1499.099	3.620
647.600	-1499.113	3.620
647.800	-1499.087	3.620
648.000	-1499.092	3.620
648.200	-1499.103	3.620
648.400	-1499.117	3.620
648.600	-1499.106	3.620
648.800	-1499.108	3.620
649.000	-1499.107	3.620
649.200	-1499.108	3.620
649.400	-1499.100	3.620
649.600	-1499.104	3.620
649.800	-1499.110	3.620
650.000	-1499.089	3.620
650.200	-1499.103	3.620
650.400	-1499.099	3.620
650.600	-1499.103	3.620
650.800	-1499.120	3.620
651.000	-1499.105	3.620
651.200	-1499.110	3.620
651.400	-1499.099	3.620
651.600	-1499.113	3.620
651.800	-1499.095	3.620
652.000	-1499.088	3.620
652.200	-1499.100	3.620
652.400	-1499.094	3.620
652.600	-1499.090	3.620
652.800	-1499.099	3.619
653.000	-1499.089	3.619
653.200	-1499.090	3.619
653.400	-1499.097	3.619
653.600	-1499.083	3.619
653.800	-1499.089	3.619
654.000	-1499.091	3.619
654.200	-1499.094	3.619
654.400	-1499.099	3.619
654.600	-1499.099	3.619
654.800	-1499.090	3.619
655.000	-1499.080	3.619
655.200	-1499.084	3.619
655.400	-1499.096	3.619
655.600	-1499.097	3.619
655.800	-1499.100	3.619
656.000	-1499.109	3.619
656.200	-1499.092	3.619
656.400	-1499.099	3.619
656.600	-1499.105	3.619
656.800	-1499.091	3.619
657.000	-1499.097	3.619
657.200	-1499.112	3.619
657.400	-1499.088	3.619
657.600	-1499.101	3.619
657.800	-1499.096	3.618
658.000	-1499.108	3.618
658.200	-1499.093	3.618
658.400	-1499.105	3.618
658.600	-1499.109	3.618
658.800	-1499.095	3.618
659.000	-1499.096	3.618
659.200	-1499.082	3.618
659.400	-1499.085	3.618
659.600	-1499.083	3.618
659.800	-1499.094	3.618
660.000	-1499.100	3.618
660.200	-1499.100	3.618
660.400	-1499.114	3.618
660.600	-1499.103	3.618
660.800	-1499.088	3.618
661.000	-1499.101	3.618
661.200	-1499.101	3.618
661.400	-1499.099	3.618
661.600	-1499.101	3.618
661.800	-1499.092	3.618
662.000	-1499.086	3.618
662.200	-1499.094	3.618
662.400	-1499.094	3.618
662.600	-1499.095	3.617
662.800	-1499.108	3.617
663.000	-1499.088	3.617
663.200	-1499.081	3.617
663.400	-1499.106	3.617
663.600	-1499.083	3.617
663.800	-1499.085	3.617
664.000	-1499.088	3.617
664.200	-1499.083	3.617
664.400	-1499.100	3.617
664.600	-1499.104	3.617
664.800	-1499.092	3.617
665.000	-1499.087	3.617
665.200	-1499.099	3.617
665.400	-1499.110	3.617
665.600	-1499.097	3.617
665.800	-1499.090	3.617
666.000	-1499.097	3.617
666.200	-1499.100	3.617
666.400	-1499.105	3.617
666.600	-1499.102	3.617
666.800	-1499.112	3.617
667.000	-1499.111	3.617
667.200	-1499.099	3.617
667.400	-1499.097	3.617
667.600	-1499.098	3.617
667.800	-1499.100	3.617
668.000	-1499.099	3.616
668.200	-1499.095	3.616
668.400	-1499.091	3.616
668.600	-1499.094	3.616
668.800	-1499.094	3.616
669.000	-1499.095	3.616
669.200	-1499.093	3.616
669.400	-1499.097	3.616
669.600	-1499.105	3.616
669.800	-1499.110	3.616
670.000	-1499.093	3.616
670.200	-1499.099	3.616
670.400	-1499.095	3.616
670.600	-1499.090	3.616
670.800	-1499.083	3.616
671.000	-1499.082	3.616
671.200	-1499.089	3.616
671.400	-1499.092	3.616
671.600	-1499.114	3.616
671.800	-1499.088	3.616
672.000	-1499.089	3.616
672.200	-1499.095	3.616
672.400	-1499.098	3.616
672.600	-1499.086	3.616
672.800	-1499.098	3.616
673.000	-1499.102	3.616
673.200	-1499.119	3.615
673.400	-1499.104	3.615
673.600	-1499.112	3.615
673.800	-1499.074	3.615
674.000	-1499.089	3.615
674.200	-1499.077	3.615
674.400	-1499.091	3.615
674.600	-1499.086	3.615
674.800	-1499.098	3.615
675.000	-1499.101	3.615
675.200	-1499.088	3.615
675.400	-1499.087	3.615
675.600	-1499.097	3.615
675.800	-1499.094	3.615
676.000	-1499.101	3.615
676.200	-1499.088	3.615
676.400	-1499.115	3.615
676.600	-1499.095	3.615
676.800	-1499.080	3.615
677.000	-1499.087	3.615
677.200	-1499.073	3.615
677.400	-1499.087	3.615
677.600	-1499.078	3.615
677.800	-1499.085	3.615
678.000	-1499.082	3.614
678.200	-1499.092	3.614
678.400	-1499.094	3.614
678.600	-1499.082	3.614
678.800	-1499.091	3.614
679.000	-1499.098	3.614
679.200	-1499.096	3.614
679.400	-1499.088	3.614
679.600	-1499.077	3.614
679.800	-1499.090	3.614
680.000	-1499.113	3.614
680.200	-1499.101	3.614
680.400	-1499.102	3.614
680.600	-1499.100	3.614
680.800	-1499.094	3.614
681.000	-1499.093	3.614
681.200	-1499.086	3.614
681.400	-1499.095	3.614
681.600	-1499.082	3.614
681.800	-1499.093	3.614
682.000	-1499.088	3.614
682.200	-1499.082	3.614
682.400	-1499.083	3.614
682.600	-1499.077	3.614
682.800	-1499.083	3.614
683.000	-1499.083	3.614
683.200	-1499.081	3.613
683.400	-1499.079	3.613
683.600	-1499.088	3.613
683.800	-1499.104	3.613
684.000	-1499.085	3.613
684.200	-1499.085	3.613
684.400	-1499.095	3.613
684.600	-1499.084	3.613
684.800	-1499.091	3.613
685.000	-1499.076	3.613
685.200	-1499.093	3.613
685.400	-1499.090	3.613
685.600	-1499.088	3.613
685.800	-1499.079	3.613
686.000	-1499.096	3.613
686.200	-1499.095	3.613
686.400	-1499.095	3.613
686.600	-1499.092	3.613
686.800	-1499.087	3.613
687.000	-1499.107	3.613
687.200	-1499.090	3.613
687.400	-1499.099	3.613
687.600	-1499.120	3.613
687.800	-1499.097	3.613
688.000	-1499.091	3.612
688.200	-1499.083	3.612
688.400	-1499.088	3.612
688.600	-1499.093	3.612
688.800	-1499.077	3.612
689.000	-1499.099	3.612
689.200	-1499.091	3.612
689.400	-1499.117	3.612
689.600	-1499.086	3.612
689.800	-1499.102	3.612
690.000	-1499.094	3.612
690.200	-1499.082	3.612
690.400	-1499.086	3.612
690.600	-1499.098	3.612
690.800	-1499.089	3.612
691.000	-1499.102	3.612
691.200	-1499.091	3.612
691.400	-1499.096	3.612
691.600	-1499.092	3.612
691.800	-1499.086	3.612
692.000	-1499.103	3.612
692.200	-1499.109	3.612
692.400	-1499.091	3.612
692.600	-1499.100	3.612
692.800	-1499.096	3.612
693.000	-1499.097	3.611
693.200	-1499.108	3.611
693.400	-1499.086	3.611
693.600	-1499.088	3.611
693.800	-1499.084	3.611
694.000	-1499.102	3.611
694.200	-1499.098	3.611
694.400	-1499.105	3.611
694.600	-1499.100	3.611
694.800	-1499.101	3.611
695.000	-1499.111	3.611
695.200	-1499.103	3.611
695.400	-1499.084	3.611
695.600	-1499.101	3.611
695.800	-1499.097	3.611
696.000	-1499.101	3.611
696.200	-1499.102	3.611
696.400	-1499.099	3.611
696.600	-1499.089	3.611
696.800	-1499.085	3.611
697.000	-1499.086	3.611
697.200	-1499.117	3.611
697.400	-1499.108	3.611
697.600	-1499.110	3.611
697.800	-1499.101	3.611
698.000	-1499.099	3.611
698.200	-1499.108	3.610
698.400	-1499.089	3.610
698.600	-1499.087	3.610
698.800	-1499.117	3.610
699.000	-1499.097	3.610
699.200	-1499.084	3.610
699.400	-1499.095	3.610
699.600	-1499.094	3.610
699.800	-1499.101	3.610
700.000	-1499.108	3.610
700.200	-1499.111	3.610
700.400	-1499.098	3.610
700.600	-1499.118	3.610
700.800	-1499.100	3.610
701.000	-1499.106	3.610
701.200	-1499.093	3.610
701.400	-1499.122	3.610
701.600	-1499.117	3.610
701.800	-1499.119	3.610
702.000	-1499.115	3.610
702.200	-1499.106	3.610
702.400	-1499.109	3.610
702.600	-1499.096	3.610
702.800	-1499.100	3.610
703.000	-1499.099	3.610
703.200	-1499.110	3.610
703.400	-1499.102	3.610
703.600	-1499.101	3.609
703.800	-1499.109	3.609
704.000	-1499.094	3.609
704.200	-1499.093	3.609
704.400	-1499.098	3.609
704.600	-1499.087	3.609
704.800	-1499.082	3.609
705.000	-1499.102	3.609
705.200	-1499.104	3.609
705.400	-1499.097	3.609
705.600	-1499.090	3.609
705.800	-1499.092	3.609
706.000	-1499.105	3.609
706.200	-1499.093	3.609
706.400	-1499.082	3.609
706.600	-1499.104	3.609
706.800	-1499.075	3.609
707.000	-1499.090	3.609
707.200	-1499.097	3.609
707.400	-1499.097	3.609
707.600	-1499.094	3.609
707.800	-1499.091	3.609
708.000	-1499.099	3.609
708.200	-1499.098	3.609
708.400	-1499.100	3.609
708.600	-1499.097	3.609
708.800	-1499.097	3.608
709.000	-1499.102	3.608
709.200	-1499.094	3.608
709.400	-1499.084	3.608
709.600	-1499.085	3.608
709.800	-1499.099	3.608
710.000	-1499.096	3.608
710.200	-1499.088	3.608
710.400	-1499.099	3.608
710.600	-1499.105	3.608
710.800	-1499.101	3.608
711.000	-1499.103	3.608
711.200	-1499.111	3.608
711.400	-1499.105	3.608
711.600	-1499.101	3.608
711.800	-1499.102	3.608
712.000	-1499.099	3.608
712.200	-1499.108	3.608
712.400	-1499.101	3.608
712.600	-1499.105	3.608
712.800	-1499.101	3.608
713.000	-1499.094	3.608
713.200	-1499.099	3.608
713.400	-1499.107	3.608
713.600	-1499.105	3.607
713.800	-1499.106	3.607
714.000	-1499.092	3.607
714.200	-1499.090	3.607
714.400	-1499.092	3.607
714.600	-1499.107	3.607
714.800	-1499.110	3.607
715.000	-1499.099	3.607
715.200	-1499.112	3.607
715.400	-1499.095	3.607
715.600	-1499.107	3.607
715.800	-1499.074	3.607
716.000	-1499.086	3.607
716.200	-1499.093	3.607
716.400	-1499.113	3.607
716.600	-1499.095	3.607
716.800	-1499.110	3.607
717.000	-1499.102	3.607
717.200	-1499.111	3.607
717.400	-1499.105	3.607
717.600	-1499.095	3.607
717.800	-1499.111	3.607
718.000	-1499.107	3.607
718.200	-1499.080	3.607
718.400	-1499.075	3.607
718.600	-1499.093	3.607
718.800	-1499.093	3.606
719.000	-1499.081	3.606
719.200	-1499.091	3.606
719.400	-1499.084	3.606
719.600	-1499.099	3.606
719.800	-1499.099	3.606
720.000	-1499.085	3.606
720.200	-1499.100	3.606
720.400	-1499.095	3.606
720.600	-1499.103	3.606
720.800	-1499.098	3.606
721.000	-1499.100	3.606
721.200	-1499.090	3.606
721.400	-1499.088	3.606
721.600	-1499.103	3.606
721.800	-1499.110	3.606
722.000	-1499.092	3.606
722.200	-1499.091	3.606
722.400	-1499.088	3.606
722.600	-1499.088	3.606
722.800	-1499.102	3.606
723.000	-1499.100	3.606
723.200	-1499.104	3.606
723.400	-1499.096	3.605
723.600	-1499.107	3.605
723.800	-1499.094	3.605
724.000	-1499.104	3.605
724.200	-1499.103	3.605
724.400	-1499.118	3.605
724.600	-1499.093	3.605
724.800	-1499.092	3.605
725.000	-1499.107	3.605
725.200	-1499.097	3.605
725.400	-1499.085	3.605
725.600	-1499.101	3.605
725.800	-1499.096	3.605
726.000	-1499.102	3.605
726.200	-1499.090	3.605
726.400	-1499.095	3.605
726.600	-1499.100	3.605
726.800	-1499.108	3.605
727.000	-1499.119	3.605
727.200	-1499.103	3.605
727.400	-1499.104	3.605
727.600	-1499.102	3.605
727.800	-1499.113	3.605
728.000	-1499.111	3.605
728.200	-1499.102	3.604
728.400	-1499.088	3.604
728.600	-1499.109	3.604
728.800	-1499.106	3.604
729.000	-1499.079	3.604
729.200	-1499.109	3.604
729.400	-1499.097	3.604
729.600	-1499.121	3.604
729.800	-1499.112	3.604
730.000	-1499.095	3.604
730.200	-1499.101	3.604
730.400	-1499.099	3.604
730.600	-1499.088	3.604
730.800	-1499.100	3.604
731.000	-1499.096	3.604
731.200	-1499.095	3.604
731.400	-1499.096	3.604
731.600	-1499.118	3.604
731.800	-1499.103	3.604
732.000	-1499.108	3.604
732.200	-1499.099	3.604
732.400	-1499.104	3.604
732.600	-1499.090	3.604
732.800	-1499.088	3.604
733.000	-1499.095	3.604
733.200	-1499.091	3.603
733.400	-1499.105	3.603
733.600	-1499.101	3.603
733.800	-1499.107	3.603
734.000	-1499.097	3.603
734.200	-1499.095	3.603
734.400	-1499.096	3.603
734.600	-1499.083	3.603
734.800	-1499.078	3.603
735.000	-1499.094	3.603
735.200	-1499.100	3.603
735.400	-1499.095	3.603
735.600	-1499.080	3.603
735.800	-1499.098	3.603
736.000	-1499.098	3.603
736.200	-1499.107	3.603
736.400	-1499.104	3.603
736.600	-1499.098	3.603
736.800	-1499.087	3.603
737.000	-1499.082	3.603
737.200	-1499.090	3.603
737.400	-1499.084	3.603
737.600	-1499.105	3.603
737.800	-1499.099	3.603
738.000	-1499.103	3.602
738.200	-1499.102	3.602
738.400	-1499.109	3.602
738.600	-1499.104	3.602
738.800	-1499.096	3.602
739.000	-1499.096	3.602
739.200	-1499.114	3.602
739.400	-1499.100	3.602
739.600	-1499.119	3.602
739.800	-1499.104	3.602
740.000	-1499.090	3.602
740.200	-1499.104	3.602
740.400	-1499.113	3.602
740.600	-1499.093	3.602
740.800	-1499.106	3.602
741.000	-1499.097	3.602
741.200	-1499.097	3.602
741.400	-1499.110	3.602
741.600	-1499.103	3.602
741.800	-1499.088	3.602
742.000	-1499.102	3.602
742.200	-1499.087	3.602
742.400	-1499.098	3.602
742.600	-1499.119	3.602
742.800	-1499.094	3.601
743.000	-1499.094	3.601
743.200	-1499.093	3.601
743.400	-1499.083	3.601
743.600	-1499.090	3.601
743.800	-1499.099	3.601
744.000	-1499.095	3.601
744.200	-1499.109	3.601
744.400	-1499.095	3.601
744.600	-1499.090	3.601
744.800	-1499.109	3.601
745.000	-1499.109	3.601
745.200	-1499.101	3.601
745.400	-1499.090	3.601
745.600	-1499.102	3.601
745.800	-1499.123	3.601
746.000	-1499.095	3.601
746.200	-1499.108	3.601
746.400	-1499.094	3.601
746.600	-1499.101	3.601
746.800	-1499.116	3.601
747.000	-1499.096	3.601
747.200	-1499.100	3.601
747.400	-1499.094	3.601
747.600	-1499.111	3.600
747.800	-1499.102	3.600
748.000	-1499.106	3.600
748.200	-1499.096	3.600
748.400	-1499.094	3.600
748.600	-1499.091	3.600
748.800	-1499.089	3.600
749.000	-1499.082	3.600
749.200	-1499.088	3.600
749.400	-1499.095	3.600
749.600	-1499.113	3.600
749.800	-1499.102	3.600
750.000	-1499.104	3.600
750.200	-1499.095	3.600
750.400	-1499.095	3.600
750.600	-1499.092	3.600
750.800	-1499.100	3.600
751.000	-1499.105	3.600
751.200	-1499.099	3.600
751.400	-1499.093	3.600
751.600	-1499.113	3.600
751.800	-1499.099	3.600
752.000	-1499.108	3.599
752.200	-1499.099	3.599
752.400	-1499.101	3.599
752.600	-1499.097	3.599
752.800	-1499.116	3.599
753.000	-1499.094	3.599
753.200	-1499.102	3.599
753.400	-1499.112	3.599
753.600	-1499.124	3.599
753.800	-1499.109	3.599
754.000	-1499.118	3.599
754.200	-1499.118	3.599
754.400	-1499.121	3.599
754.600	-1499.104	3.599
754.800	-1499.109	3.599
755.000	-1499.127	3.599
755.200	-1499.124	3.599
755.400	-1499.102	3.599
755.600	-1499.123	3.599
755.800	-1499.109	3.599
756.000	-1499.114	3.599
756.200	-1499.105	3.599
756.400	-1499.121	3.599
756.600	-1499.114	3.599
756.800	-1499.111	3.599
757.000	-1499.107	3.599
757.200	-1499.094	3.598
757.400	-1499.128	3.598
757.600	-1499.102	3.598
757.800	-1499.098	3.598
758.000	-1499.107	3.598
758.200	-1499.082	3.598
758.400	-1499.108	3.598
758.600	-1499.116	3.598
758.800	-1499.105	3.598
759.000	-1499.111	3.598
759.200	-1499.106	3.598
759.400	-1499.114	3.598
759.600	-1499.099	3.598
759.800	-1499.102	3.598
760.000	-1499.108	3.598
760.200	-1499.124	3.598
760.400	-1499.102	3.598
760.600	-1499.128	3.598
760.800	-1499.122	3.598
761.000	-1499.118	3.598
761.200	-1499.120	3.598
761.400	-1499.103	3.598
761.600	-1499.100	3.598
761.800	-1499.095	3.597
762.000	-1499.114	3.597
762.200	-1499.097	3.597
762.400	-1499.103	3.597
762.600	-1499.116	3.597
762.800	-1499.120	3.597
763.000	-1499.108	3.597
763.200	-1499.110	3.597
763.400	-1499.121	3.597
763.600	-1499.137	3.597
763.800	-1499.107	3.597
764.000	-1499.105	3.597
764.200	-1499.105	3.597
764.400	-1499.115	3.597
764.600	-1499.116	3.597
764.800	-1499.133	3.597
765.000	-1499.112	3.597
765.200	-1499.116	3.597
765.400	-1499.118	3.597
765.600	-1499.124	3.597
765.800	-1499.115	3.597
766.000	-1499.122	3.597
766.200	-1499.097	3.597
766.400	-1499.109	3.596
766.600	-1499.117	3.596
766.800	-1499.127	3.596
767.000	-1499.115	3.596
767.200	-1499.113	3.596
767.400	-1499.100	3.596
767.600	-1499.102	3.596
767.800	-1499.112	3.596
768.000	-1499.112	3.596
768.200	-1499.108	3.596
768.400	-1499.099	3.596
768.600	-1499.104	3.596
768.800	-1499.110	3.596
769.000	-1499.097	3.596
769.200	-1499.102	3.596
769.400	-1499.112	3.596
769.600	-1499.117	3.596
769.800	-1499.097	3.596
770.000	-1499.102	3.596
770.200	-1499.102	3.596
770.400	-1499.103	3.596
770.600	-1499.108	3.596
770.800	-1499.113	3.596
771.000	-1499.111	3.596
771.200	-1499.118	3.595
771.400	-1499.107	3.595
771.600	-1499.111	3.595
771.800	-1499.088	3.595
772.000	-1499.108	3.595
772.200	-1499.105	3.595
772.400	-1499.098	3.595
772.600	-1499.102	3.595
772.800	-1499.098	3.595
773.000	-1499.111	3.595
773.200	-1499.104	3.595
773.400	-1499.092	3.595
773.600	-1499.099	3.595
773.800	-1499.094	3.595
774.000	-1499.097	3.595
774.200	-1499.102	3.595
774.400	-1499.092	3.595
774.600	-1499.112	3.595
774.800	-1499.111	3.595
775.000	-1499.120	3.595
775.200	-1499.109	3.595
775.400	-1499.092	3.595
775.600	-1499.091	3.595
775.800	-1499.076	3.595
776.000	-1499.094	3.595
776.200	-1499.103	3.594
776.400	-1499.095	3.594
776.600	-1499.082	3.594
776.800	-1499.097	3.594
777.000	-1499.114	3.594
777.200	-1499.132	3.594
777.400	-1499.113	3.594
777.600	-1499.115	3.594
777.800	-1499.104	3.594
778.000	-1499.101	3.594
778.200	-1499.103	3.594
778.400	-1499.107	3.594
778.600	-1499.107	3.594
778.800	-1499.100	3.594
779.000	-1499.129	3.594
779.200	-1499.101	3.594
779.400	-1499.105	3.594
779.600	-1499.115	3.594
779.800	-1499.123	3.594
780.000	-1499.097	3.594
780.200	-1499.094	3.594
780.400	-1499.095	3.593
780.600	-1499.091	3.593
780.800	-1499.101	3.593
781.000	-1499.106	3.593
781.200	-1499.097	3.593
781.400	-1499.100	3.593
781.600	-1499.099	3.593
781.800	-1499.096	3.593
782.000	-1499.110	3.593
782.200	-1499.105	3.593
782.400	-1499.107	3.593
782.600	-1499.101	3.593
782.800	-1499.112	3.593
783.000	-1499.107	3.593
783.200	-1499.096	3.593
783.400	-1499.100	3.593
783.600	-1499.092	3.593
783.800	-1499.095	3.593
784.000	-1499.126	3.593
784.200	-1499.119	3.593
784.400	-1499.112	3.593
784.600	-1499.110	3.593
784.800	-1499.112	3.593
785.000	-1499.110	3.593
785.200	-1499.117	3.593
785.400	-1499.103	3.592
785.600	-1499.107	3.592
785.800	-1499.113	3.592
786.000	-1499.113	3.592
786.200	-1499.121	3.592
786.400	-1499.109	3.592
786.600	-1499.107	3.592
786.800	-1499.107	3.592
787.000	-1499.117	3.592
787.200	-1499.105	3.592
787.400	-1499.116	3.592
787.600	-1499.107	3.592
787.800	-1499.112	3.592
788.000	-1499.104	3.592
788.200	-1499.120	3.592
788.400	-1499.107	3.592
788.600	-1499.104	3.592
788.800	-1499.115	3.592
789.000	-1499.109	3.592
789.200	-1499.093	3.592
789.400	-1499.113	3.592
789.600	-1499.099	3.592
789.800	-1499.107	3.592
790.000	-1499.085	3.591
790.200	-1499.113	3.591
790.400	-1499.099	3.591
790.600	-1499.118	3.591
790.800	-1499.114	3.591
791.000	-1499.094	3.591
791.200	-1499.120	3.591
791.400	-1499.110	3.591
791.600	-1499.090	3.591
791.800	-1499.127	3.591
792.000	-1499.118	3.591
792.200	-1499.110	3.591
792.400	-1499.116	3.591
792.600	-1499.107	3.591
792.800	-1499.114	3.591
793.000	-1499.114	3.591
793.200	-1499.112	3.591
793.400	-1499.113	3.591
793.600	-1499.118	3.591
793.800	-1499.106	3.591
794.000	-1499.099	3.591
794.200	-1499.111	3.591
794.400	-1499.105	3.590
794.600	-1499.117	3.590
794.800	-1499.106	3.590
795.000	-1499.106	3.590
795.200	-1499.125	3.590
795.400	-1499.106	3.590
795.600	-1499.109	3.590
795.800	-1499.103	3.590
796.000	-1499.108	3.590
796.200	-1499.099	3.590
796.400	-1499.092	3.590
796.600	-1499.089	3.590
796.800	-1499.094	3.590
797.000	-1499.101	3.590
797.200	-1499.116	3.590
797.400	-1499.098	3.590
797.600	-1499.104	3.590
797.800	-1499.079	3.590
798.000	-1499.114	3.590
798.200	-1499.115	3.590
798.400	-1499.129	3.590
798.600	-1499.131	3.590
798.800	-1499.128	3.590
799.000	-1499.114	3.589
799.200	-1499.141	3.589
799.400	-1499.121	3.589
799.600	-1499.133	3.589
799.800	-1499.133	3.589
800.000	-1499.119	3.589
800.200	-1499.117	3.589
800.400	-1499.110	3.589
800.600	-1499.123	3.589
800.800	-1499.121	3.589
801.000	-1499.119	3.589
801.200	-1499.146	3.589
801.400	-1499.144	3.589
801.600	-1499.130	3.589
801.800	-1499.128	3.589
802.000	-1499.119	3.589
802.200	-1499.125	3.589
802.400	-1499.116	3.589
802.600	-1499.117	3.589
802.800	-1499.122	3.589
803.000	-1499.119	3.589
803.200	-1499.126	3.589
803.400	-1499.138	3.588
803.600	-1499.137	3.588
803.800	-1499.141	3.588
804.000	-1499.138	3.588
804.200	-1499.134	3.588
804.400	-1499.141	3.588
804.600	-1499.141	3.588
804.800	-1499.131	3.588
805.000	-1499.117	3.588
805.200	-1499.119	3.588
805.400	-1499.127	3.588
805.600	-1499.120	3.588
805.800	-1499.120	3.588
806.000	-1499.143	3.588
806.200	-1499.143	3.588
806.400	-1499.151	3.588
806.600	-1499.143	3.588
806.800	-1499.141	3.588
807.000	-1499.112	3.588
807.200	-1499.145	3.588
807.400	-1499.136	3.588
807.600	-1499.135	3.588
807.800	-1499.142	3.588
808.000	-1499.137	3.587
808.200	-1499.138	3.587
808.400	-1499.141	3.587
808.600	-1499.135	3.587
808.800	-1499.140	3.587
809.000	-1499.137	3.587
809.200	-1499.125	3.587
809.400	-1499.154	3.587
809.600	-1499.139	3.587
809.800	-1499.134	3.587
810.000	-1499.142	3.587
810.200	-1499.138	3.587
810.400	-1499.136	3.587
810.600	-1499.131	3.587
810.800	-1499.143	3.587
811.000	-1499.161	3.587
811.200	-1499.104	3.587
811.400	-1499.130	3.587
811.600	-1499.142	3.587
811.800	-1499.144	3.587
812.000	-1499.129	3.587
812.200	-1499.142	3.587
812.400	-1499.147	3.586
812.600	-1499.145	3.586
812.800	-1499.139	3.586
813.000	-1499.132	3.586
813.200	-1499.143	3.586
813.400	-1499.131	3.586
813.600	-1499.140	3.586
813.800	-1499.139	3.586
814.000	-1499.146	3.586
814.200	-1499.153	3.586
814.400	-1499.133	3.586
814.600	-1499.121	3.586
814.800	-1499.132	3.586
815.000	-1499.125	3.586
815.200	-1499.131	3.586
815.400	-1499.141	3.586
815.600	-1499.121	3.586
815.800	-1499.125	3.586
816.000	-1499.124	3.586
816.200	-1499.137	3.586
816.400	-1499.129	3.586
816.600	-1499.115	3.586
816.800	-1499.127	3.586
817.000	-1499.134	3.586
817.200	-1499.120	3.585
817.400	-1499.132	3.585
817.600	-1499.144	3.585
817.800	-1499.141	3.585
818.000	-1499.145	3.585
818.200	-1499.143	3.585
818.400	-1499.128	3.585
818.600	-1499.126	3.585
818.800	-1499.148	3.585
819.000	-1499.111	3.585
819.200	-1499.134	3.585
819.400	-1499.133	3.585
819.600	-1499.141	3.585
819.800	-1499.139	3.585
820.000	-1499.126	3.585
820.200	-1499.132	3.585
820.400	-1499.139	3.585
820.600	-1499.140	3.585
820.800	-1499.136	3.585
821.000	-1499.141	3.585
821.200	-1499.116	3.585
821.400	-1499.118	3.585
821.600	-1499.132	3.585
821.800	-1499.121	3.585
822.000	-1499.144	3.584
822.200	-1499.132	3.584
822.400	-1499.144	3.584
822.600	-1499.154	3.584
822.800	-1499.125	3.584
823.000	-1499.138	3.584
823.200	-1499.147	3.584
823.400	-1499.126	3.584
823.600	-1499.134	3.584
823.800	-1499.125	3.584
824.000	-1499.125	3.584
824.200	-1499.118	3.584
824.400	-1499.113	3.584
824.600	-1499.131	3.584
824.800	-1499.127	3.584
825.000	-1499.144	3.584
825.200	-1499.140	3.584
825.400	-1499.123	3.584
825.600	-1499.130	3.584
825.800	-1499.135	3.584
826.000	-1499.145	3.584
826.200	-1499.133	3.584
826.400	-1499.129	3.584
826.600	-1499.135	3.583
826.800	-1499.148	3.583
827.000	-1499.154	3.583
827.200	-1499.136	3.583
827.400	-1499.140	3.583
827.600	-1499.135	3.583
827.800	-1499.120	3.583
828.000	-1499.149	3.583
828.200	-1499.142	3.583
828.400	-1499.145	3.583
828.600	-1499.138	3.583
828.800	-1499.120	3.583
829.000	-1499.140	3.583
829.200	-1499.130	3.583
829.400	-1499.124	3.583
829.600	-1499.125	3.583
829.800	-1499.122	3.583
830.000	-1499.108	3.583
830.200	-1499.134	3.583
830.400	-1499.134	3.583
830.600	-1499.138	3.583
830.800	-1499.134	3.583
831.000	-1499.122	3.583
831.200	-1499.119	3.582
831.400	-1499.123	3.582
831.600	-1499.137	3.582
831.800	-1499.122	3.582
832.000	-1499.131	3.582
832.200	-1499.131	3.582
832.400	-1499.127	3.582
832.600	-1499.111	3.582
832.800	-1499.121	3.582
833.000	-1499.147	3.582
833.200	-1499.126	3.582
833.400	-1499.125	3.582
833.600	-1499.137	3.582
833.800	-1499.132	3.582
834.000	-1499.124	3.582
834.200	-1499.119	3.582
834.400	-1499.113	3.582
834.600	-1499.120	3.582
834.800	-1499.127	3.582
835.000	-1499.125	3.582
835.200	-1499.127	3.582
835.400	-1499.123	3.581
835.600	-1499.117	3.581
835.800	-1499.117	3.581
836.000	-1499.105	3.581
836.200	-1499.122	3.581
836.400	-1499.132	3.581
836.600	-1499.105	3.581
836.800	-1499.117	3.581
837.000	-1499.124	3.581
837.200	-1499.130	3.581
837.400	-1499.119	3.581
837.600	-1499.134	3.581
837.800	-1499.141	3.581
838.000	-1499.151	3.581
838.200	-1499.132	3.581
838.400	-1499.111	3.581
838.600	-1499.136	3.581
838.800	-1499.140	3.581
839.000	-1499.139	3.581
839.200	-1499.122	3.581
839.400	-1499.119	3.581
839.600	-1499.125	3.581
839.800	-1499.112	3.581
840.000	-1499.125	3.580
840.200	-1499.118	3.580
840.400	-1499.116	3.580
840.600	-1499.116	3.580
840.800	-1499.107	3.580
841.000	-1499.131	3.580
841.200	-1499.127	3.580
841.400	-1499.126	3.580
841.600	-1499.128	3.580
841.800	-1499.138	3.580
842.000	-1499.118	3.580
842.200	-1499.137	3.580
842.400	-1499.123	3.580
842.600	-1499.129	3.580
842.800	-1499.123	3.580
843.000	-1499.139	3.580
843.200	-1499.147	3.580
843.400	-1499.136	3.580
843.600	-1499.132	3.580
843.800	-1499.125	3.580
844.000	-1499.136	3.580
844.200	-1499.134	3.580
844.400	-1499.127	3.580
844.600	-1499.134	3.580
844.800	-1499.136	3.579
845.000	-1499.125	3.579
845.200	-1499.138	3.579
845.400	-1499.130	3.579
845.600	-1499.141	3.579
845.800	-1499.108	3.579
846.000	-1499.120	3.579
846.200	-1499.130	3.579
846.400	-1499.130	3.579
846.600	-1499.140	3.579
846.800	-1499.128	3.579
847.000	-1499.121	3.579
847.200	-1499.120	3.579
847.400	-1499.128	3.579
847.600	-1499.136	3.579
847.800	-1499.128	3.579
848.000	-1499.138	3.579
848.200	-1499.144	3.579
848.400	-1499.136	3.579
848.600	-1499.133	3.579
848.800	-1499.137	3.579
849.000	-1499.132	3.578
849.200	-1499.150	3.578
849.400	-1499.140	3.578
849.600	-1499.135	3.578
849.800	-1499.148	3.578
850.000	-1499.128	3.578
850.200	-1499.157	3.578
850.400	-1499.125	3.578
850.600	-1499.129	3.578
850.800	-1499.131	3.578
851.000	-1499.129	3.578
851.200	-1499.156	3.578
851.400	-1499.128	3.578
851.600	-1499.116	3.578
851.800	-1499.130	3.578
852.000	-1499.126	3.578
852.200	-1499.123	3.578
852.400	-1499.116	3.578
852.600	-1499.099	3.578
852.800	-1499.119	3.578
853.000	-1499.116	3.578
853.200	-1499.127	3.578
853.400	-1499.130	3.577
853.600	-1499.136	3.577
853.800	-1499.110	3.577
854.000	-1499.113	3.577
854.200	-1499.140	3.577
854.400	-1499.133	3.577
854.600	-1499.110	3.577
854.800	-1499.097	3.577
855.000	-1499.103	3.577
855.200	-1499.123	3.577
855.400	-1499.105	3.577
855.600	-1499.123	3.577
855.800	-1499.115	3.577
856.000	-1499.138	3.577
856.200	-1499.137	3.577
856.400	-1499.117	3.577
856.600	-1499.125	3.577
856.800	-1499.124	3.577
857.000	-1499.119	3.577
857.200	-1499.102	3.577
857.400	-1499.123	3.577
857.600	-1499.116	3.577
857.800	-1499.118	3.577
858.000	-1499.130	3.576
858.200	-1499.114	3.576
858.400	-1499.127	3.576
858.600	-1499.117	3.576
858.800	-1499.120	3.576
859.000	-1499.121	3.576
859.200	-1499.106	3.576
859.400	-1499.109	3.576
859.600	-1499.108	3.576
859.800	-1499.116	3.576
860.000	-1499.119	3.576
860.200	-1499.110	3.576
860.400	-1499.093	3.576
860.600	-1499.115	3.576
860.800	-1499.109	3.576
861.000	-1499.117	3.576
861.200	-1499.126	3.576
861.400	-1499.110	3.576
861.600	-1499.103	3.576
861.800	-1499.107	3.576
862.000	-1499.119	3.576
862.200	-1499.109	3.576
862.400	-1499.102	3.575
862.600	-1499.118	3.575
862.800	-1499.114	3.575
863.000	-1499.107	3.575
863.200	-1499.111	3.575
863.400	-1499.108	3.575
863.600	-1499.113	3.575
863.800	-1499.125	3.575
864.000	-1499.120	3.575
864.200	-1499.116	3.575
864.400	-1499.120	3.575
864.600	-1499.110	3.575
864.800	-1499.104	3.575
865.000	-1499.120	3.575
865.200	-1499.126	3.575
865.400	-1499.124	3.575
865.600	-1499.114	3.575
865.800	-1499.136	3.575
866.000	-1499.116	3.575
866.200	-1499.113	3.575
866.400	-1499.111	3.575
866.600	-1499.132	3.574
866.800	-1499.113	3.574
867.000	-1499.136	3.574
867.200	-1499.135	3.574
867.400	-1499.131	3.574
867.600	-1499.113	3.574
867.800	-1499.122	3.574
868.000	-1499.125	3.574
868.200	-1499.129	3.574
868.400	-1499.124	3.574
868.600	-1499.113	3.574
868.800	-1499.125	3.574
869.000	-1499.115	3.574
869.200	-1499.125	3.574
869.400	-1499.126	3.574
869.600	-1499.140	3.574
869.800	-1499.134	3.574
870.000	-1499.123	3.574
870.200	-1499.111	3.574
870.400	-1499.119	3.574
870.600	-1499.121	3.574
870.800	-1499.140	3.574
871.000	-1499.139	3.574
871.200	-1499.126	3.574
871.400	-1499.128	3.573
871.600	-1499.135	3.573
871.800	-1499.130	3.573
872.000	-1499.146	3.573
872.200	-1499.143	3.573
872.400	-1499.130	3.573
872.600	-1499.132	3.573
872.800	-1499.123	3.573
873.000	-1499.133	3.573
873.200	-1499.133	3.573
873.400	-1499.139	3.573
873.600	-1499.138	3.573
873.800	-1499.129	3.573
874.000	-1499.134	3.573
874.200	-1499.153	3.573
874.400	-1499.137	3.573
874.600	-1499.137	3.573
874.800	-1499.147	3.573
875.000	-1499.160	3.573
875.200	-1499.133	3.573
875.400	-1499.143	3.573
875.600	-1499.129	3.573
875.800	-1499.112	3.572
876.000	-1499.154	3.572
876.200	-1499.127	3.572
876.400	-1499.133	3.572
876.600	-1499.134	3.572
876.800	-1499.143	3.572
877.000	-1499.126	3.572
877.200	-1499.132	3.572
877.400	-1499.131	3.572
877.600	-1499.135	3.572
877.800	-1499.121	3.572
878.000	-1499.132	3.572
878.200	-1499.124	3.572
878.400	-1499.145	3.572
878.600	-1499.150	3.572
878.800	-1499.142	3.572
879.000	-1499.140	3.572
879.200	-1499.138	3.572
879.400	-1499.129	3.572
879.600	-1499.131	3.572
879.800	-1499.128	3.572
880.000	-1499.137	3.572
880.200	-1499.130	3.572
880.400	-1499.139	3.571
880.600	-1499.141	3.571
880.800	-1499.130	3.571
881.000	-1499.140	3.571
881.200	-1499.144	3.571
881.400	-1499.141	3.571
881.600	-1499.130	3.571
881.800	-1499.140	3.571
882.000	-1499.138	3.571
882.200	-1499.136	3.571
882.400	-1499.155	3.571
882.600	-1499.130	3.571
882.800	-1499.139	3.571
883.000	-1499.139	3.571
883.200	-1499.135	3.571
883.400	-1499.124	3.571
883.600	-1499.131	3.571
883.800	-1499.131	3.571
884.000	-1499.125	3.571
884.200	-1499.124	3.571
884.400	-1499.127	3.571
884.600	-1499.123	3.571
884.800	-1499.128	3.571
885.000	-1499.126	3.570
885.200	-1499.138	3.570
885.400	-1499.119	3.570
885.600	-1499.134	3.570
885.800	-1499.138	3.570
886.000	-1499.134	3.570
886.200	-1499.140	3.570
886.400	-1499.125	3.570
886.600	-1499.120	3.570
886.800	-1499.121	3.570
887.000	-1499.134	3.570
887.200	-1499.131	3.570
887.400	-1499.116	3.570
887.600	-1499.141	3.570
887.800	-1499.145	3.570
888.000	-1499.139	3.570
888.200	-1499.119	3.570
888.400	-1499.120	3.570
888.600	-1499.138	3.570
888.800	-1499.125	3.570
889.000	-1499.150	3.570
889.200	-1499.144	3.570
889.400	-1499.146	3.569
889.600	-1499.140	3.569
889.800	-1499.120	3.569
890.000	-1499.132	3.569
890.200	-1499.133	3.569
890.400	-1499.142	3.569
890.600	-1499.156	3.569
890.800	-1499.129	3.569
891.000	-1499.116	3.569
891.200	-1499.129	3.569
891.400	-1499.129	3.569
891.600	-1499.128	3.569
891.800	-1499.131	3.569
892.000	-1499.119	3.569
892.200	-1499.113	3.569
892.400	-1499.112	3.569
892.600	-1499.125	3.569
892.800	-1499.132	3.569
893.000	-1499.127	3.569
893.200	-1499.121	3.569
893.400	-1499.141	3.569
893.600	-1499.115	3.568
893.800	-1499.122	3.568
894.000	-1499.131	3.568
894.200	-1499.120	3.568
894.400	-1499.126	3.568
894.600	-1499.141	3.568
894.800	-1499.123	3.568
895.000	-1499.121	3.568
895.200	-1499.129	3.568
895.400	-1499.128	3.568
895.600	-1499.109	3.568
895.800	-1499.122	3.568
896.000	-1499.108	3.568
896.200	-1499.126	3.568
896.400	-1499.128	3.568
896.600	-1499.115	3.568
896.800	-1499.155	3.568
897.000	-1499.137	3.568
897.200	-1499.141	3.568
897.400	-1499.136	3.568
897.600	-1499.133	3.568
897.800	-1499.139	3.568
898.000	-1499.141	3.568
898.200	-1499.141	3.568
898.400	-1499.127	3.568
898.600	-1499.141	3.567
898.800	-1499.147	3.567
899.000	-1499.140	3.567
899.200	-1499.125	3.567
899.400	-1499.128	3.567
899.600	-1499.125	3.567
899.800	-1499.108	3.567
900.000	-1499.119	3.567
900.200	-1499.103	3.567
900.400	-1499.112	3.567
900.600	-1499.122	3.567
900.800	-1499.132	3.567
901.000	-1499.128	3.567
901.200	-1499.114	3.567
901.400	-1499.139	3.567
901.600	-1499.146	3.567
901.800	-1499.124	3.567
902.000	-1499.118	3.567
902.200	-1499.107	3.567
902.400	-1499.120	3.567
902.600	-1499.144	3.567
902.800	-1499.099	3.567
903.000	-1499.141	3.566
903.200	-1499.113	3.566
903.400	-1499.128	3.566
903.600	-1499.133	3.566
903.800	-1499.135	3.566
904.000	-1499.132	3.566
904.200	-1499.144	3.566
904.400	-1499.124	3.566
904.600	-1499.121	3.566
904.800	-1499.122	3.566
905.000	-1499.120	3.566
905.200	-1499.127	3.566
905.400	-1499.143	3.566
905.600	-1499.115	3.566
905.800	-1499.117	3.566
906.000	-1499.104	3.566
906.200	-1499.118	3.566
906.400	-1499.104	3.566
906.600	-1499.121	3.566
906.800	-1499.120	3.566
907.000	-1499.101	3.566
907.200	-1499.129	3.565
907.400	-1499.128	3.565
907.600	-1499.135	3.565
907.800	-1499.129	3.565
908.000	-1499.133	3.565
908.200	-1499.144	3.565
908.400	-1499.148	3.565
908.600	-1499.155	3.565
908.800	-1499.136	3.565
909.000	-1499.122	3.565
909.200	-1499.126	3.565
909.400	-1499.134	3.565
909.600	-1499.134	3.565
909.800	-1499.133	3.565
910.000	-1499.135	3.565
910.200	-1499.134	3.565
910.400	-1499.137	3.565
910.600	-1499.124	3.565
910.800	-1499.119	3.565
911.000	-1499.131	3.565
911.200	-1499.116	3.565
911.400	-1499.133	3.564
911.600	-1499.128	3.564
911.800	-1499.157	3.564
912.000	-1499.151	3.564
912.200	-1499.129	3.564
912.400	-1499.131	3.564
912.600	-1499.110	3.564
912.800	-1499.130	3.564
913.000	-1499.142	3.564
913.200	-1499.156	3.564
913.400	-1499.139	3.564
913.600	-1499.125	3.564
913.800	-1499.125	3.564
914.000	-1499.143	3.564
914.200	-1499.135	3.564
914.400	-1499.127	3.564
914.600	-1499.125	3.564
914.800	-1499.154	3.564
915.000	-1499.131	3.564
915.200	-1499.142	3.564
915.400	-1499.145	3.564
915.600	-1499.141	3.564
915.800	-1499.137	3.564
916.000	-1499.137	3.563
916.200	-1499.123	3.563
916.400	-1499.120	3.563
916.600	-1499.127	3.563
916.800	-1499.128	3.563
917.000	-1499.120	3.563
917.200	-1499.108	3.563
917.400	-1499.120	3.563
917.600	-1499.134	3.563
917.800	-1499.124	3.563
918.000	-1499.112	3.563
918.200	-1499.109	3.563
918.400	-1499.117	3.563
918.600	-1499.141	3.563
918.800	-1499.131	3.563
919.000	-1499.124	3.563
919.200	-1499.137	3.563
919.400	-1499.135	3.563
919.600	-1499.122	3.563
919.800	-1499.137	3.563
920.000	-1499.136	3.563
920.200	-1499.135	3.563
920.400	-1499.130	3.563
920.600	-1499.135	3.562
920.800	-1499.136	3.562
921.000	-1499.117	3.562
921.200	-1499.116	3.562
921.400	-1499.106	3.562
921.600	-1499.112	3.562
921.800	-1499.111	3.562
922.000	-1499.125	3.562
922.200	-1499.112	3.562
922.400	-1499.139	3.562
922.600	-1499.132	3.562
922.800	-1499.130	3.562
923.000	-1499.120	3.562
923.200	-1499.125	3.562
923.400	-1499.121	3.562
923.600	-1499.130	3.562
923.800	-1499.143	3.562
924.000	-1499.116	3.562
924.200	-1499.107	3.562
924.400	-1499.134	3.562
924.600	-1499.133	3.562
924.800	-1499.111	3.562
925.000	-1499.099	3.562
925.200	-1499.120	3.562
925.400	-1499.119	3.561
925.600	-1499.117	3.561
925.800	-1499.123	3.561
926.000	-1499.128	3.561
926.200	-1499.126	3.561
926.400	-1499.133	3.561
926.600	-1499.138	3.561
926.800	-1499.115	3.561
927.000	-1499.117	3.561
927.200	-1499.110	3.561
927.400	-1499.107	3.561
927.600	-1499.121	3.561
927.800	-1499.110	3.561
928.000	-1499.116	3.561
928.200	-1499.127	3.561
928.400	-1499.102	3.561
928.600	-1499.133	3.561
928.800	-1499.139	3.561
929.000	-1499.125	3.561
929.200	-1499.146	3.561
929.400	-1499.142	3.561
929.600	-1499.136	3.561
929.800	-1499.123	3.561
930.000	-1499.135	3.561
930.200	-1499.126	3.561
930.400	-1499.123	3.560
930.600	-1499.118	3.560
930.800	-1499.109	3.560
931.000	-1499.094	3.560
931.200	-1499.116	3.560
931.400	-1499.124	3.560
931.600	-1499.108	3.560
931.800	-1499.098	3.560
932.000	-1499.137	3.560
932.200	-1499.139	3.560
932.400	-1499.117	3.560
932.600	-1499.109	3.560
932.800	-1499.114	3.560
933.000	-1499.092	3.560
933.200	-1499.136	3.560
933.400	-1499.117	3.560
933.600	-1499.116	3.560
933.800	-1499.114	3.560
934.000	-1499.130	3.560
934.200	-1499.115	3.560
934.400	-1499.127	3.560
934.600	-1499.122	3.560
934.800	-1499.130	3.560
935.000	-1499.129	3.559
935.200	-1499.133	3.559
935.400	-1499.123	3.559
935.600	-1499.137	3.559
935.800	-1499.124	3.559
936.000	-1499.126	3.559
936.200	-1499.134	3.559
936.400	-1499.137	3.559
936.600	-1499.127	3.559
936.800	-1499.149	3.559
937.000	-1499.139	3.559
937.200	-1499.140	3.559
937.400	-1499.140	3.559
937.600	-1499.133	3.559
937.800	-1499.128	3.559
938.000	-1499.129	3.559
938.200	-1499.126	3.559
938.400	-1499.138	3.559
938.600	-1499.127	3.559
938.800	-1499.126	3.559
939.000	-1499.137	3.559
939.200	-1499.138	3.559
939.400	-1499.125	3.559
939.600	-1499.140	3.558
939.800	-1499.156	3.558
940.000	-1499.121	3.558
940.200	-1499.146	3.558
940.400	-1499.141	3.558
940.600	-1499.124	3.558
940.800	-1499.125	3.558
941.000	-1499.123	3.558
941.200	-1499.134	3.558
941.400	-1499.140	3.558
941.600	-1499.124	3.558
941.800	-1499.146	3.558
942.000	-1499.128	3.558
942.200	-1499.128	3.558
942.400	-1499.129	3.558
942.600	-1499.138	3.558
942.800	-1499.137	3.558
943.000	-1499.136	3.558
943.200	-1499.139	3.558
943.400	-1499.140	3.558
943.600	-1499.135	3.558
943.800	-1499.125	3.558
944.000	-1499.136	3.558
944.200	-1499.143	3.557
944.400	-1499.136	3.557
944.600	-1499.138	3.557
944.800	-1499.123	3.557
945.000	-1499.142	3.557
945.200	-1499.142	3.557
945.400	-1499.149	3.557
945.600	-1499.147	3.557
945.800	-1499.143	3.557
946.000	-1499.136	3.557
946.200	-1499.142	3.557
946.400	-1499.142	3.557
946.600	-1499.142	3.557
946.800	-1499.146	3.557
947.000	-1499.149	3.557
947.200	-1499.160	3.557
947.400	-1499.152	3.557
947.600	-1499.160	3.557
947.800	-1499.139	3.557
948.000	-1499.136	3.557
948.200	-1499.138	3.557
948.400	-1499.133	3.557
948.600	-1499.128	3.556
948.800	-1499.142	3.556
949.000	-1499.133	3.556
949.200	-1499.139	3.556
949.400	-1499.149	3.556
949.600	-1499.141	3.556
949.800	-1499.140	3.556
950.000	-1499.139	3.556
950.200	-1499.128	3.556
950.400	-1499.139	3.556
950.600	-1499.131	3.556
950.800	-1499.124	3.556
951.000	-1499.119	3.556
951.200	-1499.131	3.556
951.400	-1499.146	3.556
951.600	-1499.135	3.556
951.800	-1499.115	3.556
952.000	-1499.144	3.556
952.200	-1499.154	3.556
952.400	-1499.139	3.556
952.600	-1499.133	3.556
952.800	-1499.126	3.556
953.000	-1499.123	3.556
953.200	-1499.142	3.556
953.400	-1499.130	3.556
953.600	-1499.130	3.555
953.800	-1499.139	3.555
954.000	-1499.137	3.555
954.200	-1499.147	3.555
954.400	-1499.138	3.555
954.600	-1499.136	3.555
954.800	-1499.154	3.555
955.000	-1499.154	3.555
955.200	-1499.140	3.555
955.400	-1499.141	3.555
955.600	-1499.153	3.555
955.800	-1499.139	3.555
956.000	-1499.155	3.555
956.200	-1499.138	3.555
956.400	-1499.120	3.555
956.600	-1499.134	3.555
956.800	-1499.138	3.555
957.000	-1499.126	3.555
957.200	-1499.123	3.555
957.400	-1499.124	3.555
957.600	-1499.144	3.555
957.800	-1499.132	3.555
958.000	-1499.143	3.555
958.200	-1499.145	3.554
958.400	-1499.143	3.554
958.600	-1499.125	3.554
958.800	-1499.133	3.554
959.000	-1499.118	3.554
959.200	-1499.120	3.554
959.400	-1499.145	3.554
959.600	-1499.137	3.554
959.800	-1499.136	3.554
960.000	-1499.133	3.554
960.200	-1499.128	3.554
960.400	-1499.129	3.554
960.600	-1499.138	3.554
960.800	-1499.121	3.554
961.000	-1499.128	3.554
961.200	-1499.130	3.554
961.400	-1499.137	3.554
961.600	-1499.146	3.554
961.800	-1499.124	3.554
962.000	-1499.101	3.554
962.200	-1499.138	3.554
962.400	-1499.120	3.554
962.600	-1499.128	3.554
962.800	-1499.120	3.554
963.000	-1499.125	3.553
963.200	-1499.112	3.553
963.400	-1499.129	3.553
963.600	-1499.132	3.553
963.800	-1499.127	3.553
964.000	-1499.142	3.553
964.200	-1499.120	3.553
964.400	-1499.131	3.553
964.600	-1499.123	3.553
964.800	-1499.126	3.553
965.000	-1499.112	3.553
965.200	-1499.129	3.553
965.400	-1499.116	3.553
965.600	-1499.142	3.553
965.800	-1499.124	3.553
966.000	-1499.130	3.553
966.200	-1499.135	3.553
966.400	-1499.132	3.553
966.600	-1499.123	3.553
966.800	-1499.129	3.553
967.000	-1499.106	3.553
967.200	-1499.112	3.553
967.400	-1499.132	3.553
967.600	-1499.127	3.552
967.800	-1499.125	3.552
968.000	-1499.127	3.552
968.200	-1499.136	3.552
968.400	-1499.118	3.552
968.600	-1499.139	3.552
968.800	-1499.138	3.552
969.000	-1499.132	3.552
969.200	-1499.121	3.552
969.400	-1499.116	3.552
969.600	-1499.145	3.552
969.800	-1499.124	3.552
970.000	-1499.146	3.552
970.200	-1499.123	3.552
970.400	-1499.134	3.552
970.600	-1499.125	3.552
970.800	-1499.124	3.552
971.000	-1499.131	3.552
971.200	-1499.122	3.552
971.400	-1499.112	3.552
971.600	-1499.138	3.552
971.800	-1499.127	3.552
972.000	-1499.124	3.552
972.200	-1499.145	3.552
972.400	-1499.125	3.551
972.600	-1499.123	3.551
972.800	-1499.122	3.551
973.000	-1499.124	3.551
973.200	-1499.115	3.551
973.400	-1499.132	3.551
973.600	-1499.111	3.551
973.800	-1499.119	3.551
974.000	-1499.132	3.551
974.200	-1499.114	3.551
974.400	-1499.118	3.551
974.600	-1499.108	3.551
974.800	-1499.122	3.551
975.000	-1499.123	3.551
975.200	-1499.123	3.551
975.400	-1499.111	3.551
975.600	-1499.117	3.551
975.800	-1499.116	3.551
976.000	-1499.135	3.551
976.200	-1499.126	3.551
976.400	-1499.109	3.551
976.600	-1499.126	3.551
976.800	-1499.124	3.551
977.000	-1499.128	3.550
977.200	-1499.133	3.550
977.400	-1499.148	3.550
977.600	-1499.133	3.550
977.800	-1499.130	3.550
978.000	-1499.134	3.550
978.200	-1499.133	3.550
978.400	-1499.124	3.550
978.600	-1499.121	3.550
978.800	-1499.134	3.550
979.000	-1499.135	3.550
979.200	-1499.130	3.550
979.400	-1499.101	3.550
979.600	-1499.125	3.550
979.800	-1499.131	3.550
980.000	-1499.110	3.550
980.200	-1499.122	3.550
980.400	-1499.130	3.550
980.600	-1499.125	3.550
980.800	-1499.116	3.550
981.000	-1499.127	3.550
981.200	-1499.110	3.550
981.400	-1499.134	3.550
981.600	-1499.106	3.550
981.800	-1499.102	3.550
982.000	-1499.108	3.549
982.200	-1499.105	3.549
982.400	-1499.120	3.549
982.600	-1499.123	3.549
982.800	-1499.113	3.549
983.000	-1499.126	3.549
983.200	-1499.100	3.549
983.400	-1499.101	3.549
983.600	-1499.113	3.549
983.800	-1499.122	3.549
984.000	-1499.127	3.549
984.200	-1499.113	3.549
984.400	-1499.124	3.549
984.600	-1499.132	3.549
984.800	-1499.126	3.549
985.000	-1499.116	3.549
985.200	-1499.123	3.549
985.400	-1499.135	3.549
985.600	-1499.124	3.549
985.800	-1499.114	3.549
986.000	-1499.129	3.549
986.200	-1499.125	3.549
986.400	-1499.131	3.549
986.600	-1499.127	3.549
986.800	-1499.125	3.548
987.000	-1499.110	3.549
987.200	-1499.097	3.548
987.400	-1499.110	3.548
987.600	-1499.119	3.548
987.800	-1499.103	3.548
988.000	-1499.120	3.548
988.200	-1499.119	3.548
988.400	-1499.118	3.548
988.600	-1499.123	3.548
988.800	-1499.112	3.548
989.000	-1499.113	3.548
989.200	-1499.099	3.548
989.400	-1499.114	3.548
989.600	-1499.110	3.548
989.800	-1499.118	3.548
990.000	-1499.116	3.548
990.200	-1499.110	3.548
990.400	-1499.115	3.548
990.600	-1499.095	3.548
990.800	-1499.099	3.548
991.000	-1499.118	3.548
991.200	-1499.116	3.548
991.400	-1499.112	3.548
991.600	-1499.101	3.548
991.800	-1499.124	3.547
992.000	-1499.127	3.547
992.200	-1499.126	3.547
992.400	-1499.136	3.547
992.600	-1499.113	3.547
992.800	-1499.107	3.547
993.000	-1499.110	3.547
993.200	-1499.124	3.547
993.400	-1499.108	3.547
993.600	-1499.124	3.547
993.800	-1499.121	3.547
994.000	-1499.131	3.547
994.200	-1499.119	3.547
994.400	-1499.119	3.547
994.600	-1499.130	3.547
994.800	-1499.114	3.547
995.000	-1499.112	3.547
995.200	-1499.134	3.547
995.400	-1499.120	3.547
995.600	-1499.138	3.547
995.800	-1499.127	3.547
996.000	-1499.119	3.547
996.200	-1499.137	3.547
996.400	-1499.144	3.547
996.600	-1499.127	3.547
996.800	-1499.135	3.547
997.000	-1499.115	3.546
997.200	-1499.112	3.546
997.400	-1499.134	3.546
997.600	-1499.140	3.546
997.800	-1499.119	3.546
998.000	-1499.113	3.546
998.200	-1499.138	3.546
998.400	-1499.129	3.546
998.600	-1499.130	3.546
998.800	-1499.141	3.546
999.000	-1499.119	3.546
999.200	-1499.131	3.546
999.400	-1499.134	3.546
999.600	-1499.127	3.546
999.800	-1499.121	3.546
1000.000	-1499.140	3.546
1000.200	-1499.123	3.546
1000.400	-1499.123	3.546
1000.600	-1499.129	3.546
1000.800	-1499.118	3.546
1001.000	-1499.124	3.546
1001.200	-1499.123	3.546
1001.400	-1499.123	3.546
1001.600	-1499.113	3.546
1001.800	-1499.139	3.545
1002.000	-1499.133	3.545
1002.200	-1499.135	3.545
1002.400	-1499.121	3.545
1002.600	-1499.119	3.545
1002.800	-1499.141	3.545
1003.000	-1499.126	3.545
1003.200	-1499.118	3.545
1003.400	-1499.132	3.545
1003.600	-1499.125	3.545
1003.800	-1499.110	3.545
1004.000	-1499.125	3.545
1004.200	-1499.139	3.545
1004.400	-1499.136	3.545
1004.600	-1499.118	3.545
1004.800	-1499.122	3.545
1005.000	-1499.118	3.545
1005.200	-1499.120	3.545
1005.400	-1499.111	3.545
1005.600	-1499.118	3.545
1005.800	-1499.107	3.545
1006.000	-1499.101	3.545
1006.200	-1499.135	3.545
1006.400	-1499.100	3.545
1006.600	-1499.110	3.544
1006.800	-1499.101	3.544
1007.000	-1499.116	3.544
1007.200	-1499.100	3.544
1007.400	-1499.109	3.544
1007.600	-1499.114	3.544
1007.800	-1499.127	3.544
1008.000	-1499.122	3.544
1008.200	-1499.121	3.544
1008.400	-1499.120	3.544
1008.600	-1499.119	3.544
1008.800	-1499.110	3.544
1009.000	-1499.107	3.544
1009.200	-1499.114	3.544
1009.400	-1499.115	3.544
1009.600	-1499.122	3.544
1009.800	-1499.110	3.544
1010.000	-1499.128	3.544
1010.200	-1499.129	3.544
1010.400	-1499.110	3.544
1010.600	-1499.120	3.544
1010.800	-1499.132	3.544
1011.000	-1499.121	3.544
1011.200	-1499.117	3.544
1011.400	-1499.131	3.544
1011.600	-1499.124	3.544
1011.800	-1499.127	3.543
1012.000	-1499.131	3.543
1012.200	-1499.108	3.543
1012.400	-1499.116	3.543
1012.600	-1499.126	3.543
1012.800	-1499.114	3.543
1013.000	-1499.128	3.543
1013.200	-1499.121	3.543
1013.400	-1499.108	3.543
1013.600	-1499.117	3.543
1013.800	-1499.120	3.543
1014.000	-1499.135	3.543
1014.200	-1499.098	3.543
1014.400	-1499.136	3.543
1014.600	-1499.127	3.543
1014.800	-1499.121	3.543
1015.000	-1499.136	3.543
1015.200	-1499.123	3.543
1015.400	-1499.112	3.543
1015.600	-1499.125	3.543
1015.800	-1499.132	3.543
1016.000	-1499.141	3.543
1016.200	-1499.130	3.543
1016.400	-1499.135	3.543
1016.600	-1499.137	3.543
1016.800	-1499.132	3.542
1017.000	-1499.133	3.542
1017.200	-1499.156	3.542
1017.400	-1499.126	3.542
1017.600	-1499.136	3.542
1017.800	-1499.136	3.542
1018.000	-1499.117	3.542
1018.200	-1499.130	3.542
1018.400	-1499.125	3.542
1018.600	-1499.120	3.542
1018.800	-1499.121	3.542
1019.000	-1499.126	3.542
1019.200	-1499.114	3.542
1019.400	-1499.122	3.542
1019.600	-1499.119	3.542
1019.800	-1499.091	3.542
1020.000	-1499.132	3.542
1020.200	-1499.129	3.542
1020.400	-1499.148	3.542
1020.600	-1499.120	3.542
1020.800	-1499.139	3.542
1021.000	-1499.121	3.542
1021.200	-1499.119	3.542
1021.400	-1499.124	3.542
1021.600	-1499.113	3.542
1021.800	-1499.134	3.541
1022.000	-1499.120	3.541
1022.200	-1499.122	3.541
1022.400	-1499.132	3.541
1022.600	-1499.127	3.541
1022.800	-1499.127	3.541
1023.000	-1499.124	3.541
1023.200	-1499.142	3.541
1023.400	-1499.122	3.541
1023.600	-1499.141	3.541
1023.800	-1499.105	3.541
1024.000	-1499.119	3.541
1024.200	-1499.124	3.541
1024.400	-1499.131	3.541
1024.600	-1499.125	3.541
1024.800	-1499.119	3.541
1025.000	-1499.115	3.541
1025.200	-1499.099	3.541
1025.400	-1499.111	3.541
1025.600	-1499.125	3.541
1025.800	-1499.133	3.541
1026.000	-1499.119	3.541
1026.200	-1499.130	3.541
1026.400	-1499.125	3.541
1026.600	-1499.129	3.541
1026.800	-1499.127	3.541
1027.000	-1499.125	3.541
1027.200	-1499.120	3.540
1027.400	-1499.129	3.540
1027.600	-1499.136	3.540
1027.800	-1499.135	3.540
1028.000	-1499.141	3.540
1028.200	-1499.131	3.540
1028.400	-1499.138	3.540
1028.600	-1499.121	3.540
1028.800	-1499.143	3.540
1029.000	-1499.119	3.540
1029.200	-1499.137	3.540
1029.400	-1499.124	3.540
1029.600	-1499.107	3.540
1029.800	-1499.116	3.540
1030.000	-1499.131	3.540
1030.200	-1499.117	3.540
1030.400	-1499.134	3.540
1030.600	-1499.123	3.540
1030.800	-1499.129	3.540
1031.000	-1499.136	3.540
1031.200	-1499.129	3.540
1031.400	-1499.114	3.540
1031.600	-1499.121	3.540
1031.800	-1499.122	3.540
1032.000	-1499.144	3.540
1032.200	-1499.146	3.539
1032.400	-1499.141	3.539
1032.600	-1499.126	3.539
1032.800	-1499.107	3.539
1033.000	-1499.118	3.539
1033.200	-1499.120	3.539
1033.400	-1499.125	3.539
1033.600	-1499.131	3.539
1033.800	-1499.141	3.539
1034.000	-1499.137	3.539
1034.200	-1499.124	3.539
1034.400	-1499.121	3.539
1034.600	-1499.133	3.539
1034.800	-1499.141	3.539
1035.000	-1499.156	3.539
1035.200	-1499.147	3.539
1035.400	-1499.147	3.539
1035.600	-1499.146	3.539
1035.800	-1499.144	3.539
1036.000	-1499.121	3.539
1036.200	-1499.148	3.539
1036.400	-1499.134	3.539
1036.600	-1499.137	3.539
1036.800	-1499.123	3.539
1037.000	-1499.129	3.539
1037.200	-1499.141	3.538
1037.400	-1499.128	3.538
1037.600	-1499.140	3.538
1037.800	-1499.126	3.538
1038.000	-1499.124	3.538
1038.200	-1499.132	3.538
1038.400	-1499.133	3.538
1038.600	-1499.126	3.538
1038.800	-1499.143	3.538
1039.000	-1499.148	3.538
1039.200	-1499.124	3.538
1039.400	-1499.141	3.538
1039.600	-1499.135	3.538
1039.800	-1499.140	3.538
1040.000	-1499.147	3.538
1040.200	-1499.151	3.538
1040.400	-1499.140	3.538
1040.600	-1499.153	3.538
1040.800	-1499.128	3.538
1041.000	-1499.141	3.538
1041.200	-1499.136	3.538
1041.400	-1499.137	3.538
1041.600	-1499.124	3.538
1041.800	-1499.134	3.538
1042.000	-1499.132	3.538
1042.200	-1499.144	3.538
1042.400	-1499.125	3.538
1042.600	-1499.127	3.538
1042.800	-1499.135	3.537
1043.000	-1499.132	3.537
1043.200	-1499.132	3.537
1043.400	-1499.136	3.537
1043.600	-1499.140	3.537
1043.800	-1499.135	3.537
1044.000	-1499.139	3.537
1044.200	-1499.130	3.537
1044.400	-1499.122	3.537
1044.600	-1499.121	3.537
1044.800	-1499.132	3.537
1045.000	-1499.127	3.537
1045.200	-1499.121	3.537
1045.400	-1499.123	3.537
1045.600	-1499.135	3.537
1045.800	-1499.137	3.537
1046.000	-1499.131	3.537
1046.200	-1499.133	3.537
1046.400	-1499.138	3.537
1046.600	-1499.127	3.537
1046.800	-1499.130	3.537
1047.000	-1499.139	3.537
1047.200	-1499.135	3.537
1047.400	-1499.131	3.537
1047.600	-1499.142	3.537
1047.800	-1499.149	3.537
1048.000	-1499.132	3.537
1048.200	-1499.135	3.537
1048.400	-1499.149	3.537
1048.600	-1499.141	3.536
1048.800	-1499.146	3.536
1049.000	-1499.143	3.536
1049.200	-1499.149	3.536
1049.400	-1499.143	3.536
1049.600	-1499.127	3.536
1049.800	-1499.137	3.536
1050.000	-1499.140	3.536
1050.200	-1499.125	3.536
1050.400	-1499.136	3.536
1050.600	-1499.136	3.536
1050.800	-1499.131	3.536
1051.000	-1499.150	3.536
1051.200	-1499.143	3.536
1051.400	-1499.138	3.536
1051.600	-1499.124	3.536
1051.800	-1499.133	3.536
1052.000	-1499.145	3.536
1052.200	-1499.145	3.536
1052.400	-1499.159	3.536
1052.600	-1499.143	3.536
1052.800	-1499.153	3.536
1053.000	-1499.136	3.536
1053.200	-1499.144	3.536
1053.400	-1499.136	3.536
1053.600	-1499.142	3.536
1053.800	-1499.134	3.536
1054.000	-1499.137	3.535
1054.200	-1499.132	3.535
1054.400	-1499.125	3.535
1054.600	-1499.137	3.535
1054.800	-1499.136	3.535
1055.000	-1499.145	3.535
1055.200	-1499.151	3.535
1055.400	-1499.143	3.535
1055.600	-1499.122	3.535
1055.800	-1499.137	3.535
1056.000	-1499.136	3.535
1056.200	-1499.132	3.535
1056.400	-1499.141	3.535
1056.600	-1499.136	3.535
1056.800	-1499.135	3.535
1057.000	-1499.125	3.535
1057.200	-1499.121	3.535
1057.400	-1499.126	3.535
1057.600	-1499.128	3.535
1057.800	-1499.132	3.535
1058.000	-1499.126	3.535
1058.200	-1499.133	3.535
1058.400	-1499.125	3.535
1058.600	-1499.130	3.535
1058.800	-1499.113	3.535
1059.000	-1499.139	3.535
1059.200	-1499.141	3.535
1059.400	-1499.127	3.534
1059.600	-1499.145	3.534
1059.800	-1499.135	3.534
1060.000	-1499.138	3.534
1060.200	-1499.148	3.534
1060.400	-1499.136	3.534
1060.600	-1499.140	3.534
1060.800	-1499.132	3.534
1061.000	-1499.121	3.534
1061.200	-1499.131	3.534
1061.400	-1499.125	3.534
1061.600	-1499.127	3.534
1061.800	-1499.138	3.534
1062.000	-1499.127	3.534
1062.200	-1499.137	3.534
1062.400	-1499.147	3.534
1062.600	-1499.135	3.534
1062.800	-1499.131	3.534
1063.000	-1499.153	3.534
1063.200	-1499.155	3.534
1063.400	-1499.146	3.534
1063.600	-1499.128	3.534
1063.800	-1499.127	3.534
1064.000	-1499.137	3.534
1064.200	-1499.137	3.534
1064.400	-1499.113	3.534
1064.600	-1499.138	3.534
1064.800	-1499.123	3.533
1065.000	-1499.137	3.533
1065.200	-1499.126	3.533
1065.400	-1499.125	3.533
1065.600	-1499.122	3.533
1065.800	-1499.125	3.533
1066.000	-1499.123	3.533
1066.200	-1499.145	3.533
1066.400	-1499.141	3.533
1066.600	-1499.152	3.533
1066.800	-1499.157	3.533
1067.000	-1499.143	3.533
1067.200	-1499.142	3.533
1067.400	-1499.139	3.533
1067.600	-1499.143	3.533
1067.800	-1499.125	3.533
1068.000	-1499.144	3.533
1068.200	-1499.158	3.533
1068.400	-1499.147	3.533
1068.600	-1499.138	3.533
1068.800	-1499.138	3.533
1069.000	-1499.132	3.533
1069.200	-1499.131	3.533
1069.400	-1499.135	3.533
1069.600	-1499.133	3.533
1069.800	-1499.121	3.533
1070.000	-1499.139	3.533
1070.200	-1499.133	3.532
1070.400	-1499.131	3.532
1070.600	-1499.117	3.532
1070.800	-1499.150	3.532
1071.000	-1499.150	3.532
1071.200	-1499.142	3.532
1071.400	-1499.141	3.532
1071.600	-1499.138	3.532
1071.800	-1499.119	3.532
1072.000	-1499.137	3.532
1072.200	-1499.133	3.532
1072.400	-1499.130	3.532
1072.600	-1499.138	3.532
1072.800	-1499.152	3.532
1073.000	-1499.151	3.532
1073.200	-1499.151	3.532
1073.400	-1499.134	3.532
1073.600	-1499.124	3.532
1073.800	-1499.120	3.532
1074.000	-1499.124	3.532
1074.200	-1499.129	3.532
1074.400	-1499.141	3.532
1074.600	-1499.127	3.532
1074.800	-1499.138	3.532
1075.000	-1499.127	3.532
1075.200	-1499.116	3.532
1075.400	-1499.131	3.532
1075.600	-1499.103	3.532
1075.800	-1499.113	3.532
1076.000	-1499.129	3.531
1076.200	-1499.137	3.531
1076.400	-1499.138	3.531
1076.600	-1499.145	3.531
1076.800	-1499.137	3.531
1077.000	-1499.134	3.531
1077.200	-1499.143	3.531
1077.400	-1499.143	3.531
1077.600	-1499.137	3.531
1077.800	-1499.142	3.531
1078.000	-1499.142	3.531
1078.200	-1499.125	3.531
1078.400	-1499.152	3.531
1078.600	-1499.145	3.531
1078.800	-1499.140	3.531
1079.000	-1499.161	3.531
1079.200	-1499.143	3.531
1079.400	-1499.147	3.531
1079.600	-1499.155	3.531
1079.800	-1499.154	3.531
1080.000	-1499.147	3.531
1080.200	-1499.120	3.531
1080.400	-1499.144	3.531
1080.600	-1499.145	3.531
1080.800	-1499.139	3.531
1081.000	-1499.146	3.531
1081.200	-1499.136	3.530
1081.400	-1499.132	3.530
1081.600	-1499.138	3.530
1081.800	-1499.133	3.530
1082.000	-1499.122	3.530
1082.200	-1499.138	3.530
1082.400	-1499.137	3.530
1082.600	-1499.126	3.530
1082.800	-1499.135	3.530
1083.000	-1499.141	3.530
1083.200	-1499.139	3.530
1083.400	-1499.139	3.530
1083.600	-1499.124	3.530
1083.800	-1499.134	3.530
1084.000	-1499.133	3.530
1084.200	-1499.133	3.530
1084.400	-1499.130	3.530
1084.600	-1499.147	3.530
1084.800	-1499.128	3.530
1085.000	-1499.129	3.530
1085.200	-1499.114	3.530
1085.400	-1499.110	3.530
1085.600	-1499.122	3.530
1085.800	-1499.139	3.530
1086.000	-1499.128	3.530
1086.200	-1499.144	3.530
1086.400	-1499.126	3.530
1086.600	-1499.142	3.529
1086.800	-1499.152	3.529
1087.000	-1499.119	3.529
1087.200	-1499.119	3.529
1087.400	-1499.138	3.529
1087.600	-1499.129	3.529
1087.800	-1499.139	3.529
1088.000	-1499.123	3.529
1088.200	-1499.130	3.529
1088.400	-1499.121	3.529
1088.600	-1499.132	3.529
1088.800	-1499.116	3.529
1089.000	-1499.117	3.529
1089.200	-1499.131	3.529
1089.400	-1499.123	3.529
1089.600	-1499.120	3.529
1089.800	-1499.128	3.529
1090.000	-1499.132	3.529
1090.200	-1499.117	3.529
1090.400	-1499.118	3.529
1090.600	-1499.120	3.529
1090.800	-1499.115	3.529
1091.000	-1499.120	3.529
1091.200	-1499.122	3.529
1091.400	-1499.138	3.529
1091.600	-1499.142	3.529
1091.800	-1499.121	3.529
1092.000	-1499.129	3.529
1092.200	-1499.126	3.529
1092.400	-1499.149	3.528
1092.600	-1499.125	3.528
1092.800	-1499.130	3.528
1093.000	-1499.130	3.528
1093.200	-1499.127	3.528
1093.400	-1499.124	3.528
1093.600	-1499.126	3.528
1093.800	-1499.111	3.528
1094.000	-1499.125	3.528
1094.200	-1499.133	3.528
1094.400	-1499.135	3.528
1094.600	-1499.123	3.528
1094.800	-1499.128	3.528
1095.000	-1499.126	3.528
1095.200	-1499.141	3.528
1095.400	-1499.114	3.528
1095.600	-1499.150	3.528
1095.800	-1499.152	3.528
1096.000	-1499.145	3.528
1096.200	-1499.143	3.528
1096.400	-1499.139	3.528
1096.600	-1499.139	3.528
1096.800	-1499.149	3.528
1097.000	-1499.138	3.528
1097.200	-1499.141	3.528
1097.400	-1499.131	3.528
1097.600	-1499.155	3.528
1097.800	-1499.148	3.528
1098.000	-1499.148	3.527
1098.200	-1499.141	3.527
1098.400	-1499.156	3.527
1098.600	-1499.154	3.527
1098.800	-1499.151	3.527
1099.000	-1499.152	3.527
1099.200	-1499.154	3.527
1099.400	-1499.154	3.527
1099.600	-1499.156	3.527
1099.800	-1499.159	3.527
1100.000	-1499.155	3.527
1100.200	-1499.154	3.527
1100.400	-1499.146	3.527
1100.600	-1499.157	3.527
1100.800	-1499.147	3.527
1101.000	-1499.162	3.527
1101.200	-1499.155	3.527
1101.400	-1499.158	3.527
1101.600	-1499.154	3.527
1101.800	-1499.161	3.527
1102.000	-1499.136	3.527
1102.200	-1499.133	3.527
1102.400	-1499.147	3.527
1102.600	-1499.155	3.527
1102.800	-1499.134	3.527
1103.000	-1499.147	3.527
1103.200	-1499.161	3.526
1103.400	-1499.160	3.526
1103.600	-1499.152	3.526
1103.800	-1499.164	3.526
1104.000	-1499.160	3.526
1104.200	-1499.134	3.526
1104.400	-1499.146	3.526
1104.600	-1499.136	3.526
1104.800	-1499.149	3.526
1105.000	-1499.139	3.526
1105.200	-1499.142	3.526
1105.400	-1499.136	3.526
1105.600	-1499.130	3.526
1105.800	-1499.128	3.526
1106.000	-1499.140	3.526
1106.200	-1499.120	3.526
1106.400	-1499.130	3.526
1106.600	-1499.148	3.526
1106.800	-1499.139	3.526
1107.000	-1499.139	3.526
1107.200	-1499.141	3.526
1107.400	-1499.143	3.526
1107.600	-1499.139	3.526
1107.800	-1499.143	3.526
1108.000	-1499.136	3.526
1108.200	-1499.136	3.526
1108.400	-1499.140	3.526
1108.600	-1499.140	3.526
1108.800	-1499.134	3.526
1109.000	-1499.141	3.526
1109.200	-1499.136	3.525
1109.400	-1499.129	3.525
1109.600	-1499.146	3.525
1109.800	-1499.134	3.525
1110.000	-1499.152	3.525
1110.200	-1499.137	3.525
1110.400	-1499.143	3.525
1110.600	-1499.144	3.525
1110.800	-1499.135	3.525
1111.000	-1499.135	3.525
1111.200	-1499.139	3.525
1111.400	-1499.137	3.525
1111.600	-1499.142	3.525
1111.800	-1499.141	3.525
1112.000	-1499.137	3.525
1112.200	-1499.131	3.525
1112.400	-1499.138	3.525
1112.600	-1499.125	3.525
1112.800	-1499.139	3.525
1113.000	-1499.135	3.525
1113.200	-1499.166	3.525
1113.400	-1499.162	3.525
1113.600	-1499.162	3.525
1113.800	-1499.169	3.525
1114.000	-1499.160	3.525
1114.200	-1499.159	3.525
1114.400	-1499.153	3.525
1114.600	-1499.158	3.525
1114.800	-1499.161	3.525
1115.000	-1499.155	3.525
1115.200	-1499.155	3.524
1115.400	-1499.134	3.524
1115.600	-1499.163	3.524
1115.800	-1499.138	3.524
1116.000	-1499.137	3.524
1116.200	-1499.135	3.524
1116.400	-1499.148	3.524
1116.600	-1499.150	3.524
1116.800	-1499.153	3.524
1117.000	-1499.148	3.524
1117.200	-1499.144	3.524
1117.400	-1499.133	3.524
1117.600	-1499.156	3.524
1117.800	-1499.128	3.524
1118.000	-1499.151	3.524
1118.200	-1499.132	3.524
1118.400	-1499.146	3.524
1118.600	-1499.156	3.524
1118.800	-1499.148	3.524
1119.000	-1499.130	3.524
1119.200	-1499.130	3.524
1119.400	-1499.139	3.524
1119.600	-1499.128	3.524
1119.800	-1499.125	3.524
1120.000	-1499.123	3.524
1120.200	-1499.148	3.524
1120.400	-1499.135	3.524
1120.600	-1499.137	3.524
1120.800	-1499.130	3.524
1121.000	-1499.125	3.524
1121.200	-1499.144	3.523
1121.400	-1499.128	3.523
1121.600	-1499.130	3.523
1121.800	-1499.130	3.523
1122.000	-1499.124	3.523
1122.200	-1499.149	3.523
1122.400	-1499.127	3.523
1122.600	-1499.149	3.523
1122.800	-1499.134	3.523
1123.000	-1499.129	3.523
1123.200	-1499.143	3.523
1123.400	-1499.142	3.523
1123.600	-1499.146	3.523
1123.800	-1499.156	3.523
1124.000	-1499.160	3.523
1124.200	-1499.149	3.523
1124.400	-1499.140	3.523
1124.600	-1499.147	3.523
1124.800	-1499.151	3.523
1125.000	-1499.154	3.523
1125.200	-1499.141	3.523
1125.400	-1499.129	3.523
1125.600	-1499.139	3.523
1125.800	-1499.131	3.523
1126.000	-1499.122	3.523
1126.200	-1499.133	3.523
1126.400	-1499.141	3.523
1126.600	-1499.134	3.523
1126.800	-1499.131	3.523
1127.000	-1499.138	3.522
1127.200	-1499.140	3.522
1127.400	-1499.137	3.522
1127.600	-1499.141	3.522
1127.800	-1499.159	3.522
1128.000	-1499.150	3.522
1128.200	-1499.149	3.522
1128.400	-1499.153	3.522
1128.600	-1499.160	3.522
1128.800	-1499.149	3.522
1129.000	-1499.154	3.522
1129.200	-1499.126	3.522
1129.400	-1499.124	3.522
1129.600	-1499.151	3.522
1129.800	-1499.147	3.522
1130.000	-1499.137	3.522
1130.200	-1499.145	3.522
1130.400	-1499.118	3.522
1130.600	-1499.129	3.522
1130.800	-1499.140	3.522
1131.000	-1499.150	3.522
1131.200	-1499.154	3.522
1131.400	-1499.135	3.522
1131.600	-1499.130	3.522
1131.800	-1499.156	3.522
1132.000	-1499.137	3.522
1132.200	-1499.151	3.522
1132.400	-1499.165	3.522
1132.600	-1499.143	3.522
1132.800	-1499.144	3.521
1133.000	-1499.142	3.521
1133.200	-1499.157	3.521
1133.400	-1499.142	3.521
1133.600	-1499.131	3.521
1133.800	-1499.138	3.521
1134.000	-1499.143	3.521
1134.200	-1499.143	3.521
1134.400	-1499.157	3.521
1134.600	-1499.152	3.521
1134.800	-1499.153	3.521
1135.000	-1499.130	3.521
1135.200	-1499.149	3.521
1135.400	-1499.143	3.521
1135.600	-1499.148	3.521
1135.800	-1499.143	3.521
1136.000	-1499.146	3.521
1136.200	-1499.136	3.521
1136.400	-1499.137	3.521
1136.600	-1499.129	3.521
1136.800	-1499.128	3.521
1137.000	-1499.126	3.521
1137.200	-1499.158	3.521
1137.400	-1499.155	3.521
1137.600	-1499.141	3.521
1137.800	-1499.124	3.521
1138.000	-1499.131	3.521
1138.200	-1499.152	3.521
1138.400	-1499.143	3.521
1138.600	-1499.133	3.521
1138.800	-1499.144	3.520
1139.000	-1499.142	3.520
1139.200	-1499.139	3.520
1139.400	-1499.152	3.520
1139.600	-1499.124	3.520
1139.800	-1499.126	3.520
1140.000	-1499.125	3.520
1140.200	-1499.125	3.520
1140.400	-1499.122	3.520
1140.600	-1499.107	3.520
1140.800	-1499.144	3.520
1141.000	-1499.143	3.520
1141.200	-1499.128	3.520
1141.400	-1499.140	3.520
1141.600	-1499.130	3.520
1141.800	-1499.138	3.520
1142.000	-1499.128	3.520
1142.200	-1499.132	3.520
1142.400	-1499.131	3.520
1142.600	-1499.151	3.520
1142.800	-1499.130	3.520
1143.000	-1499.130	3.520
1143.200	-1499.133	3.520
1143.400	-1499.142	3.520
1143.600	-1499.144	3.520
1143.800	-1499.139	3.520
1144.000	-1499.137	3.520
1144.200	-1499.128	3.520
1144.400	-1499.143	3.520
1144.600	-1499.146	3.519
1144.800	-1499.141	3.519
1145.000	-1499.150	3.519
1145.200	-1499.145	3.519
1145.400	-1499.143	3.519
1145.600	-1499.132	3.519
1145.800	-1499.134	3.519
1146.000	-1499.132	3.519
1146.200	-1499.139	3.519
1146.400	-1499.135	3.519
1146.600	-1499.125	3.519
1146.800	-1499.122	3.519
1147.000	-1499.146	3.519
1147.200	-1499.142	3.519
1147.400	-1499.135	3.519
1147.600	-1499.142	3.519
1147.800	-1499.152	3.519
1148.000	-1499.119	3.519
1148.200	-1499.119	3.519
1148.400	-1499.131	3.519
1148.600	-1499.128	3.519
1148.800	-1499.144	3.519
1149.000	-1499.138	3.519
1149.200	-1499.132	3.519
1149.400	-1499.144	3.519
1149.600	-1499.131	3.519
1149.800	-1499.139	3.519
1150.000	-1499.138	3.519
1150.200	-1499.142	3.519
1150.400	-1499.152	3.519
1150.600	-1499.149	3.519
1150.800	-1499.146	3.518
1151.000	-1499.141	3.518
1151.200	-1499.141	3.518
1151.400	-1499.137	3.518
1151.600	-1499.131	3.518
1151.800	-1499.138	3.518
1152.000	-1499.135	3.518
1152.200	-1499.135	3.518
1152.400	-1499.149	3.518
1152.600	-1499.140	3.518
1152.800	-1499.150	3.518
1153.000	-1499.139	3.518
1153.200	-1499.134	3.518
1153.400	-1499.130	3.518
1153.600	-1499.146	3.518
1153.800	-1499.142	3.518
1154.000	-1499.129	3.518
1154.200	-1499.128	3.518
1154.400	-1499.131	3.518
1154.600	-1499.139	3.518
1154.800	-1499.133	3.518
1155.000	-1499.136	3.518
1155.200	-1499.128	3.518
1155.400	-1499.127	3.518
1155.600	-1499.138	3.518
1155.800	-1499.122	3.518
1156.000	-1499.139	3.518
1156.200	-1499.143	3.518
1156.400	-1499.133	3.518
1156.600	-1499.137	3.518
1156.800	-1499.135	3.517
1157.000	-1499.131	3.517
1157.200	-1499.134	3.517
1157.400	-1499.136	3.517
1157.600	-1499.149	3.517
1157.800	-1499.137	3.517
1158.000	-1499.136	3.517
1158.200	-1499.131	3.517
1158.400	-1499.144	3.517
1158.600	-1499.127	3.517
1158.800	-1499.131	3.517
1159.000	-1499.119	3.517
1159.200	-1499.121	3.517
1159.400	-1499.128	3.517
1159.600	-1499.139	3.517
1159.800	-1499.137	3.517
1160.000	-1499.137	3.517
1160.200	-1499.145	3.517
1160.400	-1499.129	3.517
1160.600	-1499.142	3.517
1160.800	-1499.129	3.517
1161.000	-1499.138	3.517
1161.200	-1499.135	3.517
1161.400	-1499.127	3.517
1161.600	-1499.138	3.517
1161.800	-1499.143	3.517
1162.000	-1499.132	3.517
1162.200	-1499.149	3.517
1162.400	-1499.132	3.517
1162.600	-1499.130	3.517
1162.800	-1499.123	3.517
1163.000	-1499.115	3.517
1163.200	-1499.143	3.516
1163.400	-1499.133	3.516
1163.600	-1499.139	3.516
1163.800	-1499.146	3.516
1164.000	-1499.128	3.516
1164.200	-1499.133	3.516
1164.400	-1499.121	3.516
1164.600	-1499.128	3.516
1164.800	-1499.128	3.516
1165.000	-1499.146	3.516
1165.200	-1499.130	3.516
1165.400	-1499.149	3.516
1165.600	-1499.114	3.516
1165.800	-1499.129	3.516
1166.000	-1499.137	3.516
1166.200	-1499.141	3.516
1166.400	-1499.122	3.516
1166.600	-1499.126	3.516
1166.800	-1499.136	3.516
1167.000	-1499.137	3.516
1167.200	-1499.147	3.516
1167.400	-1499.149	3.516
1167.600	-1499.152	3.516
1167.800	-1499.157	3.516
1168.000	-1499.141	3.516
1168.200	-1499.152	3.516
1168.400	-1499.136	3.516
1168.600	-1499.138	3.516
1168.800	-1499.127	3.516
1169.000	-1499.145	3.516
1169.200	-1499.138	3.515
1169.400	-1499.148	3.515
1169.600	-1499.144	3.515
1169.800	-1499.134	3.515
1170.000	-1499.133	3.515
1170.200	-1499.154	3.515
1170.400	-1499.149	3.515
1170.600	-1499.132	3.515
1170.800	-1499.130	3.515
1171.000	-1499.130	3.515
1171.200	-1499.122	3.515
1171.400	-1499.142	3.515
1171.600	-1499.124	3.515
1171.800	-1499.133	3.515
1172.000	-1499.137	3.515
1172.200	-1499.152	3.515
1172.400	-1499.149	3.515
1172.600	-1499.138	3.515
1172.800	-1499.145	3.515
1173.000	-1499.144	3.515
1173.200	-1499.131	3.515
1173.400	-1499.135	3.515
1173.600	-1499.129	3.515
1173.800	-1499.133	3.515
1174.000	-1499.119	3.515
1174.200	-1499.132	3.515
1174.400	-1499.144	3.515
1174.600	-1499.144	3.515
1174.800	-1499.140	3.515
1175.000	-1499.139	3.514
1175.200	-1499.141	3.514
1175.400	-1499.130	3.514
1175.600	-1499.133	3.514
1175.800	-1499.125	3.514
1176.000	-1499.132	3.514
1176.200	-1499.138	3.514
1176.400	-1499.136	3.514
1176.600	-1499.135	3.514
1176.800	-1499.139	3.514
1177.000	-1499.155	3.514
1177.200	-1499.141	3.514
1177.400	-1499.153	3.514
1177.600	-1499.147	3.514
1177.800	-1499.146	3.514
1178.000	-1499.144	3.514
1178.200	-1499.153	3.514
1178.400	-1499.148	3.514
1178.600	-1499.140	3.514
1178.800	-1499.136	3.514
1179.000	-1499.139	3.514
1179.200	-1499.141	3.514
1179.400	-1499.151	3.514
1179.600	-1499.140	3.514
1179.800	-1499.135	3.514
1180.000	-1499.151	3.514
1180.200	-1499.151	3.514
1180.400	-1499.141	3.514
1180.600	-1499.135	3.514
1180.800	-1499.141	3.514
1181.000	-1499.147	3.514
1181.200	-1499.159	3.513
1181.400	-1499.156	3.513
1181.600	-1499.137	3.513
1181.800	-1499.143	3.513
1182.000	-1499.141	3.513
1182.200	-1499.155	3.513
1182.400	-1499.150	3.513
1182.600	-1499.144	3.513
1182.800	-1499.131	3.513
1183.000	-1499.121	3.513
1183.200	-1499.124	3.513
1183.400	-1499.145	3.513
1183.600	-1499.153	3.513
1183.800	-1499.130	3.513
1184.000	-1499.146	3.513
1184.200	-1499.130	3.513
1184.400	-1499.152	3.513
1184.600	-1499.140	3.513
1184.800	-1499.137	3.513
1185.000	-1499.149	3.513
1185.200	-1499.155	3.513
1185.400	-1499.151	3.513
1185.600	-1499.158	3.513
1185.800	-1499.166	3.513
1186.000	-1499.159	3.513
1186.200	-1499.159	3.513
1186.400	-1499.151	3.513
1186.600	-1499.158	3.513
1186.800	-1499.144	3.513
1187.000	-1499.152	3.513
1187.200	-1499.142	3.513
1187.400	-1499.141	3.513
1187.600	-1499.151	3.512
1187.800	-1499.147	3.512
1188.000	-1499.152	3.512
1188.200	-1499.157	3.512
1188.400	-1499.132	3.512
1188.600	-1499.154	3.512
1188.800	-1499.152	3.512
1189.000	-1499.155	3.512
1189.200	-1499.157	3.512
1189.400	-1499.173	3.512
1189.600	-1499.150	3.512
1189.800	-1499.147	3.512
1190.000	-1499.151	3.512
1190.200	-1499.154	3.512
1190.400	-1499.146	3.512
1190.600	-1499.148	3.512
1190.800	-1499.135	3.512
1191.000	-1499.153	3.512
1191.200	-1499.151	3.512
1191.400	-1499.162	3.512
1191.600	-1499.164	3.512
1191.800	-1499.148	3.512
1192.000	-1499.135	3.512
1192.200	-1499.145	3.512
1192.400	-1499.139	3.512
1192.600	-1499.161	3.512
1192.800	-1499.155	3.512
1193.000	-1499.149	3.512
1193.200	-1499.148	3.512
1193.400	-1499.160	3.512
1193.600	-1499.141	3.512
1193.800	-1499.149	3.512
1194.000	-1499.147	3.512
1194.200	-1499.149	3.512
1194.400	-1499.156	3.511
1194.600	-1499.150	3.511
1194.800	-1499.136	3.511
1195.000	-1499.148	3.511
1195.200	-1499.148	3.511
1195.400	-1499.163	3.511
1195.600	-1499.157	3.511
1195.800	-1499.158	3.511
1196.000	-1499.174	3.511
1196.200	-1499.166	3.511
1196.400	-1499.148	3.511
1196.600	-1499.144	3.511
1196.800	-1499.155	3.511
1197.000	-1499.149	3.511
1197.200	-1499.148	3.511
1197.400	-1499.153	3.511
1197.600	-1499.126	3.511
1197.800	-1499.141	3.511
1198.000	-1499.145	3.511
1198.200	-1499.145	3.511
1198.400	-1499.149	3.511
1198.600	-1499.139	3.511
1198.800	-1499.150	3.511
1199.000	-1499.143	3.511
1199.200	-1499.151	3.511
1199.400	-1499.160	3.511
1199.600	-1499.139	3.511
1199.800	-1499.136	3.511
1200.000	-1499.143	3.511
1200.200	-1499.149	3.511
1200.400	-1499.159	3.511
1200.600	-1499.158	3.511
1200.800	-1499.155	3.510
1201.000	-1499.155	3.510
1201.200	-1499.151	3.510
1201.400	-1499.145	3.510
1201.600	-1499.153	3.510
1201.800	-1499.144	3.510
1202.000	-1499.156	3.510
1202.200	-1499.159	3.510
1202.400	-1499.126	3.510
1202.600	-1499.150	3.510
1202.800	-1499.137	3.510
1203.000	-1499.141	3.510
1203.200	-1499.157	3.510
1203.400	-1499.151	3.510
1203.600	-1499.147	3.510
1203.800	-1499.140	3.510
1204.000	-1499.147	3.510
1204.200	-1499.138	3.510
1204.400	-1499.136	3.510
1204.600	-1499.147	3.510
1204.800	-1499.146	3.510
1205.000	-1499.140	3.510
1205.200	-1499.160	3.510
1205.400	-1499.137	3.510
1205.600	-1499.118	3.510
1205.800	-1499.143	3.510
1206.000	-1499.147	3.510
1206.200	-1499.134	3.510
1206.400	-1499.139	3.510
1206.600	-1499.127	3.510
1206.800	-1499.135	3.510
1207.000	-1499.139	3.510
1207.200	-1499.152	3.509
1207.400	-1499.147	3.509
1207.600	-1499.122	3.509
1207.800	-1499.147	3.509
1208.000	-1499.161	3.509
1208.200	-1499.137	3.509
1208.400	-1499.170	3.509
1208.600	-1499.149	3.509
1208.800	-1499.156	3.509
1209.000	-1499.157	3.509
1209.200	-1499.153	3.509
1209.400	-1499.140	3.509
1209.600	-1499.138	3.509
1209.800	-1499.150	3.509
1210.000	-1499.148	3.509
1210.200	-1499.125	3.509
1210.400	-1499.150	3.509
1210.600	-1499.147	3.509
1210.800	-1499.146	3.509
1211.000	-1499.150	3.509
1211.200	-1499.130	3.509
1211.400	-1499.135	3.509
1211.600	-1499.149	3.509
1211.800	-1499.138	3.509
1212.000	-1499.144	3.509
1212.200	-1499.154	3.509
1212.400	-1499.123	3.509
1212.600	-1499.131	3.509
1212.800	-1499.125	3.509
1213.000	-1499.137	3.509
1213.200	-1499.129	3.509
1213.400	-1499.126	3.508
1213.600	-1499.138	3.508
1213.800	-1499.148	3.508
1214.000	-1499.141	3.508
1214.200	-1499.141	3.508
1214.400	-1499.126	3.508
1214.600	-1499.135	3.508
1214.800	-1499.139	3.508
1215.000	-1499.139	3.508
1215.200	-1499.138	3.508
1215.400	-1499.128	3.508
1215.600	-1499.124	3.508
1215.800	-1499.129	3.508
1216.000	-1499.146	3.508
1216.200	-1499.145	3.508
1216.400	-1499.142	3.508
1216.600	-1499.144	3.508
1216.800	-1499.139	3.508
1217.000	-1499.139	3.508
1217.200	-1499.125	3.508
1217.400	-1499.132	3.508
1217.600	-1499.131	3.508
1217.800	-1499.119	3.508
1218.000	-1499.131	3.508
1218.200	-1499.124	3.508
1218.400	-1499.139	3.508
1218.600	-1499.142	3.508
1218.800	-1499.163	3.508
1219.000	-1499.146	3.508
1219.200	-1499.122	3.508
1219.400	-1499.125	3.508
1219.600	-1499.139	3.508
1219.800	-1499.139	3.507
1220.000	-1499.128	3.508
1220.200	-1499.138	3.507
1220.400	-1499.130	3.507
1220.600	-1499.157	3.507
1220.800	-1499.153	3.507
1221.000	-1499.148	3.507
1221.200	-1499.131	3.507
1221.400	-1499.123	3.507
1221.600	-1499.124	3.507
1221.800	-1499.130	3.507
1222.000	-1499.139	3.507
1222.200	-1499.128	3.507
1222.400	-1499.124	3.507
1222.600	-1499.127	3.507
1222.800	-1499.116	3.507
1223.000	-1499.122	3.507
1223.200	-1499.120	3.507
1223.400	-1499.131	3.507
1223.600	-1499.106	3.507
1223.800	-1499.114	3.507
1224.000	-1499.122	3.507
1224.200	-1499.116	3.507
1224.400	-1499.111	3.507
1224.600	-1499.112	3.507
1224.800	-1499.118	3.507
1225.000	-1499.129	3.507
1225.200	-1499.150	3.507
1225.400	-1499.113	3.507
1225.600	-1499.125	3.507
1225.800	-1499.108	3.507
1226.000	-1499.127	3.507
1226.200	-1499.133	3.507
1226.400	-1499.115	3.507
1226.600	-1499.128	3.507
1226.800	-1499.118	3.506
1227.000	-1499.128	3.506
1227.200	-1499.142	3.506
1227.400	-1499.125	3.506
1227.600	-1499.115	3.506
1227.800	-1499.106	3.506
1228.000	-1499.120	3.506
1228.200	-1499.113	3.506
1228.400	-1499.108	3.506
1228.600	-1499.120	3.506
1228.800	-1499.109	3.506
1229.000	-1499.119	3.506
1229.200	-1499.105	3.506
1229.400	-1499.133	3.506
1229.600	-1499.135	3.506
1229.800	-1499.134	3.506
1230.000	-1499.123	3.506
1230.200	-1499.133	3.506
1230.400	-1499.127	3.506
1230.600	-1499.115	3.506
1230.800	-1499.114	3.506
1231.000	-1499.121	3.506
1231.200	-1499.120	3.506
1231.400	-1499.123	3.506
1231.600	-1499.144	3.506
1231.800	-1499.128	3.506
1232.000	-1499.144	3.506
1232.200	-1499.134	3.506
1232.400	-1499.138	3.506
1232.600	-1499.137	3.506
1232.800	-1499.119	3.506
1233.000	-1499.141	3.505
1233.200	-1499.097	3.505
1233.400	-1499.139	3.505
1233.600	-1499.152	3.505
1233.800	-1499.117	3.505
1234.000	-1499.122	3.505
1234.200	-1499.145	3.505
1234.400	-1499.114	3.505
1234.600	-1499.129	3.505
1234.800	-1499.136	3.505
1235.000	-1499.123	3.505
1235.200	-1499.134	3.505
1235.400	-1499.133	3.505
1235.600	-1499.129	3.505
1235.800	-1499.122	3.505
1236.000	-1499.124	3.505
1236.200	-1499.143	3.505
1236.400	-1499.129	3.505
1236.600	-1499.127	3.505
1236.800	-1499.133	3.505
1237.000	-1499.132	3.505
1237.200	-1499.142	3.505
1237.400	-1499.123	3.505
1237.600	-1499.135	3.505
1237.800	-1499.148	3.505
1238.000	-1499.149	3.505
1238.200	-1499.116	3.505
1238.400	-1499.135	3.505
1238.600	-1499.121	3.505
1238.800	-1499.137	3.505
1239.000	-1499.128	3.505
1239.200	-1499.135	3.504
1239.400	-1499.131	3.504
1239.600	-1499.138	3.504
1239.800	-1499.138	3.504
1240.000	-1499.136	3.504
1240.200	-1499.129	3.504
1240.400	-1499.126	3.504
1240.600	-1499.141	3.504
1240.800	-1499.144	3.504
1241.000	-1499.144	3.504
1241.200	-1499.127	3.504
1241.400	-1499.126	3.504
1241.600	-1499.150	3.504
1241.800	-1499.135	3.504
1242.000	-1499.118	3.504
1242.200	-1499.135	3.504
1242.400	-1499.125	3.504
1242.600	-1499.137	3.504
1242.800	-1499.139	3.504
1243.000	-1499.136	3.504
1243.200	-1499.138	3.504
1243.400	-1499.116	3.504
1243.600	-1499.128	3.504
1243.800	-1499.132	3.504
1244.000	-1499.123	3.504
1244.200	-1499.110	3.504
1244.400	-1499.121	3.504
1244.600	-1499.121	3.504
1244.800	-1499.131	3.504
1245.000	-1499.125	3.504
1245.200	-1499.120	3.504
1245.400	-1499.116	3.504
1245.600	-1499.107	3.504
1245.800	-1499.130	3.504
1246.000	-1499.132	3.503
1246.200	-1499.129	3.503
1246.400	-1499.113	3.503
1246.600	-1499.108	3.503
1246.800	-1499.128	3.503
1247.000	-1499.127	3.503
1247.200	-1499.111	3.503
1247.400	-1499.124	3.503
1247.600	-1499.122	3.503
1247.800	-1499.113	3.503
1248.000	-1499.130	3.503
1248.200	-1499.117	3.503
1248.400	-1499.116	3.503
1248.600	-1499.122	3.503
1248.800	-1499.120	3.503
1249.000	-1499.127	3.503
1249.200	-1499.117	3.503
1249.400	-1499.134	3.503
1249.600	-1499.131	3.503
1249.800	-1499.128	3.503
1250.000	-1499.124	3.503
1250.200	-1499.125	3.503
1250.400	-1499.124	3.503
1250.600	-1499.114	3.503
1250.800	-1499.124	3.503
1251.000	-1499.126	3.503
1251.200	-1499.117	3.503
1251.400	-1499.132	3.503
1251.600	-1499.124	3.503
1251.800	-1499.131	3.503
1252.000	-1499.130	3.503
1252.200	-1499.127	3.503
1252.400	-1499.121	3.503
1252.600	-1499.116	3.503
1252.800	-1499.121	3.502
1253.000	-1499.119	3.502
1253.200	-1499.121	3.502
1253.400	-1499.112	3.502
1253.600	-1499.117	3.502
1253.800	-1499.119	3.502
1254.000	-1499.136	3.502
1254.200	-1499.134	3.502
1254.400	-1499.108	3.502
1254.600	-1499.123	3.502
1254.800	-1499.124	3.502
1255.000	-1499.131	3.502
1255.200	-1499.133	3.502
1255.400	-1499.128	3.502
1255.600	-1499.113	3.502
1255.800	-1499.133	3.502
1256.000	-1499.113	3.502
1256.200	-1499.127	3.502
1256.400	-1499.126	3.502
1256.600	-1499.123	3.502
1256.800	-1499.131	3.502
1257.000	-1499.139	3.502
1257.200	-1499.141	3.502
1257.400	-1499.140	3.502
1257.600	-1499.137	3.502
1257.800	-1499.134	3.502
1258.000	-1499.124	3.502
1258.200	-1499.137	3.502
1258.400	-1499.146	3.502
1258.600	-1499.127	3.502
1258.800	-1499.117	3.502
1259.000	-1499.110	3.502
1259.200	-1499.120	3.502
1259.400	-1499.119	3.501
1259.600	-1499.122	3.501
1259.800	-1499.141	3.501
1260.000	-1499.132	3.501
1260.200	-1499.135	3.501
1260.400	-1499.141	3.501
1260.600	-1499.144	3.501
1260.800	-1499.134	3.501
1261.000	-1499.134	3.501
1261.200	-1499.137	3.501
1261.400	-1499.144	3.501
1261.600	-1499.141	3.501
1261.800	-1499.126	3.501
1262.000	-1499.133	3.501
1262.200	-1499.131	3.501
1262.400	-1499.126	3.501
1262.600	-1499.147	3.501
1262.800	-1499.140	3.501
1263.000	-1499.139	3.501
1263.200	-1499.112	3.501
1263.400	-1499.117	3.501
1263.600	-1499.130	3.501
1263.800	-1499.116	3.501
1264.000	-1499.134	3.501
1264.200	-1499.128	3.501
1264.400	-1499.140	3.501
1264.600	-1499.131	3.501
1264.800	-1499.125	3.501
1265.000	-1499.127	3.501
1265.200	-1499.117	3.501
1265.400	-1499.125	3.501
1265.600	-1499.130	3.501
1265.800	-1499.136	3.501
1266.000	-1499.136	3.501
1266.200	-1499.132	3.501
1266.400	-1499.135	3.500
1266.600	-1499.136	3.500
1266.800	-1499.139	3.500
1267.000	-1499.139	3.500
1267.200	-1499.134	3.500
1267.400	-1499.127	3.500
1267.600	-1499.144	3.500
1267.800	-1499.131	3.500
1268.000	-1499.129	3.500
1268.200	-1499.134	3.500
1268.400	-1499.123	3.500
1268.600	-1499.119	3.500
1268.800	-1499.115	3.500
1269.000	-1499.132	3.500
1269.200	-1499.127	3.500
1269.400	-1499.137	3.500
1269.600	-1499.140	3.500
1269.800	-1499.131	3.500
1270.000	-1499.133	3.500
1270.200	-1499.143	3.500
1270.400	-1499.138	3.500
1270.600	-1499.134	3.500
1270.800	-1499.132	3.500
1271.000	-1499.155	3.500
1271.200	-1499.142	3.500
1271.400	-1499.142	3.500
1271.600	-1499.140	3.500
1271.800	-1499.150	3.500
1272.000	-1499.150	3.500
1272.200	-1499.148	3.500
1272.400	-1499.143	3.500
1272.600	-1499.138	3.500
1272.800	-1499.124	3.500
1273.000	-1499.123	3.499
1273.200	-1499.156	3.499
1273.400	-1499.122	3.499
1273.600	-1499.147	3.499
1273.800	-1499.159	3.499
1274.000	-1499.147	3.499
1274.200	-1499.148	3.499
1274.400	-1499.146	3.499
1274.600	-1499.147	3.499
1274.800	-1499.162	3.499
1275.000	-1499.131	3.499
1275.200	-1499.142	3.499
1275.400	-1499.146	3.499
1275.600	-1499.153	3.499
1275.800	-1499.135	3.499
1276.000	-1499.137	3.499
1276.200	-1499.149	3.499
1276.400	-1499.149	3.499
1276.600	-1499.139	3.499
1276.800	-1499.150	3.499
1277.000	-1499.140	3.499
1277.200	-1499.139	3.499
1277.400	-1499.130	3.499
1277.600	-1499.134	3.499
1277.800	-1499.137	3.499
1278.000	-1499.135	3.499
1278.200	-1499.152	3.499
1278.400	-1499.126	3.499
1278.600	-1499.133	3.499
1278.800	-1499.121	3.499
1279.000	-1499.142	3.499
1279.200	-1499.139	3.499
1279.400	-1499.153	3.499
1279.600	-1499.130	3.499
1279.800	-1499.145	3.498
1280.000	-1499.141	3.498
1280.200	-1499.148	3.498
1280.400	-1499.160	3.498
1280.600	-1499.149	3.498
1280.800	-1499.153	3.498
1281.000	-1499.138	3.498
1281.200	-1499.145	3.498
1281.400	-1499.159	3.498
1281.600	-1499.170	3.498
1281.800	-1499.141	3.498
1282.000	-1499.143	3.498
1282.200	-1499.132	3.498
1282.400	-1499.137	3.498
1282.600	-1499.143	3.498
1282.800	-1499.147	3.498
1283.000	-1499.127	3.498
1283.200	-1499.138	3.498
1283.400	-1499.148	3.498
1283.600	-1499.123	3.498
1283.800	-1499.151	3.498
1284.000	-1499.129	3.498
1284.200	-1499.132	3.498
1284.400	-1499.128	3.498
1284.600	-1499.122	3.498
1284.800	-1499.130	3.498
1285.000	-1499.133	3.498
1285.200	-1499.147	3.498
1285.400	-1499.120	3.498
1285.600	-1499.142	3.498
1285.800	-1499.135	3.498
1286.000	-1499.125	3.498
1286.200	-1499.131	3.498
1286.400	-1499.135	3.498
1286.600	-1499.160	3.498
1286.800	-1499.132	3.498
1287.000	-1499.134	3.498
1287.200	-1499.135	3.498
1287.400	-1499.136	3.497
1287.600	-1499.146	3.497
1287.800	-1499.156	3.497
1288.000	-1499.145	3.497
1288.200	-1499.151	3.497
1288.400	-1499.141	3.497
1288.600	-1499.149	3.497
1288.800	-1499.136	3.497
1289.000	-1499.138	3.497
1289.200	-1499.135	3.497
1289.400	-1499.129	3.497
1289.600	-1499.150	3.497
1289.800	-1499.148	3.497
1290.000	-1499.117	3.497
1290.200	-1499.120	3.497
1290.400	-1499.130	3.497
1290.600	-1499.127	3.497
1290.800	-1499.128	3.497
1291.000	-1499.128	3.497
1291.200	-1499.129	3.497
1291.400	-1499.138	3.497
1291.600	-1499.110	3.497
1291.800	-1499.114	3.497
1292.000	-1499.121	3.497
1292.200	-1499.129	3.497
1292.400	-1499.120	3.497
1292.600	-1499.138	3.497
1292.800	-1499.129	3.497
1293.000	-1499.141	3.497
1293.200	-1499.133	3.497
1293.400	-1499.119	3.497
1293.600	-1499.138	3.497
1293.800	-1499.142	3.496
1294.000	-1499.132	3.496
1294.200	-1499.141	3.496
1294.400	-1499.129	3.496
1294.600	-1499.121	3.496
1294.800	-1499.130	3.496
1295.000	-1499.119	3.496
1295.200	-1499.120	3.496
1295.400	-1499.118	3.496
1295.600	-1499.127	3.496
1295.800	-1499.140	3.496
1296.000	-1499.119	3.496
1296.200	-1499.125	3.496
1296.400	-1499.113	3.496
1296.600	-1499.115	3.496
1296.800	-1499.121	3.496
1297.000	-1499.137	3.496
1297.200	-1499.133	3.496
1297.400	-1499.117	3.496
1297.600	-1499.121	3.496
1297.800	-1499.121	3.496
1298.000	-1499.140	3.496
1298.200	-1499.134	3.496
1298.400	-1499.147	3.496
1298.600	-1499.136	3.496
1298.800	-1499.132	3.496
1299.000	-1499.132	3.496
1299.200	-1499.123	3.496
1299.400	-1499.142	3.496
1299.600	-1499.143	3.496
1299.800	-1499.137	3.496
1300.000	-1499.147	3.496
1300.200	-1499.127	3.496
1300.400	-1499.117	3.495
1300.600	-1499.133	3.495
1300.800	-1499.118	3.495
1301.000	-1499.131	3.495
1301.200	-1499.128	3.495
1301.400	-1499.135	3.495
1301.600	-1499.129	3.495
1301.800	-1499.119	3.495
1302.000	-1499.130	3.495
1302.200	-1499.139	3.495
1302.400	-1499.143	3.495
1302.600	-1499.135	3.495
1302.800	-1499.145	3.495
1303.000	-1499.143	3.495
1303.200	-1499.137	3.495
1303.400	-1499.126	3.495
1303.600	-1499.141	3.495
1303.800	-1499.130	3.495
1304.000	-1499.154	3.495
1304.200	-1499.126	3.495
1304.400	-1499.136	3.495
1304.600	-1499.138	3.495
1304.800	-1499.124	3.495
1305.000	-1499.146	3.495
1305.200	-1499.136	3.495
1305.400	-1499.124	3.495
1305.600	-1499.132	3.495
1305.800	-1499.129	3.495
1306.000	-1499.126	3.495
1306.200	-1499.146	3.495
1306.400	-1499.117	3.495
1306.600	-1499.138	3.495
1306.800	-1499.136	3.495
1307.000	-1499.132	3.495
1307.200	-1499.140	3.495
1307.400	-1499.139	3.495
1307.600	-1499.144	3.494
1307.800	-1499.129	3.495
1308.000	-1499.131	3.494
1308.200	-1499.121	3.494
1308.400	-1499.138	3.494
1308.600	-1499.152	3.494
1308.800	-1499.129	3.494
1309.000	-1499.137	3.494
1309.200	-1499.128	3.494
1309.400	-1499.144	3.494
1309.600	-1499.135	3.494
1309.800	-1499.145	3.494
1310.000	-1499.147	3.494
1310.200	-1499.136	3.494
1310.400	-1499.128	3.494
1310.600	-1499.128	3.494
1310.800	-1499.141	3.494
1311.000	-1499.129	3.494
1311.200	-1499.128	3.494
1311.400	-1499.122	3.494
1311.600	-1499.128	3.494
1311.800	-1499.134	3.494
1312.000	-1499.113	3.494
1312.200	-1499.103	3.494
1312.400	-1499.118	3.494
1312.600	-1499.142	3.494
1312.800	-1499.147	3.494
1313.000	-1499.126	3.494
1313.200	-1499.131	3.494
1313.400	-1499.139	3.494
1313.600	-1499.112	3.494
1313.800	-1499.116	3.494
1314.000	-1499.118	3.494
1314.200	-1499.122	3.494
1314.400	-1499.137	3.494
1314.600	-1499.136	3.494
1314.800	-1499.141	3.493
1315.000	-1499.133	3.493
1315.200	-1499.118	3.493
1315.400	-1499.148	3.493
1315.600	-1499.116	3.493
1315.800	-1499.134	3.493
1316.000	-1499.142	3.493
1316.200	-1499.139	3.493
1316.400	-1499.131	3.493
1316.600	-1499.121	3.493
1316.800	-1499.135	3.493
1317.000	-1499.151	3.493
1317.200	-1499.136	3.493
1317.400	-1499.127	3.493
1317.600	-1499.129	3.493
1317.800	-1499.115	3.493
1318.000	-1499.125	3.493
1318.200	-1499.111	3.493
1318.400	-1499.120	3.493
1318.600	-1499.141	3.493
1318.800	-1499.113	3.493
1319.000	-1499.127	3.493
1319.200	-1499.129	3.493
1319.400	-1499.128	3.493
1319.600	-1499.149	3.493
1319.800	-1499.131	3.493
1320.000	-1499.130	3.493
1320.200	-1499.141	3.493
1320.400	-1499.141	3.493
1320.600	-1499.136	3.493
1320.800	-1499.140	3.493
1321.000	-1499.141	3.493
1321.200	-1499.122	3.493
1321.400	-1499.127	3.493
1321.600	-1499.136	3.493
1321.800	-1499.128	3.493
1322.000	-1499.141	3.492
1322.200	-1499.136	3.492
1322.400	-1499.141	3.492
1322.600	-1499.141	3.492
1322.800	-1499.147	3.492
1323.000	-1499.131	3.492
1323.200	-1499.157	3.492
1323.400	-1499.120	3.492
1323.600	-1499.122	3.492
1323.800	-1499.119	3.492
1324.000	-1499.135	3.492
1324.200	-1499.117	3.492
1324.400	-1499.139	3.492
1324.600	-1499.147	3.492
1324.800	-1499.151	3.492
1325.000	-1499.133	3.492
1325.200	-1499.142	3.492
1325.400	-1499.147	3.492
1325.600	-1499.141	3.492
1325.800	-1499.146	3.492
1326.000	-1499.137	3.492
1326.200	-1499.131	3.492
1326.400	-1499.115	3.492
1326.600	-1499.130	3.492
1326.800	-1499.127	3.492
1327.000	-1499.126	3.492
1327.200	-1499.130	3.492
1327.400	-1499.130	3.492
1327.600	-1499.134	3.492
1327.800	-1499.125	3.492
1328.000	-1499.137	3.492
1328.200	-1499.127	3.492
1328.400	-1499.131	3.492
1328.600	-1499.142	3.492
1328.800	-1499.133	3.492
1329.000	-1499.160	3.491
1329.200	-1499.164	3.491
1329.400	-1499.136	3.491
1329.600	-1499.138	3.491
1329.800	-1499.127	3.491
1330.000	-1499.138	3.491
1330.200	-1499.129	3.491
1330.400	-1499.138	3.491
1330.600	-1499.150	3.491
1330.800	-1499.141	3.491
1331.000	-1499.132	3.491
1331.200	-1499.142	3.491
1331.400	-1499.143	3.491
1331.600	-1499.155	3.491
1331.800	-1499.145	3.491
1332.000	-1499.145	3.491
1332.200	-1499.141	3.491
1332.400	-1499.124	3.491
1332.600	-1499.142	3.491
1332.800	-1499.138	3.491
1333.000	-1499.141	3.491
1333.200	-1499.138	3.491
1333.400	-1499.143	3.491
1333.600	-1499.153	3.491
1333.800	-1499.157	3.491
1334.000	-1499.146	3.491
1334.200	-1499.158	3.491
1334.400	-1499.129	3.491
1334.600	-1499.135	3.491
1334.800	-1499.128	3.491
1335.000	-1499.147	3.491
1335.200	-1499.147	3.491
1335.400	-1499.138	3.491
1335.600	-1499.139	3.491
1335.800	-1499.147	3.490
1336.000	-1499.133	3.491
1336.200	-1499.125	3.490
1336.400	-1499.154	3.490
1336.600	-1499.133	3.490
1336.800	-1499.139	3.490
1337.000	-1499.138	3.490
1337.200	-1499.145	3.490
1337.400	-1499.141	3.490
1337.600	-1499.131	3.490
1337.800	-1499.149	3.490
1338.000	-1499.136	3.490
1338.200	-1499.133	3.490
1338.400	-1499.138	3.490
1338.600	-1499.131	3.490
1338.800	-1499.158	3.490
1339.000	-1499.147	3.490
1339.200	-1499.146	3.490
1339.400	-1499.139	3.490
1339.600	-1499.127	3.490
1339.800	-1499.154	3.490
1340.000	-1499.164	3.490
1340.200	-1499.148	3.490
1340.400	-1499.151	3.490
1340.600	-1499.150	3.490
1340.800	-1499.146	3.490
1341.000	-1499.140	3.490
1341.200	-1499.145	3.490
1341.400	-1499.143	3.490
1341.600	-1499.142	3.490
1341.800	-1499.150	3.490
1342.000	-1499.141	3.490
1342.200	-1499.146	3.490
1342.400	-1499.140	3.490
1342.600	-1499.149	3.490
1342.800	-1499.150	3.490
1343.000	-1499.149	3.489
1343.200	-1499.152	3.489
1343.400	-1499.139	3.489
1343.600	-1499.151	3.489
1343.800	-1499.150	3.489
1344.000	-1499.148	3.489
1344.200	-1499.125	3.489
1344.400	-1499.135	3.489
1344.600	-1499.151	3.489
1344.800	-1499.127	3.489
1345.000	-1499.152	3.489
1345.200	-1499.147	3.489
1345.400	-1499.148	3.489
1345.600	-1499.135	3.489
1345.800	-1499.142	3.489
1346.000	-1499.133	3.489
1346.200	-1499.153	3.489
1346.400	-1499.146	3.489
1346.600	-1499.130	3.489
1346.800	-1499.145	3.489
1347.000	-1499.122	3.489
1347.200	-1499.142	3.489
1347.400	-1499.136	3.489
1347.600	-1499.142	3.489
1347.800	-1499.162	3.489
1348.000	-1499.152	3.489
1348.200	-1499.142	3.489
1348.400	-1499.139	3.489
1348.600	-1499.146	3.489
1348.800	-1499.159	3.489
1349.000	-1499.161	3.489
1349.200	-1499.156	3.489
1349.400	-1499.156	3.489
1349.600	-1499.145	3.489
1349.800	-1499.124	3.489
1350.000	-1499.137	3.489
1350.200	-1499.143	3.489
1350.400	-1499.136	3.489
1350.600	-1499.157	3.488
1350.800	-1499.145	3.488
1351.000	-1499.134	3.488
1351.200	-1499.152	3.488
1351.400	-1499.147	3.488
1351.600	-1499.140	3.488
1351.800	-1499.112	3.488
1352.000	-1499.141	3.488
1352.200	-1499.146	3.488
1352.400	-1499.139	3.488
1352.600	-1499.140	3.488
1352.800	-1499.166	3.488
1353.000	-1499.134	3.488
1353.200	-1499.139	3.488
1353.400	-1499.165	3.488
1353.600	-1499.155	3.488
1353.800	-1499.148	3.488
1354.000	-1499.140	3.488
1354.200	-1499.140	3.488
1354.400	-1499.142	3.488
1354.600	-1499.145	3.488
1354.800	-1499.141	3.488
1355.000	-1499.142	3.488
1355.200	-1499.147	3.488
1355.400	-1499.152	3.488
1355.600	-1499.141	3.488
1355.800	-1499.143	3.488
1356.000	-1499.159	3.488
1356.200	-1499.148	3.488
1356.400	-1499.155	3.488
1356.600	-1499.146	3.488
1356.800	-1499.147	3.488
1357.000	-1499.160	3.488
1357.200	-1499.146	3.488
1357.400	-1499.150	3.488
1357.600	-1499.144	3.488
1357.800	-1499.157	3.488
1358.000	-1499.149	3.488
1358.200	-1499.163	3.488
1358.400	-1499.142	3.488
1358.600	-1499.139	3.488
1358.800	-1499.143	3.488
1359.000	-1499.166	3.487
1359.200	-1499.150	3.487
1359.400	-1499.155	3.487
1359.600	-1499.152	3.487
1359.800	-1499.145	3.487
1360.000	-1499.153	3.487
1360.200	-1499.144	3.487
1360.400	-1499.152	3.487
1360.600	-1499.160	3.487
1360.800	-1499.163	3.487
1361.000	-1499.159	3.487
1361.200	-1499.153	3.487
1361.400	-1499.149	3.487
1361.600	-1499.139	3.487
1361.800	-1499.158	3.487
1362.000	-1499.160	3.487
1362.200	-1499.148	3.487
1362.400	-1499.163	3.487
1362.600	-1499.157	3.487
1362.800	-1499.155	3.487
1363.000	-1499.163	3.487
1363.200	-1499.153	3.487
1363.400	-1499.145	3.487
1363.600	-1499.154	3.487
1363.800	-1499.149	3.487
1364.000	-1499.158	3.487
1364.200	-1499.146	3.487
1364.400	-1499.157	3.487
1364.600	-1499.130	3.487
1364.800	-1499.144	3.487
1365.000	-1499.154	3.487
1365.200	-1499.151	3.487
1365.400	-1499.159	3.487
1365.600	-1499.144	3.487
1365.800	-1499.139	3.487
1366.000	-1499.157	3.486
1366.200	-1499.163	3.486
1366.400	-1499.157	3.486
1366.600	-1499.150	3.486
1366.800	-1499.142	3.486
1367.000	-1499.159	3.486
1367.200	-1499.172	3.486
1367.400	-1499.158	3.486
1367.600	-1499.156	3.486
1367.800	-1499.156	3.486
1368.000	-1499.155	3.486
1368.200	-1499.149	3.486
1368.400	-1499.157	3.486
1368.600	-1499.152	3.486
1368.800	-1499.144	3.486
1369.000	-1499.154	3.486
1369.200	-1499.169	3.486
1369.400	-1499.149	3.486
1369.600	-1499.152	3.486
1369.800	-1499.140	3.486
1370.000	-1499.137	3.486
1370.200	-1499.146	3.486
1370.400	-1499.157	3.486
1370.600	-1499.149	3.486
1370.800	-1499.143	3.486
1371.000	-1499.145	3.486
1371.200	-1499.147	3.486
1371.400	-1499.143	3.486
1371.600	-1499.144	3.486
1371.800	-1499.143	3.486
1372.000	-1499.147	3.486
1372.200	-1499.142	3.486
1372.400	-1499.140	3.486
1372.600	-1499.145	3.486
1372.800	-1499.150	3.486
1373.000	-1499.150	3.486
1373.200	-1499.152	3.486
1373.400	-1499.157	3.486
1373.600	-1499.148	3.486
1373.800	-1499.148	3.486
1374.000	-1499.149	3.486
1374.200	-1499.149	3.485
1374.400	-1499.148	3.485
1374.600	-1499.155	3.485
1374.800	-1499.156	3.485
1375.000	-1499.153	3.485
1375.200	-1499.153	3.485
1375.400	-1499.153	3.485
1375.600	-1499.159	3.485
1375.800	-1499.154	3.485
1376.000	-1499.150	3.485
1376.200	-1499.168	3.485
1376.400	-1499.153	3.485
1376.600	-1499.152	3.485
1376.800	-1499.156	3.485
1377.000	-1499.164	3.485
1377.200	-1499.158	3.485
1377.400	-1499.164	3.485
1377.600	-1499.166	3.485
1377.800	-1499.146	3.485
1378.000	-1499.153	3.485
1378.200	-1499.153	3.485
1378.400	-1499.146	3.485
1378.600	-1499.145	3.485
1378.800	-1499.155	3.485
1379.000	-1499.146	3.485
1379.200	-1499.155	3.485
1379.400	-1499.159	3.485
1379.600	-1499.149	3.485
1379.800	-1499.142	3.485
1380.000	-1499.138	3.485
1380.200	-1499.147	3.485
1380.400	-1499.132	3.485
1380.600	-1499.142	3.485
1380.800	-1499.148	3.485
1381.000	-1499.158	3.485
1381.200	-1499.136	3.485
1381.400	-1499.140	3.484
1381.600	-1499.167	3.485
1381.800	-1499.153	3.484
1382.000	-1499.149	3.484
1382.200	-1499.139	3.484
1382.400	-1499.143	3.484
1382.600	-1499.136	3.484
1382.800	-1499.153	3.484
1383.000	-1499.143	3.484
1383.200	-1499.143	3.484
1383.400	-1499.128	3.484
1383.600	-1499.129	3.484
1383.800	-1499.143	3.484
1384.000	-1499.120	3.484
1384.200	-1499.154	3.484
1384.400	-1499.150	3.484
1384.600	-1499.149	3.484
1384.800	-1499.159	3.484
1385.000	-1499.166	3.484
1385.200	-1499.152	3.484
1385.400	-1499.176	3.484
1385.600	-1499.146	3.484
1385.800	-1499.141	3.484
1386.000	-1499.123	3.484
1386.200	-1499.134	3.484
1386.400	-1499.138	3.484
1386.600	-1499.134	3.484
1386.800	-1499.133	3.484
1387.000	-1499.147	3.484
1387.200	-1499.137	3.484
1387.400	-1499.116	3.484
1387.600	-1499.115	3.484
1387.800	-1499.140	3.484
1388.000	-1499.134	3.484
1388.200	-1499.142	3.484
1388.400	-1499.121	3.484
1388.600	-1499.158	3.484
1388.800	-1499.155	3.483
1389.000	-1499.161	3.483
1389.200	-1499.154	3.483
1389.400	-1499.145	3.483
1389.600	-1499.142	3.483
1389.800	-1499.139	3.483
1390.000	-1499.156	3.483
1390.200	-1499.150	3.483
1390.400	-1499.144	3.483
1390.600	-1499.149	3.483
1390.800	-1499.139	3.483
1391.000	-1499.176	3.483
1391.200	-1499.153	3.483
1391.400	-1499.158	3.483
1391.600	-1499.151	3.483
1391.800	-1499.153	3.483
1392.000	-1499.155	3.483
1392.200	-1499.164	3.483
1392.400	-1499.170	3.483
1392.600	-1499.162	3.483
1392.800	-1499.147	3.483
1393.000	-1499.152	3.483
1393.200	-1499.155	3.483
1393.400	-1499.147	3.483
1393.600	-1499.157	3.483
1393.800	-1499.147	3.483
1394.000	-1499.150	3.483
1394.200	-1499.154	3.483
1394.400	-1499.157	3.483
1394.600	-1499.160	3.483
1394.800	-1499.149	3.483
1395.000	-1499.141	3.483
1395.200	-1499.134	3.483
1395.400	-1499.171	3.483
1395.600	-1499.140	3.483
1395.800	-1499.128	3.483
1396.000	-1499.156	3.483
1396.200	-1499.138	3.483
1396.400	-1499.139	3.483
1396.600	-1499.143	3.483
1396.800	-1499.146	3.483
1397.000	-1499.144	3.483
1397.200	-1499.135	3.482
1397.400	-1499.149	3.482
1397.600	-1499.158	3.482
1397.800	-1499.152	3.482
1398.000	-1499.176	3.482
1398.200	-1499.150	3.482
1398.400	-1499.151	3.482
1398.600	-1499.145	3.482
1398.800	-1499.133	3.482
1399.000	-1499.154	3.482
1399.200	-1499.145	3.482
1399.400	-1499.143	3.482
1399.600	-1499.140	3.482
1399.800	-1499.147	3.482
1400.000	-1499.148	3.482
1400.200	-1499.143	3.482
1400.400	-1499.130	3.482
1400.600	-1499.145	3.482
1400.800	-1499.135	3.482
1401.000	-1499.124	3.482
1401.200	-1499.144	3.482
1401.400	-1499.133	3.482
1401.600	-1499.138	3.482
1401.800	-1499.151	3.482
1402.000	-1499.131	3.482
1402.200	-1499.121	3.482
1402.400	-1499.152	3.482
1402.600	-1499.127	3.482
1402.800	-1499.143	3.482
1403.000	-1499.121	3.482
1403.200	-1499.123	3.482
1403.400	-1499.133	3.482
1403.600	-1499.122	3.482
1403.800	-1499.136	3.482
1404.000	-1499.135	3.482
1404.200	-1499.145	3.482
1404.400	-1499.143	3.482
1404.600	-1499.138	3.481
1404.800	-1499.150	3.481
1405.000	-1499.148	3.481
1405.200	-1499.149	3.481
1405.400	-1499.142	3.481
1405.600	-1499.154	3.481
1405.800	-1499.144	3.481
1406.000	-1499.154	3.481
1406.200	-1499.152	3.481
1406.400	-1499.157	3.481
1406.600	-1499.138	3.481
1406.800	-1499.142	3.481
1407.000	-1499.155	3.481
1407.200	-1499.129	3.481
1407.400	-1499.139	3.481
1407.600	-1499.128	3.481
1407.800	-1499.140	3.481
1408.000	-1499.145	3.481
1408.200	-1499.132	3.481
1408.400	-1499.146	3.481
1408.600	-1499.137	3.481
1408.800	-1499.135	3.481
1409.000	-1499.142	3.481
1409.200	-1499.145	3.481
1409.400	-1499.139	3.481
1409.600	-1499.157	3.481
1409.800	-1499.150	3.481
1410.000	-1499.155	3.481
1410.200	-1499.136	3.481
1410.400	-1499.146	3.481
1410.600	-1499.141	3.481
1410.800	-1499.135	3.481
1411.000	-1499.139	3.481
1411.200	-1499.144	3.481
1411.400	-1499.137	3.481
1411.600	-1499.130	3.481
1411.800	-1499.141	3.481
1412.000	-1499.124	3.481
1412.200	-1499.133	3.480
1412.400	-1499.137	3.480
1412.600	-1499.132	3.480
1412.800	-1499.129	3.480
1413.000	-1499.144	3.480
1413.200	-1499.139	3.480
1413.400	-1499.118	3.480
1413.600	-1499.123	3.480
1413.800	-1499.133	3.480
1414.000	-1499.132	3.480
1414.200	-1499.134	3.480
1414.400	-1499.125	3.480
1414.600	-1499.134	3.480
1414.800	-1499.123	3.480
1415.000	-1499.133	3.480
1415.200	-1499.127	3.480
1415.400	-1499.131	3.480
1415.600	-1499.125	3.480
1415.800	-1499.120	3.480
1416.000	-1499.110	3.480
1416.200	-1499.128	3.480
1416.400	-1499.129	3.480
1416.600	-1499.121	3.480
1416.800	-1499.143	3.480
1417.000	-1499.136	3.480
1417.200	-1499.139	3.480
1417.400	-1499.136	3.480
1417.600	-1499.131	3.480
1417.800	-1499.138	3.480
1418.000	-1499.126	3.480
1418.200	-1499.127	3.480
1418.400	-1499.124	3.480
1418.600	-1499.126	3.480
1418.800	-1499.137	3.480
1419.000	-1499.130	3.480
1419.200	-1499.120	3.480
1419.400	-1499.119	3.480
1419.600	-1499.133	3.480
1419.800	-1499.140	3.480
1420.000	-1499.142	3.479
1420.200	-1499.133	3.479
1420.400	-1499.125	3.479
1420.600	-1499.134	3.479
1420.800	-1499.136	3.479
1421.000	-1499.136	3.479
1421.200	-1499.132	3.479
1421.400	-1499.138	3.479
1421.600	-1499.134	3.479
1421.800	-1499.125	3.479
1422.000	-1499.122	3.479
1422.200	-1499.119	3.479
1422.400	-1499.141	3.479
1422.600	-1499.143	3.479
1422.800	-1499.148	3.479
1423.000	-1499.159	3.479
1423.200	-1499.153	3.479
1423.400	-1499.137	3.479
1423.600	-1499.141	3.479
1423.800	-1499.144	3.479
1424.000	-1499.137	3.479
1424.200	-1499.142	3.479
1424.400	-1499.139	3.479
1424.600	-1499.141	3.479
1424.800	-1499.123	3.479
1425.000	-1499.139	3.479
1425.200	-1499.137	3.479
1425.400	-1499.145	3.479
1425.600	-1499.143	3.479
1425.800	-1499.133	3.479
1426.000	-1499.159	3.479
1426.200	-1499.151	3.479
1426.400	-1499.141	3.479
1426.600	-1499.141	3.479
1426.800	-1499.135	3.479
1427.000	-1499.144	3.479
1427.200	-1499.145	3.479
1427.400	-1499.128	3.479
1427.600	-1499.144	3.479
1427.800	-1499.139	3.478
1428.000	-1499.131	3.479
1428.200	-1499.145	3.478
1428.400	-1499.140	3.478
1428.600	-1499.135	3.478
1428.800	-1499.139	3.478
1429.000	-1499.132	3.478
1429.200	-1499.124	3.478
1429.400	-1499.144	3.478
1429.600	-1499.141	3.478
1429.800	-1499.155	3.478
1430.000	-1499.140	3.478
1430.200	-1499.150	3.478
1430.400	-1499.146	3.478
1430.600	-1499.141	3.478
1430.800	-1499.131	3.478
1431.000	-1499.132	3.478
1431.200	-1499.149	3.478
1431.400	-1499.131	3.478
1431.600	-1499.136	3.478
1431.800	-1499.117	3.478
1432.000	-1499.140	3.478
1432.200	-1499.138	3.478
1432.400	-1499.148	3.478
1432.600	-1499.167	3.478
1432.800	-1499.153	3.478
1433.000	-1499.148	3.478
1433.200	-1499.141	3.478
1433.400	-1499.132	3.478
1433.600	-1499.141	3.478
1433.800	-1499.119	3.478
1434.000	-1499.121	3.478
1434.200	-1499.127	3.478
1434.400	-1499.127	3.478
1434.600	-1499.122	3.478
1434.800	-1499.138	3.478
1435.000	-1499.126	3.478
1435.200	-1499.126	3.478
1435.400	-1499.133	3.478
1435.600	-1499.136	3.478
1435.800	-1499.139	3.477
1436.000	-1499.135	3.477
1436.200	-1499.142	3.477
1436.400	-1499.147	3.477
1436.600	-1499.143	3.477
1436.800	-1499.152	3.477
1437.000	-1499.150	3.477
1437.200	-1499.151	3.477
1437.400	-1499.136	3.477
1437.600	-1499.142	3.477
1437.800	-1499.149	3.477
1438.000	-1499.161	3.477
1438.200	-1499.150	3.477
1438.400	-1499.154	3.477
1438.600	-1499.137	3.477
1438.800	-1499.147	3.477
1439.000	-1499.140	3.477
1439.200	-1499.125	3.477
1439.400	-1499.132	3.477
1439.600	-1499.131	3.477
1439.800	-1499.129	3.477
1440.000	-1499.144	3.477
1440.200	-1499.149	3.477
1440.400	-1499.141	3.477
1440.600	-1499.143	3.477
1440.800	-1499.144	3.477
1441.000	-1499.155	3.477
1441.200	-1499.155	3.477
1441.400	-1499.152	3.477
1441.600	-1499.133	3.477
1441.800	-1499.144	3.477
1442.000	-1499.120	3.477
1442.200	-1499.141	3.477
1442.400	-1499.136	3.477
1442.600	-1499.147	3.477
1442.800	-1499.138	3.477
1443.000	-1499.137	3.477
1443.200	-1499.144	3.477
1443.400	-1499.131	3.477
1443.600	-1499.131	3.477
1443.800	-1499.139	3.477
1444.000	-1499.128	3.476
1444.200	-1499.138	3.476
1444.400	-1499.141	3.476
1444.600	-1499.141	3.476
1444.800	-1499.145	3.476
1445.000	-1499.137	3.476
1445.200	-1499.135	3.476
1445.400	-1499.122	3.476
1445.600	-1499.127	3.476
1445.800	-1499.128	3.476
1446.000	-1499.148	3.476
1446.200	-1499.141	3.476
1446.400	-1499.120	3.476
1446.600	-1499.136	3.476
1446.800	-1499.136	3.476
1447.000	-1499.126	3.476
1447.200	-1499.152	3.476
1447.400	-1499.135	3.476
1447.600	-1499.136	3.476
1447.800	-1499.143	3.476
1448.000	-1499.141	3.476
1448.200	-1499.153	3.476
1448.400	-1499.152	3.476
1448.600	-1499.133	3.476
1448.800	-1499.123	3.476
1449.000	-1499.139	3.476
1449.200	-1499.149	3.476
1449.400	-1499.144	3.476
1449.600	-1499.147	3.476
1449.800	-1499.158	3.476
1450.000	-1499.154	3.476
1450.200	-1499.148	3.476
1450.400	-1499.147	3.476
1450.600	-1499.149	3.476
1450.800	-1499.148	3.476
1451.000	-1499.156	3.476
1451.200	-1499.144	3.476
1451.400	-1499.142	3.476
1451.600	-1499.153	3.476
1451.800	-1499.154	3.476
1452.000	-1499.150	3.475
1452.200	-1499.133	3.475
1452.400	-1499.138	3.475
1452.600	-1499.167	3.475
1452.800	-1499.153	3.475
1453.000	-1499.164	3.475
1453.200	-1499.146	3.475
1453.400	-1499.145	3.475
1453.600	-1499.138	3.475
1453.800	-1499.146	3.475
1454.000	-1499.144	3.475
1454.200	-1499.137	3.475
1454.400	-1499.146	3.475
1454.600	-1499.139	3.475
1454.800	-1499.145	3.475
1455.000	-1499.149	3.475
1455.200	-1499.140	3.475
1455.400	-1499.138	3.475
1455.600	-1499.132	3.475
1455.800	-1499.136	3.475
1456.000	-1499.151	3.475
1456.200	-1499.138	3.475
1456.400	-1499.139	3.475
1456.600	-1499.143	3.475
1456.800	-1499.145	3.475
1457.000	-1499.136	3.475
1457.200	-1499.138	3.475
1457.400	-1499.143	3.475
1457.600	-1499.137	3.475
1457.800	-1499.136	3.475
1458.000	-1499.145	3.475
1458.200	-1499.137	3.475
1458.400	-1499.142	3.475
1458.600	-1499.153	3.475
1458.800	-1499.139	3.475
1459.000	-1499.141	3.475
1459.200	-1499.147	3.475
1459.400	-1499.135	3.475
1459.600	-1499.141	3.475
1459.800	-1499.127	3.474
1460.000	-1499.124	3.474
1460.200	-1499.126	3.474
1460.400	-1499.133	3.474
1460.600	-1499.141	3.474
1460.800	-1499.140	3.474
1461.000	-1499.134	3.474
1461.200	-1499.123	3.474
1461.400	-1499.131	3.474
1461.600	-1499.133	3.474
1461.800	-1499.131	3.474
1462.000	-1499.141	3.474
1462.200	-1499.134	3.474
1462.400	-1499.139	3.474
1462.600	-1499.143	3.474
1462.800	-1499.151	3.474
1463.000	-1499.142	3.474
1463.200	-1499.155	3.474
1463.400	-1499.131	3.474
1463.600	-1499.130	3.474
1463.800	-1499.163	3.474
1464.000	-1499.159	3.474
1464.200	-1499.155	3.474
1464.400	-1499.145	3.474
1464.600	-1499.150	3.474
1464.800	-1499.139	3.474
1465.000	-1499.155	3.474
1465.200	-1499.146	3.474
1465.400	-1499.151	3.474
1465.600	-1499.135	3.474
1465.800	-1499.132	3.474
1466.000	-1499.133	3.474
1466.200	-1499.133	3.474
1466.400	-1499.150	3.474
1466.600	-1499.129	3.474
1466.800	-1499.131	3.474
1467.000	-1499.119	3.474
1467.200	-1499.140	3.474
1467.400	-1499.140	3.474
1467.600	-1499.112	3.474
1467.800	-1499.136	3.473
1468.000	-1499.141	3.473
1468.200	-1499.133	3.473
1468.400	-1499.140	3.473
1468.600	-1499.135	3.473
1468.800	-1499.133	3.473
1469.000	-1499.141	3.473
1469.200	-1499.140	3.473
1469.400	-1499.146	3.473
1469.600	-1499.139	3.473
1469.800	-1499.127	3.473
1470.000	-1499.145	3.473
1470.200	-1499.130	3.473
1470.400	-1499.124	3.473
1470.600	-1499.121	3.473
1470.800	-1499.130	3.473
1471.000	-1499.142	3.473
1471.200	-1499.151	3.473
1471.400	-1499.143	3.473
1471.600	-1499.138	3.473
1471.800	-1499.125	3.473
1472.000	-1499.147	3.473
1472.200	-1499.140	3.473
1472.400	-1499.141	3.473
1472.600	-1499.142	3.473
1472.800	-1499.134	3.473
1473.000	-1499.138	3.473
1473.200	-1499.144	3.473
1473.400	-1499.138	3.473
1473.600	-1499.144	3.473
1473.800	-1499.140	3.473
1474.000	-1499.138	3.473
1474.200	-1499.125	3.473
1474.400	-1499.127	3.473
1474.600	-1499.143	3.473
1474.800	-1499.129	3.473
1475.000	-1499.137	3.473
1475.200	-1499.140	3.473
1475.400	-1499.128	3.473
1475.600	-1499.134	3.472
1475.800	-1499.143	3.472
1476.000	-1499.136	3.472
1476.200	-1499.141	3.472
1476.400	-1499.146	3.472
1476.600	-1499.140	3.472
1476.800	-1499.134	3.472
1477.000	-1499.131	3.472
1477.200	-1499.133	3.472
1477.400	-1499.127	3.472
1477.600	-1499.130	3.472
1477.800	-1499.152	3.472
1478.000	-1499.128	3.472
1478.200	-1499.123	3.472
1478.400	-1499.129	3.472
1478.600	-1499.129	3.472
1478.800	-1499.143	3.472
1479.000	-1499.137	3.472
1479.200	-1499.141	3.472
1479.400	-1499.131	3.472
1479.600	-1499.159	3.472
1479.800	-1499.143	3.472
1480.000	-1499.142	3.472
1480.200	-1499.147	3.472
1480.400	-1499.140	3.472
1480.600	-1499.138	3.472
1480.800	-1499.120	3.472
1481.000	-1499.148	3.472
1481.200	-1499.120	3.472
1481.400	-1499.132	3.472
1481.600	-1499.138	3.472
1481.800	-1499.140	3.472
1482.000	-1499.127	3.472
1482.200	-1499.139	3.472
1482.400	-1499.125	3.472
1482.600	-1499.111	3.472
1482.800	-1499.135	3.472
1483.000	-1499.130	3.472
1483.200	-1499.150	3.472
1483.400	-1499.139	3.471
1483.600	-1499.138	3.471
1483.800	-1499.153	3.471
1484.000	-1499.153	3.471
1484.200	-1499.145	3.471
1484.400	-1499.145	3.471
1484.600	-1499.134	3.471
1484.800	-1499.153	3.471
1485.000	-1499.139	3.471
1485.200	-1499.135	3.471
1485.400	-1499.131	3.471
1485.600	-1499.128	3.471
1485.800	-1499.132	3.471
1486.000	-1499.131	3.471
1486.200	-1499.131	3.471
1486.400	-1499.136	3.471
1486.600	-1499.125	3.471
1486.800	-1499.133	3.471
1487.000	-1499.120	3.471
1487.200	-1499.135	3.471
1487.400	-1499.121	3.471
1487.600	-1499.120	3.471
1487.800	-1499.111	3.471
1488.000	-1499.124	3.471
1488.200	-1499.141	3.471
1488.400	-1499.133	3.471
1488.600	-1499.132	3.471
1488.800	-1499.139	3.471
1489.000	-1499.152	3.471
1489.200	-1499.122	3.471
1489.400	-1499.140	3.471
1489.600	-1499.125	3.471
1489.800	-1499.135	3.471
1490.000	-1499.126	3.471
1490.200	-1499.128	3.471
1490.400	-1499.139	3.471
1490.600	-1499.126	3.471
1490.800	-1499.122	3.471
1491.000	-1499.133	3.471
1491.200	-1499.122	3.471
1491.400	-1499.138	3.471
1491.600	-1499.137	3.471
1491.800	-1499.135	3.471
1492.000	-1499.146	3.471
1492.200	-1499.136	3.471
1492.400	-1499.129	3.470
1492.600	-1499.121	3.470
1492.800	-1499.133	3.470
1493.000	-1499.124	3.470
1493.200	-1499.118	3.470
1493.400	-1499.120	3.470
1493.600	-1499.130	3.470
1493.800	-1499.135	3.470
1494.000	-1499.135	3.470
1494.200	-1499.131	3.470
1494.400	-1499.130	3.470
1494.600	-1499.140	3.470
1494.800	-1499.122	3.470
1495.000	-1499.136	3.470
1495.200	-1499.135	3.470
1495.400	-1499.125	3.470
1495.600	-1499.116	3.470
1495.800	-1499.131	3.470
1496.000	-1499.132	3.470
1496.200	-1499.124	3.470
1496.400	-1499.141	3.470
1496.600	-1499.121	3.470
1496.800	-1499.125	3.470
1497.000	-1499.137	3.470
1497.200	-1499.132	3.470
1497.400	-1499.133	3.470
1497.600	-1499.126	3.470
1497.800	-1499.134	3.470
1498.000	-1499.140	3.470
1498.200	-1499.123	3.470
1498.400	-1499.130	3.470
1498.600	-1499.138	3.470
1498.800	-1499.134	3.470
1499.000	-1499.141	3.470
1499.200	-1499.144	3.470
1499.400	-1499.144	3.470
1499.600	-1499.131	3.470
1499.800	-1499.140	3.470
1500.000	-1499.135	3.470
1500.200	-1499.129	3.470
1500.400	-1499.121	3.470
1500.600	-1499.129	3.470
1500.800	-1499.125	3.470
1501.000	-1499.134	3.469
1501.200	-1499.129	3.469
1501.400	-1499.134	3.469
1501.600	-1499.133	3.469
1501.800	-1499.140	3.469
1502.000	-1499.125	3.469
1502.200	-1499.157	3.469
1502.400	-1499.135	3.469
1502.600	-1499.141	3.469
1502.800	-1499.138	3.469
1503.000	-1499.139	3.469
1503.200	-1499.130	3.469
1503.400	-1499.134	3.469
1503.600	-1499.135	3.469
1503.800	-1499.136	3.469
1504.000	-1499.133	3.469
1504.200	-1499.139	3.469
1504.400	-1499.122	3.469
1504.600	-1499.125	3.469
1504.800	-1499.130	3.469
1505.000	-1499.141	3.469
1505.200	-1499.131	3.469
1505.400	-1499.141	3.469
1505.600	-1499.124	3.469
1505.800	-1499.139	3.469
1506.000	-1499.144	3.469
1506.200	-1499.137	3.469
1506.400	-1499.148	3.469
1506.600	-1499.130	3.469
1506.800	-1499.135	3.469
1507.000	-1499.122	3.469
1507.200	-1499.130	3.469
1507.400	-1499.121	3.469
1507.600	-1499.114	3.469
1507.800	-1499.124	3.469
1508.000	-1499.131	3.469
1508.200	-1499.123	3.469
1508.400	-1499.125	3.469
1508.600	-1499.131	3.469
1508.800	-1499.128	3.469
1509.000	-1499.125	3.468
1509.200	-1499.137	3.468
1509.400	-1499.126	3.468
1509.600	-1499.127	3.468
1509.800	-1499.126	3.468
1510.000	-1499.134	3.468
1510.200	-1499.114	3.468
1510.400	-1499.121	3.468
1510.600	-1499.121	3.468
1510.800	-1499.107	3.468
1511.000	-1499.116	3.468
1511.200	-1499.115	3.468
1511.400	-1499.122	3.468
1511.600	-1499.126	3.468
1511.800	-1499.133	3.468
1512.000	-1499.135	3.468
1512.200	-1499.114	3.468
1512.400	-1499.125	3.468
1512.600	-1499.133	3.468
1512.800	-1499.129	3.468
1513.000	-1499.103	3.468
1513.200	-1499.123	3.468
1513.400	-1499.120	3.468
1513.600	-1499.110	3.468
1513.800	-1499.134	3.468
1514.000	-1499.129	3.468
1514.200	-1499.125	3.468
1514.400	-1499.129	3.468
1514.600	-1499.126	3.468
1514.800	-1499.130	3.468
1515.000	-1499.119	3.468
1515.200	-1499.125	3.468
1515.400	-1499.137	3.468
1515.600	-1499.129	3.468
1515.800	-1499.121	3.468
1516.000	-1499.120	3.468
1516.200	-1499.137	3.468
1516.400	-1499.121	3.468
1516.600	-1499.135	3.468
1516.800	-1499.137	3.468
1517.000	-1499.130	3.468
1517.200	-1499.132	3.468
1517.400	-1499.129	3.468
1517.600	-1499.138	3.468
1517.800	-1499.137	3.468
1518.000	-1499.132	3.468
1518.200	-1499.130	3.468
1518.400	-1499.139	3.468
1518.600	-1499.130	3.467
1518.800	-1499.130	3.467
1519.000	-1499.135	3.467
1519.200	-1499.133	3.467
1519.400	-1499.123	3.467
1519.600	-1499.124	3.467
1519.800	-1499.123	3.467
1520.000	-1499.111	3.467
1520.200	-1499.130	3.467
1520.400	-1499.122	3.467
1520.600	-1499.131	3.467
1520.800	-1499.122	3.467
1521.000	-1499.125	3.467
1521.200	-1499.135	3.467
1521.400	-1499.133	3.467
1521.600	-1499.135	3.467
1521.800	-1499.122	3.467
1522.000	-1499.146	3.467
1522.200	-1499.132	3.467
1522.400	-1499.131	3.467
1522.600	-1499.132	3.467
1522.800	-1499.132	3.467
1523.000	-1499.133	3.467
1523.200	-1499.128	3.467
1523.400	-1499.117	3.467
1523.600	-1499.126	3.467
1523.800	-1499.118	3.467
1524.000	-1499.154	3.467
1524.200	-1499.129	3.467
1524.400	-1499.139	3.467
1524.600	-1499.141	3.467
1524.800	-1499.149	3.467
1525.000	-1499.140	3.467
1525.200	-1499.147	3.467
1525.400	-1499.145	3.467
1525.600	-1499.141	3.467
1525.800	-1499.150	3.467
1526.000	-1499.138	3.467
1526.200	-1499.152	3.467
1526.400	-1499.129	3.467
1526.600	-1499.138	3.467
1526.800	-1499.140	3.467
1527.000	-1499.130	3.466
1527.200	-1499.142	3.466
1527.400	-1499.149	3.466
1527.600	-1499.137	3.466
1527.800	-1499.125	3.466
1528.000	-1499.129	3.466
1528.200	-1499.128	3.466
1528.400	-1499.131	3.466
1528.600	-1499.120	3.466
1528.800	-1499.141	3.466
1529.000	-1499.145	3.466
1529.200	-1499.144	3.466
1529.400	-1499.134	3.466
1529.600	-1499.133	3.466
1529.800	-1499.138	3.466
1530.000	-1499.131	3.466
1530.200	-1499.137	3.466
1530.400	-1499.144	3.466
1530.600	-1499.139	3.466
1530.800	-1499.149	3.466
1531.000	-1499.138	3.466
1531.200	-1499.139	3.466
1531.400	-1499.130	3.466
1531.600	-1499.135	3.466
1531.800	-1499.132	3.466
1532.000	-1499.129	3.466
1532.200	-1499.140	3.466
1532.400	-1499.130	3.466
1532.600	-1499.132	3.466
1532.800	-1499.153	3.466
1533.000	-1499.140	3.466
1533.200	-1499.130	3.466
1533.400	-1499.131	3.466
1533.600	-1499.130	3.466
1533.800	-1499.129	3.466
1534.000	-1499.137	3.466
1534.200	-1499.149	3.466
1534.400	-1499.138	3.466
1534.600	-1499.158	3.466
1534.800	-1499.137	3.466
1535.000	-1499.146	3.466
1535.200	-1499.135	3.466
1535.400	-1499.152	3.465
1535.600	-1499.127	3.465
1535.800	-1499.133	3.465
1536.000	-1499.129	3.465
1536.200	-1499.142	3.465
1536.400	-1499.136	3.465
1536.600	-1499.145	3.465
1536.800	-1499.129	3.465
1537.000	-1499.143	3.465
1537.200	-1499.144	3.465
1537.400	-1499.135	3.465
1537.600	-1499.127	3.465
1537.800	-1499.139	3.465
1538.000	-1499.138	3.465
1538.200	-1499.121	3.465
1538.400	-1499.135	3.465
1538.600	-1499.132	3.465
1538.800	-1499.125	3.465
1539.000	-1499.125	3.465
1539.200	-1499.147	3.465
1539.400	-1499.119	3.465
1539.600	-1499.129	3.465
1539.800	-1499.131	3.465
1540.000	-1499.125	3.465
1540.200	-1499.136	3.465
1540.400	-1499.126	3.465
1540.600	-1499.115	3.465
1540.800	-1499.124	3.465
1541.000	-1499.138	3.465
1541.200	-1499.121	3.465
1541.400	-1499.150	3.465
1541.600	-1499.132	3.465
1541.800	-1499.149	3.465
1542.000	-1499.127	3.465
1542.200	-1499.159	3.465
1542.400	-1499.144	3.465
1542.600	-1499.130	3.465
1542.800	-1499.134	3.465
1543.000	-1499.140	3.465
1543.200	-1499.150	3.465
1543.400	-1499.153	3.465
1543.600	-1499.149	3.465
1543.800	-1499.133	3.465
1544.000	-1499.134	3.465
1544.200	-1499.135	3.465
1544.400	-1499.134	3.465
1544.600	-1499.133	3.465
1544.800	-1499.140	3.465
1545.000	-1499.133	3.464
1545.200	-1499.127	3.464
1545.400	-1499.141	3.464
1545.600	-1499.126	3.464
1545.800	-1499.117	3.464
1546.000	-1499.119	3.464
1546.200	-1499.133	3.464
1546.400	-1499.143	3.464
1546.600	-1499.132	3.464
1546.800	-1499.127	3.464
1547.000	-1499.143	3.464
1547.200	-1499.141	3.464
1547.400	-1499.148	3.464
1547.600	-1499.143	3.464
1547.800	-1499.133	3.464
1548.000	-1499.128	3.464
1548.200	-1499.142	3.464
1548.400	-1499.146	3.464
1548.600	-1499.138	3.464
1548.800	-1499.153	3.464
1549.000	-1499.142	3.464
1549.200	-1499.133	3.464
1549.400	-1499.139	3.464
1549.600	-1499.153	3.464
1549.800	-1499.148	3.464
1550.000	-1499.130	3.464
1550.200	-1499.143	3.464
1550.400	-1499.153	3.464
1550.600	-1499.143	3.464
1550.800	-1499.152	3.464
1551.000	-1499.130	3.464
1551.200	-1499.115	3.464
1551.400	-1499.129	3.464
1551.600	-1499.124	3.464
1551.800	-1499.125	3.464
1552.000	-1499.141	3.464
1552.200	-1499.127	3.464
1552.400	-1499.135	3.464
1552.600	-1499.142	3.464
1552.800	-1499.132	3.464
1553.000	-1499.133	3.464
1553.200	-1499.147	3.464
1553.400	-1499.140	3.464
1553.600	-1499.143	3.464
1553.800	-1499.147	3.464
1554.000	-1499.135	3.464
1554.200	-1499.144	3.464
1554.400	-1499.164	3.464
1554.600	-1499.139	3.464
1554.800	-1499.155	3.463
1555.000	-1499.154	3.463
1555.200	-1499.144	3.463
1555.400	-1499.150	3.463
1555.600	-1499.155	3.463
1555.800	-1499.137	3.463
1556.000	-1499.153	3.463
1556.200	-1499.153	3.463
1556.400	-1499.144	3.463
1556.600	-1499.148	3.463
1556.800	-1499.140	3.463
1557.000	-1499.138	3.463
1557.200	-1499.146	3.463
1557.400	-1499.149	3.463
1557.600	-1499.156	3.463
1557.800	-1499.144	3.463
1558.000	-1499.162	3.463
1558.200	-1499.141	3.463
1558.400	-1499.147	3.463
1558.600	-1499.151	3.463
1558.800	-1499.137	3.463
1559.000	-1499.154	3.463
1559.200	-1499.149	3.463
1559.400	-1499.139	3.463
1559.600	-1499.165	3.463
1559.800	-1499.164	3.463
1560.000	-1499.138	3.463
1560.200	-1499.151	3.463
1560.400	-1499.143	3.463
1560.600	-1499.150	3.463
1560.800	-1499.144	3.463
1561.000	-1499.151	3.463
1561.200	-1499.137	3.463
1561.400	-1499.140	3.463
1561.600	-1499.151	3.463
1561.800	-1499.153	3.463
1562.000	-1499.138	3.463
1562.200	-1499.145	3.463
1562.400	-1499.148	3.463
1562.600	-1499.146	3.463
1562.800	-1499.138	3.463
1563.000	-1499.138	3.463
1563.200	-1499.143	3.462
1563.400	-1499.143	3.463
1563.600	-1499.158	3.462
1563.800	-1499.153	3.462
1564.000	-1499.146	3.462
1564.200	-1499.139	3.462
1564.400	-1499.150	3.462
1564.600	-1499.136	3.462
1564.800	-1499.155	3.462
1565.000	-1499.141	3.462
1565.200	-1499.157	3.462
1565.400	-1499.133	3.462
1565.600	-1499.138	3.462
1565.800	-1499.142	3.462
1566.000	-1499.141	3.462
1566.200	-1499.133	3.462
1566.400	-1499.148	3.462
1566.600	-1499.127	3.462
1566.800	-1499.142	3.462
1567.000	-1499.139	3.462
1567.200	-1499.146	3.462
1567.400	-1499.132	3.462
1567.600	-1499.127	3.462
1567.800	-1499.142	3.462
1568.000	-1499.149	3.462
1568.200	-1499.125	3.462
1568.400	-1499.154	3.462
1568.600	-1499.137	3.462
1568.800	-1499.130	3.462
1569.000	-1499.145	3.462
1569.200	-1499.166	3.462
1569.400	-1499.151	3.462
1569.600	-1499.148	3.462
1569.800	-1499.152	3.462
1570.000	-1499.145	3.462
1570.200	-1499.146	3.462
1570.400	-1499.146	3.462
1570.600	-1499.140	3.462
1570.800	-1499.145	3.462
1571.000	-1499.142	3.462
1571.200	-1499.138	3.462
1571.400	-1499.155	3.462
1571.600	-1499.144	3.462
1571.800	-1499.146	3.462
1572.000	-1499.130	3.462
1572.200	-1499.154	3.462
1572.400	-1499.155	3.462
1572.600	-1499.145	3.462
1572.800	-1499.126	3.461
1573.000	-1499.132	3.461
1573.200	-1499.132	3.461
1573.400	-1499.159	3.461
1573.600	-1499.149	3.461
1573.800	-1499.148	3.461
1574.000	-1499.140	3.461
1574.200	-1499.141	3.461
1574.400	-1499.144	3.461
1574.600	-1499.149	3.461
1574.800	-1499.157	3.461
1575.000	-1499.136	3.461
1575.200	-1499.142	3.461
1575.400	-1499.142	3.461
1575.600	-1499.143	3.461
1575.800	-1499.153	3.461
1576.000	-1499.149	3.461
1576.200	-1499.141	3.461
1576.400	-1499.141	3.461
1576.600	-1499.140	3.461
1576.800	-1499.141	3.461
1577.000	-1499.149	3.461
1577.200	-1499.133	3.461
1577.400	-1499.135	3.461
1577.600	-1499.127	3.461
1577.800	-1499.139	3.461
1578.000	-1499.151	3.461
1578.200	-1499.153	3.461
1578.400	-1499.144	3.461
1578.600	-1499.151	3.461
1578.800	-1499.141	3.461
1579.000	-1499.141	3.461
1579.200	-1499.143	3.461
1579.400	-1499.120	3.461
1579.600	-1499.119	3.461
1579.800	-1499.134	3.461
1580.000	-1499.138	3.461
1580.200	-1499.129	3.461
1580.400	-1499.133	3.461
1580.600	-1499.141	3.461
1580.800	-1499.131	3.461
1581.000	-1499.149	3.461
1581.200	-1499.154	3.461
1581.400	-1499.155	3.461
1581.600	-1499.147	3.461
1581.800	-1499.137	3.461
1582.000	-1499.141	3.460
1582.200	-1499.152	3.460
1582.400	-1499.137	3.460
1582.600	-1499.152	3.460
1582.800	-1499.133	3.460
1583.000	-1499.141	3.460
1583.200	-1499.161	3.460
1583.400	-1499.144	3.460
1583.600	-1499.153	3.460
1583.800	-1499.149	3.460
1584.000	-1499.151	3.460
1584.200	-1499.158	3.460
1584.400	-1499.134	3.460
1584.600	-1499.141	3.460
1584.800	-1499.144	3.460
1585.000	-1499.150	3.460
1585.200	-1499.133	3.460
1585.400	-1499.141	3.460
1585.600	-1499.140	3.460
1585.800	-1499.143	3.460
1586.000	-1499.136	3.460
1586.200	-1499.137	3.460
1586.400	-1499.138	3.460
1586.600	-1499.152	3.460
1586.800	-1499.142	3.460
1587.000	-1499.147	3.460
1587.200	-1499.156	3.460
1587.400	-1499.145	3.460
1587.600	-1499.154	3.460
1587.800	-1499.146	3.460
1588.000	-1499.151	3.460
1588.200	-1499.156	3.460
1588.400	-1499.148	3.460
1588.600	-1499.149	3.460
1588.800	-1499.144	3.460
1589.000	-1499.152	3.460
1589.200	-1499.146	3.460
1589.400	-1499.137	3.460
1589.600	-1499.117	3.460
1589.800	-1499.149	3.460
1590.000	-1499.133	3.460
1590.200	-1499.140	3.460
1590.400	-1499.126	3.459
1590.600	-1499.140	3.460
1590.800	-1499.142	3.460
1591.000	-1499.140	3.459
1591.200	-1499.132	3.459
1591.400	-1499.138	3.459
1591.600	-1499.139	3.459
1591.800	-1499.126	3.459
1592.000	-1499.140	3.459
1592.200	-1499.125	3.459
1592.400	-1499.148	3.459
1592.600	-1499.138	3.459
1592.800	-1499.148	3.459
1593.000	-1499.121	3.459
1593.200	-1499.147	3.459
1593.400	-1499.137	3.459
1593.600	-1499.149	3.459
1593.800	-1499.143	3.459
1594.000	-1499.139	3.459
1594.200	-1499.147	3.459
1594.400	-1499.144	3.459
1594.600	-1499.151	3.459
1594.800	-1499.126	3.459
1595.000	-1499.157	3.459
1595.200	-1499.150	3.459
1595.400	-1499.138	3.459
1595.600	-1499.147	3.459
1595.800	-1499.144	3.459
1596.000	-1499.150	3.459
1596.200	-1499.149	3.459
1596.400	-1499.156	3.459
1596.600	-1499.136	3.459
1596.800	-1499.162	3.459
1597.000	-1499.143	3.459
1597.200	-1499.146	3.459
1597.400	-1499.136	3.459
1597.600	-1499.144	3.459
1597.800	-1499.148	3.459
1598.000	-1499.147	3.459
1598.200	-1499.162	3.459
1598.400	-1499.152	3.459
1598.600	-1499.151	3.459
1598.800	-1499.162	3.459
1599.000	-1499.162	3.459
1599.200	-1499.153	3.459
1599.400	-1499.164	3.459
1599.600	-1499.165	3.459
1599.800	-1499.168	3.459
1600.000	-1499.160	3.459
1600.200	-1499.156	3.459
1600.400	-1499.152	3.459
1600.600	-1499.156	3.458
1600.800	-1499.153	3.458
1601.000	-1499.151	3.458
1601.200	-1499.169	3.458
1601.400	-1499.157	3.458
1601.600	-1499.154	3.458
1601.800	-1499.149	3.458
1602.000	-1499.156	3.458
1602.200	-1499.145	3.458
1602.400	-1499.138	3.458
1602.600	-1499.129	3.458
1602.800	-1499.136	3.458
1603.000	-1499.124	3.458
1603.200	-1499.148	3.458
1603.400	-1499.152	3.458
1603.600	-1499.148	3.458
1603.800	-1499.153	3.458
1604.000	-1499.137	3.458
1604.200	-1499.150	3.458
1604.400	-1499.138	3.458
1604.600	-1499.150	3.458
1604.800	-1499.147	3.458
1605.000	-1499.145	3.458
1605.200	-1499.136	3.458
1605.400	-1499.150	3.458
1605.600	-1499.153	3.458
1605.800	-1499.151	3.458
1606.000	-1499.160	3.458
1606.200	-1499.161	3.458
1606.400	-1499.138	3.458
1606.600	-1499.143	3.458
1606.800	-1499.151	3.458
1607.000	-1499.147	3.458
1607.200	-1499.143	3.458
1607.400	-1499.145	3.458
1607.600	-1499.146	3.458
1607.800	-1499.141	3.458
1608.000	-1499.143	3.458
1608.200	-1499.157	3.458
1608.400	-1499.145	3.458
1608.600	-1499.135	3.458
1608.800	-1499.140	3.458
1609.000	-1499.136	3.458
1609.200	-1499.128	3.458
1609.400	-1499.132	3.458
1609.600	-1499.137	3.458
1609.800	-1499.134	3.458
1610.000	-1499.133	3.457
1610.200	-1499.146	3.457
1610.400	-1499.138	3.457
1610.600	-1499.149	3.457
1610.800	-1499.135	3.457
1611.000	-1499.150	3.457
1611.200	-1499.146	3.457
1611.400	-1499.154	3.457
1611.600	-1499.150	3.457
1611.800	-1499.154	3.457
1612.000	-1499.136	3.457
1612.200	-1499.151	3.457
1612.400	-1499.154	3.457
1612.600	-1499.132	3.457
1612.800	-1499.143	3.457
1613.000	-1499.135	3.457
1613.200	-1499.151	3.457
1613.400	-1499.165	3.457
1613.600	-1499.153	3.457
1613.800	-1499.135	3.457
1614.000	-1499.143	3.457
1614.200	-1499.145	3.457
1614.400	-1499.161	3.457
1614.600	-1499.143	3.457
1614.800	-1499.156	3.457
1615.000	-1499.137	3.457
1615.200	-1499.158	3.457
1615.400	-1499.148	3.457
1615.600	-1499.152	3.457
1615.800	-1499.154	3.457
1616.000	-1499.164	3.457
1616.200	-1499.148	3.457
1616.400	-1499.134	3.457
1616.600	-1499.144	3.457
1616.800	-1499.152	3.457
1617.000	-1499.139	3.457
1617.200	-1499.156	3.457
1617.400	-1499.164	3.457
1617.600	-1499.168	3.457
1617.800	-1499.156	3.457
1618.000	-1499.168	3.457
1618.200	-1499.151	3.457
1618.400	-1499.147	3.457
1618.600	-1499.150	3.456
1618.800	-1499.155	3.456
1619.000	-1499.146	3.456
1619.200	-1499.155	3.456
1619.400	-1499.143	3.456
1619.600	-1499.138	3.456
1619.800	-1499.149	3.456
1620.000	-1499.146	3.456
1620.200	-1499.165	3.456
1620.400	-1499.161	3.456
1620.600	-1499.157	3.456
1620.800	-1499.145	3.456
1621.000	-1499.149	3.456
1621.200	-1499.151	3.456
1621.400	-1499.131	3.456
1621.600	-1499.153	3.456
1621.800	-1499.145	3.456
1622.000	-1499.146	3.456
1622.200	-1499.148	3.456
1622.400	-1499.155	3.456
1622.600	-1499.148	3.456
1622.800	-1499.149	3.456
1623.000	-1499.143	3.456
1623.200	-1499.146	3.456
1623.400	-1499.137	3.456
1623.600	-1499.150	3.456
1623.800	-1499.135	3.456
1624.000	-1499.137	3.456
1624.200	-1499.138	3.456
1624.400	-1499.142	3.456
1624.600	-1499.138	3.456
1624.800	-1499.141	3.456
1625.000	-1499.134	3.456
1625.200	-1499.141	3.456
1625.400	-1499.140	3.456
1625.600	-1499.131	3.456
1625.800	-1499.138	3.456
1626.000	-1499.137	3.456
1626.200	-1499.141	3.456
1626.400	-1499.136	3.456
1626.600	-1499.136	3.456
1626.800	-1499.154	3.456
1627.000	-1499.142	3.456
1627.200	-1499.139	3.456
1627.400	-1499.150	3.456
1627.600	-1499.126	3.456
1627.800	-1499.127	3.456
1628.000	-1499.144	3.456
1628.200	-1499.139	3.456
1628.400	-1499.136	3.456
1628.600	-1499.155	3.456
1628.800	-1499.131	3.455
1629.000	-1499.146	3.455
1629.200	-1499.128	3.455
1629.400	-1499.134	3.455
1629.600	-1499.143	3.455
1629.800	-1499.151	3.455
1630.000	-1499.148	3.455
1630.200	-1499.133	3.455
1630.400	-1499.131	3.455
1630.600	-1499.135	3.455
1630.800	-1499.137	3.455
1631.000	-1499.134	3.455
1631.200	-1499.129	3.455
1631.400	-1499.145	3.455
1631.600	-1499.131	3.455
1631.800	-1499.130	3.455
1632.000	-1499.137	3.455
1632.200	-1499.133	3.455
1632.400	-1499.141	3.455
1632.600	-1499.131	3.455
1632.800	-1499.128	3.455
1633.000	-1499.126	3.455
1633.200	-1499.129	3.455
1633.400	-1499.132	3.455
1633.600	-1499.133	3.455
1633.800	-1499.132	3.455
1634.000	-1499.149	3.455
1634.200	-1499.131	3.455
1634.400	-1499.130	3.455
1634.600	-1499.122	3.455
1634.800	-1499.130	3.455
1635.000	-1499.138	3.455
1635.200	-1499.139	3.455
1635.400	-1499.141	3.455
1635.600	-1499.139	3.455
1635.800	-1499.142	3.455
1636.000	-1499.123	3.455
1636.200	-1499.137	3.455
1636.400	-1499.140	3.455
1636.600	-1499.129	3.455
1636.800	-1499.138	3.455
1637.000	-1499.125	3.455
1637.200	-1499.134	3.455
1637.400	-1499.130	3.455
1637.600	-1499.115	3.455
1637.800	-1499.135	3.455
1638.000	-1499.130	3.455
1638.200	-1499.130	3.455
1638.400	-1499.143	3.455
1638.600	-1499.140	3.455
1638.800	-1499.129	3.454
1639.000	-1499.144	3.454
1639.200	-1499.150	3.454
1639.400	-1499.148	3.454
1639.600	-1499.142	3.454
1639.800	-1499.136	3.454
1640.000	-1499.137	3.454
1640.200	-1499.146	3.454
1640.400	-1499.138	3.454
1640.600	-1499.141	3.454
1640.800	-1499.143	3.454
1641.000	-1499.143	3.454
1641.200	-1499.131	3.454
1641.400	-1499.134	3.454
1641.600	-1499.133	3.454
1641.800	-1499.130	3.454
1642.000	-1499.150	3.454
1642.200	-1499.139	3.454
1642.400	-1499.132	3.454
1642.600	-1499.142	3.454
1642.800	-1499.139	3.454
1643.000	-1499.140	3.454
1643.200	-1499.132	3.454
1643.400	-1499.138	3.454
1643.600	-1499.127	3.454
1643.800	-1499.144	3.454
1644.000	-1499.136	3.454
1644.200	-1499.130	3.454
1644.400	-1499.141	3.454
1644.600	-1499.153	3.454
1644.800	-1499.150	3.454
1645.000	-1499.145	3.454
1645.200	-1499.138	3.454
1645.400	-1499.130	3.454
1645.600	-1499.132	3.454
1645.800	-1499.145	3.454
1646.000	-1499.147	3.454
1646.200	-1499.145	3.454
1646.400	-1499.159	3.454
1646.600	-1499.137	3.454
1646.800	-1499.145	3.454
1647.000	-1499.142	3.454
1647.200	-1499.148	3.454
1647.400	-1499.147	3.454
1647.600	-1499.134	3.454
1647.800	-1499.134	3.454
1648.000	-1499.155	3.453
1648.200	-1499.146	3.453
1648.400	-1499.156	3.453
1648.600	-1499.139	3.453
1648.800	-1499.140	3.453
1649.000	-1499.130	3.453
1649.200	-1499.137	3.453
1649.400	-1499.138	3.453
1649.600	-1499.150	3.453
1649.800	-1499.148	3.453
1650.000	-1499.143	3.453
1650.200	-1499.143	3.453
1650.400	-1499.147	3.453
1650.600	-1499.117	3.453
1650.800	-1499.134	3.453
1651.000	-1499.123	3.453
1651.200	-1499.128	3.453
1651.400	-1499.126	3.453
1651.600	-1499.145	3.453
1651.800	-1499.137	3.453
1652.000	-1499.139	3.453
1652.200	-1499.140	3.453
1652.400	-1499.142	3.453
1652.600	-1499.148	3.453
1652.800	-1499.125	3.453
1653.000	-1499.145	3.453
1653.200	-1499.134	3.453
1653.400	-1499.138	3.453
1653.600	-1499.142	3.453
1653.800	-1499.129	3.453
1654.000	-1499.139	3.453
1654.200	-1499.142	3.453
1654.400	-1499.134	3.453
1654.600	-1499.125	3.453
1654.800	-1499.146	3.453
1655.000	-1499.164	3.453
1655.200	-1499.139	3.453
1655.400	-1499.135	3.453
1655.600	-1499.145	3.453
1655.800	-1499.136	3.453
1656.000	-1499.147	3.453
1656.200	-1499.151	3.453
1656.400	-1499.140	3.453
1656.600	-1499.138	3.453
1656.800	-1499.133	3.453
1657.000	-1499.135	3.453
1657.200	-1499.144	3.453
1657.400	-1499.151	3.453
1657.600	-1499.132	3.453
1657.800	-1499.134	3.453
1658.000	-1499.143	3.453
1658.200	-1499.142	3.453
1658.400	-1499.133	3.452
1658.600	-1499.132	3.452
1658.800	-1499.142	3.452
1659.000	-1499.118	3.452
1659.200	-1499.159	3.452
1659.400	-1499.147	3.452
1659.600	-1499.146	3.452
1659.800	-1499.158	3.452
1660.000	-1499.135	3.452
1660.200	-1499.112	3.452
1660.400	-1499.140	3.452
1660.600	-1499.138	3.452
1660.800	-1499.134	3.452
1661.000	-1499.143	3.452
1661.200	-1499.143	3.452
1661.400	-1499.147	3.452
1661.600	-1499.143	3.452
1661.800	-1499.152	3.452
1662.000	-1499.135	3.452
1662.200	-1499.144	3.452
1662.400	-1499.110	3.452
1662.600	-1499.110	3.452
1662.800	-1499.147	3.452
1663.000	-1499.137	3.452
1663.200	-1499.129	3.452
1663.400	-1499.128	3.452
1663.600	-1499.126	3.452
1663.800	-1499.122	3.452
1664.000	-1499.123	3.452
1664.200	-1499.120	3.452
1664.400	-1499.137	3.452
1664.600	-1499.140	3.452
1664.800	-1499.120	3.452
1665.000	-1499.136	3.452
1665.200	-1499.135	3.452
1665.400	-1499.132	3.452
1665.600	-1499.128	3.452
1665.800	-1499.118	3.452
1666.000	-1499.123	3.452
1666.200	-1499.117	3.452
1666.400	-1499.122	3.452
1666.600	-1499.124	3.452
1666.800	-1499.143	3.452
1667.000	-1499.130	3.452
1667.200	-1499.121	3.452
1667.400	-1499.129	3.452
1667.600	-1499.136	3.452
1667.800	-1499.129	3.452
1668.000	-1499.117	3.452
1668.200	-1499.123	3.452
1668.400	-1499.109	3.452
1668.600	-1499.108	3.451
1668.800	-1499.123	3.451
1669.000	-1499.136	3.451
1669.200	-1499.116	3.451
1669.400	-1499.116	3.451
1669.600	-1499.112	3.451
1669.800	-1499.116	3.451
1670.000	-1499.121	3.451
1670.200	-1499.138	3.451
1670.400	-1499.128	3.451
1670.600	-1499.117	3.451
1670.800	-1499.135	3.451
1671.000	-1499.121	3.451
1671.200	-1499.117	3.451
1671.400	-1499.119	3.451
1671.600	-1499.125	3.451
1671.800	-1499.135	3.451
1672.000	-1499.131	3.451
1672.200	-1499.106	3.451
1672.400	-1499.124	3.451
1672.600	-1499.122	3.451
1672.800	-1499.122	3.451
1673.000	-1499.141	3.451
1673.200	-1499.143	3.451
1673.400	-1499.139	3.451
1673.600	-1499.143	3.451
1673.800	-1499.146	3.451
1674.000	-1499.120	3.451
1674.200	-1499.115	3.451
1674.400	-1499.109	3.451
1674.600	-1499.139	3.451
1674.800	-1499.121	3.451
1675.000	-1499.117	3.451
1675.200	-1499.117	3.451
1675.400	-1499.109	3.451
1675.600	-1499.115	3.451
1675.800	-1499.113	3.451
1676.000	-1499.119	3.451
1676.200	-1499.150	3.451
1676.400	-1499.135	3.451
1676.600	-1499.141	3.451
1676.800	-1499.140	3.451
1677.000	-1499.125	3.451
1677.200	-1499.130	3.451
1677.400	-1499.129	3.451
1677.600	-1499.133	3.451
1677.800	-1499.132	3.451
1678.000	-1499.128	3.451
1678.200	-1499.115	3.450
1678.400	-1499.135	3.450
1678.600	-1499.121	3.450
1678.800	-1499.138	3.450
1679.000	-1499.141	3.450
1679.200	-1499.140	3.450
1679.400	-1499.140	3.450
1679.600	-1499.154	3.450
1679.800	-1499.146	3.450
1680.000	-1499.143	3.450
1680.200	-1499.144	3.450
1680.400	-1499.148	3.450
1680.600	-1499.125	3.450
1680.800	-1499.123	3.450
1681.000	-1499.151	3.450
1681.200	-1499.150	3.450
1681.400	-1499.142	3.450
1681.600	-1499.143	3.450
1681.800	-1499.141	3.450
1682.000	-1499.144	3.450
1682.200	-1499.122	3.450
1682.400	-1499.131	3.450
1682.600	-1499.134	3.450
1682.800	-1499.125	3.450
1683.000	-1499.126	3.450
1683.200	-1499.127	3.450
1683.400	-1499.129	3.450
1683.600	-1499.138	3.450
1683.800	-1499.143	3.450
1684.000	-1499.141	3.450
1684.200	-1499.148	3.450
1684.400	-1499.147	3.450
1684.600	-1499.127	3.450
1684.800	-1499.116	3.450
1685.000	-1499.127	3.450
1685.200	-1499.124	3.450
1685.400	-1499.126	3.450
1685.600	-1499.139	3.450
1685.800	-1499.122	3.450
1686.000	-1499.123	3.450
1686.200	-1499.124	3.450
1686.400	-1499.147	3.450
1686.600	-1499.145	3.450
1686.800	-1499.136	3.450
1687.000	-1499.142	3.450
1687.200	-1499.118	3.450
1687.400	-1499.122	3.450
1687.600	-1499.124	3.450
1687.800	-1499.142	3.450
1688.000	-1499.125	3.450
1688.200	-1499.129	3.450
1688.400	-1499.135	3.450
1688.600	-1499.133	3.450
1688.800	-1499.150	3.450
1689.000	-1499.146	3.449
1689.200	-1499.142	3.449
1689.400	-1499.140	3.449
1689.600	-1499.143	3.449
1689.800	-1499.144	3.449
1690.000	-1499.144	3.449
1690.200	-1499.140	3.449
1690.400	-1499.152	3.449
1690.600	-1499.142	3.449
1690.800	-1499.147	3.449
1691.000	-1499.141	3.449
1691.200	-1499.137	3.449
1691.400	-1499.162	3.449
1691.600	-1499.129	3.449
1691.800	-1499.142	3.449
1692.000	-1499.134	3.449
1692.200	-1499.136	3.449
1692.400	-1499.139	3.449
1692.600	-1499.116	3.449
1692.800	-1499.135	3.449
1693.000	-1499.132	3.449
1693.200	-1499.132	3.449
1693.400	-1499.138	3.449
1693.600	-1499.125	3.449
1693.800	-1499.126	3.449
1694.000	-1499.147	3.449
1694.200	-1499.138	3.449
1694.400	-1499.142	3.449
1694.600	-1499.142	3.449
1694.800	-1499.135	3.449
1695.000	-1499.146	3.449
1695.200	-1499.152	3.449
1695.400	-1499.144	3.449
1695.600	-1499.129	3.449
1695.800	-1499.122	3.449
1696.000	-1499.130	3.449
1696.200	-1499.133	3.449
1696.400	-1499.134	3.449
1696.600	-1499.128	3.449
1696.800	-1499.124	3.449
1697.000	-1499.133	3.449
1697.200	-1499.127	3.449
1697.400	-1499.125	3.449
1697.600	-1499.133	3.449
1697.800	-1499.121	3.449
1698.000	-1499.123	3.449
1698.200	-1499.129	3.449
1698.400	-1499.130	3.449
1698.600	-1499.110	3.448
1698.800	-1499.107	3.449
1699.000	-1499.118	3.449
1699.200	-1499.119	3.448
1699.400	-1499.144	3.448
1699.600	-1499.121	3.448
1699.800	-1499.141	3.448
1700.000	-1499.116	3.448
1700.200	-1499.133	3.448
1700.400	-1499.131	3.448
1700.600	-1499.120	3.448
1700.800	-1499.126	3.448
1701.000	-1499.122	3.448
1701.200	-1499.121	3.448
1701.400	-1499.125	3.448
1701.600	-1499.124	3.448
1701.800	-1499.134	3.448
1702.000	-1499.116	3.448
1702.200	-1499.121	3.448
1702.400	-1499.123	3.448
1702.600	-1499.122	3.448
1702.800	-1499.123	3.448
1703.000	-1499.128	3.448
1703.200	-1499.129	3.448
1703.400	-1499.104	3.448
1703.600	-1499.112	3.448
1703.800	-1499.111	3.448
1704.000	-1499.106	3.448
1704.200	-1499.120	3.448
1704.400	-1499.123	3.448
1704.600	-1499.109	3.448
1704.800	-1499.126	3.448
1705.000	-1499.124	3.448
1705.200	-1499.119	3.448
1705.400	-1499.113	3.448
1705.600	-1499.123	3.448
1705.800	-1499.119	3.448
1706.000	-1499.107	3.448
1706.200	-1499.109	3.448
1706.400	-1499.117	3.448
1706.600	-1499.109	3.448
1706.800	-1499.124	3.448
1707.000	-1499.111	3.448
1707.200	-1499.116	3.448
1707.400	-1499.110	3.448
1707.600	-1499.115	3.448
1707.800	-1499.123	3.448
1708.000	-1499.129	3.448
1708.200	-1499.113	3.448
1708.400	-1499.113	3.448
1708.600	-1499.135	3.448
1708.800	-1499.146	3.448
1709.000	-1499.122	3.448
1709.200	-1499.125	3.447
1709.400	-1499.131	3.447
1709.600	-1499.119	3.447
1709.800	-1499.108	3.447
1710.000	-1499.125	3.447
1710.200	-1499.124	3.447
1710.400	-1499.112	3.447
1710.600	-1499.117	3.447
1710.800	-1499.103	3.447
1711.000	-1499.113	3.447
1711.200	-1499.111	3.447
1711.400	-1499.122	3.447
1711.600	-1499.113	3.447
1711.800	-1499.122	3.447
1712.000	-1499.123	3.447
1712.200	-1499.108	3.447
1712.400	-1499.116	3.447
1712.600	-1499.113	3.447
1712.800	-1499.109	3.447
1713.000	-1499.102	3.447
1713.200	-1499.121	3.447
1713.400	-1499.099	3.447
1713.600	-1499.123	3.447
1713.800	-1499.106	3.447
1714.000	-1499.103	3.447
1714.200	-1499.115	3.447
1714.400	-1499.117	3.447
1714.600	-1499.113	3.447
1714.800	-1499.113	3.447
1715.000	-1499.122	3.447
1715.200	-1499.132	3.447
1715.400	-1499.115	3.447
1715.600	-1499.135	3.447
1715.800	-1499.127	3.447
1716.000	-1499.127	3.447
1716.200	-1499.134	3.447
1716.400	-1499.120	3.447
1716.600	-1499.127	3.447
1716.800	-1499.117	3.447
1717.000	-1499.128	3.447
1717.200	-1499.113	3.447
1717.400	-1499.134	3.447
1717.600	-1499.130	3.447
1717.800	-1499.133	3.447
1718.000	-1499.129	3.447
1718.200	-1499.132	3.447
1718.400	-1499.114	3.447
1718.600	-1499.123	3.447
1718.800	-1499.127	3.447
1719.000	-1499.134	3.447
1719.200	-1499.128	3.447
1719.400	-1499.135	3.447
1719.600	-1499.116	3.447
1719.800	-1499.125	3.446
1720.000	-1499.116	3.446
1720.200	-1499.130	3.446
1720.400	-1499.143	3.446
1720.600	-1499.133	3.446
1720.800	-1499.130	3.446
1721.000	-1499.125	3.446
1721.200	-1499.130	3.446
1721.400	-1499.125	3.446
1721.600	-1499.131	3.446
1721.800	-1499.134	3.446
1722.000	-1499.147	3.446
1722.200	-1499.130	3.446
1722.400	-1499.141	3.446
1722.600	-1499.129	3.446
1722.800	-1499.133	3.446
1723.000	-1499.109	3.446
1723.200	-1499.126	3.446
1723.400	-1499.127	3.446
1723.600	-1499.119	3.446
1723.800	-1499.125	3.446
1724.000	-1499.110	3.446
1724.200	-1499.111	3.446
1724.400	-1499.112	3.446
1724.600	-1499.123	3.446
1724.800	-1499.123	3.446
1725.000	-1499.126	3.446
1725.200	-1499.112	3.446
1725.400	-1499.135	3.446
1725.600	-1499.108	3.446
1725.800	-1499.124	3.446
1726.000	-1499.128	3.446
1726.200	-1499.121	3.446
1726.400	-1499.124	3.446
1726.600	-1499.118	3.446
1726.800	-1499.135	3.446
1727.000	-1499.130	3.446
1727.200	-1499.125	3.446
1727.400	-1499.111	3.446
1727.600	-1499.121	3.446
1727.800	-1499.121	3.446
1728.000	-1499.120	3.446
1728.200	-1499.122	3.446
1728.400	-1499.133	3.446
1728.600	-1499.131	3.446
1728.800	-1499.134	3.446
1729.000	-1499.154	3.446
1729.200	-1499.130	3.446
1729.400	-1499.119	3.446
1729.600	-1499.114	3.445
1729.800	-1499.130	3.445
1730.000	-1499.112	3.445
1730.200	-1499.123	3.445
1730.400	-1499.120	3.445
1730.600	-1499.145	3.445
1730.800	-1499.125	3.445
1731.000	-1499.135	3.445
1731.200	-1499.136	3.445
1731.400	-1499.118	3.445
1731.600	-1499.127	3.445
1731.800	-1499.132	3.445
1732.000	-1499.128	3.445
1732.200	-1499.140	3.445
1732.400	-1499.129	3.445
1732.600	-1499.136	3.445
1732.800	-1499.146	3.445
1733.000	-1499.124	3.445
1733.200	-1499.129	3.445
1733.400	-1499.142	3.445
1733.600	-1499.140	3.445
1733.800	-1499.136	3.445
1734.000	-1499.125	3.445
1734.200	-1499.137	3.445
1734.400	-1499.141	3.445
1734.600	-1499.146	3.445
1734.800	-1499.145	3.445
1735.000	-1499.133	3.445
1735.200	-1499.135	3.445
1735.400	-1499.130	3.445
1735.600	-1499.142	3.445
1735.800	-1499.139	3.445
1736.000	-1499.133	3.445
1736.200	-1499.134	3.445
1736.400	-1499.150	3.445
1736.600	-1499.145	3.445
1736.800	-1499.125	3.445
1737.000	-1499.126	3.445
1737.200	-1499.122	3.445
1737.400	-1499.126	3.445
1737.600	-1499.129	3.445
1737.800	-1499.126	3.445
1738.000	-1499.125	3.445
1738.200	-1499.141	3.445
1738.400	-1499.142	3.445
1738.600	-1499.152	3.445
1738.800	-1499.143	3.445
1739.000	-1499.139	3.445
1739.200	-1499.129	3.445
1739.400	-1499.140	3.444
1739.600	-1499.136	3.445
1739.800	-1499.131	3.444
1740.000	-1499.136	3.444
1740.200	-1499.121	3.444
1740.400	-1499.129	3.444
1740.600	-1499.128	3.444
1740.800	-1499.119	3.444
1741.000	-1499.122	3.444
1741.200	-1499.147	3.444
1741.400	-1499.136	3.444
1741.600	-1499.138	3.444
1741.800	-1499.142	3.444
1742.000	-1499.142	3.444
1742.200	-1499.124	3.444
1742.400	-1499.128	3.444
1742.600	-1499.121	3.444
1742.800	-1499.138	3.444
1743.000	-1499.125	3.444
1743.200	-1499.130	3.444
1743.400	-1499.128	3.444
1743.600	-1499.132	3.444
1743.800	-1499.124	3.444
1744.000	-1499.124	3.444
1744.200	-1499.141	3.444
1744.400	-1499.130	3.444
1744.600	-1499.130	3.444
1744.800	-1499.141	3.444
1745.000	-1499.134	3.444
1745.200	-1499.131	3.444
1745.400	-1499.131	3.444
1745.600	-1499.142	3.444
1745.800	-1499.129	3.444
1746.000	-1499.122	3.444
1746.200	-1499.138	3.444
1746.400	-1499.122	3.444
1746.600	-1499.134	3.444
1746.800	-1499.128	3.444
1747.000	-1499.135	3.444
1747.200	-1499.138	3.444
1747.400	-1499.135	3.444
1747.600	-1499.137	3.444
1747.800	-1499.136	3.444
1748.000	-1499.138	3.444
1748.200	-1499.127	3.444
1748.400	-1499.125	3.444
1748.600	-1499.120	3.444
1748.800	-1499.140	3.444
1749.000	-1499.144	3.444
1749.200	-1499.131	3.444
1749.400	-1499.145	3.444
1749.600	-1499.134	3.444
1749.800	-1499.138	3.444
1750.000	-1499.148	3.444
1750.200	-1499.147	3.444
1750.400	-1499.145	3.443
1750.600	-1499.146	3.443
1750.800	-1499.140	3.443
1751.000	-1499.133	3.443
1751.200	-1499.132	3.443
1751.400	-1499.139	3.443
1751.600	-1499.121	3.443
1751.800	-1499.137	3.443
1752.000	-1499.124	3.443
1752.200	-1499.121	3.443
1752.400	-1499.134	3.443
1752.600	-1499.115	3.443
1752.800	-1499.133	3.443
1753.000	-1499.119	3.443
1753.200	-1499.139	3.443
1753.400	-1499.132	3.443
1753.600	-1499.142	3.443
1753.800	-1499.121	3.443
1754.000	-1499.121	3.443
1754.200	-1499.131	3.443
1754.400	-1499.110	3.443
1754.600	-1499.116	3.443
1754.800	-1499.130	3.443
1755.000	-1499.133	3.443
1755.200	-1499.143	3.443
1755.400	-1499.133	3.443
1755.600	-1499.110	3.443
1755.800	-1499.123	3.443
1756.000	-1499.114	3.443
1756.200	-1499.113	3.443
1756.400	-1499.122	3.443
1756.600	-1499.132	3.443
1756.800	-1499.137	3.443
1757.000	-1499.139	3.443
1757.200	-1499.132	3.443
1757.400	-1499.141	3.443
1757.600	-1499.135	3.443
1757.800	-1499.126	3.443
1758.000	-1499.121	3.443
1758.200	-1499.127	3.443
1758.400	-1499.143	3.443
1758.600	-1499.149	3.443
1758.800	-1499.152	3.443
1759.000	-1499.126	3.443
1759.200	-1499.127	3.443
1759.400	-1499.123	3.443
1759.600	-1499.130	3.443
1759.800	-1499.149	3.443
1760.000	-1499.148	3.443
1760.200	-1499.136	3.443
1760.400	-1499.164	3.442
1760.600	-1499.124	3.442
1760.800	-1499.133	3.442
1761.000	-1499.143	3.442
1761.200	-1499.150	3.442
1761.400	-1499.135	3.442
1761.600	-1499.152	3.442
1761.800	-1499.148	3.442
1762.000	-1499.139	3.442
1762.200	-1499.135	3.442
1762.400	-1499.128	3.442
1762.600	-1499.144	3.442
1762.800	-1499.146	3.442
1763.000	-1499.144	3.442
1763.200	-1499.128	3.442
1763.400	-1499.154	3.442
1763.600	-1499.138	3.442
1763.800	-1499.135	3.442
1764.000	-1499.148	3.442
1764.200	-1499.126	3.442
1764.400	-1499.142	3.442
1764.600	-1499.153	3.442
1764.800	-1499.132	3.442
1765.000	-1499.141	3.442
1765.200	-1499.131	3.442
1765.400	-1499.132	3.442
1765.600	-1499.146	3.442
1765.800	-1499.127	3.442
1766.000	-1499.129	3.442
1766.200	-1499.138	3.442
1766.400	-1499.136	3.442
1766.600	-1499.133	3.442
1766.800	-1499.112	3.442
1767.000	-1499.130	3.442
1767.200	-1499.140	3.442
1767.400	-1499.142	3.442
1767.600	-1499.142	3.442
1767.800	-1499.135	3.442
1768.000	-1499.146	3.442
1768.200	-1499.141	3.442
1768.400	-1499.139	3.442
1768.600	-1499.157	3.442
1768.800	-1499.141	3.442
1769.000	-1499.152	3.442
1769.200	-1499.159	3.442
1769.400	-1499.144	3.442
1769.600	-1499.149	3.442
1769.800	-1499.150	3.442
1770.000	-1499.159	3.442
1770.200	-1499.167	3.442
1770.400	-1499.143	3.441
1770.600	-1499.146	3.441
1770.800	-1499.135	3.441
1771.000	-1499.140	3.441
1771.200	-1499.144	3.441
1771.400	-1499.159	3.441
1771.600	-1499.161	3.441
1771.800	-1499.138	3.441
1772.000	-1499.151	3.441
1772.200	-1499.139	3.441
1772.400	-1499.150	3.441
1772.600	-1499.134	3.441
1772.800	-1499.143	3.441
1773.000	-1499.135	3.441
1773.200	-1499.150	3.441
1773.400	-1499.143	3.441
1773.600	-1499.142	3.441
1773.800	-1499.164	3.441
1774.000	-1499.162	3.441
1774.200	-1499.144	3.441
1774.400	-1499.159	3.441
1774.600	-1499.166	3.441
1774.800	-1499.164	3.441
1775.000	-1499.143	3.441
1775.200	-1499.141	3.441
1775.400	-1499.150	3.441
1775.600	-1499.149	3.441
1775.800	-1499.147	3.441
1776.000	-1499.165	3.441
1776.200	-1499.156	3.441
1776.400	-1499.148	3.441
1776.600	-1499.145	3.441
1776.800	-1499.153	3.441
1777.000	-1499.174	3.441
1777.200	-1499.162	3.441
1777.400	-1499.152	3.441
1777.600	-1499.154	3.441
1777.800	-1499.143	3.441
1778.000	-1499.141	3.441
1778.200	-1499.130	3.441
1778.400	-1499.132	3.441
1778.600	-1499.147	3.441
1778.800	-1499.156	3.441
1779.000	-1499.143	3.441
1779.200	-1499.137	3.441
1779.400	-1499.162	3.441
1779.600	-1499.135	3.441
1779.800	-1499.138	3.441
1780.000	-1499.126	3.441
1780.200	-1499.135	3.441
1780.400	-1499.137	3.441
1780.600	-1499.140	3.441
1780.800	-1499.139	3.441
1781.000	-1499.148	3.441
1781.200	-1499.136	3.441
1781.400	-1499.147	3.440
1781.600	-1499.160	3.440
1781.800	-1499.167	3.440
1782.000	-1499.147	3.440
1782.200	-1499.146	3.440
1782.400	-1499.147	3.440
1782.600	-1499.134	3.440
1782.800	-1499.152	3.440
1783.000	-1499.153	3.440
1783.200	-1499.134	3.440
1783.400	-1499.161	3.440
1783.600	-1499.164	3.440
1783.800	-1499.173	3.440
1784.000	-1499.158	3.440
1784.200	-1499.157	3.440
1784.400	-1499.141	3.440
1784.600	-1499.154	3.440
1784.800	-1499.149	3.440
1785.000	-1499.153	3.440
1785.200	-1499.149	3.440
1785.400	-1499.151	3.440
1785.600	-1499.159	3.440
1785.800	-1499.147	3.440
1786.000	-1499.162	3.440
1786.200	-1499.161	3.440
1786.400	-1499.176	3.440
1786.600	-1499.171	3.440
1786.800	-1499.157	3.440
1787.000	-1499.145	3.440
1787.200	-1499.154	3.440
1787.400	-1499.156	3.440
1787.600	-1499.159	3.440
1787.800	-1499.165	3.440
1788.000	-1499.149	3.440
1788.200	-1499.161	3.440
1788.400	-1499.162	3.440
1788.600	-1499.146	3.440
1788.800	-1499.164	3.440
1789.000	-1499.174	3.440
1789.200	-1499.186	3.440
1789.400	-1499.173	3.440
1789.600	-1499.171	3.440
1789.800	-1499.161	3.440
1790.000	-1499.161	3.440
1790.200	-1499.167	3.440
1790.400	-1499.156	3.440
1790.600	-1499.155	3.440
1790.800	-1499.144	3.440
1791.000	-1499.146	3.440
1791.200	-1499.133	3.440
1791.400	-1499.160	3.440
1791.600	-1499.151	3.440
1791.800	-1499.150	3.440
1792.000	-1499.168	3.440
1792.200	-1499.137	3.440
1792.400	-1499.135	3.439
1792.600	-1499.150	3.439
1792.800	-1499.144	3.439
1793.000	-1499.134	3.439
1793.200	-1499.168	3.439
1793.400	-1499.156	3.439
1793.600	-1499.131	3.439
1793.800	-1499.148	3.439
1794.000	-1499.136	3.439
1794.200	-1499.128	3.439
1794.400	-1499.156	3.439
1794.600	-1499.143	3.439
1794.800	-1499.152	3.439
1795.000	-1499.138	3.439
1795.200	-1499.144	3.439
1795.400	-1499.131	3.439
1795.600	-1499.158	3.439
1795.800	-1499.146	3.439
1796.000	-1499.140	3.439
1796.200	-1499.128	3.439
1796.400	-1499.142	3.439
1796.600	-1499.144	3.439
1796.800	-1499.149	3.439
1797.000	-1499.150	3.439
1797.200	-1499.144	3.439
1797.400	-1499.142	3.439
1797.600	-1499.145	3.439
1797.800	-1499.137	3.439
1798.000	-1499.153	3.439
1798.200	-1499.145	3.439
1798.400	-1499.154	3.439
1798.600	-1499.153	3.439
1798.800	-1499.145	3.439
1799.000	-1499.159	3.439
1799.200	-1499.147	3.439
1799.400	-1499.138	3.439
1799.600	-1499.150	3.439
1799.800	-1499.149	3.439
1800.000	-1499.163	3.439
1800.200	-1499.179	3.439
1800.400	-1499.161	3.439
1800.600	-1499.186	3.439
1800.800	-1499.142	3.439
1801.000	-1499.159	3.439
1801.200	-1499.162	3.439
1801.400	-1499.164	3.439
1801.600	-1499.171	3.439
1801.800	-1499.149	3.439
1802.000	-1499.169	3.439
1802.200	-1499.156	3.439
1802.400	-1499.170	3.439
1802.600	-1499.158	3.439
1802.800	-1499.166	3.439
1803.000	-1499.149	3.439
1803.200	-1499.142	3.438
1803.400	-1499.156	3.438
1803.600	-1499.148	3.438
1803.800	-1499.159	3.438
1804.000	-1499.151	3.438
1804.200	-1499.151	3.438
1804.400	-1499.150	3.438
1804.600	-1499.157	3.438
1804.800	-1499.138	3.438
1805.000	-1499.149	3.438
1805.200	-1499.139	3.438
1805.400	-1499.129	3.438
1805.600	-1499.144	3.438
1805.800	-1499.141	3.438
1806.000	-1499.135	3.438
1806.200	-1499.136	3.438
1806.400	-1499.130	3.438
1806.600	-1499.122	3.438
1806.800	-1499.142	3.438
1807.000	-1499.141	3.438
1807.200	-1499.148	3.438
1807.400	-1499.153	3.438
1807.600	-1499.154	3.438
1807.800	-1499.133	3.438
1808.000	-1499.137	3.438
1808.200	-1499.140	3.438
1808.400	-1499.153	3.438
1808.600	-1499.152	3.438
1808.800	-1499.145	3.438
1809.000	-1499.161	3.438
1809.200	-1499.149	3.438
1809.400	-1499.152	3.438
1809.600	-1499.148	3.438
1809.800	-1499.156	3.438
1810.000	-1499.143	3.438
1810.200	-1499.144	3.438
1810.400	-1499.155	3.438
1810.600	-1499.160	3.438
1810.800	-1499.145	3.438
1811.000	-1499.154	3.438
1811.200	-1499.157	3.438
1811.400	-1499.147	3.438
1811.600	-1499.147	3.438
1811.800	-1499.152	3.438
1812.000	-1499.163	3.438
1812.200	-1499.153	3.438
1812.400	-1499.158	3.438
1812.600	-1499.133	3.438
1812.800	-1499.151	3.438
1813.000	-1499.147	3.438
1813.200	-1499.143	3.438
1813.400	-1499.196	3.438
1813.600	-1499.177	3.438
1813.800	-1499.171	3.438
1814.000	-1499.143	3.438
1814.200	-1499.161	3.438
1814.400	-1499.139	3.437
1814.600	-1499.149	3.437
1814.800	-1499.138	3.437
1815.000	-1499.150	3.437
1815.200	-1499.157	3.437
1815.400	-1499.167	3.437
1815.600	-1499.156	3.437
1815.800	-1499.144	3.437
1816.000	-1499.146	3.437
1816.200	-1499.124	3.437
1816.400	-1499.143	3.437
1816.600	-1499.152	3.437
1816.800	-1499.154	3.437
1817.000	-1499.151	3.437
1817.200	-1499.159	3.437
1817.400	-1499.154	3.437
1817.600	-1499.167	3.437
1817.800	-1499.153	3.437
1818.000	-1499.146	3.437
1818.200	-1499.135	3.437
1818.400	-1499.153	3.437
1818.600	-1499.147	3.437
1818.800	-1499.155	3.437
1819.000	-1499.159	3.437
1819.200	-1499.146	3.437
1819.400	-1499.147	3.437
1819.600	-1499.155	3.437
1819.800	-1499.149	3.437
1820.000	-1499.151	3.437
1820.200	-1499.139	3.437
1820.400	-1499.157	3.437
1820.600	-1499.139	3.437
1820.800	-1499.149	3.437
1821.000	-1499.154	3.437
1821.200	-1499.141	3.437
1821.400	-1499.142	3.437
1821.600	-1499.146	3.437
1821.800	-1499.146	3.437
1822.000	-1499.156	3.437
1822.200	-1499.160	3.437
1822.400	-1499.181	3.437
1822.600	-1499.158	3.437
1822.800	-1499.142	3.437
1823.000	-1499.158	3.437
1823.200	-1499.169	3.437
1823.400	-1499.160	3.437
1823.600	-1499.149	3.437
1823.800	-1499.148	3.437
1824.000	-1499.149	3.437
1824.200	-1499.163	3.437
1824.400	-1499.175	3.437
1824.600	-1499.143	3.437
1824.800	-1499.139	3.437
1825.000	-1499.143	3.436
1825.200	-1499.150	3.436
1825.400	-1499.150	3.436
1825.600	-1499.141	3.436
1825.800	-1499.146	3.436
1826.000	-1499.144	3.436
1826.200	-1499.137	3.436
1826.400	-1499.153	3.436
1826.600	-1499.142	3.436
1826.800	-1499.157	3.436
1827.000	-1499.145	3.436
1827.200	-1499.141	3.436
1827.400	-1499.136	3.436
1827.600	-1499.155	3.436
1827.800	-1499.137	3.436
1828.000	-1499.149	3.436
1828.200	-1499.139	3.436
1828.400	-1499.142	3.436
1828.600	-1499.142	3.436
1828.800	-1499.156	3.436
1829.000	-1499.131	3.436
1829.200	-1499.135	3.436
1829.400	-1499.136	3.436
1829.600	-1499.140	3.436
1829.800	-1499.130	3.436
1830.000	-1499.112	3.436
1830.200	-1499.117	3.436
1830.400	-1499.133	3.436
1830.600	-1499.126	3.436
1830.800	-1499.134	3.436
1831.000	-1499.111	3.436
1831.200	-1499.126	3.436
1831.400	-1499.125	3.436
1831.600	-1499.130	3.436
1831.800	-1499.122	3.436
1832.000	-1499.128	3.436
1832.200	-1499.133	3.436
1832.400	-1499.105	3.436
1832.600	-1499.141	3.436
1832.800	-1499.133	3.436
1833.000	-1499.136	3.436
1833.200	-1499.143	3.436
1833.400	-1499.141	3.436
1833.600	-1499.137	3.436
1833.800	-1499.145	3.436
1834.000	-1499.150	3.436
1834.200	-1499.137	3.436
1834.400	-1499.127	3.436
1834.600	-1499.137	3.436
1834.800	-1499.127	3.436
1835.000	-1499.130	3.436
1835.200	-1499.130	3.436
1835.400	-1499.141	3.436
1835.600	-1499.136	3.435
1835.800	-1499.143	3.435
1836.000	-1499.128	3.435
1836.200	-1499.132	3.435
1836.400	-1499.150	3.435
1836.600	-1499.142	3.435
1836.800	-1499.144	3.435
1837.000	-1499.126	3.435
1837.200	-1499.150	3.435
1837.400	-1499.141	3.435
1837.600	-1499.144	3.435
1837.800	-1499.138	3.435
1838.000	-1499.138	3.435
1838.200	-1499.135	3.435
1838.400	-1499.137	3.435
1838.600	-1499.133	3.435
1838.800	-1499.140	3.435
1839.000	-1499.125	3.435
1839.200	-1499.145	3.435
1839.400	-1499.154	3.435
1839.600	-1499.136	3.435
1839.800	-1499.144	3.435
1840.000	-1499.141	3.435
1840.200	-1499.150	3.435
1840.400	-1499.156	3.435
1840.600	-1499.162	3.435
1840.800	-1499.145	3.435
1841.000	-1499.158	3.435
1841.200	-1499.147	3.435
1841.400	-1499.140	3.435
1841.600	-1499.136	3.435
1841.800	-1499.138	3.435
1842.000	-1499.133	3.435
1842.200	-1499.143	3.435
1842.400	-1499.151	3.435
1842.600	-1499.133	3.435
1842.800	-1499.133	3.435
1843.000	-1499.148	3.435
1843.200	-1499.139	3.435
1843.400	-1499.138	3.435
1843.600	-1499.135	3.435
1843.800	-1499.140	3.435
1844.000	-1499.121	3.435
1844.200	-1499.123	3.435
1844.400	-1499.129	3.435
1844.600	-1499.135	3.435
1844.800	-1499.152	3.435
1845.000	-1499.145	3.435
1845.200	-1499.155	3.435
1845.400	-1499.142	3.435
1845.600	-1499.155	3.435
1845.800	-1499.144	3.435
1846.000	-1499.135	3.434
1846.200	-1499.154	3.434
1846.400	-1499.135	3.435
1846.600	-1499.148	3.434
1846.800	-1499.150	3.434
1847.000	-1499.143	3.434
1847.200	-1499.139	3.434
1847.400	-1499.146	3.434
1847.600	-1499.166	3.434
1847.800	-1499.144	3.434
1848.000	-1499.169	3.434
1848.200	-1499.137	3.434
1848.400	-1499.154	3.434
1848.600	-1499.161	3.434
1848.800	-1499.142	3.434
1849.000	-1499.156	3.434
1849.200	-1499.158	3.434
1849.400	-1499.150	3.434
1849.600	-1499.141	3.434
1849.800	-1499.139	3.434
1850.000	-1499.138	3.434
1850.200	-1499.136	3.434
1850.400	-1499.140	3.434
1850.600	-1499.125	3.434
1850.800	-1499.153	3.434
1851.000	-1499.151	3.434
1851.200	-1499.132	3.434
1851.400	-1499.133	3.434
1851.600	-1499.166	3.434
1851.800	-1499.154	3.434
1852.000	-1499.156	3.434
1852.200	-1499.155	3.434
1852.400	-1499.156	3.434
1852.600	-1499.140	3.434
1852.800	-1499.148	3.434
1853.000	-1499.135	3.434
1853.200	-1499.161	3.434
1853.400	-1499.132	3.434
1853.600	-1499.153	3.434
1853.800	-1499.153	3.434
1854.000	-1499.151	3.434
1854.200	-1499.130	3.434
1854.400	-1499.163	3.434
1854.600	-1499.137	3.434
1854.800	-1499.140	3.434
1855.000	-1499.145	3.434
1855.200	-1499.154	3.434
1855.400	-1499.143	3.434
1855.600	-1499.150	3.434
1855.800	-1499.138	3.434
1856.000	-1499.150	3.434
1856.200	-1499.135	3.434
1856.400	-1499.147	3.434
1856.600	-1499.158	3.434
1856.800	-1499.151	3.434
1857.000	-1499.157	3.434
1857.200	-1499.153	3.433
1857.400	-1499.168	3.433
1857.600	-1499.138	3.433
1857.800	-1499.144	3.433
1858.000	-1499.154	3.433
1858.200	-1499.142	3.433
1858.400	-1499.140	3.433
1858.600	-1499.136	3.433
1858.800	-1499.157	3.433
1859.000	-1499.161	3.433
1859.200	-1499.145	3.433
1859.400	-1499.149	3.433
1859.600	-1499.156	3.433
1859.800	-1499.170	3.433
1860.000	-1499.149	3.433
1860.200	-1499.136	3.433
1860.400	-1499.129	3.433
1860.600	-1499.151	3.433
1860.800	-1499.148	3.433
1861.000	-1499.155	3.433
1861.200	-1499.148	3.433
1861.400	-1499.176	3.433
1861.600	-1499.166	3.433
1861.800	-1499.164	3.433
1862.000	-1499.158	3.433
1862.200	-1499.139	3.433
1862.400	-1499.157	3.433
1862.600	-1499.157	3.433
1862.800	-1499.156	3.433
1863.000	-1499.155	3.433
1863.200	-1499.134	3.433
1863.400	-1499.156	3.433
1863.600	-1499.142	3.433
1863.800	-1499.158	3.433
1864.000	-1499.173	3.433
1864.200	-1499.178	3.433
1864.400	-1499.144	3.433
1864.600	-1499.158	3.433
1864.800	-1499.180	3.433
1865.000	-1499.165	3.433
1865.200	-1499.157	3.433
1865.400	-1499.157	3.433
1865.600	-1499.145	3.433
1865.800	-1499.149	3.433
1866.000	-1499.152	3.433
1866.200	-1499.151	3.433
1866.400	-1499.152	3.433
1866.600	-1499.147	3.433
1866.800	-1499.162	3.433
1867.000	-1499.156	3.433
1867.200	-1499.151	3.433
1867.400	-1499.156	3.433
1867.600	-1499.137	3.433
1867.800	-1499.161	3.432
1868.000	-1499.156	3.432
1868.200	-1499.155	3.432
1868.400	-1499.150	3.432
1868.600	-1499.139	3.432
1868.800	-1499.161	3.432
1869.000	-1499.132	3.432
1869.200	-1499.143	3.432
1869.400	-1499.151	3.432
1869.600	-1499.146	3.432
1869.800	-1499.147	3.432
1870.000	-1499.141	3.432
1870.200	-1499.144	3.432
1870.400	-1499.146	3.432
1870.600	-1499.141	3.432
1870.800	-1499.155	3.432
1871.000	-1499.164	3.432
1871.200	-1499.151	3.432
1871.400	-1499.164	3.432
1871.600	-1499.170	3.432
1871.800	-1499.165	3.432
1872.000	-1499.160	3.432
1872.200	-1499.164	3.432
1872.400	-1499.151	3.432
1872.600	-1499.140	3.432
1872.800	-1499.170	3.432
1873.000	-1499.165	3.432
1873.200	-1499.167	3.432
1873.400	-1499.178	3.432
1873.600	-1499.166	3.432
1873.800	-1499.157	3.432
1874.000	-1499.164	3.432
1874.200	-1499.153	3.432
1874.400	-1499.169	3.432
1874.600	-1499.143	3.432
1874.800	-1499.156	3.432
1875.000	-1499.158	3.432
1875.200	-1499.181	3.432
1875.400	-1499.178	3.432
1875.600	-1499.152	3.432
1875.800	-1499.170	3.432
1876.000	-1499.174	3.432
1876.200	-1499.164	3.432
1876.400	-1499.138	3.432
1876.600	-1499.162	3.432
1876.800	-1499.162	3.432
1877.000	-1499.153	3.432
1877.200	-1499.164	3.432
1877.400	-1499.158	3.432
1877.600	-1499.156	3.432
1877.800	-1499.165	3.432
1878.000	-1499.174	3.432
1878.200	-1499.163	3.431
1878.400	-1499.149	3.431
1878.600	-1499.137	3.431
1878.800	-1499.134	3.431
1879.000	-1499.184	3.431
1879.200	-1499.171	3.431
1879.400	-1499.157	3.431
1879.600	-1499.151	3.431
1879.800	-1499.168	3.431
1880.000	-1499.164	3.431
1880.200	-1499.155	3.431
1880.400	-1499.156	3.431
1880.600	-1499.166	3.431
1880.800	-1499.151	3.431
1881.000	-1499.152	3.431
1881.200	-1499.133	3.431
1881.400	-1499.154	3.431
1881.600	-1499.143	3.431
1881.800	-1499.154	3.431
1882.000	-1499.156	3.431
1882.200	-1499.158	3.431
1882.400	-1499.156	3.431
1882.600	-1499.161	3.431
1882.800	-1499.141	3.431
1883.000	-1499.138	3.431
1883.200	-1499.140	3.431
1883.400	-1499.159	3.431
1883.600	-1499.136	3.431
1883.800	-1499.158	3.431
1884.000	-1499.145	3.431
1884.200	-1499.153	3.431
1884.400	-1499.145	3.431
1884.600	-1499.136	3.431
1884.800	-1499.143	3.431
1885.000	-1499.142	3.431
1885.200	-1499.151	3.431
1885.400	-1499.147	3.431
1885.600	-1499.143	3.431
1885.800	-1499.133	3.431
1886.000	-1499.133	3.431
1886.200	-1499.144	3.431
1886.400	-1499.143	3.431
1886.600	-1499.141	3.431
1886.800	-1499.155	3.431
1887.000	-1499.144	3.431
1887.200	-1499.153	3.431
1887.400	-1499.137	3.431
1887.600	-1499.134	3.431
1887.800	-1499.152	3.431
1888.000	-1499.145	3.431
1888.200	-1499.144	3.431
1888.400	-1499.145	3.431
1888.600	-1499.160	3.431
1888.800	-1499.153	3.431
1889.000	-1499.164	3.431
1889.200	-1499.142	3.431
1889.400	-1499.159	3.431
1889.600	-1499.163	3.430
1889.800	-1499.138	3.431
1890.000	-1499.151	3.430
1890.200	-1499.138	3.430
1890.400	-1499.159	3.430
1890.600	-1499.166	3.430
1890.800	-1499.157	3.430
1891.000	-1499.158	3.430
1891.200	-1499.171	3.430
1891.400	-1499.174	3.430
1891.600	-1499.161	3.430
1891.800	-1499.159	3.430
1892.000	-1499.169	3.430
1892.200	-1499.153	3.430
1892.400	-1499.160	3.430
1892.600	-1499.158	3.430
1892.800	-1499.158	3.430
1893.000	-1499.169	3.430
1893.200	-1499.164	3.430
1893.400	-1499.153	3.430
1893.600	-1499.173	3.430
1893.800	-1499.161	3.430
1894.000	-1499.174	3.430
1894.200	-1499.152	3.430
1894.400	-1499.161	3.430
1894.600	-1499.174	3.430
1894.800	-1499.169	3.430
1895.000	-1499.175	3.430
1895.200	-1499.181	3.430
1895.400	-1499.177	3.430
1895.600	-1499.177	3.430
1895.800	-1499.154	3.430
1896.000	-1499.165	3.430
1896.200	-1499.153	3.430
1896.400	-1499.165	3.430
1896.600	-1499.164	3.430
1896.800	-1499.165	3.430
1897.000	-1499.178	3.430
1897.200	-1499.167	3.430
1897.400	-1499.169	3.430
1897.600	-1499.168	3.430
1897.800	-1499.183	3.430
1898.000	-1499.169	3.430
1898.200	-1499.169	3.430
1898.400	-1499.165	3.430
1898.600	-1499.161	3.430
1898.800	-1499.155	3.430
1899.000	-1499.172	3.430
1899.200	-1499.178	3.430
1899.400	-1499.175	3.430
1899.600	-1499.176	3.430
1899.800	-1499.169	3.430
1900.000	-1499.183	3.430
1900.200	-1499.180	3.429
1900.400	-1499.165	3.429
1900.600	-1499.169	3.429
1900.800	-1499.147	3.429
1901.000	-1499.167	3.429
1901.200	-1499.168	3.429
1901.400	-1499.166	3.429
1901.600	-1499.164	3.429
1901.800	-1499.168	3.429
1902.000	-1499.155	3.429
1902.200	-1499.158	3.429
1902.400	-1499.161	3.429
1902.600	-1499.171	3.429
1902.800	-1499.166	3.429
1903.000	-1499.177	3.429
1903.200	-1499.170	3.429
1903.400	-1499.182	3.429
1903.600	-1499.183	3.429
1903.800	-1499.167	3.429
1904.000	-1499.161	3.429
1904.200	-1499.172	3.429
1904.400	-1499.169	3.429
1904.600	-1499.165	3.429
1904.800	-1499.167	3.429
1905.000	-1499.162	3.429
1905.200	-1499.157	3.429
1905.400	-1499.178	3.429
1905.600	-1499.168	3.429
1905.800	-1499.181	3.429
1906.000	-1499.181	3.429
1906.200	-1499.173	3.429
1906.400	-1499.173	3.429
1906.600	-1499.175	3.429
1906.800	-1499.179	3.429
1907.000	-1499.178	3.429
1907.200	-1499.161	3.429
1907.400	-1499.157	3.429
1907.600	-1499.159	3.429
1907.800	-1499.176	3.429
1908.000	-1499.172	3.429
1908.200	-1499.163	3.429
1908.400	-1499.186	3.429
1908.600	-1499.170	3.429
1908.800	-1499.167	3.429
1909.000	-1499.172	3.429
1909.200	-1499.174	3.429
1909.400	-1499.167	3.429
1909.600	-1499.163	3.429
1909.800	-1499.173	3.429
1910.000	-1499.156	3.429
1910.200	-1499.169	3.428
1910.400	-1499.153	3.429
1910.600	-1499.165	3.428
1910.800	-1499.177	3.428
1911.000	-1499.159	3.428
1911.200	-1499.165	3.428
1911.400	-1499.158	3.428
1911.600	-1499.168	3.428
1911.800	-1499.170	3.428
1912.000	-1499.166	3.428
1912.200	-1499.157	3.428
1912.400	-1499.157	3.428
1912.600	-1499.159	3.428
1912.800	-1499.143	3.428
1913.000	-1499.152	3.428
1913.200	-1499.165	3.428
1913.400	-1499.173	3.428
1913.600	-1499.158	3.428
1913.800	-1499.178	3.428
1914.000	-1499.154	3.428
1914.200	-1499.159	3.428
1914.400	-1499.161	3.428
1914.600	-1499.160	3.428
1914.800	-1499.167	3.428
1915.000	-1499.137	3.428
1915.200	-1499.156	3.428
1915.400	-1499.146	3.428
1915.600	-1499.161	3.428
1915.800	-1499.166	3.428
1916.000	-1499.172	3.428
1916.200	-1499.139	3.428
1916.400	-1499.153	3.428
1916.600	-1499.169	3.428
1916.800	-1499.159	3.428
1917.000	-1499.177	3.428
1917.200	-1499.174	3.428
1917.400	-1499.159	3.428
1917.600	-1499.161	3.428
1917.800	-1499.159	3.428
1918.000	-1499.164	3.428
1918.200	-1499.150	3.428
1918.400	-1499.155	3.428
1918.600	-1499.161	3.428
1918.800	-1499.139	3.428
1919.000	-1499.163	3.428
1919.200	-1499.167	3.428
1919.400	-1499.173	3.428
1919.600	-1499.152	3.428
1919.800	-1499.160	3.428
1920.000	-1499.163	3.428
1920.200	-1499.149	3.428
1920.400	-1499.157	3.428
1920.600	-1499.163	3.428
1920.800	-1499.157	3.428
1921.000	-1499.154	3.428
1921.200	-1499.158	3.428
1921.400	-1499.158	3.428
1921.600	-1499.167	3.428
1921.800	-1499.174	3.428
1922.000	-1499.155	3.428
1922.200	-1499.136	3.428
1922.400	-1499.145	3.428
1922.600	-1499.176	3.427
1922.800	-1499.162	3.427
1923.000	-1499.173	3.427
1923.200	-1499.164	3.427
1923.400	-1499.169	3.427
1923.600	-1499.168	3.427
1923.800	-1499.162	3.427
1924.000	-1499.152	3.427
1924.200	-1499.171	3.427
1924.400	-1499.159	3.427
1924.600	-1499.147	3.427
1924.800	-1499.168	3.427
1925.000	-1499.150	3.427
1925.200	-1499.158	3.427
1925.400	-1499.164	3.427
1925.600	-1499.146	3.427
1925.800	-1499.148	3.427
1926.000	-1499.165	3.427
1926.200	-1499.156	3.427
1926.400	-1499.158	3.427
1926.600	-1499.182	3.427
1926.800	-1499.161	3.427
1927.000	-1499.169	3.427
1927.200	-1499.163	3.427
1927.400	-1499.158	3.427
1927.600	-1499.154	3.427
1927.800	-1499.170	3.427
1928.000	-1499.165	3.427
1928.200	-1499.161	3.427
1928.400	-1499.160	3.427
1928.600	-1499.156	3.427
1928.800	-1499.163	3.427
1929.000	-1499.152	3.427
1929.200	-1499.154	3.427
1929.400	-1499.151	3.427
1929.600	-1499.152	3.427
1929.800	-1499.156	3.427
1930.000	-1499.170	3.427
1930.200	-1499.157	3.427
1930.400	-1499.155	3.427
1930.600	-1499.147	3.427
1930.800	-1499.149	3.427
1931.000	-1499.157	3.427
1931.200	-1499.154	3.427
1931.400	-1499.166	3.427
1931.600	-1499.155	3.427
1931.800	-1499.152	3.427
1932.000	-1499.173	3.427
1932.200	-1499.158	3.427
1932.400	-1499.171	3.427
1932.600	-1499.151	3.427
1932.800	-1499.150	3.427
1933.000	-1499.160	3.427
1933.200	-1499.148	3.427
1933.400	-1499.158	3.427
1933.600	-1499.159	3.427
1933.800	-1499.148	3.427
1934.000	-1499.157	3.427
1934.200	-1499.162	3.426
1934.400	-1499.156	3.426
1934.600	-1499.159	3.426
1934.800	-1499.152	3.426
1935.000	-1499.172	3.426
1935.200	-1499.168	3.426
1935.400	-1499.152	3.426
1935.600	-1499.181	3.426
1935.800	-1499.167	3.426
1936.000	-1499.153	3.426
1936.200	-1499.161	3.426
1936.400	-1499.182	3.426
1936.600	-1499.154	3.426
1936.800	-1499.151	3.426
1937.000	-1499.166	3.426
1937.200	-1499.171	3.426
1937.400	-1499.159	3.426
1937.600	-1499.172	3.426
1937.800	-1499.164	3.426
1938.000	-1499.165	3.426
1938.200	-1499.181	3.426
1938.400	-1499.170	3.426
1938.600	-1499.189	3.426
1938.800	-1499.162	3.426
1939.000	-1499.167	3.426
1939.200	-1499.162	3.426
1939.400	-1499.153	3.426
1939.600	-1499.135	3.426
1939.800	-1499.150	3.426
1940.000	-1499.152	3.426
1940.200	-1499.146	3.426
1940.400	-1499.139	3.426
1940.600	-1499.163	3.426
1940.800	-1499.165	3.426
1941.000	-1499.157	3.426
1941.200	-1499.149	3.426
1941.400	-1499.148	3.426
1941.600	-1499.166	3.426
1941.800	-1499.164	3.426
1942.000	-1499.160	3.426
1942.200	-1499.171	3.426
1942.400	-1499.157	3.426
1942.600	-1499.167	3.426
1942.800	-1499.153	3.426
1943.000	-1499.146	3.426
1943.200	-1499.147	3.426
1943.400	-1499.151	3.426
1943.600	-1499.173	3.425
1943.800	-1499.162	3.426
1944.000	-1499.138	3.425
1944.200	-1499.150	3.425
1944.400	-1499.138	3.425
1944.600	-1499.149	3.425
1944.800	-1499.162	3.425
1945.000	-1499.157	3.425
1945.200	-1499.164	3.425
1945.400	-1499.159	3.425
1945.600	-1499.173	3.425
1945.800	-1499.162	3.425
1946.000	-1499.178	3.425
1946.200	-1499.149	3.425
1946.400	-1499.144	3.425
1946.600	-1499.157	3.425
1946.800	-1499.159	3.425
1947.000	-1499.165	3.425
1947.200	-1499.145	3.425
1947.400	-1499.159	3.425
1947.600	-1499.171	3.425
1947.800	-1499.153	3.425
1948.000	-1499.176	3.425
1948.200	-1499.149	3.425
1948.400	-1499.167	3.425
1948.600	-1499.164	3.425
1948.800	-1499.158	3.425
1949.000	-1499.168	3.425
1949.200	-1499.161	3.425
1949.400	-1499.161	3.425
1949.600	-1499.176	3.425
1949.800	-1499.172	3.425
1950.000	-1499.155	3.425
1950.200	-1499.156	3.425
1950.400	-1499.170	3.425
1950.600	-1499.185	3.425
1950.800	-1499.160	3.425
1951.000	-1499.130	3.425
1951.200	-1499.165	3.425
1951.400	-1499.150	3.425
1951.600	-1499.167	3.425
1951.800	-1499.155	3.425
1952.000	-1499.174	3.425
1952.200	-1499.167	3.425
1952.400	-1499.166	3.425
1952.600	-1499.158	3.425
1952.800	-1499.161	3.425
1953.000	-1499.155	3.425
1953.200	-1499.162	3.425
1953.400	-1499.156	3.425
1953.600	-1499.134	3.425
1953.800	-1499.156	3.425
1954.000	-1499.140	3.425
1954.200	-1499.153	3.425
1954.400	-1499.145	3.425
1954.600	-1499.174	3.425
1954.800	-1499.174	3.425
1955.000	-1499.173	3.425
1955.200	-1499.172	3.424
1955.400	-1499.156	3.424
1955.600	-1499.171	3.424
1955.800	-1499.170	3.424
1956.000	-1499.167	3.424
1956.200	-1499.173	3.424
1956.400	-1499.156	3.424
1956.600	-1499.153	3.424
1956.800	-1499.151	3.424
1957.000	-1499.164	3.424
1957.200	-1499.161	3.424
1957.400	-1499.167	3.424
1957.600	-1499.160	3.424
1957.800	-1499.155	3.424
1958.000	-1499.140	3.424
1958.200	-1499.143	3.424
1958.400	-1499.150	3.424
1958.600	-1499.158	3.424
1958.800	-1499.156	3.424
1959.000	-1499.166	3.424
1959.200	-1499.167	3.424
1959.400	-1499.153	3.424
1959.600	-1499.145	3.424
1959.800	-1499.157	3.424
1960.000	-1499.152	3.424
1960.200	-1499.154	3.424
1960.400	-1499.158	3.424
1960.600	-1499.153	3.424
1960.800	-1499.172	3.424
1961.000	-1499.171	3.424
1961.200	-1499.165	3.424
1961.400	-1499.157	3.424
1961.600	-1499.171	3.424
1961.800	-1499.182	3.424
1962.000	-1499.160	3.424
1962.200	-1499.174	3.424
1962.400	-1499.178	3.424
1962.600	-1499.169	3.424
1962.800	-1499.152	3.424
1963.000	-1499.169	3.424
1963.200	-1499.164	3.424
1963.400	-1499.164	3.424
1963.600	-1499.171	3.424
1963.800	-1499.166	3.424
1964.000	-1499.165	3.424
1964.200	-1499.147	3.424
1964.400	-1499.158	3.424
1964.600	-1499.155	3.424
1964.800	-1499.163	3.424
1965.000	-1499.167	3.424
1965.200	-1499.155	3.424
1965.400	-1499.159	3.424
1965.600	-1499.135	3.424
1965.800	-1499.164	3.424
1966.000	-1499.134	3.424
1966.200	-1499.169	3.424
1966.400	-1499.160	3.424
1966.600	-1499.163	3.423
1966.800	-1499.174	3.423
1967.000	-1499.159	3.423
1967.200	-1499.157	3.423
1967.400	-1499.172	3.423
1967.600	-1499.162	3.423
1967.800	-1499.159	3.423
1968.000	-1499.160	3.423
1968.200	-1499.161	3.423
1968.400	-1499.157	3.423
1968.600	-1499.160	3.423
1968.800	-1499.169	3.423
1969.000	-1499.156	3.423
1969.200	-1499.142	3.423
1969.400	-1499.178	3.423
1969.600	-1499.127	3.423
1969.800	-1499.159	3.423
1970.000	-1499.159	3.423
1970.200	-1499.150	3.423
1970.400	-1499.155	3.423
1970.600	-1499.150	3.423
1970.800	-1499.115	3.423
1971.000	-1499.148	3.423
1971.200	-1499.152	3.423
1971.400	-1499.150	3.423
1971.600	-1499.157	3.423
1971.800	-1499.159	3.423
1972.000	-1499.155	3.423
1972.200	-1499.141	3.423
1972.400	-1499.168	3.423
1972.600	-1499.147	3.423
1972.800	-1499.156	3.423
1973.000	-1499.157	3.423
1973.200	-1499.126	3.423
1973.400	-1499.147	3.423
1973.600	-1499.145	3.423
1973.800	-1499.139	3.423
1974.000	-1499.156	3.423
1974.200	-1499.168	3.423
1974.400	-1499.165	3.423
1974.600	-1499.152	3.423
1974.800	-1499.156	3.423
1975.000	-1499.146	3.423
1975.200	-1499.158	3.423
1975.400	-1499.177	3.423
1975.600	-1499.165	3.423
1975.800	-1499.164	3.423
1976.000	-1499.179	3.423
1976.200	-1499.155	3.423
1976.400	-1499.157	3.423
1976.600	-1499.147	3.423
1976.800	-1499.156	3.423
1977.000	-1499.158	3.423
1977.200	-1499.157	3.423
1977.400	-1499.143	3.422
1977.600	-1499.161	3.422
1977.800	-1499.166	3.422
1978.000	-1499.159	3.422
1978.200	-1499.136	3.422
1978.400	-1499.156	3.422
1978.600	-1499.136	3.422
1978.800	-1499.145	3.422
1979.000	-1499.150	3.422
1979.200	-1499.140	3.422
1979.400	-1499.159	3.422
1979.600	-1499.141	3.422
1979.800	-1499.138	3.422
1980.000	-1499.150	3.422
1980.200	-1499.160	3.422
1980.400	-1499.152	3.422
1980.600	-1499.144	3.422
1980.800	-1499.154	3.422
1981.000	-1499.130	3.422
1981.200	-1499.139	3.422
1981.400	-1499.138	3.422
1981.600	-1499.150	3.422
1981.800	-1499.136	3.422
1982.000	-1499.153	3.422
1982.200	-1499.140	3.422
1982.400	-1499.157	3.422
1982.600	-1499.160	3.422
1982.800	-1499.155	3.422
1983.000	-1499.141	3.422
1983.200	-1499.149	3.422
1983.400	-1499.138	3.422
1983.600	-1499.152	3.422
1983.800	-1499.159	3.422
1984.000	-1499.152	3.422
1984.200	-1499.170	3.422
1984.400	-1499.167	3.422
1984.600	-1499.161	3.422
1984.800	-1499.152	3.422
1985.000	-1499.150	3.422
1985.200	-1499.160	3.422
1985.400	-1499.156	3.422
1985.600	-1499.166	3.422
1985.800	-1499.151	3.422
1986.000	-1499.164	3.422
1986.200	-1499.153	3.422
1986.400	-1499.152	3.422
1986.600	-1499.139	3.422
1986.800	-1499.153	3.422
1987.000	-1499.145	3.422
1987.200	-1499.156	3.422
1987.400	-1499.149	3.422
1987.600	-1499.151	3.422
1987.800	-1499.154	3.422
1988.000	-1499.159	3.422
1988.200	-1499.158	3.422
1988.400	-1499.169	3.422
1988.600	-1499.168	3.422
1988.800	-1499.154	3.422
1989.000	-1499.172	3.421
1989.200	-1499.149	3.421
1989.400	-1499.152	3.421
1989.600	-1499.169	3.421
1989.800	-1499.153	3.421
1990.000	-1499.151	3.421
1990.200	-1499.157	3.421
1990.400	-1499.148	3.421
1990.600	-1499.140	3.421
1990.800	-1499.160	3.421
1991.000	-1499.144	3.421
1991.200	-1499.155	3.421
1991.400	-1499.165	3.421
1991.600	-1499.150	3.421
1991.800	-1499.162	3.421
1992.000	-1499.164	3.421
1992.200	-1499.150	3.421
1992.400	-1499.153	3.421
1992.600	-1499.158	3.421
1992.800	-1499.157	3.421
1993.000	-1499.160	3.421
1993.200	-1499.154	3.421
1993.400	-1499.171	3.421
1993.600	-1499.158	3.421
1993.800	-1499.143	3.421
1994.000	-1499.157	3.421
1994.200	-1499.165	3.421
1994.400	-1499.168	3.421
1994.600	-1499.173	3.421
1994.800	-1499.173	3.421
1995.000	-1499.168	3.421
1995.200	-1499.170	3.421
1995.400	-1499.172	3.421
1995.600	-1499.168	3.421
1995.800	-1499.151	3.421
1996.000	-1499.151	3.421
1996.200	-1499.174	3.421
1996.400	-1499.171	3.421
1996.600	-1499.175	3.421
1996.800	-1499.178	3.421
1997.000	-1499.184	3.421
1997.200	-1499.187	3.421
1997.400	-1499.182	3.421
1997.600	-1499.183	3.421
1997.800	-1499.184	3.421
1998.000	-1499.171	3.421
1998.200	-1499.174	3.421
1998.400	-1499.179	3.421
1998.600	-1499.174	3.421
1998.800	-1499.187	3.421
1999.000	-1499.181	3.421
1999.200	-1499.151	3.421
1999.400	-1499.182	3.420
1999.600	-1499.168	3.420
1999.800	-1499.178	3.420
2000.000	-1499.176	3.420
2000.200	-1499.172	3.420
2000.400	-1499.161	3.420
2000.600	-1499.166	3.420
2000.800	-1499.157	3.420
2001.000	-1499.161	3.420
2001.200	-1499.167	3.420
2001.400	-1499.159	3.420
2001.600	-1499.155	3.420
2001.800	-1499.148	3.420
2002.000	-1499.171	3.420
2002.200	-1499.147	3.420
2002.400	-1499.162	3.420
2002.600	-1499.170	3.420
2002.800	-1499.152	3.420
2003.000	-1499.153	3.420
2003.200	-1499.170	3.420
2003.400	-1499.170	3.420
2003.600	-1499.165	3.420
2003.800	-1499.161	3.420
2004.000	-1499.163	3.420
2004.200	-1499.153	3.420
2004.400	-1499.154	3.420
2004.600	-1499.159	3.420
2004.800	-1499.159	3.420
2005.000	-1499.146	3.420
2005.200	-1499.171	3.420
2005.400	-1499.163	3.420
2005.600	-1499.158	3.420
2005.800	-1499.155	3.420
2006.000	-1499.163	3.420
2006.200	-1499.162	3.420
2006.400	-1499.142	3.420
2006.600	-1499.150	3.420
2006.800	-1499.149	3.420
2007.000	-1499.162	3.420
2007.200	-1499.155	3.420
2007.400	-1499.160	3.420
2007.600	-1499.175	3.420
2007.800	-1499.164	3.420
2008.000	-1499.171	3.420
2008.200	-1499.160	3.420
2008.400	-1499.169	3.420
2008.600	-1499.163	3.420
2008.800	-1499.144	3.420
2009.000	-1499.170	3.420
2009.200	-1499.167	3.420
2009.400	-1499.177	3.420
2009.600	-1499.173	3.420
2009.800	-1499.177	3.419
2010.000	-1499.171	3.420
2010.200	-1499.174	3.420
2010.400	-1499.151	3.419
2010.600	-1499.159	3.419
2010.800	-1499.172	3.419
2011.000	-1499.172	3.419
2011.200	-1499.151	3.419
2011.400	-1499.150	3.419
2011.600	-1499.155	3.419
2011.800	-1499.171	3.419
2012.000	-1499.168	3.419
2012.200	-1499.149	3.419
2012.400	-1499.157	3.419
2012.600	-1499.161	3.419
2012.800	-1499.168	3.419
2013.000	-1499.162	3.419
2013.200	-1499.173	3.419
2013.400	-1499.162	3.419
2013.600	-1499.159	3.419
2013.800	-1499.155	3.419
2014.000	-1499.182	3.419
2014.200	-1499.172	3.419
2014.400	-1499.162	3.419
2014.600	-1499.174	3.419
2014.800	-1499.179	3.419
2015.000	-1499.175	3.419
2015.200	-1499.164	3.419
2015.400	-1499.147	3.419
2015.600	-1499.152	3.419
2015.800	-1499.156	3.419
2016.000	-1499.163	3.419
2016.200	-1499.154	3.419
2016.400	-1499.160	3.419
2016.600	-1499.178	3.419
2016.800	-1499.167	3.419
2017.000	-1499.176	3.419
2017.200	-1499.178	3.419
2017.400	-1499.163	3.419
2017.600	-1499.169	3.419
2017.800	-1499.163	3.419
2018.000	-1499.161	3.419
2018.200	-1499.158	3.419
2018.400	-1499.173	3.419
2018.600	-1499.149	3.419
2018.800	-1499.169	3.419
2019.000	-1499.172	3.419
2019.200	-1499.167	3.419
2019.400	-1499.164	3.419
2019.600	-1499.170	3.419
2019.800	-1499.166	3.419
2020.000	-1499.168	3.419
2020.200	-1499.153	3.419
2020.400	-1499.166	3.419
2020.600	-1499.167	3.419
2020.800	-1499.181	3.419
2021.000	-1499.172	3.419
2021.200	-1499.173	3.419
2021.400	-1499.178	3.418
2021.600	-1499.180	3.418
2021.800	-1499.166	3.418
2022.000	-1499.173	3.418
2022.200	-1499.182	3.418
2022.400	-1499.174	3.418
2022.600	-1499.167	3.418
2022.800	-1499.176	3.418
2023.000	-1499.168	3.418
2023.200	-1499.181	3.418
2023.400	-1499.166	3.418
2023.600	-1499.155	3.418
2023.800	-1499.167	3.418
2024.000	-1499.159	3.418
2024.200	-1499.151	3.418
2024.400	-1499.158	3.418
2024.600	-1499.168	3.418
2024.800	-1499.161	3.418
2025.000	-1499.160	3.418
2025.200	-1499.161	3.418
2025.400	-1499.155	3.418
2025.600	-1499.163	3.418
2025.800	-1499.149	3.418
2026.000	-1499.166	3.418
2026.200	-1499.163	3.418
2026.400	-1499.152	3.418
2026.600	-1499.161	3.418
2026.800	-1499.153	3.418
2027.000	-1499.152	3.418
2027.200	-1499.163	3.418
2027.400	-1499.160	3.418
2027.600	-1499.163	3.418
2027.800	-1499.156	3.418
2028.000	-1499.144	3.418
2028.200	-1499.167	3.418
2028.400	-1499.167	3.418
2028.600	-1499.175	3.418
2028.800	-1499.169	3.418
2029.000	-1499.171	3.418
2029.200	-1499.167	3.418
2029.400	-1499.169	3.418
2029.600	-1499.163	3.418
2029.800	-1499.165	3.418
2030.000	-1499.168	3.418
2030.200	-1499.165	3.418
2030.400	-1499.160	3.418
2030.600	-1499.169	3.418
2030.800	-1499.174	3.418
2031.000	-1499.187	3.418
2031.200	-1499.181	3.418
2031.400	-1499.176	3.418
2031.600	-1499.167	3.418
2031.800	-1499.173	3.418
2032.000	-1499.176	3.418
2032.200	-1499.154	3.418
2032.400	-1499.175	3.417
2032.600	-1499.172	3.417
2032.800	-1499.175	3.417
2033.000	-1499.180	3.417
2033.200	-1499.169	3.417
2033.400	-1499.181	3.417
2033.600	-1499.183	3.417
2033.800	-1499.175	3.417
2034.000	-1499.174	3.417
2034.200	-1499.161	3.417
2034.400	-1499.161	3.417
2034.600	-1499.172	3.417
2034.800	-1499.174	3.417
2035.000	-1499.174	3.417
2035.200	-1499.163	3.417
2035.400	-1499.165	3.417
2035.600	-1499.168	3.417
2035.800	-1499.171	3.417
2036.000	-1499.173	3.417
2036.200	-1499.182	3.417
2036.400	-1499.161	3.417
2036.600	-1499.178	3.417
2036.800	-1499.175	3.417
2037.000	-1499.150	3.417
2037.200	-1499.155	3.417
2037.400	-1499.175	3.417
2037.600	-1499.168	3.417
2037.800	-1499.183	3.417
2038.000	-1499.200	3.417
2038.200	-1499.175	3.417
2038.400	-1499.195	3.417
2038.600	-1499.168	3.417
2038.800	-1499.185	3.417
2039.000	-1499.171	3.417
2039.200	-1499.181	3.417
2039.400	-1499.169	3.417
2039.600	-1499.169	3.417
2039.800	-1499.163	3.417
2040.000	-1499.169	3.417
2040.200	-1499.156	3.417
2040.400	-1499.173	3.417
2040.600	-1499.168	3.417
2040.800	-1499.166	3.417
2041.000	-1499.182	3.417
2041.200	-1499.170	3.417
2041.400	-1499.172	3.417
2041.600	-1499.161	3.417
2041.800	-1499.155	3.417
2042.000	-1499.158	3.417
2042.200	-1499.160	3.417
2042.400	-1499.169	3.417
2042.600	-1499.170	3.416
2042.800	-1499.156	3.416
2043.000	-1499.150	3.416
2043.200	-1499.163	3.416
2043.400	-1499.167	3.416
2043.600	-1499.161	3.416
2043.800	-1499.188	3.416
2044.000	-1499.159	3.416
2044.200	-1499.172	3.416
2044.400	-1499.162	3.416
2044.600	-1499.168	3.416
2044.800	-1499.173	3.416
2045.000	-1499.156	3.416
2045.200	-1499.171	3.416
2045.400	-1499.171	3.416
2045.600	-1499.161	3.416
2045.800	-1499.171	3.416
2046.000	-1499.158	3.416
2046.200	-1499.166	3.416
2046.400	-1499.164	3.416
2046.600	-1499.170	3.416
2046.800	-1499.177	3.416
2047.000	-1499.172	3.416
2047.200	-1499.165	3.416
2047.400	-1499.162	3.416
2047.600	-1499.174	3.416
2047.800	-1499.174	3.416
2048.000	-1499.155	3.416
2048.200	-1499.176	3.416
2048.400	-1499.171	3.416
2048.600	-1499.158	3.416
2048.800	-1499.157	3.416
2049.000	-1499.167	3.416
2049.200	-1499.161	3.416
2049.400	-1499.184	3.416
2049.600	-1499.176	3.416
2049.800	-1499.172	3.416
2050.000	-1499.177	3.416
2050.200	-1499.167	3.416
2050.400	-1499.170	3.416
2050.600	-1499.186	3.416
2050.800	-1499.162	3.416
2051.000	-1499.171	3.416
2051.200	-1499.176	3.416
2051.400	-1499.180	3.416
2051.600	-1499.167	3.416
2051.800	-1499.182	3.416
2052.000	-1499.181	3.416
2052.200	-1499.166	3.416
2052.400	-1499.199	3.416
2052.600	-1499.185	3.416
2052.800	-1499.175	3.416
2053.000	-1499.184	3.416
2053.200	-1499.183	3.416
2053.400	-1499.170	3.416
2053.600	-1499.183	3.416
2053.800	-1499.185	3.416
2054.000	-1499.177	3.416
2054.200	-1499.179	3.416
2054.400	-1499.171	3.416
2054.600	-1499.192	3.416
2054.800	-1499.195	3.415
2055.000	-1499.184	3.415
2055.200	-1499.177	3.415
2055.400	-1499.177	3.415
2055.600	-1499.169	3.415
2055.800	-1499.173	3.415
2056.000	-1499.177	3.415
2056.200	-1499.187	3.415
2056.400	-1499.179	3.415
2056.600	-1499.184	3.415
2056.800	-1499.177	3.415
2057.000	-1499.173	3.415
2057.200	-1499.178	3.415
2057.400	-1499.167	3.415
2057.600	-1499.175	3.415
2057.800	-1499.156	3.415
2058.000	-1499.179	3.415
2058.200	-1499.177	3.415
2058.400	-1499.188	3.415
2058.600	-1499.182	3.415
2058.800	-1499.183	3.415
2059.000	-1499.177	3.415
2059.200	-1499.182	3.415
2059.400	-1499.179	3.415
2059.600	-1499.185	3.415
2059.800	-1499.178	3.415
2060.000	-1499.187	3.415
2060.200	-1499.184	3.415
2060.400	-1499.181	3.415
2060.600	-1499.200	3.415
2060.800	-1499.198	3.415
2061.000	-1499.177	3.415
2061.200	-1499.182	3.415
2061.400	-1499.182	3.415
2061.600	-1499.175	3.415
2061.800	-1499.171	3.415
2062.000	-1499.188	3.415
2062.200	-1499.177	3.415
2062.400	-1499.170	3.415
2062.600	-1499.169	3.415
2062.800	-1499.150	3.415
2063.000	-1499.153	3.415
2063.200	-1499.147	3.415
2063.400	-1499.159	3.415
2063.600	-1499.165	3.415
2063.800	-1499.158	3.415
2064.000	-1499.177	3.415
2064.200	-1499.170	3.415
2064.400	-1499.167	3.415
2064.600	-1499.180	3.415
2064.800	-1499.173	3.415
2065.000	-1499.197	3.415
2065.200	-1499.178	3.415
2065.400	-1499.161	3.415
2065.600	-1499.179	3.415
2065.800	-1499.169	3.415
2066.000	-1499.195	3.415
2066.200	-1499.187	3.415
2066.400	-1499.176	3.415
2066.600	-1499.182	3.415
2066.800	-1499.167	3.414
2067.000	-1499.167	3.414
2067.200	-1499.172	3.414
2067.400	-1499.162	3.414
2067.600	-1499.164	3.414
2067.800	-1499.169	3.414
2068.000	-1499.151	3.414
2068.200	-1499.159	3.414
2068.400	-1499.161	3.414
2068.600	-1499.182	3.414
2068.800	-1499.157	3.414
2069.000	-1499.176	3.414
2069.200	-1499.168	3.414
2069.400	-1499.163	3.414
2069.600	-1499.160	3.414
2069.800	-1499.174	3.414
2070.000	-1499.190	3.414
2070.200	-1499.163	3.414
2070.400	-1499.174	3.414
2070.600	-1499.178	3.414
2070.800	-1499.162	3.414
2071.000	-1499.171	3.414
2071.200	-1499.180	3.414
2071.400	-1499.166	3.414
2071.600	-1499.167	3.414
2071.800	-1499.167	3.414
2072.000	-1499.182	3.414
2072.200	-1499.177	3.414
2072.400	-1499.177	3.414
2072.600	-1499.173	3.414
2072.800	-1499.170	3.414
2073.000	-1499.170	3.414
2073.200	-1499.163	3.414
2073.400	-1499.174	3.414
2073.600	-1499.167	3.414
2073.800	-1499.179	3.414
2074.000	-1499.171	3.414
2074.200	-1499.162	3.414
2074.400	-1499.166	3.414
2074.600	-1499.176	3.414
2074.800	-1499.156	3.414
2075.000	-1499.164	3.414
2075.200	-1499.177	3.414
2075.400	-1499.160	3.414
2075.600	-1499.171	3.414
2075.800	-1499.166	3.414
2076.000	-1499.180	3.414
2076.200	-1499.173	3.414
2076.400	-1499.166	3.414
2076.600	-1499.170	3.414
2076.800	-1499.146	3.414
2077.000	-1499.151	3.414
2077.200	-1499.166	3.414
2077.400	-1499.175	3.414
2077.600	-1499.159	3.414
2077.800	-1499.167	3.414
2078.000	-1499.155	3.413
2078.200	-1499.163	3.414
2078.400	-1499.185	3.413
2078.600	-1499.177	3.413
2078.800	-1499.182	3.413
2079.000	-1499.184	3.413
2079.200	-1499.194	3.413
2079.400	-1499.188	3.413
2079.600	-1499.162	3.413
2079.800	-1499.182	3.413
2080.000	-1499.182	3.413
2080.200	-1499.180	3.413
2080.400	-1499.185	3.413
2080.600	-1499.183	3.413
2080.800	-1499.185	3.413
2081.000	-1499.171	3.413
2081.200	-1499.181	3.413
2081.400	-1499.169	3.413
2081.600	-1499.177	3.413
2081.800	-1499.189	3.413
2082.000	-1499.181	3.413
2082.200	-1499.180	3.413
2082.400	-1499.173	3.413
2082.600	-1499.173	3.413
2082.800	-1499.177	3.413
2083.000	-1499.183	3.413
2083.200	-1499.176	3.413
2083.400	-1499.179	3.413
2083.600	-1499.171	3.413
2083.800	-1499.172	3.413
2084.000	-1499.184	3.413
2084.200	-1499.180	3.413
2084.400	-1499.178	3.413
2084.600	-1499.178	3.413
2084.800	-1499.175	3.413
2085.000	-1499.154	3.413
2085.200	-1499.161	3.413
2085.400	-1499.186	3.413
2085.600	-1499.170	3.413
2085.800	-1499.170	3.413
2086.000	-1499.173	3.413
2086.200	-1499.176	3.413
2086.400	-1499.166	3.413
2086.600	-1499.172	3.413
2086.800	-1499.171	3.413
2087.000	-1499.183	3.413
2087.200	-1499.164	3.413
2087.400	-1499.177	3.413
2087.600	-1499.192	3.413
2087.800	-1499.190	3.413
2088.000	-1499.186	3.413
2088.200	-1499.187	3.413
2088.400	-1499.172	3.413
2088.600	-1499.176	3.413
2088.800	-1499.172	3.413
2089.000	-1499.166	3.413
2089.200	-1499.164	3.413
2089.400	-1499.171	3.413
2089.600	-1499.170	3.413
2089.800	-1499.183	3.412
2090.000	-1499.169	3.412
2090.200	-1499.181	3.412
2090.400	-1499.174	3.412
2090.600	-1499.178	3.412
2090.800	-1499.177	3.412
2091.000	-1499.159	3.412
2091.200	-1499.175	3.412
2091.400	-1499.176	3.412
2091.600	-1499.159	3.412
2091.800	-1499.165	3.412
2092.000	-1499.179	3.412
2092.200	-1499.159	3.412
2092.400	-1499.156	3.412
2092.600	-1499.166	3.412
2092.800	-1499.161	3.412
2093.000	-1499.173	3.412
2093.200	-1499.194	3.412
2093.400	-1499.175	3.412
2093.600	-1499.163	3.412
2093.800	-1499.173	3.412
2094.000	-1499.173	3.412
2094.200	-1499.176	3.412
2094.400	-1499.174	3.412
2094.600	-1499.184	3.412
2094.800	-1499.173	3.412
2095.000	-1499.160	3.412
2095.200	-1499.171	3.412
2095.400	-1499.171	3.412
2095.600	-1499.175	3.412
2095.800	-1499.187	3.412
2096.000	-1499.167	3.412
2096.200	-1499.158	3.412
2096.400	-1499.171	3.412
2096.600	-1499.166	3.412
2096.800	-1499.180	3.412
2097.000	-1499.175	3.412
2097.200	-1499.178	3.412
2097.400	-1499.178	3.412
2097.600	-1499.167	3.412
2097.800	-1499.175	3.412
2098.000	-1499.173	3.412
2098.200	-1499.177	3.412
2098.400	-1499.176	3.412
2098.600	-1499.170	3.412
2098.800	-1499.161	3.412
2099.000	-1499.165	3.412
2099.200	-1499.160	3.412
2099.400	-1499.161	3.412
2099.600	-1499.177	3.412
2099.800	-1499.167	3.412
2100.000	-1499.185	3.412
2100.200	-1499.163	3.412
2100.400	-1499.169	3.411
2100.600	-1499.175	3.411
2100.800	-1499.163	3.411
2101.000	-1499.161	3.411
2101.200	-1499.173	3.411
2101.400	-1499.169	3.411
2101.600	-1499.166	3.411
2101.800	-1499.171	3.411
2102.000	-1499.165	3.411
2102.200	-1499.151	3.411
2102.400	-1499.160	3.411
2102.600	-1499.162	3.411
2102.800	-1499.170	3.411
2103.000	-1499.184	3.411
2103.200	-1499.158	3.411
2103.400	-1499.165	3.411
2103.600	-1499.176	3.411
2103.800	-1499.171	3.411
2104.000	-1499.176	3.411
2104.200	-1499.183	3.411
2104.400	-1499.155	3.411
2104.600	-1499.164	3.411
2104.800	-1499.180	3.411
2105.000	-1499.163	3.411
2105.200	-1499.148	3.411
2105.400	-1499.164	3.411
2105.600	-1499.182	3.411
2105.800	-1499.175	3.411
2106.000	-1499.171	3.411
2106.200	-1499.162	3.411
2106.400	-1499.182	3.411
2106.600	-1499.177	3.411
2106.800	-1499.177	3.411
2107.000	-1499.176	3.411
2107.200	-1499.166	3.411
2107.400	-1499.166	3.411
2107.600	-1499.165	3.411
2107.800	-1499.189	3.411
2108.000	-1499.175	3.411
2108.200	-1499.185	3.411
2108.400	-1499.163	3.411
2108.600	-1499.163	3.411
2108.800	-1499.173	3.411
2109.000	-1499.173	3.411
2109.200	-1499.182	3.411
2109.400	-1499.157	3.411
2109.600	-1499.180	3.411
2109.800	-1499.160	3.411
2110.000	-1499.175	3.411
2110.200	-1499.155	3.411
2110.400	-1499.165	3.411
2110.600	-1499.149	3.411
2110.800	-1499.162	3.411
2111.000	-1499.143	3.411
2111.200	-1499.153	3.411
2111.400	-1499.155	3.410
2111.600	-1499.151	3.410
2111.800	-1499.150	3.410
2112.000	-1499.161	3.410
2112.200	-1499.146	3.410
2112.400	-1499.146	3.410
2112.600	-1499.159	3.410
2112.800	-1499.164	3.410
2113.000	-1499.147	3.410
2113.200	-1499.147	3.410
2113.400	-1499.152	3.410
2113.600	-1499.155	3.410
2113.800	-1499.175	3.410
2114.000	-1499.173	3.410
2114.200	-1499.159	3.410
2114.400	-1499.157	3.410
2114.600	-1499.156	3.410
2114.800	-1499.156	3.410
2115.000	-1499.165	3.410
2115.200	-1499.154	3.410
2115.400	-1499.154	3.410
2115.600	-1499.158	3.410
2115.800	-1499.169	3.410
2116.000	-1499.156	3.410
2116.200	-1499.178	3.410
2116.400	-1499.158	3.410
2116.600	-1499.145	3.410
2116.800	-1499.176	3.410
2117.000	-1499.161	3.410
2117.200	-1499.165	3.410
2117.400	-1499.177	3.410
2117.600	-1499.146	3.410
2117.800	-1499.151	3.410
2118.000	-1499.167	3.410
2118.200	-1499.163	3.410
2118.400	-1499.177	3.410
2118.600	-1499.172	3.410
2118.800	-1499.167	3.410
2119.000	-1499.136	3.410
2119.200	-1499.149	3.410
2119.400	-1499.156	3.410
2119.600	-1499.148	3.410
2119.800	-1499.150	3.410
2120.000	-1499.163	3.410
2120.200	-1499.154	3.410
2120.400	-1499.151	3.410
2120.600	-1499.157	3.410
2120.800	-1499.141	3.410
2121.000	-1499.130	3.410
2121.200	-1499.162	3.410
2121.400	-1499.148	3.410
2121.600	-1499.153	3.410
2121.800	-1499.159	3.410
2122.000	-1499.160	3.410
2122.200	-1499.163	3.410
2122.400	-1499.155	3.410
2122.600	-1499.157	3.410
2122.800	-1499.155	3.410
2123.000	-1499.158	3.410
2123.200	-1499.152	3.410
2123.400	-1499.158	3.409
2123.600	-1499.162	3.409
2123.800	-1499.149	3.409
2124.000	-1499.143	3.409
2124.200	-1499.163	3.409
2124.400	-1499.149	3.409
2124.600	-1499.156	3.409
2124.800	-1499.146	3.409
2125.000	-1499.156	3.409
2125.200	-1499.143	3.409
2125.400	-1499.156	3.409
2125.600	-1499.169	3.409
2125.800	-1499.170	3.409
2126.000	-1499.165	3.409
2126.200	-1499.156	3.409
2126.400	-1499.166	3.409
2126.600	-1499.159	3.409
2126.800	-1499.149	3.409
2127.000	-1499.159	3.409
2127.200	-1499.153	3.409
2127.400	-1499.150	3.409
2127.600	-1499.159	3.409
2127.800	-1499.159	3.409
2128.000	-1499.167	3.409
2128.200	-1499.161	3.409
2128.400	-1499.168	3.409
2128.600	-1499.148	3.409
2128.800	-1499.161	3.409
2129.000	-1499.161	3.409
2129.200	-1499.161	3.409
2129.400	-1499.182	3.409
2129.600	-1499.171	3.409
2129.800	-1499.156	3.409
2130.000	-1499.152	3.409
2130.200	-1499.152	3.409
2130.400	-1499.174	3.409
2130.600	-1499.168	3.409
2130.800	-1499.178	3.409
2131.000	-1499.175	3.409
2131.200	-1499.178	3.409
2131.400	-1499.163	3.409
2131.600	-1499.164	3.409
2131.800	-1499.158	3.409
2132.000	-1499.169	3.409
2132.200	-1499.167	3.409
2132.400	-1499.158	3.409
2132.600	-1499.183	3.409
2132.800	-1499.171	3.409
2133.000	-1499.163	3.409
2133.200	-1499.152	3.409
2133.400	-1499.156	3.409
2133.600	-1499.151	3.409
2133.800	-1499.161	3.409
2134.000	-1499.156	3.408
2134.200	-1499.145	3.409
2134.400	-1499.164	3.408
2134.600	-1499.170	3.408
2134.800	-1499.158	3.408
2135.000	-1499.165	3.408
2135.200	-1499.178	3.408
2135.400	-1499.167	3.408
2135.600	-1499.156	3.408
2135.800	-1499.170	3.408
2136.000	-1499.153	3.408
2136.200	-1499.183	3.408
2136.400	-1499.175	3.408
2136.600	-1499.153	3.408
2136.800	-1499.169	3.408
2137.000	-1499.163	3.408
2137.200	-1499.143	3.408
2137.400	-1499.157	3.408
2137.600	-1499.155	3.408
2137.800	-1499.154	3.408
2138.000	-1499.177	3.408
2138.200	-1499.149	3.408
2138.400	-1499.167	3.408
2138.600	-1499.156	3.408
2138.800	-1499.150	3.408
2139.000	-1499.164	3.408
2139.200	-1499.155	3.408
2139.400	-1499.148	3.408
2139.600	-1499.168	3.408
2139.800	-1499.157	3.408
2140.000	-1499.162	3.408
2140.200	-1499.153	3.408
2140.400	-1499.161	3.408
2140.600	-1499.140	3.408
2140.800	-1499.166	3.408
2141.000	-1499.166	3.408
2141.200	-1499.166	3.408
2141.400	-1499.159	3.408
2141.600	-1499.165	3.408
2141.800	-1499.158	3.408
2142.000	-1499.168	3.408
2142.200	-1499.146	3.408
2142.400	-1499.179	3.408
2142.600	-1499.167	3.408
2142.800	-1499.163	3.408
2143.000	-1499.160	3.408
2143.200	-1499.146	3.408
2143.400	-1499.154	3.408
2143.600	-1499.150	3.408
2143.800	-1499.150	3.408
2144.000	-1499.153	3.408
2144.200	-1499.156	3.408
2144.400	-1499.169	3.408
2144.600	-1499.162	3.408
2144.800	-1499.171	3.408
2145.000	-1499.162	3.407
2145.200	-1499.173	3.407
2145.400	-1499.169	3.407
2145.600	-1499.181	3.407
2145.800	-1499.159	3.407
2146.000	-1499.170	3.407
2146.200	-1499.156	3.407
2146.400	-1499.165	3.407
2146.600	-1499.168	3.407
2146.800	-1499.170	3.407
2147.000	-1499.164	3.407
2147.200	-1499.157	3.407
2147.400	-1499.179	3.407
2147.600	-1499.159	3.407
2147.800	-1499.157	3.407
2148.000	-1499.170	3.407
2148.200	-1499.169	3.407
2148.400	-1499.172	3.407
2148.600	-1499.156	3.407
2148.800	-1499.172	3.407
2149.000	-1499.161	3.407
2149.200	-1499.155	3.407
2149.400	-1499.161	3.407
2149.600	-1499.153	3.407
2149.800	-1499.167	3.407
2150.000	-1499.186	3.407
2150.200	-1499.161	3.407
2150.400	-1499.152	3.407
2150.600	-1499.165	3.407
2150.800	-1499.148	3.407
2151.000	-1499.158	3.407
2151.200	-1499.160	3.407
2151.400	-1499.159	3.407
2151.600	-1499.170	3.407
2151.800	-1499.169	3.407
2152.000	-1499.145	3.407
2152.200	-1499.156	3.407
2152.400	-1499.163	3.407
2152.600	-1499.158	3.407
2152.800	-1499.169	3.407
2153.000	-1499.169	3.407
2153.200	-1499.155	3.407
2153.400	-1499.167	3.407
2153.600	-1499.168	3.407
2153.800	-1499.168	3.407
2154.000	-1499.153	3.407
2154.200	-1499.175	3.407
2154.400	-1499.166	3.407
2154.600	-1499.163	3.407
2154.800	-1499.172	3.407
2155.000	-1499.171	3.407
2155.200	-1499.166	3.407
2155.400	-1499.177	3.407
2155.600	-1499.167	3.407
2155.800	-1499.158	3.407
2156.000	-1499.159	3.407
2156.200	-1499.163	3.407
2156.400	-1499.162	3.407
2156.600	-1499.166	3.406
2156.800	-1499.157	3.406
2157.000	-1499.163	3.406
2157.200	-1499.173	3.406
2157.400	-1499.167	3.406
2157.600	-1499.140	3.406
2157.800	-1499.162	3.406
2158.000	-1499.169	3.406
2158.200	-1499.172	3.406
2158.400	-1499.148	3.406
2158.600	-1499.159	3.406
2158.800	-1499.174	3.406
2159.000	-1499.161	3.406
2159.200	-1499.174	3.406
2159.400	-1499.160	3.406
2159.600	-1499.162	3.406
2159.800	-1499.169	3.406
2160.000	-1499.184	3.406
2160.200	-1499.171	3.406
2160.400	-1499.180	3.406
2160.600	-1499.168	3.406
2160.800	-1499.167	3.406
2161.000	-1499.169	3.406
2161.200	-1499.165	3.406
2161.400	-1499.183	3.406
2161.600	-1499.179	3.406
2161.800	-1499.189	3.406
2162.000	-1499.164	3.406
2162.200	-1499.180	3.406
2162.400	-1499.171	3.406
2162.600	-1499.181	3.406
2162.800	-1499.171	3.406
2163.000	-1499.182	3.406
2163.200	-1499.185	3.406
2163.400	-1499.181	3.406
2163.600	-1499.173	3.406
2163.800	-1499.147	3.406
2164.000	-1499.180	3.406
2164.200	-1499.164	3.406
2164.400	-1499.181	3.406
2164.600	-1499.158	3.406
2164.800	-1499.171	3.406
2165.000	-1499.175	3.406
2165.200	-1499.176	3.406
2165.400	-1499.161	3.406
2165.600	-1499.158	3.406
2165.800	-1499.182	3.406
2166.000	-1499.173	3.406
2166.200	-1499.163	3.406
2166.400	-1499.154	3.406
2166.600	-1499.164	3.406
2166.800	-1499.178	3.406
2167.000	-1499.168	3.406
2167.200	-1499.172	3.406
2167.400	-1499.163	3.406
2167.600	-1499.163	3.406
2167.800	-1499.163	3.406
2168.000	-1499.161	3.406
2168.200	-1499.167	3.405
2168.400	-1499.147	3.405
2168.600	-1499.156	3.405
2168.800	-1499.172	3.405
2169.000	-1499.154	3.405
2169.200	-1499.163	3.405
2169.400	-1499.154	3.405
2169.600	-1499.166	3.405
2169.800	-1499.165	3.405
2170.000	-1499.168	3.405
2170.200	-1499.151	3.405
2170.400	-1499.174	3.405
2170.600	-1499.174	3.405
2170.800	-1499.165	3.405
2171.000	-1499.164	3.405
2171.200	-1499.177	3.405
2171.400	-1499.153	3.405
2171.600	-1499.175	3.405
2171.800	-1499.156	3.405
2172.000	-1499.180	3.405
2172.200	-1499.164	3.405
2172.400	-1499.181	3.405
2172.600	-1499.175	3.405
2172.800	-1499.163	3.405
2173.000	-1499.164	3.405
2173.200	-1499.170	3.405
2173.400	-1499.145	3.405
2173.600	-1499.148	3.405
2173.800	-1499.165	3.405
2174.000	-1499.169	3.405
2174.200	-1499.146	3.405
2174.400	-1499.165	3.405
2174.600	-1499.147	3.405
2174.800	-1499.150	3.405
2175.000	-1499.165	3.405
2175.200	-1499.148	3.405
2175.400	-1499.160	3.405
2175.600	-1499.188	3.405
2175.800	-1499.173	3.405
2176.000	-1499.162	3.405
2176.200	-1499.188	3.405
2176.400	-1499.176	3.405
2176.600	-1499.182	3.405
2176.800	-1499.173	3.405
2177.000	-1499.167	3.405
2177.200	-1499.161	3.405
2177.400	-1499.166	3.405
2177.600	-1499.168	3.405
2177.800	-1499.166	3.405
2178.000	-1499.164	3.405
2178.200	-1499.156	3.405
2178.400	-1499.170	3.405
2178.600	-1499.157	3.405
2178.800	-1499.162	3.405
2179.000	-1499.180	3.404
2179.200	-1499.184	3.404
2179.400	-1499.149	3.404
2179.600	-1499.153	3.404
2179.800	-1499.159	3.404
2180.000	-1499.163	3.404
2180.200	-1499.163	3.404
2180.400	-1499.158	3.404
2180.600	-1499.166	3.404
2180.800	-1499.158	3.404
2181.000	-1499.165	3.404
2181.200	-1499.149	3.404
2181.400	-1499.161	3.404
2181.600	-1499.149	3.404
2181.800	-1499.166	3.404
2182.000	-1499.150	3.404
2182.200	-1499.159	3.404
2182.400	-1499.154	3.404
2182.600	-1499.163	3.404
2182.800	-1499.181	3.404
2183.000	-1499.164	3.404
2183.200	-1499.187	3.404
2183.400	-1499.175	3.404
2183.600	-1499.178	3.404
2183.800	-1499.151	3.404
2184.000	-1499.163	3.404
2184.200	-1499.162	3.404
2184.400	-1499.181	3.404
2184.600	-1499.157	3.404
2184.800	-1499.170	3.404
2185.000	-1499.169	3.404
2185.200	-1499.173	3.404
2185.400	-1499.180	3.404
2185.600	-1499.165	3.404
2185.800	-1499.173	3.404
2186.000	-1499.160	3.404
2186.200	-1499.153	3.404
2186.400	-1499.160	3.404
2186.600	-1499.161	3.404
2186.800	-1499.159	3.404
2187.000	-1499.165	3.404
2187.200	-1499.166	3.404
2187.400	-1499.179	3.404
2187.600	-1499.192	3.404
2187.800	-1499.186	3.404
2188.000	-1499.179	3.404
2188.200	-1499.185	3.404
2188.400	-1499.173	3.404
2188.600	-1499.171	3.404
2188.800	-1499.194	3.404
2189.000	-1499.168	3.404
2189.200	-1499.165	3.404
2189.400	-1499.163	3.404
2189.600	-1499.197	3.404
2189.800	-1499.169	3.404
2190.000	-1499.169	3.404
2190.200	-1499.175	3.404
2190.400	-1499.174	3.403
2190.600	-1499.188	3.403
2190.800	-1499.182	3.403
2191.000	-1499.173	3.403
2191.200	-1499.180	3.403
2191.400	-1499.192	3.403
2191.600	-1499.182	3.403
2191.800	-1499.185	3.403
2192.000	-1499.208	3.403
2192.200	-1499.172	3.403
2192.400	-1499.199	3.403
2192.600	-1499.190	3.403
2192.800	-1499.193	3.403
2193.000	-1499.188	3.403
2193.200	-1499.185	3.403
2193.400	-1499.162	3.403
2193.600	-1499.174	3.403
2193.800	-1499.180	3.403
2194.000	-1499.178	3.403
2194.200	-1499.169	3.403
2194.400	-1499.171	3.403
2194.600	-1499.173	3.403
2194.800	-1499.184	3.403
2195.000	-1499.174	3.403
2195.200	-1499.180	3.403
2195.400	-1499.168	3.403
2195.600	-1499.174	3.403
2195.800	-1499.174	3.403
2196.000	-1499.182	3.403
2196.200	-1499.181	3.403
2196.400	-1499.182	3.403
2196.600	-1499.188	3.403
2196.800	-1499.191	3.403
2197.000	-1499.174	3.403
2197.200	-1499.180	3.403
2197.400	-1499.182	3.403
2197.600	-1499.170	3.403
2197.800	-1499.171	3.403
2198.000	-1499.178	3.403
2198.200	-1499.168	3.403
2198.400	-1499.163	3.403
2198.600	-1499.160	3.403
2198.800	-1499.189	3.403
2199.000	-1499.193	3.403
2199.200	-1499.183	3.403
2199.400	-1499.199	3.403
2199.600	-1499.173	3.403
2199.800	-1499.181	3.403
2200.000	-1499.169	3.403
2200.200	-1499.167	3.403
2200.400	-1499.164	3.403
2200.600	-1499.187	3.403
2200.800	-1499.174	3.403
2201.000	-1499.181	3.403
2201.200	-1499.201	3.403
2201.400	-1499.187	3.403
2201.600	-1499.174	3.403
2201.800	-1499.180	3.402
2202.000	-1499.169	3.403
2202.200	-1499.171	3.402
2202.400	-1499.175	3.402
2202.600	-1499.172	3.402
2202.800	-1499.173	3.402
2203.000	-1499.178	3.402
2203.200	-1499.179	3.402
2203.400	-1499.192	3.402
2203.600	-1499.190	3.402
2203.800	-1499.197	3.402
2204.000	-1499.183	3.402
2204.200	-1499.193	3.402
2204.400	-1499.164	3.402
2204.600	-1499.165	3.402
2204.800	-1499.188	3.402
2205.000	-1499.171	3.402
2205.200	-1499.179	3.402
2205.400	-1499.183	3.402
2205.600	-1499.190	3.402
2205.800	-1499.184	3.402
2206.000	-1499.189	3.402
2206.200	-1499.183	3.402
2206.400	-1499.187	3.402
2206.600	-1499.175	3.402
2206.800	-1499.174	3.402
2207.000	-1499.182	3.402
2207.200	-1499.190	3.402
2207.400	-1499.193	3.402
2207.600	-1499.175	3.402
2207.800	-1499.184	3.402
2208.000	-1499.186	3.402
2208.200	-1499.207	3.402
2208.400	-1499.180	3.402
2208.600	-1499.181	3.402
2208.800	-1499.193	3.402
2209.000	-1499.198	3.402
2209.200	-1499.186	3.402
2209.400	-1499.167	3.402
2209.600	-1499.176	3.402
2209.800	-1499.176	3.402
2210.000	-1499.184	3.402
2210.200	-1499.161	3.402
2210.400	-1499.188	3.402
2210.600	-1499.191	3.402
2210.800	-1499.186	3.402
2211.000	-1499.176	3.402
2211.200	-1499.177	3.402
2211.400	-1499.172	3.402
2211.600	-1499.165	3.402
2211.800	-1499.163	3.402
2212.000	-1499.171	3.402
2212.200	-1499.179	3.402
2212.400	-1499.187	3.402
2212.600	-1499.177	3.402
2212.800	-1499.178	3.402
2213.000	-1499.179	3.401
2213.200	-1499.152	3.401
2213.400	-1499.167	3.401
2213.600	-1499.173	3.401
2213.800	-1499.162	3.401
2214.000	-1499.162	3.401
2214.200	-1499.169	3.401
2214.400	-1499.174	3.401
2214.600	-1499.164	3.401
2214.800	-1499.168	3.401
2215.000	-1499.164	3.401
2215.200	-1499.150	3.401
2215.400	-1499.180	3.401
2215.600	-1499.165	3.401
2215.800	-1499.162	3.401
2216.000	-1499.169	3.401
2216.200	-1499.153	3.401
2216.400	-1499.175	3.401
2216.600	-1499.158	3.401
2216.800	-1499.174	3.401
2217.000	-1499.185	3.401
2217.200	-1499.174	3.401
2217.400	-1499.168	3.401
2217.600	-1499.166	3.401
2217.800	-1499.166	3.401
2218.000	-1499.177	3.401
2218.200	-1499.170	3.401
2218.400	-1499.174	3.401
2218.600	-1499.191	3.401
2218.800	-1499.187	3.401
2219.000	-1499.165	3.401
2219.200	-1499.178	3.401
2219.400	-1499.194	3.401
2219.600	-1499.188	3.401
2219.800	-1499.176	3.401
2220.000	-1499.182	3.401
2220.200	-1499.168	3.401
2220.400	-1499.170	3.401
2220.600	-1499.153	3.401
2220.800	-1499.160	3.401
2221.000	-1499.174	3.401
2221.200	-1499.161	3.401
2221.400	-1499.159	3.401
2221.600	-1499.156	3.401
2221.800	-1499.145	3.401
2222.000	-1499.176	3.401
2222.200	-1499.173	3.401
2222.400	-1499.179	3.401
2222.600	-1499.160	3.401
2222.800	-1499.157	3.401
2223.000	-1499.170	3.401
2223.200	-1499.176	3.401
2223.400	-1499.177	3.401
2223.600	-1499.165	3.401
2223.800	-1499.158	3.401
2224.000	-1499.169	3.401
2224.200	-1499.188	3.401
2224.400	-1499.169	3.401
2224.600	-1499.167	3.401
2224.800	-1499.162	3.401
2225.000	-1499.167	3.401
2225.200	-1499.167	3.400
2225.400	-1499.165	3.400
2225.600	-1499.141	3.400
2225.800	-1499.159	3.400
2226.000	-1499.165	3.400
2226.200	-1499.157	3.400
2226.400	-1499.180	3.400
2226.600	-1499.180	3.400
2226.800	-1499.174	3.400
2227.000	-1499.141	3.400
2227.200	-1499.169	3.400
2227.400	-1499.169	3.400
2227.600	-1499.167	3.400
2227.800	-1499.165	3.400
2228.000	-1499.162	3.400
2228.200	-1499.176	3.400
2228.400	-1499.178	3.400
2228.600	-1499.173	3.400
2228.800	-1499.169	3.400
2229.000	-1499.167	3.400
2229.200	-1499.164	3.400
2229.400	-1499.163	3.400
2229.600	-1499.160	3.400
2229.800	-1499.157	3.400
2230.000	-1499.170	3.400
2230.200	-1499.160	3.400
2230.400	-1499.182	3.400
2230.600	-1499.169	3.400
2230.800	-1499.177	3.400
2231.000	-1499.152	3.400
2231.200	-1499.185	3.400
2231.400	-1499.178	3.400
2231.600	-1499.153	3.400
2231.800	-1499.160	3.400
2232.000	-1499.163	3.400
2232.200	-1499.172	3.400
2232.400	-1499.153	3.400
2232.600	-1499.146	3.400
2232.800	-1499.148	3.400
2233.000	-1499.175	3.400
2233.200	-1499.173	3.400
2233.400	-1499.168	3.400
2233.600	-1499.154	3.400
2233.800	-1499.167	3.400
2234.000	-1499.163	3.400
2234.200	-1499.169	3.400
2234.400	-1499.158	3.400
2234.600	-1499.157	3.400
2234.800	-1499.154	3.400
2235.000	-1499.156	3.400
2235.200	-1499.170	3.400
2235.400	-1499.177	3.400
2235.600	-1499.179	3.400
2235.800	-1499.174	3.400
2236.000	-1499.162	3.400
2236.200	-1499.189	3.399
2236.400	-1499.183	3.399
2236.600	-1499.179	3.399
2236.800	-1499.174	3.399
2237.000	-1499.176	3.399
2237.200	-1499.181	3.399
2237.400	-1499.179	3.399
2237.600	-1499.178	3.399
2237.800	-1499.173	3.399
2238.000	-1499.173	3.399
2238.200	-1499.159	3.399
2238.400	-1499.165	3.399
2238.600	-1499.163	3.399
2238.800	-1499.187	3.399
2239.000	-1499.175	3.399
2239.200	-1499.180	3.399
2239.400	-1499.181	3.399
2239.600	-1499.163	3.399
2239.800	-1499.175	3.399
2240.000	-1499.169	3.399
2240.200	-1499.191	3.399
2240.400	-1499.161	3.399
2240.600	-1499.193	3.399
2240.800	-1499.140	3.399
2241.000	-1499.153	3.399
2241.200	-1499.151	3.399
2241.400	-1499.151	3.399
2241.600	-1499.173	3.399
2241.800	-1499.142	3.399
2242.000	-1499.158	3.399
2242.200	-1499.187	3.399
2242.400	-1499.171	3.399
2242.600	-1499.170	3.399
2242.800	-1499.161	3.399
2243.000	-1499.170	3.399
2243.200	-1499.161	3.399
2243.400	-1499.167	3.399
2243.600	-1499.163	3.399
2243.800	-1499.165	3.399
2244.000	-1499.174	3.399
2244.200	-1499.167	3.399
2244.400	-1499.163	3.399
2244.600	-1499.150	3.399
2244.800	-1499.163	3.399
2245.000	-1499.169	3.399
2245.200	-1499.160	3.399
2245.400	-1499.175	3.399
2245.600	-1499.182	3.399
2245.800	-1499.185	3.399
2246.000	-1499.165	3.399
2246.200	-1499.158	3.399
2246.400	-1499.171	3.399
2246.600	-1499.172	3.399
2246.800	-1499.155	3.399
2247.000	-1499.171	3.399
2247.200	-1499.165	3.398
2247.400	-1499.166	3.398
2247.600	-1499.178	3.398
2247.800	-1499.176	3.398
2248.000	-1499.168	3.398
2248.200	-1499.168	3.398
2248.400	-1499.158	3.398
2248.600	-1499.155	3.398
2248.800	-1499.165	3.398
2249.000	-1499.170	3.398
2249.200	-1499.147	3.398
2249.400	-1499.146	3.398
2249.600	-1499.157	3.398
2249.800	-1499.161	3.398
2250.000	-1499.161	3.398
2250.200	-1499.140	3.398
2250.400	-1499.152	3.398
2250.600	-1499.168	3.398
2250.800	-1499.158	3.398
2251.000	-1499.139	3.398
2251.200	-1499.155	3.398
2251.400	-1499.173	3.398
2251.600	-1499.174	3.398
2251.800	-1499.148	3.398
2252.000	-1499.156	3.398
2252.200	-1499.167	3.398
2252.400	-1499.156	3.398
2252.600	-1499.163	3.398
2252.800	-1499.169	3.398
2253.000	-1499.148	3.398
2253.200	-1499.155	3.398
2253.400	-1499.150	3.398
2253.600	-1499.178	3.398
2253.800	-1499.167	3.398
2254.000	-1499.163	3.398
2254.200	-1499.172	3.398
2254.400	-1499.181	3.398
2254.600	-1499.155	3.398
2254.800	-1499.156	3.398
2255.000	-1499.144	3.398
2255.200	-1499.156	3.398
2255.400	-1499.165	3.398
2255.600	-1499.162	3.398
2255.800	-1499.154	3.398
2256.000	-1499.152	3.398
2256.200	-1499.135	3.398
2256.400	-1499.153	3.398
2256.600	-1499.145	3.398
2256.800	-1499.162	3.398
2257.000	-1499.164	3.398
2257.200	-1499.158	3.398
2257.400	-1499.143	3.398
2257.600	-1499.159	3.398
2257.800	-1499.145	3.398
2258.000	-1499.138	3.398
2258.200	-1499.166	3.398
2258.400	-1499.147	3.398
2258.600	-1499.149	3.398
2258.800	-1499.148	3.398
2259.000	-1499.161	3.398
2259.200	-1499.143	3.398
2259.400	-1499.153	3.398
2259.600	-1499.154	3.397
2259.800	-1499.131	3.397
2260.000	-1499.130	3.397
2260.200	-1499.144	3.397
2260.400	-1499.151	3.397
2260.600	-1499.138	3.397
2260.800	-1499.148	3.397
2261.000	-1499.141	3.397
2261.200	-1499.146	3.397
2261.400	-1499.138	3.397
2261.600	-1499.150	3.397
2261.800	-1499.137	3.397
2262.000	-1499.151	3.397
2262.200	-1499.157	3.397
2262.400	-1499.142	3.397
2262.600	-1499.151	3.397
2262.800	-1499.152	3.397
2263.000	-1499.162	3.397
2263.200	-1499.146	3.397
2263.400	-1499.165	3.397
2263.600	-1499.171	3.397
2263.800	-1499.158	3.397
2264.000	-1499.155	3.397
2264.200	-1499.145	3.397
2264.400	-1499.140	3.397
2264.600	-1499.146	3.397
2264.800	-1499.143	3.397
2265.000	-1499.145	3.397
2265.200	-1499.150	3.397
2265.400	-1499.147	3.397
2265.600	-1499.133	3.397
2265.800	-1499.134	3.397
2266.000	-1499.142	3.397
2266.200	-1499.144	3.397
2266.400	-1499.136	3.397
2266.600	-1499.140	3.397
2266.800	-1499.165	3.397
2267.000	-1499.165	3.397
2267.200	-1499.155	3.397
2267.400	-1499.132	3.397
2267.600	-1499.147	3.397
2267.800	-1499.156	3.397
2268.000	-1499.142	3.397
2268.200	-1499.137	3.397
2268.400	-1499.137	3.397
2268.600	-1499.146	3.397
2268.800	-1499.147	3.397
2269.000	-1499.140	3.397
2269.200	-1499.135	3.397
2269.400	-1499.156	3.397
2269.600	-1499.139	3.397
2269.800	-1499.141	3.397
2270.000	-1499.141	3.397
2270.200	-1499.126	3.397
2270.400	-1499.136	3.397
2270.600	-1499.167	3.397
2270.800	-1499.143	3.396
2271.000	-1499.146	3.396
2271.200	-1499.142	3.397
2271.400	-1499.143	3.397
2271.600	-1499.146	3.397
2271.800	-1499.152	3.396
2272.000	-1499.150	3.396
2272.200	-1499.145	3.396
2272.400	-1499.129	3.396
2272.600	-1499.138	3.396
2272.800	-1499.141	3.396
2273.000	-1499.149	3.396
2273.200	-1499.140	3.396
2273.400	-1499.150	3.396
2273.600	-1499.141	3.396
2273.800	-1499.133	3.396
2274.000	-1499.146	3.396
2274.200	-1499.154	3.396
2274.400	-1499.156	3.396
2274.600	-1499.151	3.396
2274.800	-1499.139	3.396
2275.000	-1499.139	3.396
2275.200	-1499.142	3.396
2275.400	-1499.151	3.396
2275.600	-1499.143	3.396
2275.800	-1499.150	3.396
2276.000	-1499.148	3.396
2276.200	-1499.154	3.396
2276.400	-1499.164	3.396
2276.600	-1499.161	3.396
2276.800	-1499.178	3.396
2277.000	-1499.154	3.396
2277.200	-1499.159	3.396
2277.400	-1499.135	3.396
2277.600	-1499.155	3.396
2277.800	-1499.154	3.396
2278.000	-1499.161	3.396
2278.200	-1499.150	3.396
2278.400	-1499.130	3.396
2278.600	-1499.144	3.396
2278.800	-1499.149	3.396
2279.000	-1499.142	3.396
2279.200	-1499.148	3.396
2279.400	-1499.145	3.396
2279.600	-1499.126	3.396
2279.800	-1499.133	3.396
2280.000	-1499.137	3.396
2280.200	-1499.117	3.396
2280.400	-1499.155	3.396
2280.600	-1499.114	3.396
2280.800	-1499.128	3.396
2281.000	-1499.111	3.396
2281.200	-1499.117	3.396
2281.400	-1499.119	3.396
2281.600	-1499.124	3.396
2281.800	-1499.126	3.396
2282.000	-1499.131	3.395
2282.200	-1499.134	3.395
2282.400	-1499.137	3.395
2282.600	-1499.132	3.395
2282.800	-1499.117	3.395
2283.000	-1499.140	3.395
2283.200	-1499.129	3.395
2283.400	-1499.127	3.395
2283.600	-1499.143	3.395
2283.800	-1499.144	3.395
2284.000	-1499.142	3.395
2284.200	-1499.165	3.395
2284.400	-1499.128	3.395
2284.600	-1499.128	3.395
2284.800	-1499.142	3.395
2285.000	-1499.154	3.395
2285.200	-1499.132	3.395
2285.400	-1499.143	3.395
2285.600	-1499.134	3.395
2285.800	-1499.150	3.395
2286.000	-1499.142	3.395
2286.200	-1499.128	3.395
2286.400	-1499.131	3.395
2286.600	-1499.138	3.395
2286.800	-1499.132	3.395
2287.000	-1499.116	3.395
2287.200	-1499.120	3.395
2287.400	-1499.122	3.395
2287.600	-1499.129	3.395
2287.800	-1499.132	3.395
2288.000	-1499.150	3.395
2288.200	-1499.122	3.395
2288.400	-1499.129	3.395
2288.600	-1499.125	3.395
2288.800	-1499.153	3.395
2289.000	-1499.141	3.395
2289.200	-1499.132	3.395
2289.400	-1499.116	3.395
2289.600	-1499.124	3.395
2289.800	-1499.143	3.395
2290.000	-1499.124	3.395
2290.200	-1499.138	3.395
2290.400	-1499.131	3.395
2290.600	-1499.128	3.395
2290.800	-1499.113	3.395
2291.000	-1499.128	3.395
2291.200	-1499.120	3.395
2291.400	-1499.148	3.395
2291.600	-1499.109	3.395
2291.800	-1499.129	3.395
2292.000	-1499.133	3.395
2292.200	-1499.141	3.395
2292.400	-1499.127	3.395
2292.600	-1499.136	3.395
2292.800	-1499.141	3.395
2293.000	-1499.136	3.395
2293.200	-1499.128	3.395
2293.400	-1499.128	3.395
2293.600	-1499.135	3.395
2293.800	-1499.131	3.395
2294.000	-1499.143	3.395
2294.200	-1499.122	3.395
2294.400	-1499.138	3.394
2294.600	-1499.143	3.394
2294.800	-1499.140	3.394
2295.000	-1499.138	3.394
2295.200	-1499.132	3.394
2295.400	-1499.145	3.394
2295.600	-1499.142	3.394
2295.800	-1499.136	3.394
2296.000	-1499.136	3.394
2296.200	-1499.144	3.394
2296.400	-1499.136	3.394
2296.600	-1499.129	3.394
2296.800	-1499.150	3.394
2297.000	-1499.147	3.394
2297.200	-1499.145	3.394
2297.400	-1499.138	3.394
2297.600	-1499.133	3.394
2297.800	-1499.134	3.394
2298.000	-1499.149	3.394
2298.200	-1499.146	3.394
2298.400	-1499.138	3.394
2298.600	-1499.146	3.394
2298.800	-1499.148	3.394
2299.000	-1499.139	3.394
2299.200	-1499.129	3.394
2299.400	-1499.133	3.394
2299.600	-1499.151	3.394
2299.800	-1499.136	3.394
2300.000	-1499.145	3.394
2300.200	-1499.148	3.394
2300.400	-1499.125	3.394
2300.600	-1499.129	3.394
2300.800	-1499.133	3.394
2301.000	-1499.129	3.394
2301.200	-1499.128	3.394
2301.400	-1499.129	3.394
2301.600	-1499.134	3.394
2301.800	-1499.135	3.394
2302.000	-1499.131	3.394
2302.200	-1499.149	3.394
2302.400	-1499.143	3.394
2302.600	-1499.170	3.394
2302.800	-1499.150	3.394
2303.000	-1499.149	3.394
2303.200	-1499.135	3.394
2303.400	-1499.136	3.394
2303.600	-1499.141	3.394
2303.800	-1499.136	3.394
2304.000	-1499.135	3.394
2304.200	-1499.134	3.394
2304.400	-1499.159	3.394
2304.600	-1499.148	3.394
2304.800	-1499.157	3.393
2305.000	-1499.149	3.394
2305.200	-1499.156	3.394
2305.400	-1499.142	3.393
2305.600	-1499.138	3.393
2305.800	-1499.134	3.393
2306.000	-1499.125	3.393
2306.200	-1499.122	3.393
2306.400	-1499.124	3.393
2306.600	-1499.130	3.393
2306.800	-1499.134	3.393
2307.000	-1499.140	3.393
2307.200	-1499.112	3.393
2307.400	-1499.138	3.393
2307.600	-1499.137	3.393
2307.800	-1499.142	3.393
2308.000	-1499.130	3.393
2308.200	-1499.124	3.393
2308.400	-1499.128	3.393
2308.600	-1499.130	3.393
2308.800	-1499.129	3.393
2309.000	-1499.120	3.393
2309.200	-1499.139	3.393
2309.400	-1499.143	3.393
2309.600	-1499.123	3.393
2309.800	-1499.128	3.393
2310.000	-1499.148	3.393
2310.200	-1499.134	3.393
2310.400	-1499.136	3.393
2310.600	-1499.132	3.393
2310.800	-1499.137	3.393
2311.000	-1499.136	3.393
2311.200	-1499.144	3.393
2311.400	-1499.144	3.393
2311.600	-1499.137	3.393
2311.800	-1499.128	3.393
2312.000	-1499.140	3.393
2312.200	-1499.121	3.393
2312.400	-1499.137	3.393
2312.600	-1499.144	3.393
2312.800	-1499.137	3.393
2313.000	-1499.126	3.393
2313.200	-1499.137	3.393
2313.400	-1499.126	3.393
2313.600	-1499.137	3.393
2313.800	-1499.140	3.393
2314.000	-1499.134	3.393
2314.200	-1499.142	3.393
2314.400	-1499.127	3.393
2314.600	-1499.140	3.393
2314.800	-1499.130	3.393
2315.000	-1499.145	3.393
2315.200	-1499.130	3.393
2315.400	-1499.131	3.393
2315.600	-1499.151	3.393
2315.800	-1499.148	3.393
2316.000	-1499.160	3.393
2316.200	-1499.166	3.392
2316.400	-1499.160	3.392
2316.600	-1499.143	3.392
2316.800	-1499.144	3.392
2317.000	-1499.150	3.392
2317.200	-1499.147	3.392
2317.400	-1499.151	3.392
2317.600	-1499.163	3.392
2317.800	-1499.148	3.392
2318.000	-1499.134	3.392
2318.200	-1499.142	3.392
2318.400	-1499.147	3.392
2318.600	-1499.139	3.392
2318.800	-1499.141	3.392
2319.000	-1499.139	3.392
2319.200	-1499.139	3.392
2319.400	-1499.144	3.392
2319.600	-1499.128	3.392
2319.800	-1499.141	3.392
2320.000	-1499.134	3.392
2320.200	-1499.131	3.392
2320.400	-1499.139	3.392
2320.600	-1499.143	3.392
2320.800	-1499.133	3.392
2321.000	-1499.144	3.392
2321.200	-1499.145	3.392
2321.400	-1499.117	3.392
2321.600	-1499.141	3.392
2321.800	-1499.149	3.392
2322.000	-1499.151	3.392
2322.200	-1499.135	3.392
2322.400	-1499.111	3.392
2322.600	-1499.127	3.392
2322.800	-1499.133	3.392
2323.000	-1499.133	3.392
2323.200	-1499.146	3.392
2323.400	-1499.148	3.392
2323.600	-1499.131	3.392
2323.800	-1499.141	3.392
2324.000	-1499.144	3.392
2324.200	-1499.149	3.392
2324.400	-1499.135	3.392
2324.600	-1499.146	3.392
2324.800	-1499.132	3.392
2325.000	-1499.123	3.392
2325.200	-1499.131	3.392
2325.400	-1499.137	3.392
2325.600	-1499.134	3.392
2325.800	-1499.134	3.392
2326.000	-1499.142	3.392
2326.200	-1499.144	3.392
2326.400	-1499.146	3.392
2326.600	-1499.133	3.392
2326.800	-1499.131	3.392
2327.000	-1499.129	3.392
2327.200	-1499.124	3.392
2327.400	-1499.122	3.392
2327.600	-1499.137	3.392
2327.800	-1499.136	3.392
2328.000	-1499.153	3.391
2328.200	-1499.142	3.391
2328.400	-1499.144	3.391
2328.600	-1499.135	3.391
2328.800	-1499.148	3.391
2329.000	-1499.155	3.391
2329.200	-1499.138	3.391
2329.400	-1499.137	3.391
2329.600	-1499.155	3.391
2329.800	-1499.139	3.391
2330.000	-1499.143	3.391
2330.200	-1499.142	3.391
2330.400	-1499.152	3.391
2330.600	-1499.144	3.391
2330.800	-1499.146	3.391
2331.000	-1499.142	3.391
2331.200	-1499.141	3.391
2331.400	-1499.135	3.391
2331.600	-1499.146	3.391
2331.800	-1499.145	3.391
2332.000	-1499.151	3.391
2332.200	-1499.126	3.391
2332.400	-1499.153	3.391
2332.600	-1499.157	3.391
2332.800	-1499.144	3.391
2333.000	-1499.151	3.391
2333.200	-1499.151	3.391
2333.400	-1499.131	3.391
2333.600	-1499.146	3.391
2333.800	-1499.153	3.391
2334.000	-1499.138	3.391
2334.200	-1499.140	3.391
2334.400	-1499.137	3.391
2334.600	-1499.132	3.391
2334.800	-1499.141	3.391
2335.000	-1499.136	3.391
2335.200	-1499.153	3.391
2335.400	-1499.148	3.391
2335.600	-1499.141	3.391
2335.800	-1499.132	3.391
2336.000	-1499.145	3.391
2336.200	-1499.143	3.391
2336.400	-1499.146	3.391
2336.600	-1499.158	3.391
2336.800	-1499.152	3.391
2337.000	-1499.128	3.391
2337.200	-1499.151	3.391
2337.400	-1499.144	3.391
2337.600	-1499.146	3.391
2337.800	-1499.149	3.391
2338.000	-1499.157	3.391
2338.200	-1499.154	3.391
2338.400	-1499.153	3.391
2338.600	-1499.160	3.391
2338.800	-1499.151	3.391
2339.000	-1499.157	3.391
2339.200	-1499.146	3.391
2339.400	-1499.146	3.391
2339.600	-1499.127	3.391
2339.800	-1499.117	3.391
2340.000	-1499.142	3.391
2340.200	-1499.128	3.391
2340.400	-1499.140	3.391
2340.600	-1499.148	3.390
2340.800	-1499.143	3.390
2341.000	-1499.149	3.390
2341.200	-1499.145	3.390
2341.400	-1499.155	3.390
2341.600	-1499.147	3.390
2341.800	-1499.155	3.390
2342.000	-1499.140	3.390
2342.200	-1499.156	3.390
2342.400	-1499.151	3.390
2342.600	-1499.152	3.390
2342.800	-1499.146	3.390
2343.000	-1499.141	3.390
2343.200	-1499.151	3.390
2343.400	-1499.155	3.390
2343.600	-1499.151	3.390
2343.800	-1499.158	3.390
2344.000	-1499.163	3.390
2344.200	-1499.161	3.390
2344.400	-1499.159	3.390
2344.600	-1499.135	3.390
2344.800	-1499.159	3.390
2345.000	-1499.151	3.390
2345.200	-1499.160	3.390
2345.400	-1499.167	3.390
2345.600	-1499.165	3.390
2345.800	-1499.179	3.390
2346.000	-1499.159	3.390
2346.200	-1499.161	3.390
2346.400	-1499.141	3.390
2346.600	-1499.152	3.390
2346.800	-1499.161	3.390
2347.000	-1499.156	3.390
2347.200	-1499.150	3.390
2347.400	-1499.164	3.390
2347.600	-1499.154	3.390
2347.800	-1499.153	3.390
2348.000	-1499.164	3.390
2348.200	-1499.142	3.390
2348.400	-1499.142	3.390
2348.600	-1499.147	3.390
2348.800	-1499.142	3.390
2349.000	-1499.150	3.390
2349.200	-1499.156	3.390
2349.400	-1499.151	3.390
2349.600	-1499.149	3.390
2349.800	-1499.150	3.390
2350.000	-1499.153	3.390
2350.200	-1499.141	3.390
2350.400	-1499.152	3.390
2350.600	-1499.155	3.390
2350.800	-1499.144	3.390
2351.000	-1499.150	3.390
2351.200	-1499.145	3.390
2351.400	-1499.132	3.390
2351.600	-1499.135	3.390
2351.800	-1499.135	3.389
2352.000	-1499.138	3.389
2352.200	-1499.144	3.389
2352.400	-1499.140	3.389
2352.600	-1499.145	3.389
2352.800	-1499.146	3.389
2353.000	-1499.167	3.389
2353.200	-1499.157	3.389
2353.400	-1499.159	3.389
2353.600	-1499.156	3.389
2353.800	-1499.149	3.389
2354.000	-1499.146	3.389
2354.200	-1499.140	3.389
2354.400	-1499.134	3.389
2354.600	-1499.138	3.389
2354.800	-1499.142	3.389
2355.000	-1499.144	3.389
2355.200	-1499.138	3.389
2355.400	-1499.130	3.389
2355.600	-1499.121	3.389
2355.800	-1499.126	3.389
2356.000	-1499.141	3.389
2356.200	-1499.140	3.389
2356.400	-1499.136	3.389
2356.600	-1499.143	3.389
2356.800	-1499.135	3.389
2357.000	-1499.134	3.389
2357.200	-1499.139	3.389
2357.400	-1499.132	3.389
2357.600	-1499.135	3.389
2357.800	-1499.133	3.389
2358.000	-1499.131	3.389
2358.200	-1499.132	3.389
2358.400	-1499.111	3.389
2358.600	-1499.133	3.389
2358.800	-1499.135	3.389
2359.000	-1499.141	3.389
2359.200	-1499.121	3.389
2359.400	-1499.132	3.389
2359.600	-1499.134	3.389
2359.800	-1499.146	3.389
2360.000	-1499.124	3.389
2360.200	-1499.122	3.389
2360.400	-1499.147	3.389
2360.600	-1499.136	3.389
2360.800	-1499.129	3.389
2361.000	-1499.130	3.389
2361.200	-1499.131	3.389
2361.400	-1499.134	3.389
2361.600	-1499.141	3.389
2361.800	-1499.141	3.389
2362.000	-1499.135	3.389
2362.200	-1499.134	3.389
2362.400	-1499.129	3.389
2362.600	-1499.146	3.389
2362.800	-1499.138	3.389
2363.000	-1499.157	3.389
2363.200	-1499.156	3.389
2363.400	-1499.156	3.389
2363.600	-1499.140	3.389
2363.800	-1499.150	3.388
2364.000	-1499.128	3.388
2364.200	-1499.147	3.388
2364.400	-1499.144	3.388
2364.600	-1499.140	3.388
2364.800	-1499.147	3.388
2365.000	-1499.139	3.388
2365.200	-1499.141	3.388
2365.400	-1499.163	3.388
2365.600	-1499.138	3.388
2365.800	-1499.146	3.388
2366.000	-1499.144	3.388
2366.200	-1499.139	3.388
2366.400	-1499.134	3.388
2366.600	-1499.142	3.388
2366.800	-1499.157	3.388
2367.000	-1499.154	3.388
2367.200	-1499.138	3.388
2367.400	-1499.153	3.388
2367.600	-1499.150	3.388
2367.800	-1499.143	3.388
2368.000	-1499.160	3.388
2368.200	-1499.152	3.388
2368.400	-1499.153	3.388
2368.600	-1499.143	3.388
2368.800	-1499.141	3.388
2369.000	-1499.145	3.388
2369.200	-1499.150	3.388
2369.400	-1499.125	3.388
2369.600	-1499.131	3.388
2369.800	-1499.141	3.388
2370.000	-1499.121	3.388
2370.200	-1499.137	3.388
2370.400	-1499.125	3.388
2370.600	-1499.130	3.388
2370.800	-1499.130	3.388
2371.000	-1499.141	3.388
2371.200	-1499.139	3.388
2371.400	-1499.122	3.388
2371.600	-1499.108	3.388
2371.800	-1499.131	3.388
2372.000	-1499.150	3.388
2372.200	-1499.150	3.388
2372.400	-1499.125	3.388
2372.600	-1499.134	3.388
2372.800	-1499.141	3.388
2373.000	-1499.136	3.388
2373.200	-1499.112	3.388
2373.400	-1499.137	3.388
2373.600	-1499.135	3.388
2373.800	-1499.133	3.388
2374.000	-1499.133	3.388
2374.200	-1499.131	3.388
2374.400	-1499.121	3.388
2374.600	-1499.128	3.388
2374.800	-1499.126	3.388
2375.000	-1499.133	3.387
2375.200	-1499.131	3.387
2375.400	-1499.131	3.387
2375.600	-1499.114	3.387
2375.800	-1499.143	3.387
2376.000	-1499.140	3.387
2376.200	-1499.144	3.387
2376.400	-1499.135	3.387
2376.600	-1499.142	3.387
2376.800	-1499.109	3.387
2377.000	-1499.135	3.387
2377.200	-1499.118	3.387
2377.400	-1499.134	3.387
2377.600	-1499.123	3.387
2377.800	-1499.134	3.387
2378.000	-1499.117	3.387
2378.200	-1499.142	3.387
2378.400	-1499.131	3.387
2378.600	-1499.114	3.387
2378.800	-1499.124	3.387
2379.000	-1499.122	3.387
2379.200	-1499.133	3.387
2379.400	-1499.139	3.387
2379.600	-1499.137	3.387
2379.800	-1499.115	3.387
2380.000	-1499.127	3.387
2380.200	-1499.132	3.387
2380.400	-1499.141	3.387
2380.600	-1499.126	3.387
2380.800	-1499.130	3.387
2381.000	-1499.131	3.387
2381.200	-1499.129	3.387
2381.400	-1499.139	3.387
2381.600	-1499.124	3.387
2381.800	-1499.131	3.387
2382.000	-1499.140	3.387
2382.200	-1499.130	3.387
2382.400	-1499.140	3.387
2382.600	-1499.149	3.387
2382.800	-1499.140	3.387
2383.000	-1499.145	3.387
2383.200	-1499.136	3.387
2383.400	-1499.138	3.387
2383.600	-1499.149	3.387
2383.800	-1499.154	3.387
2384.000	-1499.149	3.387
2384.200	-1499.140	3.387
2384.400	-1499.135	3.387
2384.600	-1499.133	3.387
2384.800	-1499.133	3.387
2385.000	-1499.152	3.387
2385.200	-1499.154	3.387
2385.400	-1499.162	3.387
2385.600	-1499.154	3.386
2385.800	-1499.166	3.386
2386.000	-1499.139	3.386
2386.200	-1499.145	3.386
2386.400	-1499.135	3.386
2386.600	-1499.138	3.386
2386.800	-1499.139	3.386
2387.000	-1499.142	3.386
2387.200	-1499.134	3.386
2387.400	-1499.144	3.386
2387.600	-1499.123	3.386
2387.800	-1499.117	3.386
2388.000	-1499.131	3.386
2388.200	-1499.133	3.386
2388.400	-1499.120	3.386
2388.600	-1499.131	3.386
2388.800	-1499.135	3.386
2389.000	-1499.139	3.386
2389.200	-1499.140	3.386
2389.400	-1499.144	3.386
2389.600	-1499.141	3.386
2389.800	-1499.130	3.386
2390.000	-1499.131	3.386
2390.200	-1499.130	3.386
2390.400	-1499.130	3.386
2390.600	-1499.140	3.386
2390.800	-1499.148	3.386
2391.000	-1499.141	3.386
2391.200	-1499.137	3.386
2391.400	-1499.148	3.386
2391.600	-1499.139	3.386
2391.800	-1499.128	3.386
2392.000	-1499.124	3.386
2392.200	-1499.109	3.386
2392.400	-1499.107	3.386
2392.600	-1499.120	3.386
2392.800	-1499.124	3.386
2393.000	-1499.127	3.386
2393.200	-1499.152	3.386
2393.400	-1499.139	3.386
2393.600	-1499.132	3.386
2393.800	-1499.122	3.386
2394.000	-1499.121	3.386
2394.200	-1499.126	3.386
2394.400	-1499.131	3.386
2394.600	-1499.116	3.386
2394.800	-1499.126	3.386
2395.000	-1499.140	3.386
2395.200	-1499.132	3.386
2395.400	-1499.134	3.386
2395.600	-1499.141	3.386
2395.800	-1499.135	3.386
2396.000	-1499.134	3.386
2396.200	-1499.144	3.386
2396.400	-1499.142	3.386
2396.600	-1499.146	3.386
2396.800	-1499.126	3.386
2397.000	-1499.126	3.386
2397.200	-1499.132	3.386
2397.400	-1499.123	3.386
2397.600	-1499.134	3.386
2397.800	-1499.143	3.386
2398.000	-1499.142	3.386
2398.200	-1499.145	3.386
2398.400	-1499.135	3.385
2398.600	-1499.127	3.385
2398.800	-1499.138	3.385
2399.000	-1499.157	3.385
2399.200	-1499.135	3.385
2399.400	-1499.128	3.385
2399.600	-1499.125	3.385
2399.800	-1499.134	3.385
2400.000	-1499.135	3.385
2400.200	-1499.135	3.385
2400.400	-1499.140	3.385
2400.600	-1499.140	3.385
2400.800	-1499.130	3.385
2401.000	-1499.136	3.385
2401.200	-1499.138	3.385
2401.400	-1499.137	3.385
2401.600	-1499.141	3.385
2401.800	-1499.134	3.385
2402.000	-1499.134	3.385
2402.200	-1499.129	3.385
2402.400	-1499.128	3.385
2402.600	-1499.136	3.385
2402.800	-1499.133	3.385
2403.000	-1499.128	3.385
2403.200	-1499.130	3.385
2403.400	-1499.126	3.385
2403.600	-1499.131	3.385
2403.800	-1499.130	3.385
2404.000	-1499.141	3.385
2404.200	-1499.140	3.385
2404.400	-1499.125	3.385
2404.600	-1499.137	3.385
2404.800	-1499.126	3.385
2405.000	-1499.137	3.385
2405.200	-1499.120	3.385
2405.400	-1499.128	3.385
2405.600	-1499.124	3.385
2405.800	-1499.137	3.385
2406.000	-1499.125	3.385
2406.200	-1499.119	3.385
2406.400	-1499.133	3.385
2406.600	-1499.149	3.385
2406.800	-1499.137	3.385
2407.000	-1499.152	3.385
2407.200	-1499.137	3.385
2407.400	-1499.133	3.385
2407.600	-1499.137	3.385
2407.800	-1499.153	3.385
2408.000	-1499.139	3.385
2408.200	-1499.142	3.385
2408.400	-1499.143	3.385
2408.600	-1499.136	3.385
2408.800	-1499.124	3.385
2409.000	-1499.138	3.385
2409.200	-1499.127	3.384
2409.400	-1499.134	3.384
2409.600	-1499.147	3.384
2409.800	-1499.141	3.384
2410.000	-1499.134	3.384
2410.200	-1499.145	3.384
2410.400	-1499.154	3.384
2410.600	-1499.127	3.384
2410.800	-1499.138	3.384
2411.000	-1499.135	3.384
2411.200	-1499.154	3.384
2411.400	-1499.166	3.384
2411.600	-1499.138	3.384
2411.800	-1499.166	3.384
2412.000	-1499.170	3.384
2412.200	-1499.151	3.384
2412.400	-1499.142	3.384
2412.600	-1499.142	3.384
2412.800	-1499.132	3.384
2413.000	-1499.145	3.384
2413.200	-1499.148	3.384
2413.400	-1499.143	3.384
2413.600	-1499.153	3.384
2413.800	-1499.154	3.384
2414.000	-1499.126	3.384
2414.200	-1499.130	3.384
2414.400	-1499.135	3.384
2414.600	-1499.142	3.384
2414.800	-1499.122	3.384
2415.000	-1499.139	3.384
2415.200	-1499.168	3.384
2415.400	-1499.142	3.384
2415.600	-1499.135	3.384
2415.800	-1499.130	3.384
2416.000	-1499.128	3.384
2416.200	-1499.148	3.384
2416.400	-1499.156	3.384
2416.600	-1499.137	3.384
2416.800	-1499.142	3.384
2417.000	-1499.132	3.384
2417.200	-1499.145	3.384
2417.400	-1499.154	3.384
2417.600	-1499.143	3.384
2417.800	-1499.153	3.384
2418.000	-1499.148	3.384
2418.200	-1499.143	3.384
2418.400	-1499.148	3.384
2418.600	-1499.160	3.384
2418.800	-1499.143	3.384
2419.000	-1499.167	3.384
2419.200	-1499.151	3.384
2419.400	-1499.150	3.384
2419.600	-1499.145	3.383
2419.800	-1499.146	3.383
2420.000	-1499.153	3.383
2420.200	-1499.157	3.383
2420.400	-1499.148	3.383
2420.600	-1499.156	3.383
2420.800	-1499.150	3.383
2421.000	-1499.158	3.383
2421.200	-1499.153	3.383
2421.400	-1499.140	3.383
2421.600	-1499.142	3.383
2421.800	-1499.147	3.383
2422.000	-1499.173	3.383
2422.200	-1499.164	3.383
2422.400	-1499.134	3.383
2422.600	-1499.148	3.383
2422.800	-1499.154	3.383
2423.000	-1499.160	3.383
2423.200	-1499.151	3.383
2423.400	-1499.145	3.383
2423.600	-1499.134	3.383
2423.800	-1499.144	3.383
2424.000	-1499.157	3.383
2424.200	-1499.142	3.383
2424.400	-1499.142	3.383
2424.600	-1499.155	3.383
2424.800	-1499.159	3.383
2425.000	-1499.168	3.383
2425.200	-1499.167	3.383
2425.400	-1499.150	3.383
2425.600	-1499.157	3.383
2425.800	-1499.152	3.383
2426.000	-1499.158	3.383
2426.200	-1499.149	3.383
2426.400	-1499.157	3.383
2426.600	-1499.152	3.383
2426.800	-1499.148	3.383
2427.000	-1499.161	3.383
2427.200	-1499.155	3.383
2427.400	-1499.151	3.383
2427.600	-1499.157	3.383
2427.800	-1499.146	3.383
2428.000	-1499.148	3.383
2428.200	-1499.149	3.383
2428.400	-1499.149	3.383
2428.600	-1499.145	3.383
2428.800	-1499.149	3.383
2429.000	-1499.150	3.383
2429.200	-1499.135	3.383
2429.400	-1499.143	3.383
2429.600	-1499.150	3.383
2429.800	-1499.141	3.383
2430.000	-1499.150	3.383
2430.200	-1499.155	3.383
2430.400	-1499.151	3.383
2430.600	-1499.143	3.383
2430.800	-1499.144	3.383
2431.000	-1499.141	3.383
2431.200	-1499.144	3.383
2431.400	-1499.152	3.382
2431.600	-1499.156	3.382
2431.800	-1499.172	3.382
2432.000	-1499.130	3.382
2432.200	-1499.148	3.382
2432.400	-1499.155	3.382
2432.600	-1499.153	3.382
2432.800	-1499.141	3.382
2433.000	-1499.158	3.382
2433.200	-1499.136	3.382
2433.400	-1499.146	3.382
2433.600	-1499.159	3.382
2433.800	-1499.147	3.382
2434.000	-1499.155	3.382
2434.200	-1499.144	3.382
2434.400	-1499.143	3.382
2434.600	-1499.145	3.382
2434.800	-1499.157	3.382
2435.000	-1499.139	3.382
2435.200	-1499.150	3.382
2435.400	-1499.144	3.382
2435.600	-1499.143	3.382
2435.800	-1499.149	3.382
2436.000	-1499.135	3.382
2436.200	-1499.142	3.382
2436.400	-1499.139	3.382
2436.600	-1499.152	3.382
2436.800	-1499.145	3.382
2437.000	-1499.127	3.382
2437.200	-1499.131	3.382
2437.400	-1499.144	3.382
2437.600	-1499.141	3.382
2437.800	-1499.137	3.382
2438.000	-1499.142	3.382
2438.200	-1499.149	3.382
2438.400	-1499.134	3.382
2438.600	-1499.158	3.382
2438.800	-1499.161	3.382
2439.000	-1499.155	3.382
2439.200	-1499.158	3.382
2439.400	-1499.163	3.382
2439.600	-1499.151	3.382
2439.800	-1499.145	3.382
2440.000	-1499.155	3.382
2440.200	-1499.140	3.382
2440.400	-1499.142	3.382
2440.600	-1499.153	3.382
2440.800	-1499.155	3.382
2441.000	-1499.137	3.382
2441.200	-1499.128	3.382
2441.400	-1499.139	3.382
2441.600	-1499.141	3.382
2441.800	-1499.153	3.382
2442.000	-1499.149	3.382
2442.200	-1499.156	3.382
2442.400	-1499.147	3.382
2442.600	-1499.163	3.382
2442.800	-1499.146	3.381
2443.000	-1499.124	3.381
2443.200	-1499.158	3.381
2443.400	-1499.156	3.381
2443.600	-1499.164	3.381
2443.800	-1499.152	3.381
2444.000	-1499.163	3.381
2444.200	-1499.154	3.381
2444.400	-1499.156	3.381
2444.600	-1499.136	3.381
2444.800	-1499.160	3.381
2445.000	-1499.151	3.381
2445.200	-1499.140	3.381
2445.400	-1499.165	3.381
2445.600	-1499.171	3.381
2445.800	-1499.168	3.381
2446.000	-1499.143	3.381
2446.200	-1499.169	3.381
2446.400	-1499.143	3.381
2446.600	-1499.162	3.381
2446.800	-1499.170	3.381
2447.000	-1499.160	3.381
2447.200	-1499.163	3.381
2447.400	-1499.162	3.381
2447.600	-1499.170	3.381
2447.800	-1499.170	3.381
2448.000	-1499.160	3.381
2448.200	-1499.148	3.381
2448.400	-1499.155	3.381
2448.600	-1499.133	3.381
2448.800	-1499.143	3.381
2449.000	-1499.148	3.381
2449.200	-1499.156	3.381
2449.400	-1499.163	3.381
2449.600	-1499.160	3.381
2449.800	-1499.147	3.381
2450.000	-1499.149	3.381
2450.200	-1499.149	3.381
2450.400	-1499.139	3.381
2450.600	-1499.151	3.381
2450.800	-1499.140	3.381
2451.000	-1499.151	3.381
2451.200	-1499.154	3.381
2451.400	-1499.162	3.381
2451.600	-1499.158	3.381
2451.800	-1499.149	3.381
2452.000	-1499.143	3.381
2452.200	-1499.143	3.381
2452.400	-1499.150	3.381
2452.600	-1499.148	3.381
2452.800	-1499.136	3.381
2453.000	-1499.161	3.381
2453.200	-1499.156	3.381
2453.400	-1499.153	3.381
2453.600	-1499.155	3.380
2453.800	-1499.155	3.380
2454.000	-1499.145	3.380
2454.200	-1499.146	3.380
2454.400	-1499.150	3.380
2454.600	-1499.151	3.380
2454.800	-1499.150	3.380
2455.000	-1499.147	3.380
2455.200	-1499.159	3.380
2455.400	-1499.139	3.380
2455.600	-1499.146	3.380
2455.800	-1499.151	3.380
2456.000	-1499.152	3.380
2456.200	-1499.134	3.380
2456.400	-1499.152	3.380
2456.600	-1499.140	3.380
2456.800	-1499.162	3.380
2457.000	-1499.161	3.380
2457.200	-1499.161	3.380
2457.400	-1499.167	3.380
2457.600	-1499.148	3.380
2457.800	-1499.145	3.380
2458.000	-1499.152	3.380
2458.200	-1499.155	3.380
2458.400	-1499.166	3.380
2458.600	-1499.150	3.380
2458.800	-1499.160	3.380
2459.000	-1499.171	3.380
2459.200	-1499.167	3.380
2459.400	-1499.154	3.380
2459.600	-1499.151	3.380
2459.800	-1499.166	3.380
2460.000	-1499.159	3.380
2460.200	-1499.152	3.380
2460.400	-1499.163	3.380
2460.600	-1499.135	3.380
2460.800	-1499.152	3.380
2461.000	-1499.143	3.380
2461.200	-1499.143	3.380
2461.400	-1499.146	3.380
2461.600	-1499.139	3.380
2461.800	-1499.136	3.380
2462.000	-1499.128	3.380
2462.200	-1499.148	3.380
2462.400	-1499.145	3.380
2462.600	-1499.132	3.380
2462.800	-1499.140	3.380
2463.000	-1499.123	3.380
2463.200	-1499.127	3.380
2463.400	-1499.126	3.380
2463.600	-1499.122	3.380
2463.800	-1499.123	3.380
2464.000	-1499.127	3.380
2464.200	-1499.136	3.380
2464.400	-1499.147	3.380
2464.600	-1499.147	3.380
2464.800	-1499.139	3.380
2465.000	-1499.147	3.380
2465.200	-1499.140	3.380
2465.400	-1499.119	3.380
2465.600	-1499.144	3.379
2465.800	-1499.118	3.379
2466.000	-1499.143	3.379
2466.200	-1499.154	3.379
2466.400	-1499.150	3.379
2466.600	-1499.142	3.379
2466.800	-1499.144	3.379
2467.000	-1499.138	3.379
2467.200	-1499.137	3.379
2467.400	-1499.140	3.379
2467.600	-1499.125	3.379
2467.800	-1499.140	3.379
2468.000	-1499.147	3.379
2468.200	-1499.130	3.379
2468.400	-1499.143	3.379
2468.600	-1499.130	3.379
2468.800	-1499.147	3.379
2469.000	-1499.144	3.379
2469.200	-1499.152	3.379
2469.400	-1499.139	3.379
2469.600	-1499.120	3.379
2469.800	-1499.133	3.379
2470.000	-1499.128	3.379
2470.200	-1499.144	3.379
2470.400	-1499.128	3.379
2470.600	-1499.112	3.379
2470.800	-1499.121	3.379
2471.000	-1499.131	3.379
2471.200	-1499.124	3.379
2471.400	-1499.124	3.379
2471.600	-1499.123	3.379
2471.800	-1499.136	3.379
2472.000	-1499.143	3.379
2472.200	-1499.134	3.379
2472.400	-1499.150	3.379
2472.600	-1499.140	3.379
2472.800	-1499.140	3.379
2473.000	-1499.132	3.379
2473.200	-1499.147	3.379
2473.400	-1499.141	3.379
2473.600	-1499.140	3.379
2473.800	-1499.138	3.379
2474.000	-1499.147	3.379
2474.200	-1499.129	3.379
2474.400	-1499.130	3.379
2474.600	-1499.140	3.379
2474.800	-1499.124	3.379
2475.000	-1499.125	3.379
2475.200	-1499.140	3.379
2475.400	-1499.138	3.379
2475.600	-1499.153	3.379
2475.800	-1499.141	3.379
2476.000	-1499.130	3.379
2476.200	-1499.158	3.379
2476.400	-1499.143	3.379
2476.600	-1499.137	3.379
2476.800	-1499.131	3.379
2477.000	-1499.157	3.379
2477.200	-1499.139	3.379
2477.400	-1499.133	3.378
2477.600	-1499.121	3.378
2477.800	-1499.120	3.378
2478.000	-1499.125	3.378
2478.200	-1499.117	3.378
2478.400	-1499.133	3.378
2478.600	-1499.120	3.378
2478.800	-1499.135	3.378
2479.000	-1499.148	3.378
2479.200	-1499.139	3.378
2479.400	-1499.162	3.378
2479.600	-1499.138	3.378
2479.800	-1499.132	3.378
2480.000	-1499.137	3.378
2480.200	-1499.138	3.378
2480.400	-1499.119	3.378
2480.600	-1499.115	3.378
2480.800	-1499.146	3.378
2481.000	-1499.149	3.378
2481.200	-1499.153	3.378
2481.400	-1499.143	3.378
2481.600	-1499.146	3.378
2481.800	-1499.140	3.378
2482.000	-1499.145	3.378
2482.200	-1499.135	3.378
2482.400	-1499.122	3.378
2482.600	-1499.137	3.378
2482.800	-1499.119	3.378
2483.000	-1499.130	3.378
2483.200	-1499.124	3.378
2483.400	-1499.129	3.378
2483.600	-1499.126	3.378
2483.800	-1499.128	3.378
2484.000	-1499.127	3.378
2484.200	-1499.129	3.378
2484.400	-1499.130	3.378
2484.600	-1499.140	3.378
2484.800	-1499.144	3.378
2485.000	-1499.130	3.378
2485.200	-1499.146	3.378
2485.400	-1499.128	3.378
2485.600	-1499.149	3.378
2485.800	-1499.143	3.378
2486.000	-1499.146	3.378
2486.200	-1499.141	3.378
2486.400	-1499.129	3.378
2486.600	-1499.141	3.378
2486.800	-1499.142	3.378
2487.000	-1499.146	3.378
2487.200	-1499.142	3.378
2487.400	-1499.146	3.378
2487.600	-1499.146	3.378
2487.800	-1499.149	3.378
2488.000	-1499.149	3.378
2488.200	-1499.144	3.378
2488.400	-1499.138	3.378
2488.600	-1499.143	3.378
2488.800	-1499.156	3.378
2489.000	-1499.148	3.378
2489.200	-1499.147	3.378
2489.400	-1499.158	3.378
2489.600	-1499.155	3.378
2489.800	-1499.175	3.377
2490.000	-1499.171	3.378
2490.200	-1499.148	3.377
2490.400	-1499.154	3.377
2490.600	-1499.144	3.377
2490.800	-1499.152	3.377
2491.000	-1499.167	3.377
2491.200	-1499.143	3.377
2491.400	-1499.150	3.377
2491.600	-1499.146	3.377
2491.800	-1499.156	3.377
2492.000	-1499.138	3.377
2492.200	-1499.142	3.377
2492.400	-1499.133	3.377
2492.600	-1499.138	3.377
2492.800	-1499.128	3.377
2493.000	-1499.142	3.377
2493.200	-1499.131	3.377
2493.400	-1499.143	3.377
2493.600	-1499.132	3.377
2493.800	-1499.133	3.377
2494.000	-1499.142	3.377
2494.200	-1499.154	3.377
2494.400	-1499.137	3.377
2494.600	-1499.133	3.377
2494.800	-1499.136	3.377
2495.000	-1499.143	3.377
2495.200	-1499.162	3.377
2495.400	-1499.143	3.377
2495.600	-1499.147	3.377
2495.800	-1499.156	3.377
2496.000	-1499.161	3.377
2496.200	-1499.138	3.377
2496.400	-1499.145	3.377
2496.600	-1499.150	3.377
2496.800	-1499.148	3.377
2497.000	-1499.123	3.377
2497.200	-1499.136	3.377
2497.400	-1499.143	3.377
2497.600	-1499.154	3.377
2497.800	-1499.145	3.377
2498.000	-1499.154	3.377
2498.200	-1499.135	3.377
2498.400	-1499.136	3.377
2498.600	-1499.152	3.377
2498.800	-1499.146	3.377
2499.000	-1499.136	3.377
2499.200	-1499.132	3.377
2499.400	-1499.148	3.377
2499.600	-1499.131	3.377
2499.800	-1499.138	3.377
2500.000	-1499.139	3.377
2500.200	-1499.139	3.377
2500.400	-1499.141	3.377
2500.600	-1499.154	3.377
2500.800	-1499.150	3.377
2501.000	-1499.137	3.377
2501.200	-1499.120	3.377
2501.400	-1499.130	3.377
2501.600	-1499.138	3.376
2501.800	-1499.128	3.376
2502.000	-1499.151	3.376
2502.200	-1499.124	3.376
2502.400	-1499.119	3.376
2502.600	-1499.127	3.376
2502.800	-1499.116	3.376
2503.000	-1499.120	3.376
2503.200	-1499.142	3.376
2503.400	-1499.138	3.376
2503.600	-1499.140	3.376
2503.800	-1499.127	3.376
2504.000	-1499.111	3.376
2504.200	-1499.136	3.376
2504.400	-1499.134	3.376
2504.600	-1499.132	3.376
2504.800	-1499.117	3.376
2505.000	-1499.135	3.376
2505.200	-1499.135	3.376
2505.400	-1499.133	3.376
2505.600	-1499.153	3.376
2505.800	-1499.140	3.376
2506.000	-1499.133	3.376
2506.200	-1499.151	3.376
2506.400	-1499.153	3.376
2506.600	-1499.162	3.376
2506.800	-1499.148	3.376
2507.000	-1499.154	3.376
2507.200	-1499.131	3.376
2507.400	-1499.138	3.376
2507.600	-1499.138	3.376
2507.800	-1499.144	3.376
2508.000	-1499.147	3.376
2508.200	-1499.146	3.376
2508.400	-1499.138	3.376
2508.600	-1499.146	3.376
2508.800	-1499.138	3.376
2509.000	-1499.148	3.376
2509.200	-1499.141	3.376
2509.400	-1499.141	3.376
2509.600	-1499.152	3.376
2509.800	-1499.150	3.376
2510.000	-1499.138	3.376
2510.200	-1499.146	3.376
2510.400	-1499.141	3.376
2510.600	-1499.119	3.376
2510.800	-1499.134	3.376
2511.000	-1499.151	3.376
2511.200	-1499.137	3.376
2511.400	-1499.150	3.376
2511.600	-1499.133	3.376
2511.800	-1499.166	3.376
2512.000	-1499.137	3.376
2512.200	-1499.122	3.376
2512.400	-1499.141	3.376
2512.600	-1499.138	3.375
2512.800	-1499.138	3.375
2513.000	-1499.130	3.375
2513.200	-1499.142	3.375
2513.400	-1499.140	3.375
2513.600	-1499.151	3.375
2513.800	-1499.137	3.375
2514.000	-1499.148	3.375
2514.200	-1499.148	3.375
2514.400	-1499.145	3.375
2514.600	-1499.136	3.375
2514.800	-1499.133	3.375
2515.000	-1499.154	3.375
2515.200	-1499.151	3.375
2515.400	-1499.138	3.375
2515.600	-1499.137	3.375
2515.800	-1499.144	3.375
2516.000	-1499.146	3.375
2516.200	-1499.147	3.375
2516.400	-1499.132	3.375
2516.600	-1499.141	3.375
2516.800	-1499.130	3.375
2517.000	-1499.134	3.375
2517.200	-1499.133	3.375
2517.400	-1499.130	3.375
2517.600	-1499.141	3.375
2517.800	-1499.134	3.375
2518.000	-1499.127	3.375
2518.200	-1499.128	3.375
2518.400	-1499.135	3.375
2518.600	-1499.132	3.375
2518.800	-1499.128	3.375
2519.000	-1499.120	3.375
2519.200	-1499.129	3.375
2519.400	-1499.151	3.375
2519.600	-1499.129	3.375
2519.800	-1499.133	3.375
2520.000	-1499.141	3.375
2520.200	-1499.126	3.375
2520.400	-1499.123	3.375
2520.600	-1499.133	3.375
2520.800	-1499.124	3.375
2521.000	-1499.140	3.375
2521.200	-1499.122	3.375
2521.400	-1499.137	3.375
2521.600	-1499.134	3.375
2521.800	-1499.129	3.375
2522.000	-1499.118	3.375
2522.200	-1499.118	3.375
2522.400	-1499.108	3.375
2522.600	-1499.122	3.375
2522.800	-1499.127	3.375
2523.000	-1499.114	3.375
2523.200	-1499.120	3.375
2523.400	-1499.131	3.374
2523.600	-1499.126	3.374
2523.800	-1499.145	3.374
2524.000	-1499.118	3.374
2524.200	-1499.129	3.374
2524.400	-1499.129	3.374
2524.600	-1499.142	3.374
2524.800	-1499.138	3.374
2525.000	-1499.127	3.374
2525.200	-1499.134	3.374
2525.400	-1499.125	3.374
2525.600	-1499.127	3.374
2525.800	-1499.128	3.374
2526.000	-1499.150	3.374
2526.200	-1499.119	3.374
2526.400	-1499.126	3.374
2526.600	-1499.142	3.374
2526.800	-1499.142	3.374
2527.000	-1499.124	3.374
2527.200	-1499.138	3.374
2527.400	-1499.110	3.374
2527.600	-1499.123	3.374
2527.800	-1499.117	3.374
2528.000	-1499.122	3.374
2528.200	-1499.133	3.374
2528.400	-1499.145	3.374
2528.600	-1499.132	3.374
2528.800	-1499.147	3.374
2529.000	-1499.153	3.374
2529.200	-1499.136	3.374
2529.400	-1499.135	3.374
2529.600	-1499.135	3.374
2529.800	-1499.126	3.374
2530.000	-1499.154	3.374
2530.200	-1499.150	3.374
2530.400	-1499.141	3.374
2530.600	-1499.135	3.374
2530.800	-1499.155	3.374
2531.000	-1499.146	3.374
2531.200	-1499.146	3.374
2531.400	-1499.138	3.374
2531.600	-1499.163	3.374
2531.800	-1499.148	3.374
2532.000	-1499.138	3.374
2532.200	-1499.140	3.374
2532.400	-1499.154	3.374
2532.600	-1499.149	3.374
2532.800	-1499.140	3.374
2533.000	-1499.141	3.374
2533.200	-1499.133	3.374
2533.400	-1499.134	3.374
2533.600	-1499.131	3.374
2533.800	-1499.136	3.374
2534.000	-1499.145	3.374
2534.200	-1499.138	3.374
2534.400	-1499.149	3.374
2534.600	-1499.137	3.374
2534.800	-1499.140	3.374
2535.000	-1499.142	3.373
2535.200	-1499.151	3.374
2535.400	-1499.151	3.373
2535.600	-1499.147	3.373
2535.800	-1499.146	3.373
2536.000	-1499.127	3.373
2536.200	-1499.148	3.373
2536.400	-1499.133	3.373
2536.600	-1499.132	3.373
2536.800	-1499.157	3.373
2537.000	-1499.162	3.373
2537.200	-1499.155	3.373
2537.400	-1499.147	3.373
2537.600	-1499.161	3.373
2537.800	-1499.148	3.373
2538.000	-1499.138	3.373
2538.200	-1499.149	3.373
2538.400	-1499.170	3.373
2538.600	-1499.166	3.373
2538.800	-1499.137	3.373
2539.000	-1499.155	3.373
2539.200	-1499.131	3.373
2539.400	-1499.138	3.373
2539.600	-1499.156	3.373
2539.800	-1499.152	3.373
2540.000	-1499.136	3.373
2540.200	-1499.140	3.373
2540.400	-1499.156	3.373
2540.600	-1499.148	3.373
2540.800	-1499.151	3.373
2541.000	-1499.136	3.373
2541.200	-1499.144	3.373
2541.400	-1499.143	3.373
2541.600	-1499.147	3.373
2541.800	-1499.141	3.373
2542.000	-1499.144	3.373
2542.200	-1499.155	3.373
2542.400	-1499.151	3.373
2542.600	-1499.136	3.373
2542.800	-1499.137	3.373
2543.000	-1499.133	3.373
2543.200	-1499.141	3.373
2543.400	-1499.133	3.373
2543.600	-1499.145	3.373
2543.800	-1499.151	3.373
2544.000	-1499.145	3.373
2544.200	-1499.158	3.373
2544.400	-1499.138	3.373
2544.600	-1499.123	3.373
2544.800	-1499.157	3.373
2545.000	-1499.143	3.373
2545.200	-1499.157	3.373
2545.400	-1499.135	3.373
2545.600	-1499.156	3.372
2545.800	-1499.141	3.372
2546.000	-1499.155	3.372
2546.200	-1499.136	3.372
2546.400	-1499.135	3.372
2546.600	-1499.136	3.372
2546.800	-1499.165	3.372
2547.000	-1499.145	3.372
2547.200	-1499.142	3.372
2547.400	-1499.138	3.372
2547.600	-1499.152	3.372
2547.800	-1499.156	3.372
2548.000	-1499.156	3.372
2548.200	-1499.149	3.372
2548.400	-1499.154	3.372
2548.600	-1499.139	3.372
2548.800	-1499.142	3.372
2549.000	-1499.135	3.372
2549.200	-1499.160	3.372
2549.400	-1499.169	3.372
2549.600	-1499.157	3.372
2549.800	-1499.160	3.372
2550.000	-1499.154	3.372
2550.200	-1499.162	3.372
2550.400	-1499.144	3.372
2550.600	-1499.167	3.372
2550.800	-1499.144	3.372
2551.000	-1499.149	3.372
2551.200	-1499.156	3.372
2551.400	-1499.167	3.372
2551.600	-1499.149	3.372
2551.800	-1499.141	3.372
2552.000	-1499.134	3.372
2552.200	-1499.146	3.372
2552.400	-1499.152	3.372
2552.600	-1499.143	3.372
2552.800	-1499.140	3.372
2553.000	-1499.133	3.372
2553.200	-1499.149	3.372
2553.400	-1499.157	3.372
2553.600	-1499.153	3.372
2553.800	-1499.156	3.372
2554.000	-1499.157	3.372
2554.200	-1499.138	3.372
2554.400	-1499.147	3.372
2554.600	-1499.151	3.372
2554.800	-1499.152	3.372
2555.000	-1499.143	3.372
2555.200	-1499.151	3.372
2555.400	-1499.141	3.372
2555.600	-1499.144	3.372
2555.800	-1499.149	3.372
2556.000	-1499.138	3.371
2556.200	-1499.126	3.371
2556.400	-1499.136	3.371
2556.600	-1499.146	3.371
2556.800	-1499.151	3.371
2557.000	-1499.147	3.371
2557.200	-1499.159	3.371
2557.400	-1499.154	3.371
2557.600	-1499.144	3.371
2557.800	-1499.119	3.371
2558.000	-1499.143	3.371
2558.200	-1499.144	3.371
2558.400	-1499.142	3.371
2558.600	-1499.159	3.371
2558.800	-1499.142	3.371
2559.000	-1499.123	3.371
2559.200	-1499.139	3.371
2559.400	-1499.133	3.371
2559.600	-1499.159	3.371
2559.800	-1499.152	3.371
2560.000	-1499.139	3.371
2560.200	-1499.138	3.371
2560.400	-1499.161	3.371
2560.600	-1499.148	3.371
2560.800	-1499.144	3.371
2561.000	-1499.153	3.371
2561.200	-1499.161	3.371
2561.400	-1499.147	3.371
2561.600	-1499.166	3.371
2561.800	-1499.161	3.371
2562.000	-1499.155	3.371
2562.200	-1499.139	3.371
2562.400	-1499.144	3.371
2562.600	-1499.133	3.371
2562.800	-1499.131	3.371
2563.000	-1499.162	3.371
2563.200	-1499.143	3.371
2563.400	-1499.154	3.371
2563.600	-1499.145	3.371
2563.800	-1499.149	3.371
2564.000	-1499.162	3.371
2564.200	-1499.135	3.371
2564.400	-1499.143	3.371
2564.600	-1499.147	3.371
2564.800	-1499.154	3.371
2565.000	-1499.151	3.371
2565.200	-1499.144	3.371
2565.400	-1499.155	3.371
2565.600	-1499.168	3.371
2565.800	-1499.151	3.371
2566.000	-1499.145	3.371
2566.200	-1499.147	3.371
2566.400	-1499.156	3.371
2566.600	-1499.153	3.371
2566.800	-1499.146	3.371
2567.000	-1499.141	3.371
2567.200	-1499.159	3.371
2567.400	-1499.147	3.371
2567.600	-1499.139	3.371
2567.800	-1499.157	3.371
2568.000	-1499.152	3.370
2568.200	-1499.145	3.370
2568.400	-1499.147	3.370
2568.600	-1499.143	3.370
2568.800	-1499.146	3.370
2569.000	-1499.169	3.370
2569.200	-1499.157	3.370
2569.400	-1499.154	3.370
2569.600	-1499.151	3.370
2569.800	-1499.164	3.370
2570.000	-1499.159	3.370
2570.200	-1499.165	3.370
2570.400	-1499.150	3.370
2570.600	-1499.158	3.370
2570.800	-1499.171	3.370
2571.000	-1499.169	3.370
2571.200	-1499.162	3.370
2571.400	-1499.143	3.370
2571.600	-1499.157	3.370
2571.800	-1499.171	3.370
2572.000	-1499.171	3.370
2572.200	-1499.164	3.370
2572.400	-1499.160	3.370
2572.600	-1499.148	3.370
2572.800	-1499.149	3.370
2573.000	-1499.160	3.370
2573.200	-1499.139	3.370
2573.400	-1499.141	3.370
2573.600	-1499.158	3.370
2573.800	-1499.155	3.370
2574.000	-1499.157	3.370
2574.200	-1499.148	3.370
2574.400	-1499.152	3.370
2574.600	-1499.143	3.370
2574.800	-1499.138	3.370
2575.000	-1499.130	3.370
2575.200	-1499.138	3.370
2575.400	-1499.141	3.370
2575.600	-1499.136	3.370
2575.800	-1499.138	3.370
2576.000	-1499.146	3.370
2576.200	-1499.144	3.370
2576.400	-1499.153	3.370
2576.600	-1499.148	3.370
2576.800	-1499.156	3.370
2577.000	-1499.143	3.370
2577.200	-1499.160	3.370
2577.400	-1499.134	3.370
2577.600	-1499.146	3.370
2577.800	-1499.136	3.370
2578.000	-1499.159	3.370
2578.200	-1499.148	3.370
2578.400	-1499.133	3.370
2578.600	-1499.135	3.370
2578.800	-1499.133	3.370
2579.000	-1499.132	3.370
2579.200	-1499.125	3.370
2579.400	-1499.161	3.369
2579.600	-1499.149	3.369
2579.800	-1499.129	3.369
2580.000	-1499.141	3.369
2580.200	-1499.138	3.369
2580.400	-1499.147	3.369
2580.600	-1499.127	3.369
2580.800	-1499.150	3.369
2581.000	-1499.136	3.369
2581.200	-1499.146	3.369
2581.400	-1499.145	3.369
2581.600	-1499.129	3.369
2581.800	-1499.134	3.369
2582.000	-1499.153	3.369
2582.200	-1499.145	3.369
2582.400	-1499.152	3.369
2582.600	-1499.153	3.369
2582.800	-1499.151	3.369
2583.000	-1499.130	3.369
2583.200	-1499.145	3.369
2583.400	-1499.139	3.369
2583.600	-1499.141	3.369
2583.800	-1499.149	3.369
2584.000	-1499.133	3.369
2584.200	-1499.150	3.369
2584.400	-1499.152	3.369
2584.600	-1499.130	3.369
2584.800	-1499.137	3.369
2585.000	-1499.132	3.369
2585.200	-1499.137	3.369
2585.400	-1499.130	3.369
2585.600	-1499.139	3.369
2585.800	-1499.148	3.369
2586.000	-1499.162	3.369
2586.200	-1499.154	3.369
2586.400	-1499.132	3.369
2586.600	-1499.147	3.369
2586.800	-1499.143	3.369
2587.000	-1499.148	3.369
2587.200	-1499.161	3.369
2587.400	-1499.141	3.369
2587.600	-1499.146	3.369
2587.800	-1499.163	3.369
2588.000	-1499.146	3.369
2588.200	-1499.141	3.369
2588.400	-1499.154	3.369
2588.600	-1499.152	3.369
2588.800	-1499.159	3.369
2589.000	-1499.168	3.369
2589.200	-1499.155	3.369
2589.400	-1499.154	3.369
2589.600	-1499.160	3.369
2589.800	-1499.141	3.369
2590.000	-1499.147	3.369
2590.200	-1499.146	3.368
2590.400	-1499.154	3.368
2590.600	-1499.165	3.368
2590.800	-1499.150	3.368
2591.000	-1499.164	3.368
2591.200	-1499.151	3.368
2591.400	-1499.161	3.368
2591.600	-1499.161	3.368
2591.800	-1499.159	3.368
2592.000	-1499.164	3.368
2592.200	-1499.156	3.368
2592.400	-1499.149	3.368
2592.600	-1499.159	3.368
2592.800	-1499.153	3.368
2593.000	-1499.167	3.368
2593.200	-1499.142	3.368
2593.400	-1499.154	3.368
2593.600	-1499.161	3.368
2593.800	-1499.151	3.368
2594.000	-1499.146	3.368
2594.200	-1499.144	3.368
2594.400	-1499.140	3.368
2594.600	-1499.164	3.368
2594.800	-1499.163	3.368
2595.000	-1499.153	3.368
2595.200	-1499.158	3.368
2595.400	-1499.163	3.368
2595.600	-1499.167	3.368
2595.800	-1499.154	3.368
2596.000	-1499.147	3.368
2596.200	-1499.147	3.368
2596.400	-1499.166	3.368
2596.600	-1499.155	3.368
2596.800	-1499.162	3.368
2597.000	-1499.146	3.368
2597.200	-1499.164	3.368
2597.400	-1499.148	3.368
2597.600	-1499.165	3.368
2597.800	-1499.164	3.368
2598.000	-1499.160	3.368
2598.200	-1499.149	3.368
2598.400	-1499.151	3.368
2598.600	-1499.146	3.368
2598.800	-1499.154	3.368
2599.000	-1499.143	3.368
2599.200	-1499.144	3.368
2599.400	-1499.159	3.368
2599.600	-1499.164	3.368
2599.800	-1499.156	3.368
2600.000	-1499.161	3.368
2600.200	-1499.139	3.368
2600.400	-1499.160	3.368
2600.600	-1499.153	3.368
2600.800	-1499.154	3.368
2601.000	-1499.151	3.368
2601.200	-1499.136	3.368
2601.400	-1499.162	3.368
2601.600	-1499.158	3.368
2601.800	-1499.168	3.367
2602.000	-1499.163	3.367
2602.200	-1499.166	3.367
2602.400	-1499.160	3.367
2602.600	-1499.154	3.367
2602.800	-1499.160	3.367
2603.000	-1499.160	3.367
2603.200	-1499.141	3.367
2603.400	-1499.157	3.367
2603.600	-1499.157	3.367
2603.800	-1499.163	3.367
2604.000	-1499.144	3.367
2604.200	-1499.155	3.367
2604.400	-1499.148	3.367
2604.600	-1499.143	3.367
2604.800	-1499.146	3.367
2605.000	-1499.142	3.367
2605.200	-1499.145	3.367
2605.400	-1499.160	3.367
2605.600	-1499.150	3.367
2605.800	-1499.151	3.367
2606.000	-1499.151	3.367
2606.200	-1499.139	3.367
2606.400	-1499.138	3.367
2606.600	-1499.153	3.367
2606.800	-1499.146	3.367
2607.000	-1499.164	3.367
2607.200	-1499.160	3.367
2607.400	-1499.142	3.367
2607.600	-1499.153	3.367
2607.800	-1499.144	3.367
2608.000	-1499.145	3.367
2608.200	-1499.146	3.367
2608.400	-1499.141	3.367
2608.600	-1499.131	3.367
2608.800	-1499.151	3.367
2609.000	-1499.137	3.367
2609.200	-1499.132	3.367
2609.400	-1499.145	3.367
2609.600	-1499.143	3.367
2609.800	-1499.141	3.367
2610.000	-1499.139	3.367
2610.200	-1499.142	3.367
2610.400	-1499.126	3.367
2610.600	-1499.144	3.367
2610.800	-1499.153	3.367
2611.000	-1499.143	3.367
2611.200	-1499.131	3.367
2611.400	-1499.144	3.367
2611.600	-1499.146	3.367
2611.800	-1499.143	3.367
2612.000	-1499.144	3.367
2612.200	-1499.154	3.367
2612.400	-1499.155	3.367
2612.600	-1499.141	3.367
2612.800	-1499.149	3.367
2613.000	-1499.139	3.367
2613.200	-1499.162	3.367
2613.400	-1499.149	3.367
2613.600	-1499.146	3.366
2613.800	-1499.148	3.367
2614.000	-1499.146	3.366
2614.200	-1499.135	3.366
2614.400	-1499.146	3.366
2614.600	-1499.147	3.366
2614.800	-1499.156	3.366
2615.000	-1499.154	3.366
2615.200	-1499.145	3.366
2615.400	-1499.170	3.366
2615.600	-1499.141	3.366
2615.800	-1499.155	3.366
2616.000	-1499.135	3.366
2616.200	-1499.156	3.366
2616.400	-1499.158	3.366
2616.600	-1499.158	3.366
2616.800	-1499.157	3.366
2617.000	-1499.153	3.366
2617.200	-1499.161	3.366
2617.400	-1499.136	3.366
2617.600	-1499.148	3.366
2617.800	-1499.137	3.366
2618.000	-1499.159	3.366
2618.200	-1499.148	3.366
2618.400	-1499.154	3.366
2618.600	-1499.162	3.366
2618.800	-1499.135	3.366
2619.000	-1499.158	3.366
2619.200	-1499.144	3.366
2619.400	-1499.146	3.366
2619.600	-1499.147	3.366
2619.800	-1499.152	3.366
2620.000	-1499.145	3.366
2620.200	-1499.137	3.366
2620.400	-1499.161	3.366
2620.600	-1499.136	3.366
2620.800	-1499.164	3.366
2621.000	-1499.159	3.366
2621.200	-1499.144	3.366
2621.400	-1499.133	3.366
2621.600	-1499.149	3.366
2621.800	-1499.150	3.366
2622.000	-1499.160	3.366
2622.200	-1499.145	3.366
2622.400	-1499.148	3.366
2622.600	-1499.159	3.366
2622.800	-1499.152	3.366
2623.000	-1499.152	3.366
2623.200	-1499.163	3.366
2623.400	-1499.149	3.366
2623.600	-1499.151	3.366
2623.800	-1499.149	3.366
2624.000	-1499.149	3.366
2624.200	-1499.147	3.365
2624.400	-1499.153	3.365
2624.600	-1499.157	3.365
2624.800	-1499.139	3.365
2625.000	-1499.160	3.365
2625.200	-1499.157	3.365
2625.400	-1499.146	3.365
2625.600	-1499.151	3.365
2625.800	-1499.138	3.365
2626.000	-1499.143	3.365
2626.200	-1499.130	3.365
2626.400	-1499.154	3.365
2626.600	-1499.151	3.365
2626.800	-1499.163	3.365
2627.000	-1499.142	3.365
2627.200	-1499.162	3.365
2627.400	-1499.156	3.365
2627.600	-1499.155	3.365
2627.800	-1499.140	3.365
2628.000	-1499.152	3.365
2628.200	-1499.126	3.365
2628.400	-1499.123	3.365
2628.600	-1499.148	3.365
2628.800	-1499.148	3.365
2629.000	-1499.129	3.365
2629.200	-1499.139	3.365
2629.400	-1499.145	3.365
2629.600	-1499.158	3.365
2629.800	-1499.160	3.365
2630.000	-1499.160	3.365
2630.200	-1499.163	3.365
2630.400	-1499.151	3.365
2630.600	-1499.152	3.365
2630.800	-1499.150	3.365
2631.000	-1499.158	3.365
2631.200	-1499.159	3.365
2631.400	-1499.155	3.365
2631.600	-1499.137	3.365
2631.800	-1499.148	3.365
2632.000	-1499.134	3.365
2632.200	-1499.149	3.365
2632.400	-1499.143	3.365
2632.600	-1499.128	3.365
2632.800	-1499.141	3.365
2633.000	-1499.157	3.365
2633.200	-1499.152	3.365
2633.400	-1499.152	3.365
2633.600	-1499.141	3.365
2633.800	-1499.159	3.365
2634.000	-1499.157	3.365
2634.200	-1499.159	3.365
2634.400	-1499.156	3.365
2634.600	-1499.149	3.365
2634.800	-1499.148	3.365
2635.000	-1499.145	3.365
2635.200	-1499.161	3.364
2635.400	-1499.162	3.364
2635.600	-1499.140	3.364
2635.800	-1499.146	3.364
2636.000	-1499.162	3.364
2636.200	-1499.138	3.364
2636.400	-1499.134	3.364
2636.600	-1499.146	3.364
2636.800	-1499.148	3.364
2637.000	-1499.140	3.364
2637.200	-1499.150	3.364
2637.400	-1499.153	3.364
2637.600	-1499.155	3.364
2637.800	-1499.161	3.364
2638.000	-1499.150	3.364
2638.200	-1499.144	3.364
2638.400	-1499.142	3.364
2638.600	-1499.165	3.364
2638.800	-1499.155	3.364
2639.000	-1499.155	3.364
2639.200	-1499.147	3.364
2639.400	-1499.154	3.364
2639.600	-1499.141	3.364
2639.800	-1499.160	3.364
2640.000	-1499.161	3.364
2640.200	-1499.122	3.364
2640.400	-1499.135	3.364
2640.600	-1499.140	3.364
2640.800	-1499.144	3.364
2641.000	-1499.151	3.364
2641.200	-1499.152	3.364
2641.400	-1499.158	3.364
2641.600	-1499.154	3.364
2641.800	-1499.132	3.364
2642.000	-1499.140	3.364
2642.200	-1499.149	3.364
2642.400	-1499.151	3.364
2642.600	-1499.145	3.364
2642.800	-1499.160	3.364
2643.000	-1499.167	3.364
2643.200	-1499.163	3.364
2643.400	-1499.153	3.364
2643.600	-1499.153	3.364
2643.800	-1499.149	3.364
2644.000	-1499.145	3.364
2644.200	-1499.159	3.364
2644.400	-1499.160	3.364
2644.600	-1499.155	3.364
2644.800	-1499.169	3.364
2645.000	-1499.150	3.364
2645.200	-1499.149	3.364
2645.400	-1499.148	3.364
2645.600	-1499.155	3.364
2645.800	-1499.141	3.364
2646.000	-1499.162	3.364
2646.200	-1499.148	3.364
2646.400	-1499.149	3.363
2646.600	-1499.168	3.363
2646.800	-1499.154	3.363
2647.000	-1499.164	3.363
2647.200	-1499.160	3.363
2647.400	-1499.165	3.363
2647.600	-1499.167	3.363
2647.800	-1499.166	3.363
2648.000	-1499.171	3.363
2648.200	-1499.160	3.363
2648.400	-1499.153	3.363
2648.600	-1499.143	3.363
2648.800	-1499.150	3.363
2649.000	-1499.154	3.363
2649.200	-1499.138	3.363
2649.400	-1499.153	3.363
2649.600	-1499.146	3.363
2649.800	-1499.161	3.363
2650.000	-1499.177	3.363
2650.200	-1499.186	3.363
2650.400	-1499.156	3.363
2650.600	-1499.170	3.363
2650.800	-1499.140	3.363
2651.000	-1499.153	3.363
2651.200	-1499.153	3.363
2651.400	-1499.151	3.363
2651.600	-1499.158	3.363
2651.800	-1499.149	3.363
2652.000	-1499.162	3.363
2652.200	-1499.147	3.363
2652.400	-1499.154	3.363
2652.600	-1499.147	3.363
2652.800	-1499.151	3.363
2653.000	-1499.140	3.363
2653.200	-1499.134	3.363
2653.400	-1499.137	3.363
2653.600	-1499.137	3.363
2653.800	-1499.128	3.363
2654.000	-1499.148	3.363
2654.200	-1499.139	3.363
2654.400	-1499.126	3.363
2654.600	-1499.138	3.363
2654.800	-1499.131	3.363
2655.000	-1499.137	3.363
2655.200	-1499.140	3.363
2655.400	-1499.122	3.363
2655.600	-1499.128	3.363
2655.800	-1499.159	3.363
2656.000	-1499.146	3.363
2656.200	-1499.139	3.363
2656.400	-1499.156	3.363
2656.600	-1499.155	3.363
2656.800	-1499.149	3.363
2657.000	-1499.143	3.363
2657.200	-1499.153	3.362
2657.400	-1499.146	3.362
2657.600	-1499.144	3.362
2657.800	-1499.150	3.362
2658.000	-1499.143	3.362
2658.200	-1499.163	3.362
2658.400	-1499.134	3.362
2658.600	-1499.141	3.362
2658.800	-1499.144	3.362
2659.000	-1499.142	3.362
2659.200	-1499.116	3.362
2659.400	-1499.157	3.362
2659.600	-1499.146	3.362
2659.800	-1499.125	3.362
2660.000	-1499.144	3.362
2660.200	-1499.127	3.362
2660.400	-1499.134	3.362
2660.600	-1499.146	3.362
2660.800	-1499.147	3.362
2661.000	-1499.130	3.362
2661.200	-1499.131	3.362
2661.400	-1499.135	3.362
2661.600	-1499.146	3.362
2661.800	-1499.134	3.362
2662.000	-1499.115	3.362
2662.200	-1499.147	3.362
2662.400	-1499.147	3.362
2662.600	-1499.152	3.362
2662.800	-1499.127	3.362
2663.000	-1499.144	3.362
2663.200	-1499.143	3.362
2663.400	-1499.149	3.362
2663.600	-1499.147	3.362
2663.800	-1499.143	3.362
2664.000	-1499.130	3.362
2664.200	-1499.142	3.362
2664.400	-1499.135	3.362
2664.600	-1499.147	3.362
2664.800	-1499.137	3.362
2665.000	-1499.136	3.362
2665.200	-1499.135	3.362
2665.400	-1499.142	3.362
2665.600	-1499.132	3.362
2665.800	-1499.141	3.362
2666.000	-1499.133	3.362
2666.200	-1499.149	3.362
2666.400	-1499.149	3.362
2666.600	-1499.154	3.362
2666.800	-1499.149	3.362
2667.000	-1499.155	3.362
2667.200	-1499.146	3.362
2667.400	-1499.148	3.362
2667.600	-1499.138	3.362
2667.800	-1499.145	3.362
2668.000	-1499.137	3.361
2668.200	-1499.141	3.361
2668.400	-1499.131	3.361
2668.600	-1499.134	3.361
2668.800	-1499.132	3.361
2669.000	-1499.150	3.361
2669.200	-1499.141	3.361
2669.400	-1499.135	3.361
2669.600	-1499.141	3.361
2669.800	-1499.141	3.361
2670.000	-1499.136	3.361
2670.200	-1499.131	3.361
2670.400	-1499.153	3.361
2670.600	-1499.143	3.361
2670.800	-1499.148	3.361
2671.000	-1499.152	3.361
2671.200	-1499.151	3.361
2671.400	-1499.144	3.361
2671.600	-1499.128	3.361
2671.800	-1499.144	3.361
2672.000	-1499.138	3.361
2672.200	-1499.149	3.361
2672.400	-1499.142	3.361
2672.600	-1499.149	3.361
2672.800	-1499.146	3.361
2673.000	-1499.149	3.361
2673.200	-1499.142	3.361
2673.400	-1499.146	3.361
2673.600	-1499.166	3.361
2673.800	-1499.135	3.361
2674.000	-1499.135	3.361
2674.200	-1499.144	3.361
2674.400	-1499.146	3.361
2674.600	-1499.144	3.361
2674.800	-1499.150	3.361
2675.000	-1499.159	3.361
2675.200	-1499.148	3.361
2675.400	-1499.152	3.361
2675.600	-1499.138	3.361
2675.800	-1499.159	3.361
2676.000	-1499.169	3.361
2676.200	-1499.144	3.361
2676.400	-1499.147	3.361
2676.600	-1499.147	3.361
2676.800	-1499.155	3.361
2677.000	-1499.168	3.361
2677.200	-1499.162	3.361
2677.400	-1499.140	3.361
2677.600	-1499.152	3.361
2677.800	-1499.156	3.361
2678.000	-1499.152	3.361
2678.200	-1499.164	3.361
2678.400	-1499.151	3.361
2678.600	-1499.147	3.361
2678.800	-1499.143	3.361
2679.000	-1499.157	3.360
2679.200	-1499.157	3.360
2679.400	-1499.142	3.360
2679.600	-1499.151	3.360
2679.800	-1499.174	3.360
2680.000	-1499.173	3.360
2680.200	-1499.152	3.360
2680.400	-1499.158	3.360
2680.600	-1499.154	3.360
2680.800	-1499.163	3.360
2681.000	-1499.150	3.360
2681.200	-1499.163	3.360
2681.400	-1499.138	3.360
2681.600	-1499.139	3.360
2681.800	-1499.133	3.360
2682.000	-1499.150	3.360
2682.200	-1499.155	3.360
2682.400	-1499.156	3.360
2682.600	-1499.133	3.360
2682.800	-1499.141	3.360
2683.000	-1499.148	3.360
2683.200	-1499.159	3.360
2683.400	-1499.155	3.360
2683.600	-1499.162	3.360
2683.800	-1499.160	3.360
2684.000	-1499.148	3.360
2684.200	-1499.154	3.360
2684.400	-1499.139	3.360
2684.600	-1499.164	3.360
2684.800	-1499.155	3.360
2685.000	-1499.169	3.360
2685.200	-1499.181	3.360
2685.400	-1499.181	3.360
2685.600	-1499.159	3.360
2685.800	-1499.159	3.360
2686.000	-1499.158	3.360
2686.200	-1499.159	3.360
2686.400	-1499.155	3.360
2686.600	-1499.153	3.360
2686.800	-1499.156	3.360
2687.000	-1499.162	3.360
2687.200	-1499.170	3.360
2687.400	-1499.178	3.360
2687.600	-1499.144	3.360
2687.800	-1499.167	3.360
2688.000	-1499.149	3.360
2688.200	-1499.154	3.360
2688.400	-1499.134	3.360
2688.600	-1499.161	3.360
2688.800	-1499.172	3.360
2689.000	-1499.170	3.360
2689.200	-1499.156	3.360
2689.400	-1499.163	3.359
2689.600	-1499.157	3.359
2689.800	-1499.166	3.359
2690.000	-1499.154	3.359
2690.200	-1499.149	3.359
2690.400	-1499.152	3.359
2690.600	-1499.156	3.359
2690.800	-1499.176	3.359
2691.000	-1499.181	3.359
2691.200	-1499.166	3.359
2691.400	-1499.152	3.359
2691.600	-1499.164	3.359
2691.800	-1499.161	3.359
2692.000	-1499.164	3.359
2692.200	-1499.151	3.359
2692.400	-1499.169	3.359
2692.600	-1499.175	3.359
2692.800	-1499.159	3.359
2693.000	-1499.170	3.359
2693.200	-1499.174	3.359
2693.400	-1499.167	3.359
2693.600	-1499.153	3.359
2693.800	-1499.141	3.359
2694.000	-1499.167	3.359
2694.200	-1499.151	3.359
2694.400	-1499.155	3.359
2694.600	-1499.155	3.359
2694.800	-1499.154	3.359
2695.000	-1499.161	3.359
2695.200	-1499.162	3.359
2695.400	-1499.156	3.359
2695.600	-1499.165	3.359
2695.800	-1499.171	3.359
2696.000	-1499.175	3.359
2696.200	-1499.172	3.359
2696.400	-1499.171	3.359
2696.600	-1499.150	3.359
2696.800	-1499.158	3.359
2697.000	-1499.161	3.359
2697.200	-1499.180	3.359
2697.400	-1499.186	3.359
2697.600	-1499.186	3.359
2697.800	-1499.144	3.359
2698.000	-1499.166	3.359
2698.200	-1499.172	3.359
2698.400	-1499.166	3.359
2698.600	-1499.151	3.359
2698.800	-1499.161	3.359
2699.000	-1499.160	3.359
2699.200	-1499.163	3.359
2699.400	-1499.166	3.358
2699.600	-1499.159	3.358
2699.800	-1499.166	3.358
2700.000	-1499.151	3.358
2700.200	-1499.153	3.358
2700.400	-1499.167	3.358
2700.600	-1499.167	3.358
2700.800	-1499.169	3.358
2701.000	-1499.184	3.358
2701.200	-1499.171	3.358
2701.400	-1499.171	3.358
2701.600	-1499.157	3.358
2701.800	-1499.168	3.358
2702.000	-1499.178	3.358
2702.200	-1499.156	3.358
2702.400	-1499.150	3.358
2702.600	-1499.157	3.358
2702.800	-1499.155	3.358
2703.000	-1499.154	3.358
2703.200	-1499.167	3.358
2703.400	-1499.166	3.358
2703.600	-1499.164	3.358
2703.800	-1499.166	3.358
2704.000	-1499.142	3.358
2704.200	-1499.164	3.358
2704.400	-1499.158	3.358
2704.600	-1499.169	3.358
2704.800	-1499.161	3.358
2705.000	-1499.153	3.358
2705.200	-1499.167	3.358
2705.400	-1499.169	3.358
2705.600	-1499.151	3.358
2705.800	-1499.153	3.358
2706.000	-1499.160	3.358
2706.200	-1499.179	3.358
2706.400	-1499.170	3.358
2706.600	-1499.162	3.358
2706.800	-1499.161	3.358
2707.000	-1499.166	3.358
2707.200	-1499.160	3.358
2707.400	-1499.167	3.358
2707.600	-1499.166	3.358
2707.800	-1499.163	3.358
2708.000	-1499.156	3.358
2708.200	-1499.156	3.358
2708.400	-1499.151	3.358
2708.600	-1499.143	3.358
2708.800	-1499.166	3.358
2709.000	-1499.164	3.358
2709.200	-1499.170	3.358
2709.400	-1499.146	3.358
2709.600	-1499.150	3.358
2709.800	-1499.157	3.358
2710.000	-1499.156	3.358
2710.200	-1499.156	3.358
2710.400	-1499.161	3.358
2710.600	-1499.144	3.357
2710.800	-1499.154	3.357
2711.000	-1499.159	3.357
2711.200	-1499.159	3.357
2711.400	-1499.169	3.357
2711.600	-1499.147	3.357
2711.800	-1499.156	3.357
2712.000	-1499.159	3.357
2712.200	-1499.135	3.357
2712.400	-1499.150	3.357
2712.600	-1499.146	3.357
2712.800	-1499.144	3.357
2713.000	-1499.168	3.357
2713.200	-1499.167	3.357
2713.400	-1499.156	3.357
2713.600	-1499.160	3.357
2713.800	-1499.149	3.357
2714.000	-1499.167	3.357
2714.200	-1499.158	3.357
2714.400	-1499.182	3.357
2714.600	-1499.160	3.357
2714.800	-1499.138	3.357
2715.000	-1499.160	3.357
2715.200	-1499.146	3.357
2715.400	-1499.146	3.357
2715.600	-1499.160	3.357
2715.800	-1499.148	3.357
2716.000	-1499.160	3.357
2716.200	-1499.153	3.357
2716.400	-1499.153	3.357
2716.600	-1499.151	3.357
2716.800	-1499.144	3.357
2717.000	-1499.154	3.357
2717.200	-1499.153	3.357
2717.400	-1499.148	3.357
2717.600	-1499.148	3.357
2717.800	-1499.148	3.357
2718.000	-1499.140	3.357
2718.200	-1499.139	3.357
2718.400	-1499.130	3.357
2718.600	-1499.124	3.357
2718.800	-1499.146	3.357
2719.000	-1499.153	3.357
2719.200	-1499.151	3.357
2719.400	-1499.160	3.357
2719.600	-1499.154	3.357
2719.800	-1499.158	3.357
2720.000	-1499.170	3.357
2720.200	-1499.157	3.356
2720.400	-1499.138	3.356
2720.600	-1499.155	3.356
2720.800	-1499.144	3.356
2721.000	-1499.147	3.356
2721.200	-1499.148	3.356
2721.400	-1499.153	3.356
2721.600	-1499.146	3.356
2721.800	-1499.156	3.356
2722.000	-1499.158	3.356
2722.200	-1499.145	3.356
2722.400	-1499.150	3.356
2722.600	-1499.151	3.356
2722.800	-1499.142	3.356
2723.000	-1499.131	3.356
2723.200	-1499.139	3.356
2723.400	-1499.138	3.356
2723.600	-1499.144	3.356
2723.800	-1499.141	3.356
2724.000	-1499.132	3.356
2724.200	-1499.149	3.356
2724.400	-1499.142	3.356
2724.600	-1499.161	3.356
2724.800	-1499.158	3.356
2725.000	-1499.138	3.356
2725.200	-1499.146	3.356
2725.400	-1499.127	3.356
2725.600	-1499.146	3.356
2725.800	-1499.133	3.356
2726.000	-1499.156	3.356
2726.200	-1499.157	3.356
2726.400	-1499.149	3.356
2726.600	-1499.143	3.356
2726.800	-1499.132	3.356
2727.000	-1499.138	3.356
2727.200	-1499.139	3.356
2727.400	-1499.162	3.356
2727.600	-1499.138	3.356
2727.800	-1499.148	3.356
2728.000	-1499.128	3.356
2728.200	-1499.136	3.356
2728.400	-1499.137	3.356
2728.600	-1499.143	3.356
2728.800	-1499.138	3.356
2729.000	-1499.138	3.356
2729.200	-1499.157	3.356
2729.400	-1499.151	3.356
2729.600	-1499.158	3.356
2729.800	-1499.153	3.356
2730.000	-1499.153	3.356
2730.200	-1499.149	3.356
2730.400	-1499.143	3.356
2730.600	-1499.141	3.356
2730.800	-1499.152	3.356
2731.000	-1499.130	3.356
2731.200	-1499.144	3.355
2731.400	-1499.139	3.355
2731.600	-1499.140	3.355
2731.800	-1499.152	3.355
2732.000	-1499.144	3.355
2732.200	-1499.157	3.355
2732.400	-1499.154	3.355
2732.600	-1499.152	3.355
2732.800	-1499.155	3.355
2733.000	-1499.156	3.355
2733.200	-1499.135	3.355
2733.400	-1499.142	3.355
2733.600	-1499.155	3.355
2733.800	-1499.161	3.355
2734.000	-1499.150	3.355
2734.200	-1499.147	3.355
2734.400	-1499.153	3.355
2734.600	-1499.144	3.355
2734.800	-1499.140	3.355
2735.000	-1499.152	3.355
2735.200	-1499.153	3.355
2735.400	-1499.159	3.355
2735.600	-1499.141	3.355
2735.800	-1499.149	3.355
2736.000	-1499.152	3.355
2736.200	-1499.156	3.355
2736.400	-1499.153	3.355
2736.600	-1499.155	3.355
2736.800	-1499.163	3.355
2737.000	-1499.146	3.355
2737.200	-1499.146	3.355
2737.400	-1499.153	3.355
2737.600	-1499.146	3.355
2737.800	-1499.146	3.355
2738.000	-1499.145	3.355
2738.200	-1499.136	3.355
2738.400	-1499.145	3.355
2738.600	-1499.142	3.355
2738.800	-1499.146	3.355
2739.000	-1499.134	3.355
2739.200	-1499.143	3.355
2739.400	-1499.142	3.355
2739.600	-1499.127	3.355
2739.800	-1499.130	3.355
2740.000	-1499.141	3.355
2740.200	-1499.129	3.355
2740.400	-1499.136	3.355
2740.600	-1499.134	3.355
2740.800	-1499.137	3.355
2741.000	-1499.137	3.355
2741.200	-1499.141	3.355
2741.400	-1499.139	3.355
2741.600	-1499.130	3.355
2741.800	-1499.125	3.354
2742.000	-1499.161	3.354
2742.200	-1499.138	3.354
2742.400	-1499.140	3.354
2742.600	-1499.132	3.354
2742.800	-1499.138	3.354
2743.000	-1499.126	3.354
2743.200	-1499.135	3.354
2743.400	-1499.110	3.354
2743.600	-1499.122	3.354
2743.800	-1499.127	3.354
2744.000	-1499.130	3.354
2744.200	-1499.138	3.354
2744.400	-1499.137	3.354
2744.600	-1499.131	3.354
2744.800	-1499.124	3.354
2745.000	-1499.121	3.354
2745.200	-1499.121	3.354
2745.400	-1499.117	3.354
2745.600	-1499.117	3.354
2745.800	-1499.131	3.354
2746.000	-1499.139	3.354
2746.200	-1499.140	3.354
2746.400	-1499.129	3.354
2746.600	-1499.132	3.354
2746.800	-1499.133	3.354
2747.000	-1499.136	3.354
2747.200	-1499.132	3.354
2747.400	-1499.122	3.354
2747.600	-1499.133	3.354
2747.800	-1499.130	3.354
2748.000	-1499.133	3.354
2748.200	-1499.135	3.354
2748.400	-1499.120	3.354
2748.600	-1499.134	3.354
2748.800	-1499.132	3.354
2749.000	-1499.135	3.354
2749.200	-1499.124	3.354
2749.400	-1499.130	3.354
2749.600	-1499.120	3.354
2749.800	-1499.135	3.354
2750.000	-1499.117	3.354
2750.200	-1499.125	3.354
2750.400	-1499.122	3.354
2750.600	-1499.129	3.354
2750.800	-1499.136	3.354
2751.000	-1499.134	3.354
2751.200	-1499.128	3.354
2751.400	-1499.126	3.354
2751.600	-1499.129	3.354
2751.800	-1499.126	3.354
2752.000	-1499.141	3.354
2752.200	-1499.140	3.354
2752.400	-1499.146	3.354
2752.600	-1499.124	3.354
2752.800	-1499.133	3.353
2753.000	-1499.146	3.353
2753.200	-1499.133	3.353
2753.400	-1499.139	3.353
2753.600	-1499.136	3.353
2753.800	-1499.139	3.353
2754.000	-1499.145	3.353
2754.200	-1499.139	3.353
2754.400	-1499.124	3.353
2754.600	-1499.117	3.353
2754.800	-1499.125	3.353
2755.000	-1499.131	3.353
2755.200	-1499.130	3.353
2755.400	-1499.117	3.353
2755.600	-1499.118	3.353
2755.800	-1499.136	3.353
2756.000	-1499.142	3.353
2756.200	-1499.143	3.353
2756.400	-1499.152	3.353
2756.600	-1499.140	3.353
2756.800	-1499.137	3.353
2757.000	-1499.139	3.353
2757.200	-1499.141	3.353
2757.400	-1499.150	3.353
2757.600	-1499.163	3.353
2757.800	-1499.155	3.353
2758.000	-1499.151	3.353
2758.200	-1499.145	3.353
2758.400	-1499.127	3.353
2758.600	-1499.139	3.353
2758.800	-1499.135	3.353
2759.000	-1499.116	3.353
2759.200	-1499.124	3.353
2759.400	-1499.145	3.353
2759.600	-1499.137	3.353
2759.800	-1499.128	3.353
2760.000	-1499.138	3.353
2760.200	-1499.131	3.353
2760.400	-1499.148	3.353
2760.600	-1499.141	3.353
2760.800	-1499.137	3.353
2761.000	-1499.130	3.353
2761.200	-1499.137	3.353
2761.400	-1499.144	3.353
2761.600	-1499.154	3.353
2761.800	-1499.153	3.353
2762.000	-1499.150	3.353
2762.200	-1499.124	3.353
2762.400	-1499.139	3.353
2762.600	-1499.125	3.353
2762.800	-1499.142	3.353
2763.000	-1499.130	3.352
2763.200	-1499.125	3.352
2763.400	-1499.127	3.352
2763.600	-1499.146	3.352
2763.800	-1499.134	3.352
2764.000	-1499.134	3.352
2764.200	-1499.126	3.352
2764.400	-1499.131	3.352
2764.600	-1499.117	3.352
2764.800	-1499.126	3.352
2765.000	-1499.125	3.352
2765.200	-1499.140	3.352
2765.400	-1499.138	3.352
2765.600	-1499.151	3.352
2765.800	-1499.130	3.352
2766.000	-1499.136	3.352
2766.200	-1499.143	3.352
2766.400	-1499.143	3.352
2766.600	-1499.150	3.352
2766.800	-1499.117	3.352
2767.000	-1499.133	3.352
2767.200	-1499.133	3.352
2767.400	-1499.119	3.352
2767.600	-1499.141	3.352
2767.800	-1499.123	3.352
2768.000	-1499.126	3.352
2768.200	-1499.131	3.352
2768.400	-1499.150	3.352
2768.600	-1499.144	3.352
2768.800	-1499.145	3.352
2769.000	-1499.137	3.352
2769.200	-1499.135	3.352
2769.400	-1499.143	3.352
2769.600	-1499.140	3.352
2769.800	-1499.132	3.352
2770.000	-1499.141	3.352
2770.200	-1499.124	3.352
2770.400	-1499.139	3.352
2770.600	-1499.157	3.352
2770.800	-1499.146	3.352
2771.000	-1499.148	3.352
2771.200	-1499.143	3.352
2771.400	-1499.133	3.352
2771.600	-1499.141	3.352
2771.800	-1499.153	3.352
2772.000	-1499.155	3.352
2772.200	-1499.153	3.352
2772.400	-1499.151	3.352
2772.600	-1499.132	3.351
2772.800	-1499.152	3.351
2773.000	-1499.149	3.351
2773.200	-1499.155	3.351
2773.400	-1499.158	3.351
2773.600	-1499.154	3.351
2773.800	-1499.149	3.351
2774.000	-1499.163	3.351
2774.200	-1499.142	3.351
2774.400	-1499.144	3.351
2774.600	-1499.150	3.351
2774.800	-1499.157	3.351
2775.000	-1499.143	3.351
2775.200	-1499.136	3.351
2775.400	-1499.138	3.351
2775.600	-1499.133	3.351
2775.800	-1499.144	3.351
2776.000	-1499.132	3.351
2776.200	-1499.151	3.351
2776.400	-1499.150	3.351
2776.600	-1499.139	3.351
2776.800	-1499.143	3.351
2777.000	-1499.134	3.351
2777.200	-1499.140	3.351
2777.400	-1499.135	3.351
2777.600	-1499.132	3.351
2777.800	-1499.134	3.351
2778.000	-1499.141	3.351
2778.200	-1499.138	3.351
2778.400	-1499.143	3.351
2778.600	-1499.149	3.351
2778.800	-1499.132	3.351
2779.000	-1499.126	3.351
2779.200	-1499.135	3.351
2779.400	-1499.129	3.351
2779.600	-1499.125	3.351
2779.800	-1499.143	3.351
2780.000	-1499.136	3.351
2780.200	-1499.125	3.351
2780.400	-1499.123	3.351
2780.600	-1499.138	3.351
2780.800	-1499.144	3.351
2781.000	-1499.138	3.351
2781.200	-1499.157	3.351
2781.400	-1499.137	3.351
2781.600	-1499.125	3.351
2781.800	-1499.144	3.351
2782.000	-1499.134	3.351
2782.200	-1499.144	3.351
2782.400	-1499.132	3.350
2782.600	-1499.132	3.350
2782.800	-1499.139	3.350
2783.000	-1499.135	3.350
2783.200	-1499.142	3.350
2783.400	-1499.154	3.350
2783.600	-1499.144	3.350
2783.800	-1499.144	3.350
2784.000	-1499.147	3.350
2784.200	-1499.151	3.350
2784.400	-1499.153	3.350
2784.600	-1499.141	3.350
2784.800	-1499.126	3.350
2785.000	-1499.132	3.350
2785.200	-1499.143	3.350
2785.400	-1499.153	3.350
2785.600	-1499.141	3.350
2785.800	-1499.140	3.350
2786.000	-1499.154	3.350
2786.200	-1499.152	3.350
2786.400	-1499.148	3.350
2786.600	-1499.138	3.350
2786.800	-1499.150	3.350
2787.000	-1499.148	3.350
2787.200	-1499.145	3.350
2787.400	-1499.147	3.350
2787.600	-1499.156	3.350
2787.800	-1499.148	3.350
2788.000	-1499.151	3.350
2788.200	-1499.136	3.350
2788.400	-1499.147	3.350
2788.600	-1499.130	3.350
2788.800	-1499.138	3.350
2789.000	-1499.139	3.350
2789.200	-1499.152	3.350
2789.400	-1499.145	3.350
2789.600	-1499.142	3.350
2789.800	-1499.147	3.350
2790.000	-1499.152	3.350
2790.200	-1499.151	3.350
2790.400	-1499.147	3.350
2790.600	-1499.135	3.350
2790.800	-1499.129	3.350
2791.000	-1499.123	3.350
2791.200	-1499.130	3.350
2791.400	-1499.144	3.350
2791.600	-1499.141	3.350
2791.800	-1499.160	3.350
2792.000	-1499.158	3.350
2792.200	-1499.135	3.349
2792.400	-1499.157	3.349
2792.600	-1499.145	3.349
2792.800	-1499.143	3.349
2793.000	-1499.148	3.349
2793.200	-1499.156	3.349
2793.400	-1499.146	3.349
2793.600	-1499.164	3.349
2793.800	-1499.154	3.349
2794.000	-1499.146	3.349
2794.200	-1499.138	3.349
2794.400	-1499.146	3.349
2794.600	-1499.157	3.349
2794.800	-1499.146	3.349
2795.000	-1499.152	3.349
2795.200	-1499.153	3.349
2795.400	-1499.169	3.349
2795.600	-1499.146	3.349
2795.800	-1499.139	3.349
2796.000	-1499.151	3.349
2796.200	-1499.145	3.349
2796.400	-1499.142	3.349
2796.600	-1499.153	3.349
2796.800	-1499.130	3.349
2797.000	-1499.140	3.349
2797.200	-1499.141	3.349
2797.400	-1499.156	3.349
2797.600	-1499.146	3.349
2797.800	-1499.141	3.349
2798.000	-1499.135	3.349
2798.200	-1499.128	3.349
2798.400	-1499.153	3.349
2798.600	-1499.146	3.349
2798.800	-1499.144	3.349
2799.000	-1499.138	3.349
2799.200	-1499.150	3.349
2799.400	-1499.144	3.349
2799.600	-1499.142	3.349
2799.800	-1499.171	3.349
2800.000	-1499.157	3.349
2800.200	-1499.155	3.349
2800.400	-1499.163	3.349
2800.600	-1499.146	3.349
2800.800	-1499.144	3.349
2801.000	-1499.139	3.349
2801.200	-1499.135	3.349
2801.400	-1499.134	3.349
2801.600	-1499.129	3.349
2801.800	-1499.137	3.349
2802.000	-1499.150	3.349
2802.200	-1499.147	3.349
2802.400	-1499.156	3.349
2802.600	-1499.143	3.349
2802.800	-1499.153	3.348
2803.000	-1499.145	3.348
2803.200	-1499.135	3.348
2803.400	-1499.139	3.348
2803.600	-1499.152	3.348
2803.800	-1499.147	3.348
2804.000	-1499.152	3.348
2804.200	-1499.160	3.348
2804.400	-1499.154	3.348
2804.600	-1499.164	3.348
2804.800	-1499.150	3.348
2805.000	-1499.142	3.348
2805.200	-1499.137	3.348
2805.400	-1499.148	3.348
2805.600	-1499.144	3.348
2805.800	-1499.151	3.348
2806.000	-1499.157	3.348
2806.200	-1499.171	3.348
2806.400	-1499.147	3.348
2806.600	-1499.152	3.348
2806.800	-1499.161	3.348
2807.000	-1499.145	3.348
2807.200	-1499.158	3.348
2807.400	-1499.160	3.348
2807.600	-1499.150	3.348
2807.800	-1499.160	3.348
2808.000	-1499.159	3.348
2808.200	-1499.149	3.348
2808.400	-1499.160	3.348
2808.600	-1499.156	3.348
2808.800	-1499.162	3.348
2809.000	-1499.161	3.348
2809.200	-1499.161	3.348
2809.400	-1499.163	3.348
2809.600	-1499.161	3.348
2809.800	-1499.153	3.348
2810.000	-1499.145	3.348
2810.200	-1499.164	3.348
2810.400	-1499.179	3.348
2810.600	-1499.158	3.348
2810.800	-1499.147	3.348
2811.000	-1499.158	3.348
2811.200	-1499.162	3.348
2811.400	-1499.141	3.348
2811.600	-1499.161	3.348
2811.800	-1499.150	3.348
2812.000	-1499.153	3.348
2812.200	-1499.132	3.348
2812.400	-1499.155	3.347
2812.600	-1499.151	3.347
2812.800	-1499.159	3.347
2813.000	-1499.150	3.347
2813.200	-1499.153	3.347
2813.400	-1499.146	3.347
2813.600	-1499.166	3.347
2813.800	-1499.146	3.347
2814.000	-1499.157	3.347
2814.200	-1499.158	3.347
2814.400	-1499.150	3.347
2814.600	-1499.171	3.347
2814.800	-1499.172	3.347
2815.000	-1499.155	3.347
2815.200	-1499.163	3.347
2815.400	-1499.159	3.347
2815.600	-1499.158	3.347
2815.800	-1499.153	3.347
2816.000	-1499.138	3.347
2816.200	-1499.158	3.347
2816.400	-1499.145	3.347
2816.600	-1499.144	3.347
2816.800	-1499.144	3.347
2817.000	-1499.151	3.347
2817.200	-1499.153	3.347
2817.400	-1499.155	3.347
2817.600	-1499.169	3.347
2817.800	-1499.164	3.347
2818.000	-1499.149	3.347
2818.200	-1499.164	3.347
2818.400	-1499.169	3.347
2818.600	-1499.166	3.347
2818.800	-1499.156	3.347
2819.000	-1499.153	3.347
2819.200	-1499.162	3.347
2819.400	-1499.152	3.347
2819.600	-1499.149	3.347
2819.800	-1499.166	3.347
2820.000	-1499.151	3.347
2820.200	-1499.161	3.347
2820.400	-1499.150	3.347
2820.600	-1499.147	3.347
2820.800	-1499.151	3.347
2821.000	-1499.148	3.347
2821.200	-1499.168	3.347
2821.400	-1499.147	3.347
2821.600	-1499.168	3.346
2821.800	-1499.156	3.347
2822.000	-1499.169	3.346
2822.200	-1499.157	3.346
2822.400	-1499.149	3.346
2822.600	-1499.141	3.346
2822.800	-1499.151	3.346
2823.000	-1499.146	3.346
2823.200	-1499.150	3.346
2823.400	-1499.149	3.346
2823.600	-1499.156	3.346
2823.800	-1499.160	3.346
2824.000	-1499.146	3.346
2824.200	-1499.152	3.346
2824.400	-1499.141	3.346
2824.600	-1499.149	3.346
2824.800	-1499.136	3.346
2825.000	-1499.140	3.346
2825.200	-1499.133	3.346
2825.400	-1499.141	3.346
2825.600	-1499.149	3.346
2825.800	-1499.138	3.346
2826.000	-1499.132	3.346
2826.200	-1499.148	3.346
2826.400	-1499.149	3.346
2826.600	-1499.136	3.346
2826.800	-1499.142	3.346
2827.000	-1499.147	3.346
2827.200	-1499.135	3.346
2827.400	-1499.141	3.346
2827.600	-1499.144	3.346
2827.800	-1499.147	3.346
2828.000	-1499.153	3.346
2828.200	-1499.157	3.346
2828.400	-1499.147	3.346
2828.600	-1499.144	3.346
2828.800	-1499.147	3.346
2829.000	-1499.151	3.346
2829.200	-1499.133	3.346
2829.400	-1499.156	3.346
2829.600	-1499.154	3.346
2829.800	-1499.146	3.346
2830.000	-1499.139	3.346
2830.200	-1499.131	3.346
2830.400	-1499.139	3.346
2830.600	-1499.151	3.346
2830.800	-1499.127	3.346
2831.000	-1499.138	3.346
2831.200	-1499.129	3.346
2831.400	-1499.143	3.346
2831.600	-1499.134	3.346
2831.800	-1499.142	3.346
2832.000	-1499.148	3.346
2832.200	-1499.141	3.345
2832.400	-1499.125	3.345
2832.600	-1499.123	3.345
2832.800	-1499.120	3.345
2833.000	-1499.136	3.345
2833.200	-1499.146	3.345
2833.400	-1499.152	3.345
2833.600	-1499.147	3.345
2833.800	-1499.148	3.345
2834.000	-1499.129	3.345
2834.200	-1499.143	3.345
2834.400	-1499.141	3.345
2834.600	-1499.140	3.345
2834.800	-1499.140	3.345
2835.000	-1499.147	3.345
2835.200	-1499.143	3.345
2835.400	-1499.152	3.345
2835.600	-1499.161	3.345
2835.800	-1499.171	3.345
2836.000	-1499.158	3.345
2836.200	-1499.169	3.345
2836.400	-1499.157	3.345
2836.600	-1499.135	3.345
2836.800	-1499.154	3.345
2837.000	-1499.162	3.345
2837.200	-1499.157	3.345
2837.400	-1499.164	3.345
2837.600	-1499.177	3.345
2837.800	-1499.153	3.345
2838.000	-1499.156	3.345
2838.200	-1499.173	3.345
2838.400	-1499.170	3.345
2838.600	-1499.162	3.345
2838.800	-1499.160	3.345
2839.000	-1499.162	3.345
2839.200	-1499.141	3.345
2839.400	-1499.159	3.345
2839.600	-1499.160	3.345
2839.800	-1499.141	3.345
2840.000	-1499.163	3.345
2840.200	-1499.161	3.345
2840.400	-1499.157	3.345
2840.600	-1499.169	3.345
2840.800	-1499.151	3.345
2841.000	-1499.165	3.345
2841.200	-1499.153	3.345
2841.400	-1499.161	3.344
2841.600	-1499.173	3.344
2841.800	-1499.175	3.344
2842.000	-1499.162	3.344
2842.200	-1499.159	3.344
2842.400	-1499.156	3.344
2842.600	-1499.160	3.344
2842.800	-1499.132	3.344
2843.000	-1499.160	3.344
2843.200	-1499.157	3.344
2843.400	-1499.162	3.344
2843.600	-1499.160	3.344
2843.800	-1499.159	3.344
2844.000	-1499.165	3.344
2844.200	-1499.166	3.344
2844.400	-1499.163	3.344
2844.600	-1499.164	3.344
2844.800	-1499.177	3.344
2845.000	-1499.164	3.344
2845.200	-1499.161	3.344
2845.400	-1499.164	3.344
2845.600	-1499.153	3.344
2845.800	-1499.171	3.344
2846.000	-1499.177	3.344
2846.200	-1499.169	3.344
2846.400	-1499.164	3.344
2846.600	-1499.152	3.344
2846.800	-1499.163	3.344
2847.000	-1499.151	3.344
2847.200	-1499.173	3.344
2847.400	-1499.164	3.344
2847.600	-1499.168	3.344
2847.800	-1499.176	3.344
2848.000	-1499.172	3.344
2848.200	-1499.173	3.344
2848.400	-1499.161	3.344
2848.600	-1499.162	3.344
2848.800	-1499.167	3.344
2849.000	-1499.170	3.344
2849.200	-1499.139	3.344
2849.400	-1499.149	3.344
2849.600	-1499.158	3.344
2849.800	-1499.171	3.344
2850.000	-1499.161	3.344
2850.200	-1499.160	3.344
2850.400	-1499.133	3.344
2850.600	-1499.169	3.344
2850.800	-1499.157	3.344
2851.000	-1499.147	3.344
2851.200	-1499.139	3.343
2851.400	-1499.129	3.343
2851.600	-1499.132	3.343
2851.800	-1499.142	3.343
2852.000	-1499.136	3.343
2852.200	-1499.128	3.343
2852.400	-1499.146	3.343
2852.600	-1499.147	3.343
2852.800	-1499.142	3.343
2853.000	-1499.166	3.343
2853.200	-1499.164	3.343
2853.400	-1499.150	3.343
2853.600	-1499.166	3.343
2853.800	-1499.152	3.343
2854.000	-1499.160	3.343
2854.200	-1499.146	3.343
2854.400	-1499.162	3.343
2854.600	-1499.151	3.343
2854.800	-1499.158	3.343
2855.000	-1499.161	3.343
2855.200	-1499.161	3.343
2855.400	-1499.168	3.343
2855.600	-1499.149	3.343
2855.800	-1499.160	3.343
2856.000	-1499.146	3.343
2856.200	-1499.153	3.343
2856.400	-1499.162	3.343
2856.600	-1499.152	3.343
2856.800	-1499.156	3.343
2857.000	-1499.162	3.343
2857.200	-1499.157	3.343
2857.400	-1499.135	3.343
2857.600	-1499.153	3.343
2857.800	-1499.147	3.343
2858.000	-1499.139	3.343
2858.200	-1499.138	3.343
2858.400	-1499.159	3.343
2858.600	-1499.162	3.343
2858.800	-1499.134	3.343
2859.000	-1499.145	3.343
2859.200	-1499.146	3.343
2859.400	-1499.144	3.343
2859.600	-1499.147	3.343
2859.800	-1499.139	3.343
2860.000	-1499.140	3.343
2860.200	-1499.157	3.343
2860.400	-1499.146	3.343
2860.600	-1499.137	3.343
2860.800	-1499.135	3.343
2861.000	-1499.128	3.342
2861.200	-1499.134	3.342
2861.400	-1499.136	3.342
2861.600	-1499.149	3.342
2861.800	-1499.146	3.342
2862.000	-1499.132	3.342
2862.200	-1499.126	3.342
2862.400	-1499.147	3.342
2862.600	-1499.137	3.342
2862.800	-1499.114	3.342
2863.000	-1499.140	3.342
2863.200	-1499.150	3.342
2863.400	-1499.133	3.342
2863.600	-1499.157	3.342
2863.800	-1499.141	3.342
2864.000	-1499.138	3.342
2864.200	-1499.123	3.342
2864.400	-1499.150	3.342
2864.600	-1499.146	3.342
2864.800	-1499.144	3.342
2865.000	-1499.151	3.342
2865.200	-1499.134	3.342
2865.400	-1499.143	3.342
2865.600	-1499.133	3.342
2865.800	-1499.146	3.342
2866.000	-1499.152	3.342
2866.200	-1499.156	3.342
2866.400	-1499.143	3.342
2866.600	-1499.140	3.342
2866.800	-1499.143	3.342
2867.000	-1499.139	3.342
2867.200	-1499.130	3.342
2867.400	-1499.119	3.342
2867.600	-1499.149	3.342
2867.800	-1499.140	3.342
2868.000	-1499.143	3.342
2868.200	-1499.144	3.342
2868.400	-1499.141	3.342
2868.600	-1499.152	3.342
2868.800	-1499.128	3.342
2869.000	-1499.138	3.342
2869.200	-1499.148	3.342
2869.400	-1499.156	3.342
2869.600	-1499.137	3.342
2869.800	-1499.155	3.342
2870.000	-1499.143	3.342
2870.200	-1499.146	3.342
2870.400	-1499.137	3.342
2870.600	-1499.137	3.342
2870.800	-1499.136	3.342
2871.000	-1499.161	3.342
2871.200	-1499.143	3.341
2871.400	-1499.137	3.341
2871.600	-1499.120	3.341
2871.800	-1499.134	3.341
2872.000	-1499.150	3.341
2872.200	-1499.132	3.341
2872.400	-1499.142	3.341
2872.600	-1499.141	3.341
2872.800	-1499.143	3.341
2873.000	-1499.129	3.341
2873.200	-1499.128	3.341
2873.400	-1499.137	3.341
2873.600	-1499.133	3.341
2873.800	-1499.126	3.341
2874.000	-1499.133	3.341
2874.200	-1499.116	3.341
2874.400	-1499.139	3.341
2874.600	-1499.149	3.341
2874.800	-1499.129	3.341
2875.000	-1499.139	3.341
2875.200	-1499.145	3.341
2875.400	-1499.145	3.341
2875.600	-1499.137	3.341
2875.800	-1499.131	3.341
2876.000	-1499.119	3.341
2876.200	-1499.135	3.341
2876.400	-1499.140	3.341
2876.600	-1499.146	3.341
2876.800	-1499.145	3.341
2877.000	-1499.148	3.341
2877.200	-1499.159	3.341
2877.400	-1499.138	3.341
2877.600	-1499.140	3.341
2877.800	-1499.138	3.341
2878.000	-1499.142	3.341
2878.200	-1499.149	3.341
2878.400	-1499.151	3.341
2878.600	-1499.156	3.341
2878.800	-1499.151	3.341
2879.000	-1499.156	3.341
2879.200	-1499.141	3.341
2879.400	-1499.161	3.341
2879.600	-1499.157	3.341
2879.800	-1499.154	3.340
2880.000	-1499.158	3.340
2880.200	-1499.147	3.340
2880.400	-1499.150	3.340
2880.600	-1499.145	3.340
2880.800	-1499.157	3.340
2881.000	-1499.145	3.340
2881.200	-1499.135	3.340
2881.400	-1499.136	3.340
2881.600	-1499.132	3.340
2881.800	-1499.144	3.340
2882.000	-1499.133	3.340
2882.200	-1499.152	3.340
2882.400	-1499.140	3.340
2882.600	-1499.138	3.340
2882.800	-1499.139	3.340
2883.000	-1499.141	3.340
2883.200	-1499.124	3.340
2883.400	-1499.141	3.340
2883.600	-1499.141	3.340
2883.800	-1499.138	3.340
2884.000	-1499.134	3.340
2884.200	-1499.150	3.340
2884.400	-1499.141	3.340
2884.600	-1499.127	3.340
2884.800	-1499.143	3.340
2885.000	-1499.141	3.340
2885.200	-1499.137	3.340
2885.400	-1499.130	3.340
2885.600	-1499.123	3.340
2885.800	-1499.144	3.340
2886.000	-1499.136	3.340
2886.200	-1499.142	3.340
2886.400	-1499.144	3.340
2886.600	-1499.160	3.340
2886.800	-1499.155	3.340
2887.000	-1499.153	3.340
2887.200	-1499.146	3.340
2887.400	-1499.144	3.340
2887.600	-1499.136	3.340
2887.800	-1499.132	3.340
2888.000	-1499.140	3.340
2888.200	-1499.154	3.340
2888.400	-1499.158	3.340
2888.600	-1499.149	3.340
2888.800	-1499.166	3.340
2889.000	-1499.169	3.340
2889.200	-1499.176	3.339
2889.400	-1499.164	3.339
2889.600	-1499.158	3.339
2889.800	-1499.155	3.339
2890.000	-1499.150	3.339
2890.200	-1499.148	3.339
2890.400	-1499.146	3.339
2890.600	-1499.153	3.339
2890.800	-1499.146	3.339
2891.000	-1499.153	3.339
2891.200	-1499.153	3.339
2891.400	-1499.146	3.339
2891.600	-1499.155	3.339
2891.800	-1499.163	3.339
2892.000	-1499.167	3.339
2892.200	-1499.166	3.339
2892.400	-1499.166	3.339
2892.600	-1499.158	3.339
2892.800	-1499.164	3.339
2893.000	-1499.164	3.339
2893.200	-1499.159	3.339
2893.400	-1499.173	3.339
2893.600	-1499.157	3.339
2893.800	-1499.136	3.339
2894.000	-1499.141	3.339
2894.200	-1499.153	3.339
2894.400	-1499.153	3.339
2894.600	-1499.171	3.339
2894.800	-1499.171	3.339
2895.000	-1499.156	3.339
2895.200	-1499.175	3.339
2895.400	-1499.174	3.339
2895.600	-1499.172	3.339
2895.800	-1499.168	3.339
2896.000	-1499.161	3.339
2896.200	-1499.182	3.339
2896.400	-1499.170	3.339
2896.600	-1499.179	3.339
2896.800	-1499.173	3.339
2897.000	-1499.173	3.339
2897.200	-1499.147	3.339
2897.400	-1499.170	3.339
2897.600	-1499.161	3.339
2897.800	-1499.173	3.339
2898.000	-1499.160	3.338
2898.200	-1499.158	3.338
2898.400	-1499.164	3.338
2898.600	-1499.155	3.338
2898.800	-1499.167	3.338
2899.000	-1499.163	3.338
2899.200	-1499.179	3.338
2899.400	-1499.161	3.338
2899.600	-1499.166	3.338
2899.800	-1499.157	3.338
2900.000	-1499.161	3.338
2900.200	-1499.144	3.338
2900.400	-1499.161	3.338
2900.600	-1499.159	3.338
2900.800	-1499.158	3.338
2901.000	-1499.152	3.338
2901.200	-1499.153	3.338
2901.400	-1499.152	3.338
2901.600	-1499.144	3.338
2901.800	-1499.159	3.338
2902.000	-1499.158	3.338
2902.200	-1499.163	3.338
2902.400	-1499.171	3.338
2902.600	-1499.152	3.338
2902.800	-1499.162	3.338
2903.000	-1499.169	3.338
2903.200	-1499.178	3.338
2903.400	-1499.168	3.338
2903.600	-1499.166	3.338
2903.800	-1499.176	3.338
2904.000	-1499.170	3.338
2904.200	-1499.148	3.338
2904.400	-1499.158	3.338
2904.600	-1499.155	3.338
2904.800	-1499.160	3.338
2905.000	-1499.163	3.338
2905.200	-1499.154	3.338
2905.400	-1499.152	3.338
2905.600	-1499.159	3.338
2905.800	-1499.150	3.338
2906.000	-1499.163	3.338
2906.200	-1499.159	3.337
2906.400	-1499.149	3.338
2906.600	-1499.140	3.338
2906.800	-1499.161	3.337
2907.000	-1499.163	3.337
2907.200	-1499.176	3.337
2907.400	-1499.152	3.337
2907.600	-1499.161	3.337
2907.800	-1499.164	3.337
2908.000	-1499.160	3.337
2908.200	-1499.144	3.337
2908.400	-1499.165	3.337
2908.600	-1499.166	3.337
2908.800	-1499.169	3.337
2909.000	-1499.173	3.337
2909.200	-1499.150	3.337
2909.400	-1499.161	3.337
2909.600	-1499.151	3.337
2909.800	-1499.134	3.337
2910.000	-1499.144	3.337
2910.200	-1499.136	3.337
2910.400	-1499.159	3.337
2910.600	-1499.139	3.337
2910.800	-1499.151	3.337
2911.000	-1499.157	3.337
2911.200	-1499.144	3.337
2911.400	-1499.148	3.337
2911.600	-1499.171	3.337
2911.800	-1499.154	3.337
2912.000	-1499.157	3.337
2912.200	-1499.153	3.337
2912.400	-1499.149	3.337
2912.600	-1499.147	3.337
2912.800	-1499.150	3.337
2913.000	-1499.163	3.337
2913.200	-1499.155	3.337
2913.400	-1499.154	3.337
2913.600	-1499.181	3.337
2913.800	-1499.158	3.337
2914.000	-1499.162	3.337
2914.200	-1499.151	3.337
2914.400	-1499.153	3.337
2914.600	-1499.168	3.337
2914.800	-1499.152	3.337
2915.000	-1499.153	3.337
2915.200	-1499.149	3.337
2915.400	-1499.149	3.337
2915.600	-1499.137	3.337
2915.800	-1499.140	3.337
2916.000	-1499.147	3.337
2916.200	-1499.155	3.336
2916.400	-1499.144	3.336
2916.600	-1499.162	3.336
2916.800	-1499.166	3.336
2917.000	-1499.161	3.336
2917.200	-1499.174	3.336
2917.400	-1499.162	3.336
2917.600	-1499.152	3.336
2917.800	-1499.164	3.336
2918.000	-1499.159	3.336
2918.200	-1499.148	3.336
2918.400	-1499.158	3.336
2918.600	-1499.162	3.336
2918.800	-1499.175	3.336
2919.000	-1499.153	3.336
2919.200	-1499.153	3.336
2919.400	-1499.159	3.336
2919.600	-1499.147	3.336
2919.800	-1499.144	3.336
2920.000	-1499.157	3.336
2920.200	-1499.163	3.336
2920.400	-1499.158	3.336
2920.600	-1499.167	3.336
2920.800	-1499.166	3.336
2921.000	-1499.172	3.336
2921.200	-1499.164	3.336
2921.400	-1499.171	3.336
2921.600	-1499.160	3.336
2921.800	-1499.153	3.336
2922.000	-1499.167	3.336
2922.200	-1499.163	3.336
2922.400	-1499.159	3.336
2922.600	-1499.156	3.336
2922.800	-1499.157	3.336
2923.000	-1499.164	3.336
2923.200	-1499.165	3.336
2923.400	-1499.183	3.336
2923.600	-1499.159	3.336
2923.800	-1499.169	3.336
2924.000	-1499.177	3.336
2924.200	-1499.165	3.336
2924.400	-1499.171	3.336
2924.600	-1499.168	3.336
2924.800	-1499.174	3.336
2925.000	-1499.170	3.335
2925.200	-1499.167	3.335
2925.400	-1499.166	3.335
2925.600	-1499.159	3.335
2925.800	-1499.165	3.335
2926.000	-1499.163	3.335
2926.200	-1499.169	3.335
2926.400	-1499.175	3.335
2926.600	-1499.156	3.335
2926.800	-1499.158	3.335
2927.000	-1499.140	3.335
2927.200	-1499.159	3.335
2927.400	-1499.151	3.335
2927.600	-1499.158	3.335
2927.800	-1499.147	3.335
2928.000	-1499.153	3.335
2928.200	-1499.169	3.335
2928.400	-1499.153	3.335
2928.600	-1499.168	3.335
2928.800	-1499.138	3.335
2929.000	-1499.156	3.335
2929.200	-1499.148	3.335
2929.400	-1499.139	3.335
2929.600	-1499.142	3.335
2929.800	-1499.153	3.335
2930.000	-1499.155	3.335
2930.200	-1499.149	3.335
2930.400	-1499.141	3.335
2930.600	-1499.142	3.335
2930.800	-1499.151	3.335
2931.000	-1499.146	3.335
2931.200	-1499.132	3.335
2931.400	-1499.148	3.335
2931.600	-1499.145	3.335
2931.800	-1499.149	3.335
2932.000	-1499.155	3.335
2932.200	-1499.142	3.335
2932.400	-1499.128	3.335
2932.600	-1499.144	3.335
2932.800	-1499.129	3.335
2933.000	-1499.164	3.334
2933.200	-1499.147	3.334
2933.400	-1499.155	3.334
2933.600	-1499.137	3.334
2933.800	-1499.135	3.334
2934.000	-1499.125	3.334
2934.200	-1499.128	3.334
2934.400	-1499.136	3.334
2934.600	-1499.115	3.334
2934.800	-1499.150	3.334
2935.000	-1499.138	3.334
2935.200	-1499.142	3.334
2935.400	-1499.124	3.334
2935.600	-1499.139	3.334
2935.800	-1499.125	3.334
2936.000	-1499.137	3.334
2936.200	-1499.124	3.334
2936.400	-1499.136	3.334
2936.600	-1499.130	3.334
2936.800	-1499.133	3.334
2937.000	-1499.129	3.334
2937.200	-1499.136	3.334
2937.400	-1499.124	3.334
2937.600	-1499.132	3.334
2937.800	-1499.143	3.334
2938.000	-1499.125	3.334
2938.200	-1499.144	3.334
2938.400	-1499.130	3.334
2938.600	-1499.124	3.334
2938.800	-1499.130	3.334
2939.000	-1499.114	3.334
2939.200	-1499.120	3.334
2939.400	-1499.120	3.334
2939.600	-1499.134	3.334
2939.800	-1499.134	3.334
2940.000	-1499.147	3.334
2940.200	-1499.133	3.334
2940.400	-1499.149	3.334
2940.600	-1499.135	3.334
2940.800	-1499.121	3.334
2941.000	-1499.143	3.334
2941.200	-1499.130	3.334
2941.400	-1499.146	3.334
2941.600	-1499.144	3.334
2941.800	-1499.142	3.334
2942.000	-1499.159	3.334
2942.200	-1499.144	3.334
2942.400	-1499.133	3.334
2942.600	-1499.156	3.334
2942.800	-1499.149	3.333
2943.000	-1499.160	3.333
2943.200	-1499.147	3.333
2943.400	-1499.141	3.333
2943.600	-1499.150	3.333
2943.800	-1499.161	3.333
2944.000	-1499.145	3.333
2944.200	-1499.150	3.333
2944.400	-1499.161	3.333
2944.600	-1499.143	3.333
2944.800	-1499.141	3.333
2945.000	-1499.157	3.333
2945.200	-1499.141	3.333
2945.400	-1499.153	3.333
2945.600	-1499.126	3.333
2945.800	-1499.147	3.333
2946.000	-1499.136	3.333
2946.200	-1499.147	3.333
2946.400	-1499.160	3.333
2946.600	-1499.162	3.333
2946.800	-1499.143	3.333
2947.000	-1499.157	3.333
2947.200	-1499.144	3.333
2947.400	-1499.148	3.333
2947.600	-1499.147	3.333
2947.800	-1499.150	3.333
2948.000	-1499.128	3.333
2948.200	-1499.150	3.333
2948.400	-1499.150	3.333
2948.600	-1499.155	3.333
2948.800	-1499.141	3.333
2949.000	-1499.139	3.333
2949.200	-1499.145	3.333
2949.400	-1499.133	3.333
2949.600	-1499.133	3.333
2949.800	-1499.163	3.333
2950.000	-1499.152	3.333
2950.200	-1499.148	3.333
2950.400	-1499.153	3.333
2950.600	-1499.133	3.333
2950.800	-1499.143	3.333
2951.000	-1499.150	3.332
2951.200	-1499.167	3.332
2951.400	-1499.144	3.332
2951.600	-1499.144	3.332
2951.800	-1499.135	3.332
2952.000	-1499.147	3.332
2952.200	-1499.152	3.332
2952.400	-1499.135	3.332
2952.600	-1499.144	3.332
2952.800	-1499.143	3.332
2953.000	-1499.152	3.332
2953.200	-1499.152	3.332
2953.400	-1499.143	3.332
2953.600	-1499.142	3.332
2953.800	-1499.154	3.332
2954.000	-1499.150	3.332
2954.200	-1499.149	3.332
2954.400	-1499.156	3.332
2954.600	-1499.138	3.332
2954.800	-1499.146	3.332
2955.000	-1499.146	3.332
2955.200	-1499.156	3.332
2955.400	-1499.161	3.332
2955.600	-1499.156	3.332
2955.800	-1499.161	3.332
2956.000	-1499.173	3.332
2956.200	-1499.162	3.332
2956.400	-1499.160	3.332
2956.600	-1499.160	3.332
2956.800	-1499.155	3.332
2957.000	-1499.152	3.332
2957.200	-1499.153	3.332
2957.400	-1499.143	3.332
2957.600	-1499.167	3.332
2957.800	-1499.164	3.332
2958.000	-1499.157	3.332
2958.200	-1499.139	3.332
2958.400	-1499.148	3.332
2958.600	-1499.145	3.332
2958.800	-1499.152	3.332
2959.000	-1499.155	3.332
2959.200	-1499.155	3.332
2959.400	-1499.153	3.331
2959.600	-1499.158	3.331
2959.800	-1499.159	3.331
2960.000	-1499.148	3.331
2960.200	-1499.146	3.331
2960.400	-1499.144	3.331
2960.600	-1499.162	3.331
2960.800	-1499.168	3.331
2961.000	-1499.152	3.331
2961.200	-1499.132	3.331
2961.400	-1499.149	3.331
2961.600	-1499.138	3.331
2961.800	-1499.144	3.331
2962.000	-1499.135	3.331
2962.200	-1499.127	3.331
2962.400	-1499.125	3.331
2962.600	-1499.159	3.331
2962.800	-1499.146	3.331
2963.000	-1499.142	3.331
2963.200	-1499.148	3.331
2963.400	-1499.148	3.331
2963.600	-1499.145	3.331
2963.800	-1499.149	3.331
2964.000	-1499.133	3.331
2964.200	-1499.161	3.331
2964.400	-1499.147	3.331
2964.600	-1499.150	3.331
2964.800	-1499.153	3.331
2965.000	-1499.135	3.331
2965.200	-1499.141	3.331
2965.400	-1499.140	3.331
2965.600	-1499.150	3.331
2965.800	-1499.151	3.331
2966.000	-1499.139	3.331
2966.200	-1499.133	3.331
2966.400	-1499.139	3.331
2966.600	-1499.132	3.331
2966.800	-1499.153	3.331
2967.000	-1499.147	3.331
2967.200	-1499.146	3.331
2967.400	-1499.140	3.331
2967.600	-1499.152	3.331
2967.800	-1499.145	3.331
2968.000	-1499.136	3.331
2968.200	-1499.150	3.331
2968.400	-1499.121	3.330
2968.600	-1499.151	3.330
2968.800	-1499.142	3.330
2969.000	-1499.143	3.330
2969.200	-1499.150	3.330
2969.400	-1499.126	3.330
2969.600	-1499.136	3.330
2969.800	-1499.132	3.330
2970.000	-1499.132	3.330
2970.200	-1499.135	3.330
2970.400	-1499.147	3.330
2970.600	-1499.148	3.330
2970.800	-1499.150	3.330
2971.000	-1499.161	3.330
2971.200	-1499.137	3.330
2971.400	-1499.144	3.330
2971.600	-1499.132	3.330
2971.800	-1499.140	3.330
2972.000	-1499.149	3.330
2972.200	-1499.144	3.330
2972.400	-1499.144	3.330
2972.600	-1499.141	3.330
2972.800	-1499.127	3.330
2973.000	-1499.132	3.330
2973.200	-1499.132	3.330
2973.400	-1499.135	3.330
2973.600	-1499.144	3.330
2973.800	-1499.135	3.330
2974.000	-1499.125	3.330
2974.200	-1499.138	3.330
2974.400	-1499.153	3.330
2974.600	-1499.138	3.330
2974.800	-1499.151	3.330
2975.000	-1499.153	3.330
2975.200	-1499.143	3.330
2975.400	-1499.147	3.330
2975.600	-1499.144	3.330
2975.800	-1499.161	3.330
2976.000	-1499.164	3.330
2976.200	-1499.139	3.330
2976.400	-1499.153	3.330
2976.600	-1499.165	3.329
2976.800	-1499.155	3.329
2977.000	-1499.147	3.329
2977.200	-1499.153	3.329
2977.400	-1499.140	3.329
2977.600	-1499.147	3.329
2977.800	-1499.157	3.329
2978.000	-1499.154	3.329
2978.200	-1499.155	3.329
2978.400	-1499.151	3.329
2978.600	-1499.141	3.329
2978.800	-1499.172	3.329
2979.000	-1499.152	3.329
2979.200	-1499.155	3.329
2979.400	-1499.171	3.329
2979.600	-1499.163	3.329
2979.800	-1499.157	3.329
2980.000	-1499.172	3.329
2980.200	-1499.166	3.329
2980.400	-1499.154	3.329
2980.600	-1499.161	3.329
2980.800	-1499.154	3.329
2981.000	-1499.158	3.329
2981.200	-1499.164	3.329
2981.400	-1499.161	3.329
2981.600	-1499.153	3.329
2981.800	-1499.152	3.329
2982.000	-1499.164	3.329
2982.200	-1499.153	3.329
2982.400	-1499.159	3.329
2982.600	-1499.157	3.329
2982.800	-1499.142	3.329
2983.000	-1499.164	3.329
2983.200	-1499.162	3.329
2983.400	-1499.162	3.329
2983.600	-1499.159	3.329
2983.800	-1499.160	3.329
2984.000	-1499.166	3.329
2984.200	-1499.175	3.329
2984.400	-1499.161	3.329
2984.600	-1499.170	3.329
2984.800	-1499.164	3.328
2985.000	-1499.155	3.328
2985.200	-1499.162	3.328
2985.400	-1499.157	3.328
2985.600	-1499.154	3.328
2985.800	-1499.164	3.328
2986.000	-1499.159	3.328
2986.200	-1499.134	3.328
2986.400	-1499.150	3.328
2986.600	-1499.143	3.328
2986.800	-1499.142	3.328
2987.000	-1499.158	3.328
2987.200	-1499.150	3.328
2987.400	-1499.143	3.328
2987.600	-1499.151	3.328
2987.800	-1499.147	3.328
2988.000	-1499.143	3.328
2988.200	-1499.156	3.328
2988.400	-1499.154	3.328
2988.600	-1499.150	3.328
2988.800	-1499.131	3.328
2989.000	-1499.152	3.328
2989.200	-1499.161	3.328
2989.400	-1499.149	3.328
2989.600	-1499.139	3.328
2989.800	-1499.144	3.328
2990.000	-1499.170	3.328
2990.200	-1499.151	3.328
2990.400	-1499.133	3.328
2990.600	-1499.147	3.328
2990.800	-1499.146	3.328
2991.000	-1499.148	3.328
2991.200	-1499.155	3.328
2991.400	-1499.161	3.328
2991.600	-1499.162	3.328
2991.800	-1499.159	3.328
2992.000	-1499.157	3.328
2992.200	-1499.156	3.328
2992.400	-1499.159	3.328
2992.600	-1499.135	3.328
2992.800	-1499.133	3.328
2993.000	-1499.144	3.328
2993.200	-1499.162	3.327
2993.400	-1499.147	3.327
2993.600	-1499.149	3.327
2993.800	-1499.140	3.327
2994.000	-1499.144	3.327
2994.200	-1499.140	3.327
2994.400	-1499.136	3.327
2994.600	-1499.138	3.327
2994.800	-1499.138	3.327
2995.000	-1499.148	3.327
2995.200	-1499.145	3.327
2995.400	-1499.158	3.327
2995.600	-1499.160	3.327
2995.800	-1499.144	3.327
2996.000	-1499.149	3.327
2996.200	-1499.150	3.327
2996.400	-1499.145	3.327
2996.600	-1499.146	3.327
2996.800	-1499.154	3.327
2997.000	-1499.146	3.327
2997.200	-1499.148	3.327
2997.400	-1499.152	3.327
2997.600	-1499.152	3.327
2997.800	-1499.157	3.327
2998.000	-1499.165	3.327
2998.200	-1499.151	3.327
2998.400	-1499.158	3.327
2998.600	-1499.159	3.327
2998.800	-1499.150	3.327
2999.000	-1499.146	3.327
2999.200	-1499.163	3.327
2999.400	-1499.156	3.327
2999.600	-1499.160	3.327
2999.800	-1499.151	3.327
3000.000	-1499.165	3.327
3000.200	-1499.159	3.327
3000.400	-1499.152	3.327
3000.600	-1499.152	3.327
3000.800	-1499.159	3.327
3001.000	-1499.144	3.327
3001.200	-1499.143	3.326
3001.400	-1499.141	3.326
3001.600	-1499.148	3.326
3001.800	-1499.141	3.326
3002.000	-1499.145	3.326
3002.200	-1499.151	3.326
3002.400	-1499.153	3.326
3002.600	-1499.146	3.326
3002.800	-1499.137	3.326
3003.000	-1499.148	3.326
3003.200	-1499.149	3.326
3003.400	-1499.162	3.326
3003.600	-1499.154	3.326
3003.800	-1499.157	3.326
3004.000	-1499.150	3.326
3004.200	-1499.151	3.326
3004.400	-1499.156	3.326
3004.600	-1499.148	3.326
3004.800	-1499.160	3.326
3005.000	-1499.150	3.326
3005.200	-1499.150	3.326
3005.400	-1499.162	3.326
3005.600	-1499.172	3.326
3005.800	-1499.148	3.326
3006.000	-1499.156	3.326
3006.200	-1499.133	3.326
3006.400	-1499.147	3.326
3006.600	-1499.162	3.326
3006.800	-1499.139	3.326
3007.000	-1499.140	3.326
3007.200	-1499.150	3.326
3007.400	-1499.138	3.326
3007.600	-1499.144	3.326
3007.800	-1499.148	3.326
3008.000	-1499.143	3.326
3008.200	-1499.141	3.326
3008.400	-1499.147	3.326
3008.600	-1499.143	3.326
3008.800	-1499.149	3.325
3009.000	-1499.145	3.325
3009.200	-1499.143	3.325
3009.400	-1499.160	3.325
3009.600	-1499.144	3.325
3009.800	-1499.140	3.325
3010.000	-1499.140	3.325
3010.200	-1499.143	3.325
3010.400	-1499.137	3.325
3010.600	-1499.131	3.325
3010.800	-1499.136	3.325
3011.000	-1499.122	3.325
3011.200	-1499.147	3.325
3011.400	-1499.143	3.325
3011.600	-1499.153	3.325
3011.800	-1499.145	3.325
3012.000	-1499.136	3.325
3012.200	-1499.137	3.325
3012.400	-1499.136	3.325
3012.600	-1499.131	3.325
3012.800	-1499.140	3.325
3013.000	-1499.142	3.325
3013.200	-1499.139	3.325
3013.400	-1499.145	3.325
3013.600	-1499.156	3.325
3013.800	-1499.151	3.325
3014.000	-1499.150	3.325
3014.200	-1499.152	3.325
3014.400	-1499.165	3.325
3014.600	-1499.140	3.325
3014.800	-1499.163	3.325
3015.000	-1499.137	3.325
3015.200	-1499.149	3.325
3015.400	-1499.135	3.325
3015.600	-1499.154	3.325
3015.800	-1499.156	3.325
3016.000	-1499.156	3.325
3016.200	-1499.146	3.325
3016.400	-1499.143	3.325
3016.600	-1499.128	3.325
3016.800	-1499.143	3.325
3017.000	-1499.140	3.325
3017.200	-1499.136	3.325
3017.400	-1499.154	3.325
3017.600	-1499.159	3.324
3017.800	-1499.153	3.324
3018.000	-1499.147	3.324
3018.200	-1499.151	3.324
3018.400	-1499.149	3.324
3018.600	-1499.145	3.324
3018.800	-1499.166	3.324
3019.000	-1499.141	3.324
3019.200	-1499.145	3.324
3019.400	-1499.144	3.324
3019.600	-1499.144	3.324
3019.800	-1499.151	3.324
3020.000	-1499.160	3.324
3020.200	-1499.163	3.324
3020.400	-1499.160	3.324
3020.600	-1499.166	3.324
3020.800	-1499.154	3.324
3021.000	-1499.140	3.324
3021.200	-1499.128	3.324
3021.400	-1499.143	3.324
3021.600	-1499.145	3.324
3021.800	-1499.149	3.324
3022.000	-1499.152	3.324
3022.200	-1499.153	3.324
3022.400	-1499.147	3.324
3022.600	-1499.133	3.324
3022.800	-1499.159	3.324
3023.000	-1499.150	3.324
3023.200	-1499.136	3.324
3023.400	-1499.135	3.324
3023.600	-1499.140	3.324
3023.800	-1499.143	3.324
3024.000	-1499.134	3.324
3024.200	-1499.131	3.324
3024.400	-1499.152	3.324
3024.600	-1499.139	3.324
3024.800	-1499.144	3.324
3025.000	-1499.153	3.323
3025.200	-1499.130	3.323
3025.400	-1499.134	3.323
3025.600	-1499.137	3.323
3025.800	-1499.158	3.323
3026.000	-1499.145	3.323
3026.200	-1499.138	3.323
3026.400	-1499.145	3.323
3026.600	-1499.168	3.323
3026.800	-1499.150	3.323
3027.000	-1499.143	3.323
3027.200	-1499.145	3.323
3027.400	-1499.145	3.323
3027.600	-1499.156	3.323
3027.800	-1499.160	3.323
3028.000	-1499.157	3.323
3028.200	-1499.157	3.323
3028.400	-1499.156	3.323
3028.600	-1499.139	3.323
3028.800	-1499.163	3.323
3029.000	-1499.154	3.323
3029.200	-1499.154	3.323
3029.400	-1499.152	3.323
3029.600	-1499.139	3.323
3029.800	-1499.159	3.323
3030.000	-1499.136	3.323
3030.200	-1499.146	3.323
3030.400	-1499.150	3.323
3030.600	-1499.160	3.323
3030.800	-1499.146	3.323
3031.000	-1499.146	3.323
3031.200	-1499.143	3.323
3031.400	-1499.145	3.323
3031.600	-1499.159	3.323
3031.800	-1499.161	3.323
3032.000	-1499.153	3.323
3032.200	-1499.149	3.323
3032.400	-1499.159	3.323
3032.600	-1499.141	3.322
3032.800	-1499.147	3.323
3033.000	-1499.152	3.322
3033.200	-1499.155	3.322
3033.400	-1499.150	3.322
3033.600	-1499.154	3.322
3033.800	-1499.144	3.322
3034.000	-1499.153	3.322
3034.200	-1499.175	3.322
3034.400	-1499.149	3.322
3034.600	-1499.139	3.322
3034.800	-1499.144	3.322
3035.000	-1499.149	3.322
3035.200	-1499.165	3.322
3035.400	-1499.143	3.322
3035.600	-1499.157	3.322
3035.800	-1499.151	3.322
3036.000	-1499.154	3.322
3036.200	-1499.161	3.322
3036.400	-1499.152	3.322
3036.600	-1499.154	3.322
3036.800	-1499.176	3.322
3037.000	-1499.154	3.322
3037.200	-1499.146	3.322
3037.400	-1499.151	3.322
3037.600	-1499.152	3.322
3037.800	-1499.169	3.322
3038.000	-1499.167	3.322
3038.200	-1499.174	3.322
3038.400	-1499.176	3.322
3038.600	-1499.177	3.322
3038.800	-1499.165	3.322
3039.000	-1499.165	3.322
3039.200	-1499.162	3.322
3039.400	-1499.158	3.322
3039.600	-1499.156	3.322
3039.800	-1499.158	3.322
3040.000	-1499.154	3.322
3040.200	-1499.137	3.322
3040.400	-1499.162	3.321
3040.600	-1499.172	3.321
3040.800	-1499.164	3.321
3041.000	-1499.157	3.321
3041.200	-1499.166	3.321
3041.400	-1499.150	3.321
3041.600	-1499.156	3.321
3041.800	-1499.147	3.321
3042.000	-1499.169	3.321
3042.200	-1499.158	3.321
3042.400	-1499.164	3.321
3042.600	-1499.133	3.321
3042.800	-1499.145	3.321
3043.000	-1499.143	3.321
3043.200	-1499.147	3.321
3043.400	-1499.149	3.321
3043.600	-1499.169	3.321
3043.800	-1499.160	3.321
3044.000	-1499.154	3.321
3044.200	-1499.159	3.321
3044.400	-1499.146	3.321
3044.600	-1499.155	3.321
3044.800	-1499.172	3.321
3045.000	-1499.138	3.321
3045.200	-1499.149	3.321
3045.400	-1499.162	3.321
3045.600	-1499.145	3.321
3045.800	-1499.162	3.321
3046.000	-1499.151	3.321
3046.200	-1499.135	3.321
3046.400	-1499.150	3.321
3046.600	-1499.147	3.321
3046.800	-1499.159	3.321
3047.000	-1499.150	3.321
3047.200	-1499.148	3.321
3047.400	-1499.158	3.321
3047.600	-1499.158	3.321
3047.800	-1499.171	3.321
3048.000	-1499.173	3.321
3048.200	-1499.163	3.320
3048.400	-1499.155	3.320
3048.600	-1499.157	3.320
3048.800	-1499.165	3.320
3049.000	-1499.158	3.320
3049.200	-1499.156	3.320
3049.400	-1499.153	3.320
3049.600	-1499.158	3.320
3049.800	-1499.146	3.320
3050.000	-1499.159	3.320
3050.200	-1499.150	3.320
3050.400	-1499.166	3.320
3050.600	-1499.156	3.320
3050.800	-1499.166	3.320
3051.000	-1499.162	3.320
3051.200	-1499.156	3.320
3051.400	-1499.154	3.320
3051.600	-1499.154	3.320
3051.800	-1499.169	3.320
3052.000	-1499.161	3.320
3052.200	-1499.160	3.320
3052.400	-1499.161	3.320
3052.600	-1499.153	3.320
3052.800	-1499.170	3.320
3053.000	-1499.176	3.320
3053.200	-1499.163	3.320
3053.400	-1499.164	3.320
3053.600	-1499.167	3.320
3053.800	-1499.159	3.320
3054.000	-1499.148	3.320
3054.200	-1499.157	3.320
3054.400	-1499.147	3.320
3054.600	-1499.136	3.320
3054.800	-1499.142	3.320
3055.000	-1499.150	3.320
3055.200	-1499.151	3.320
3055.400	-1499.149	3.320
3055.600	-1499.163	3.319
3055.800	-1499.154	3.319
3056.000	-1499.135	3.319
3056.200	-1499.148	3.319
3056.400	-1499.137	3.319
3056.600	-1499.147	3.319
3056.800	-1499.154	3.319
3057.000	-1499.146	3.319
3057.200	-1499.156	3.319
3057.400	-1499.160	3.319
3057.600	-1499.167	3.319
3057.800	-1499.165	3.319
3058.000	-1499.163	3.319
3058.200	-1499.156	3.319
3058.400	-1499.153	3.319
3058.600	-1499.145	3.319
3058.800	-1499.153	3.319
3059.000	-1499.145	3.319
3059.200	-1499.166	3.319
3059.400	-1499.150	3.319
3059.600	-1499.148	3.319
3059.800	-1499.154	3.319
3060.000	-1499.143	3.319
3060.200	-1499.147	3.319
3060.400	-1499.143	3.319
3060.600	-1499.150	3.319
3060.800	-1499.159	3.319
3061.000	-1499.155	3.319
3061.200	-1499.138	3.319
3061.400	-1499.147	3.319
3061.600	-1499.161	3.319
3061.800	-1499.158	3.319
3062.000	-1499.138	3.319
3062.200	-1499.146	3.319
3062.400	-1499.144	3.319
3062.600	-1499.160	3.319
3062.800	-1499.159	3.319
3063.000	-1499.144	3.319
3063.200	-1499.153	3.319
3063.400	-1499.164	3.319
3063.600	-1499.146	3.318
3063.800	-1499.163	3.318
3064.000	-1499.151	3.318
3064.200	-1499.167	3.318
3064.400	-1499.160	3.318
3064.600	-1499.151	3.318
3064.800	-1499.130	3.318
3065.000	-1499.129	3.318
3065.200	-1499.137	3.318
3065.400	-1499.156	3.318
3065.600	-1499.144	3.318
3065.800	-1499.131	3.318
3066.000	-1499.136	3.318
3066.200	-1499.123	3.318
3066.400	-1499.139	3.318
3066.600	-1499.126	3.318
3066.800	-1499.150	3.318
3067.000	-1499.160	3.318
3067.200	-1499.160	3.318
3067.400	-1499.154	3.318
3067.600	-1499.140	3.318
3067.800	-1499.146	3.318
3068.000	-1499.153	3.318
3068.200	-1499.142	3.318
3068.400	-1499.141	3.318
3068.600	-1499.117	3.318
3068.800	-1499.146	3.318
3069.000	-1499.142	3.318
3069.200	-1499.148	3.318
3069.400	-1499.151	3.318
3069.600	-1499.145	3.318
3069.800	-1499.136	3.318
3070.000	-1499.142	3.318
3070.200	-1499.154	3.318
3070.400	-1499.135	3.318
3070.600	-1499.132	3.318
3070.800	-1499.136	3.318
3071.000	-1499.142	3.318
3071.200	-1499.138	3.318
3071.400	-1499.155	3.317
3071.600	-1499.138	3.317
3071.800	-1499.144	3.317
3072.000	-1499.137	3.317
3072.200	-1499.157	3.317
3072.400	-1499.135	3.317
3072.600	-1499.118	3.317
3072.800	-1499.139	3.317
3073.000	-1499.138	3.317
3073.200	-1499.153	3.317
3073.400	-1499.129	3.317
3073.600	-1499.142	3.317
3073.800	-1499.141	3.317
3074.000	-1499.144	3.317
3074.200	-1499.123	3.317
3074.400	-1499.129	3.317
3074.600	-1499.131	3.317
3074.800	-1499.144	3.317
3075.000	-1499.133	3.317
3075.200	-1499.139	3.317
3075.400	-1499.148	3.317
3075.600	-1499.140	3.317
3075.800	-1499.161	3.317
3076.000	-1499.137	3.317
3076.200	-1499.158	3.317
3076.400	-1499.155	3.317
3076.600	-1499.160	3.317
3076.800	-1499.152	3.317
3077.000	-1499.147	3.317
3077.200	-1499.146	3.317
3077.400	-1499.146	3.317
3077.600	-1499.139	3.317
3077.800	-1499.156	3.317
3078.000	-1499.132	3.317
3078.200	-1499.143	3.317
3078.400	-1499.158	3.317
3078.600	-1499.140	3.317
3078.800	-1499.150	3.316
3079.000	-1499.154	3.316
3079.200	-1499.174	3.316
3079.400	-1499.165	3.316
3079.600	-1499.162	3.316
3079.800	-1499.165	3.316
3080.000	-1499.166	3.316
3080.200	-1499.149	3.316
3080.400	-1499.171	3.316
3080.600	-1499.156	3.316
3080.800	-1499.166	3.316
3081.000	-1499.161	3.316
3081.200	-1499.175	3.316
3081.400	-1499.175	3.316
3081.600	-1499.171	3.316
3081.800	-1499.152	3.316
3082.000	-1499.175	3.316
3082.200	-1499.170	3.316
3082.400	-1499.169	3.316
3082.600	-1499.192	3.316
3082.800	-1499.167	3.316
3083.000	-1499.145	3.316
3083.200	-1499.159	3.316
3083.400	-1499.163	3.316
3083.600	-1499.161	3.316
3083.800	-1499.149	3.316
3084.000	-1499.168	3.316
3084.200	-1499.156	3.316
3084.400	-1499.160	3.316
3084.600	-1499.133	3.316
3084.800	-1499.159	3.316
3085.000	-1499.140	3.316
3085.200	-1499.142	3.316
3085.400	-1499.163	3.316
3085.600	-1499.156	3.316
3085.800	-1499.149	3.316
3086.000	-1499.159	3.315
3086.200	-1499.166	3.315
3086.400	-1499.174	3.315
3086.600	-1499.157	3.315
3086.800	-1499.158	3.315
3087.000	-1499.153	3.315
3087.200	-1499.152	3.315
3087.400	-1499.159	3.315
3087.600	-1499.136	3.315
3087.800	-1499.156	3.315
3088.000	-1499.144	3.315
3088.200	-1499.151	3.315
3088.400	-1499.148	3.315
3088.600	-1499.149	3.315
3088.800	-1499.142	3.315
3089.000	-1499.146	3.315
3089.200	-1499.138	3.315
3089.400	-1499.154	3.315
3089.600	-1499.144	3.315
3089.800	-1499.143	3.315
3090.000	-1499.150	3.315
3090.200	-1499.151	3.315
3090.400	-1499.159	3.315
3090.600	-1499.157	3.315
3090.800	-1499.136	3.315
3091.000	-1499.162	3.315
3091.200	-1499.180	3.315
3091.400	-1499.159	3.315
3091.600	-1499.151	3.315
3091.800	-1499.133	3.315
3092.000	-1499.167	3.315
3092.200	-1499.155	3.315
3092.400	-1499.166	3.314
3092.600	-1499.158	3.315
3092.800	-1499.150	3.314
3093.000	-1499.167	3.314
3093.200	-1499.164	3.314
3093.400	-1499.167	3.314
3093.600	-1499.163	3.314
3093.800	-1499.166	3.314
3094.000	-1499.173	3.314
3094.200	-1499.154	3.314
3094.400	-1499.162	3.314
3094.600	-1499.148	3.314
3094.800	-1499.154	3.314
3095.000	-1499.165	3.314
3095.200	-1499.152	3.314
3095.400	-1499.160	3.314
3095.600	-1499.152	3.314
3095.800	-1499.150	3.314
3096.000	-1499.153	3.314
3096.200	-1499.150	3.314
3096.400	-1499.158	3.314
3096.600	-1499.164	3.314
3096.800	-1499.164	3.314
3097.000	-1499.135	3.314
3097.200	-1499.135	3.314
3097.400	-1499.134	3.314
3097.600	-1499.127	3.314
3097.800	-1499.152	3.314
3098.000	-1499.153	3.314
3098.200	-1499.153	3.314
3098.400	-1499.148	3.314
3098.600	-1499.151	3.314
3098.800	-1499.127	3.314
3099.000	-1499.136	3.314
3099.200	-1499.168	3.314
3099.400	-1499.160	3.314
3099.600	-1499.143	3.313
3099.800	-1499.154	3.313
3100.000	-1499.147	3.313
3100.200	-1499.151	3.313
3100.400	-1499.144	3.313
3100.600	-1499.162	3.313
3100.800	-1499.148	3.313
3101.000	-1499.134	3.313
3101.200	-1499.159	3.313
3101.400	-1499.145	3.313
3101.600	-1499.153	3.313
3101.800	-1499.155	3.313
3102.000	-1499.151	3.313
3102.200	-1499.144	3.313
3102.400	-1499.150	3.313
3102.600	-1499.133	3.313
3102.800	-1499.148	3.313
3103.000	-1499.164	3.313
3103.200	-1499.158	3.313
3103.400	-1499.169	3.313
3103.600	-1499.156	3.313
3103.800	-1499.152	3.313
3104.000	-1499.157	3.313
3104.200	-1499.154	3.313
3104.400	-1499.158	3.313
3104.600	-1499.147	3.313
3104.800	-1499.151	3.313
3105.000	-1499.145	3.313
3105.200	-1499.157	3.313
3105.400	-1499.155	3.313
3105.600	-1499.161	3.313
3105.800	-1499.159	3.313
3106.000	-1499.155	3.313
3106.200	-1499.157	3.313
3106.400	-1499.166	3.313
3106.600	-1499.155	3.313
3106.800	-1499.159	3.312
3107.000	-1499.137	3.313
3107.200	-1499.143	3.312
3107.400	-1499.142	3.312
3107.600	-1499.159	3.312
3107.800	-1499.140	3.312
3108.000	-1499.134	3.312
3108.200	-1499.141	3.312
3108.400	-1499.153	3.312
3108.600	-1499.141	3.312
3108.800	-1499.127	3.312
3109.000	-1499.148	3.312
3109.200	-1499.136	3.312
3109.400	-1499.131	3.312
3109.600	-1499.133	3.312
3109.800	-1499.139	3.312
3110.000	-1499.135	3.312
3110.200	-1499.133	3.312
3110.400	-1499.142	3.312
3110.600	-1499.150	3.312
3110.800	-1499.146	3.312
3111.000	-1499.141	3.312
3111.200	-1499.147	3.312
3111.400	-1499.152	3.312
3111.600	-1499.136	3.312
3111.800	-1499.142	3.312
3112.000	-1499.145	3.312
3112.200	-1499.150	3.312
3112.400	-1499.145	3.312
3112.600	-1499.148	3.312
3112.800	-1499.141	3.312
3113.000	-1499.136	3.312
3113.200	-1499.153	3.312
3113.400	-1499.157	3.312
3113.600	-1499.153	3.311
3113.800	-1499.146	3.311
3114.000	-1499.161	3.311
3114.200	-1499.138	3.311
3114.400	-1499.127	3.311
3114.600	-1499.155	3.311
3114.800	-1499.155	3.311
3115.000	-1499.152	3.311
3115.200	-1499.156	3.311
3115.400	-1499.146	3.311
3115.600	-1499.128	3.311
3115.800	-1499.128	3.311
3116.000	-1499.151	3.311
3116.200	-1499.144	3.311
3116.400	-1499.134	3.311
3116.600	-1499.136	3.311
3116.800	-1499.132	3.311
3117.000	-1499.137	3.311
3117.200	-1499.135	3.311
3117.400	-1499.142	3.311
3117.600	-1499.131	3.311
3117.800	-1499.147	3.311
3118.000	-1499.136	3.311
3118.200	-1499.141	3.311
3118.400	-1499.127	3.311
3118.600	-1499.134	3.311
3118.800	-1499.143	3.311
3119.000	-1499.147	3.311
3119.200	-1499.134	3.311
3119.400	-1499.135	3.311
3119.600	-1499.137	3.311
3119.800	-1499.140	3.311
3120.000	-1499.142	3.311
3120.200	-1499.144	3.311
3120.400	-1499.136	3.310
3120.600	-1499.137	3.310
3120.800	-1499.143	3.310
3121.000	-1499.129	3.310
3121.200	-1499.132	3.310
3121.400	-1499.139	3.310
3121.600	-1499.143	3.310
3121.800	-1499.137	3.310
3122.000	-1499.151	3.310
3122.200	-1499.164	3.310
3122.400	-1499.155	3.310
3122.600	-1499.147	3.310
3122.800	-1499.159	3.310
3123.000	-1499.163	3.310
3123.200	-1499.160	3.310
3123.400	-1499.159	3.310
3123.600	-1499.153	3.310
3123.800	-1499.150	3.310
3124.000	-1499.160	3.310
3124.200	-1499.171	3.310
3124.400	-1499.148	3.310
3124.600	-1499.146	3.310
3124.800	-1499.147	3.310
3125.000	-1499.138	3.310
3125.200	-1499.162	3.310
3125.400	-1499.156	3.310
3125.600	-1499.146	3.310
3125.800	-1499.164	3.310
3126.000	-1499.175	3.310
3126.200	-1499.163	3.310
3126.400	-1499.154	3.310
3126.600	-1499.155	3.310
3126.800	-1499.138	3.310
3127.000	-1499.140	3.310
3127.200	-1499.148	3.309
3127.400	-1499.139	3.309
3127.600	-1499.164	3.309
3127.800	-1499.146	3.309
3128.000	-1499.151	3.309
3128.200	-1499.141	3.309
3128.400	-1499.140	3.309
3128.600	-1499.157	3.309
3128.800	-1499.152	3.309
3129.000	-1499.146	3.309
3129.200	-1499.132	3.309
3129.400	-1499.127	3.309
3129.600	-1499.141	3.309
3129.800	-1499.124	3.309
3130.000	-1499.146	3.309
3130.200	-1499.171	3.309
3130.400	-1499.154	3.309
3130.600	-1499.149	3.309
3130.800	-1499.139	3.309
3131.000	-1499.162	3.309
3131.200	-1499.160	3.309
3131.400	-1499.167	3.309
3131.600	-1499.151	3.309
3131.800	-1499.146	3.309
3132.000	-1499.150	3.309
3132.200	-1499.142	3.309
3132.400	-1499.152	3.309
3132.600	-1499.140	3.309
3132.800	-1499.153	3.309
3133.000	-1499.154	3.309
3133.200	-1499.155	3.309
3133.400	-1499.143	3.309
3133.600	-1499.161	3.308
3133.800	-1499.161	3.308
3134.000	-1499.139	3.308
3134.200	-1499.145	3.308
3134.400	-1499.148	3.308
3134.600	-1499.155	3.308
3134.800	-1499.144	3.308
3135.000	-1499.149	3.308
3135.200	-1499.163	3.308
3135.400	-1499.168	3.308
3135.600	-1499.177	3.308
3135.800	-1499.152	3.308
3136.000	-1499.154	3.308
3136.200	-1499.159	3.308
3136.400	-1499.160	3.308
3136.600	-1499.168	3.308
3136.800	-1499.167	3.308
3137.000	-1499.147	3.308
3137.200	-1499.137	3.308
3137.400	-1499.154	3.308
3137.600	-1499.137	3.308
3137.800	-1499.150	3.308
3138.000	-1499.145	3.308
3138.200	-1499.170	3.308
3138.400	-1499.146	3.308
3138.600	-1499.143	3.308
3138.800	-1499.145	3.308
3139.000	-1499.152	3.308
3139.200	-1499.166	3.308
3139.400	-1499.155	3.308
3139.600	-1499.165	3.308
3139.800	-1499.160	3.307
3140.000	-1499.158	3.307
3140.200	-1499.142	3.307
3140.400	-1499.136	3.307
3140.600	-1499.149	3.307
3140.800	-1499.146	3.307
3141.000	-1499.147	3.307
3141.200	-1499.148	3.307
3141.400	-1499.141	3.307
3141.600	-1499.148	3.307
3141.800	-1499.158	3.307
3142.000	-1499.144	3.307
3142.200	-1499.157	3.307
3142.400	-1499.160	3.307
3142.600	-1499.145	3.307
3142.800	-1499.136	3.307
3143.000	-1499.142	3.307
3143.200	-1499.153	3.307
3143.400	-1499.149	3.307
3143.600	-1499.134	3.307
3143.800	-1499.121	3.307
3144.000	-1499.135	3.307
3144.200	-1499.142	3.307
3144.400	-1499.160	3.307
3144.600	-1499.151	3.307
3144.800	-1499.138	3.307
3145.000	-1499.138	3.307
3145.200	-1499.143	3.307
3145.400	-1499.122	3.307
3145.600	-1499.132	3.307
3145.800	-1499.140	3.307
3146.000	-1499.128	3.307
3146.200	-1499.134	3.307
3146.400	-1499.138	3.306
3146.600	-1499.160	3.306
3146.800	-1499.140	3.306
3147.000	-1499.128	3.306
3147.200	-1499.132	3.306
3147.400	-1499.135	3.306
3147.600	-1499.127	3.306
3147.800	-1499.120	3.306
3148.000	-1499.132	3.306
3148.200	-1499.141	3.306
3148.400	-1499.139	3.306
3148.600	-1499.134	3.306
3148.800	-1499.122	3.306
3149.000	-1499.139	3.306
3149.200	-1499.137	3.306
3149.400	-1499.146	3.306
3149.600	-1499.144	3.306
3149.800	-1499.133	3.306
3150.000	-1499.124	3.306
3150.200	-1499.120	3.306
3150.400	-1499.131	3.306
3150.600	-1499.139	3.306
3150.800	-1499.131	3.306
3151.000	-1499.125	3.306
3151.200	-1499.128	3.306
3151.400	-1499.134	3.306
3151.600	-1499.124	3.306
3151.800	-1499.125	3.306
3152.000	-1499.138	3.306
3152.200	-1499.139	3.306
3152.400	-1499.141	3.306
3152.600	-1499.132	3.306
3152.800	-1499.129	3.306
3153.000	-1499.123	3.306
3153.200	-1499.113	3.306
3153.400	-1499.122	3.305
3153.600	-1499.132	3.305
3153.800	-1499.124	3.305
3154.000	-1499.120	3.305
3154.200	-1499.125	3.305
3154.400	-1499.145	3.305
3154.600	-1499.138	3.305
3154.800	-1499.149	3.305
3155.000	-1499.123	3.305
3155.200	-1499.131	3.305
3155.400	-1499.135	3.305
3155.600	-1499.128	3.305
3155.800	-1499.121	3.305
3156.000	-1499.126	3.305
3156.200	-1499.127	3.305
3156.400	-1499.140	3.305
3156.600	-1499.138	3.305
3156.800	-1499.137	3.305
3157.000	-1499.136	3.305
3157.200	-1499.138	3.305
3157.400	-1499.143	3.305
3157.600	-1499.138	3.305
3157.800	-1499.159	3.305
3158.000	-1499.144	3.305
3158.200	-1499.125	3.305
3158.400	-1499.153	3.305
3158.600	-1499.141	3.305
3158.800	-1499.140	3.305
3159.000	-1499.131	3.304
3159.200	-1499.136	3.304
3159.400	-1499.136	3.304
3159.600	-1499.136	3.304
3159.800	-1499.139	3.304
3160.000	-1499.136	3.304
3160.200	-1499.153	3.304
3160.400	-1499.129	3.304
3160.600	-1499.150	3.304
3160.800	-1499.146	3.304
3161.000	-1499.148	3.304
3161.200	-1499.126	3.304
3161.400	-1499.136	3.304
3161.600	-1499.133	3.304
3161.800	-1499.146	3.304
3162.000	-1499.132	3.304
3162.200	-1499.138	3.304
3162.400	-1499.161	3.304
3162.600	-1499.142	3.304
3162.800	-1499.140	3.304
3163.000	-1499.133	3.304
3163.200	-1499.143	3.304
3163.400	-1499.148	3.304
3163.600	-1499.133	3.304
3163.800	-1499.135	3.304
3164.000	-1499.148	3.304
3164.200	-1499.149	3.304
3164.400	-1499.129	3.304
3164.600	-1499.146	3.304
3164.800	-1499.142	3.304
3165.000	-1499.145	3.304
3165.200	-1499.156	3.304
3165.400	-1499.148	3.304
3165.600	-1499.141	3.304
3165.800	-1499.141	3.303
3166.000	-1499.145	3.303
3166.200	-1499.139	3.303
3166.400	-1499.151	3.303
3166.600	-1499.160	3.303
3166.800	-1499.148	3.303
3167.000	-1499.147	3.303
3167.200	-1499.158	3.303
3167.400	-1499.157	3.303
3167.600	-1499.156	3.303
3167.800	-1499.150	3.303
3168.000	-1499.161	3.303
3168.200	-1499.136	3.303
3168.400	-1499.129	3.303
3168.600	-1499.151	3.303
3168.800	-1499.152	3.303
3169.000	-1499.153	3.303
3169.200	-1499.156	3.303
3169.400	-1499.155	3.303
3169.600	-1499.157	3.303
3169.800	-1499.142	3.303
3170.000	-1499.129	3.303
3170.200	-1499.149	3.303
3170.400	-1499.136	3.303
3170.600	-1499.147	3.303
3170.800	-1499.159	3.303
3171.000	-1499.146	3.303
3171.200	-1499.157	3.303
3171.400	-1499.163	3.302
3171.600	-1499.150	3.302
3171.800	-1499.153	3.302
3172.000	-1499.148	3.302
3172.200	-1499.139	3.302
3172.400	-1499.152	3.302
3172.600	-1499.159	3.302
3172.800	-1499.157	3.302
3173.000	-1499.162	3.302
3173.200	-1499.147	3.302
3173.400	-1499.176	3.302
3173.600	-1499.163	3.302
3173.800	-1499.146	3.302
3174.000	-1499.152	3.302
3174.200	-1499.158	3.302
3174.400	-1499.142	3.302
3174.600	-1499.135	3.302
3174.800	-1499.136	3.302
3175.000	-1499.125	3.302
3175.200	-1499.132	3.302
3175.400	-1499.151	3.302
3175.600	-1499.143	3.302
3175.800	-1499.137	3.302
3176.000	-1499.129	3.302
3176.200	-1499.124	3.302
3176.400	-1499.140	3.302
3176.600	-1499.143	3.302
3176.800	-1499.117	3.302
3177.000	-1499.140	3.302
3177.200	-1499.143	3.302
3177.400	-1499.152	3.301
3177.600	-1499.133	3.301
3177.800	-1499.135	3.301
3178.000	-1499.123	3.301
3178.200	-1499.126	3.301
3178.400	-1499.135	3.301
3178.600	-1499.141	3.301
3178.800	-1499.136	3.301
3179.000	-1499.133	3.301
3179.200	-1499.140	3.301
3179.400	-1499.137	3.301
3179.600	-1499.138	3.301
3179.800	-1499.134	3.301
3180.000	-1499.143	3.301
3180.200	-1499.130	3.301
3180.400	-1499.145	3.301
3180.600	-1499.127	3.301
3180.800	-1499.133	3.301
3181.000	-1499.150	3.301
3181.200	-1499.155	3.301
3181.400	-1499.150	3.301
3181.600	-1499.158	3.301
3181.800	-1499.166	3.301
3182.000	-1499.132	3.301
3182.200	-1499.136	3.301
3182.400	-1499.152	3.301
3182.600	-1499.149	3.301
3182.800	-1499.141	3.301
3183.000	-1499.139	3.301
3183.200	-1499.132	3.301
3183.400	-1499.136	3.301
3183.600	-1499.124	3.301
3183.800	-1499.137	3.300
3184.000	-1499.137	3.300
3184.200	-1499.147	3.300
3184.400	-1499.142	3.300
3184.600	-1499.145	3.300
3184.800	-1499.150	3.300
3185.000	-1499.157	3.300
3185.200	-1499.141	3.300
3185.400	-1499.137	3.300
3185.600	-1499.132	3.300
3185.800	-1499.154	3.300
3186.000	-1499.136	3.300
3186.200	-1499.141	3.300
3186.400	-1499.166	3.300
3186.600	-1499.137	3.300
3186.800	-1499.139	3.300
3187.000	-1499.141	3.300
3187.200	-1499.172	3.300
3187.400	-1499.158	3.300
3187.600	-1499.138	3.300
3187.800	-1499.148	3.300
3188.000	-1499.137	3.300
3188.200	-1499.156	3.300
3188.400	-1499.155	3.300
3188.600	-1499.144	3.300
3188.800	-1499.140	3.300
3189.000	-1499.159	3.300
3189.200	-1499.140	3.300
3189.400	-1499.147	3.300
3189.600	-1499.151	3.299
3189.800	-1499.139	3.299
3190.000	-1499.142	3.299
3190.200	-1499.136	3.299
3190.400	-1499.140	3.299
3190.600	-1499.142	3.299
3190.800	-1499.163	3.299
3191.000	-1499.154	3.299
3191.200	-1499.154	3.299
3191.400	-1499.142	3.299
3191.600	-1499.148	3.299
3191.800	-1499.167	3.299
3192.000	-1499.159	3.299
3192.200	-1499.147	3.299
3192.400	-1499.150	3.299
3192.600	-1499.146	3.299
3192.800	-1499.162	3.299
3193.000	-1499.147	3.299
3193.200	-1499.158	3.299
3193.400	-1499.132	3.299
3193.600	-1499.137	3.299
3193.800	-1499.144	3.299
3194.000	-1499.139	3.299
3194.200	-1499.137	3.299
3194.400	-1499.131	3.299
3194.600	-1499.135	3.299
3194.800	-1499.137	3.299
3195.000	-1499.138	3.299
3195.200	-1499.133	3.298
3195.400	-1499.124	3.298
3195.600	-1499.137	3.298
3195.800	-1499.110	3.298
3196.000	-1499.125	3.298
3196.200	-1499.141	3.298
3196.400	-1499.145	3.298
3196.600	-1499.137	3.298
3196.800	-1499.120	3.298
3197.000	-1499.132	3.298
3197.200	-1499.119	3.298
3197.400	-1499.130	3.298
3197.600	-1499.126	3.298
3197.800	-1499.141	3.298
3198.000	-1499.126	3.298
3198.200	-1499.129	3.298
3198.400	-1499.146	3.298
3198.600	-1499.133	3.298
3198.800	-1499.142	3.298
3199.000	-1499.138	3.298
3199.200	-1499.134	3.298
3199.400	-1499.139	3.298
3199.600	-1499.123	3.298
3199.800	-1499.130	3.298
3200.000	-1499.135	3.298
3200.200	-1499.134	3.298
3200.400	-1499.119	3.298
3200.600	-1499.122	3.298
3200.800	-1499.126	3.298
3201.000	-1499.124	3.298
3201.200	-1499.127	3.297
3201.400	-1499.144	3.297
3201.600	-1499.135	3.297
3201.800	-1499.157	3.297
3202.000	-1499.133	3.297
3202.200	-1499.128	3.297
3202.400	-1499.126	3.297
3202.600	-1499.127	3.297
3202.800	-1499.127	3.297
3203.000	-1499.136	3.297
3203.200	-1499.120	3.297
3203.400	-1499.114	3.297
3203.600	-1499.127	3.297
3203.800	-1499.124	3.297
3204.000	-1499.122	3.297
3204.200	-1499.108	3.297
3204.400	-1499.125	3.297
3204.600	-1499.112	3.297
3204.800	-1499.118	3.297
3205.000	-1499.122	3.297
3205.200	-1499.119	3.297
3205.400	-1499.122	3.297
3205.600	-1499.132	3.297
3205.800	-1499.122	3.297
3206.000	-1499.137	3.297
3206.200	-1499.114	3.297
3206.400	-1499.121	3.297
3206.600	-1499.123	3.297
3206.800	-1499.130	3.297
3207.000	-1499.122	3.296
3207.200	-1499.115	3.296
3207.400	-1499.130	3.296
3207.600	-1499.137	3.296
3207.800	-1499.125	3.296
3208.000	-1499.128	3.296
3208.200	-1499.141	3.296
3208.400	-1499.131	3.296
3208.600	-1499.143	3.296
3208.800	-1499.145	3.296
3209.000	-1499.139	3.296
3209.200	-1499.138	3.296
3209.400	-1499.142	3.296
3209.600	-1499.118	3.296
3209.800	-1499.129	3.296
3210.000	-1499.124	3.296
3210.200	-1499.132	3.296
3210.400	-1499.118	3.296
3210.600	-1499.130	3.296
3210.800	-1499.125	3.296
3211.000	-1499.130	3.296
3211.200	-1499.148	3.296
3211.400	-1499.149	3.296
3211.600	-1499.128	3.296
3211.800	-1499.131	3.296
3212.000	-1499.126	3.296
3212.200	-1499.113	3.296
3212.400	-1499.094	3.296
3212.600	-1499.123	3.296
3212.800	-1499.131	3.295
3213.000	-1499.116	3.295
3213.200	-1499.121	3.295
3213.400	-1499.143	3.295
3213.600	-1499.146	3.295
3213.800	-1499.121	3.295
3214.000	-1499.124	3.295
3214.200	-1499.130	3.295
3214.400	-1499.135	3.295
3214.600	-1499.140	3.295
3214.800	-1499.123	3.295
3215.000	-1499.138	3.295
3215.200	-1499.156	3.295
3215.400	-1499.127	3.295
3215.600	-1499.147	3.295
3215.800	-1499.130	3.295
3216.000	-1499.127	3.295
3216.200	-1499.140	3.295
3216.400	-1499.124	3.295
3216.600	-1499.121	3.295
3216.800	-1499.124	3.295
3217.000	-1499.139	3.295
3217.200	-1499.126	3.295
3217.400	-1499.133	3.295
3217.600	-1499.120	3.295
3217.800	-1499.133	3.295
3218.000	-1499.134	3.295
3218.200	-1499.136	3.295
3218.400	-1499.129	3.295
3218.600	-1499.138	3.294
3218.800	-1499.128	3.294
3219.000	-1499.122	3.294
3219.200	-1499.125	3.294
3219.400	-1499.128	3.294
3219.600	-1499.138	3.294
3219.800	-1499.142	3.294
3220.000	-1499.131	3.294
3220.200	-1499.134	3.294
3220.400	-1499.144	3.294
3220.600	-1499.125	3.294
3220.800	-1499.139	3.294
3221.000	-1499.125	3.294
3221.200	-1499.126	3.294
3221.400	-1499.133	3.294
3221.600	-1499.141	3.294
3221.800	-1499.107	3.294
3222.000	-1499.123	3.294
3222.200	-1499.130	3.294
3222.400	-1499.119	3.294
3222.600	-1499.140	3.294
3222.800	-1499.115	3.294
3223.000	-1499.124	3.294
3223.200	-1499.113	3.294
3223.400	-1499.118	3.294
3223.600	-1499.107	3.294
3223.800	-1499.125	3.294
3224.000	-1499.121	3.294
3224.200	-1499.127	3.294
3224.400	-1499.106	3.294
3224.600	-1499.099	3.294
3224.800	-1499.139	3.293
3225.000	-1499.111	3.293
3225.200	-1499.113	3.293
3225.400	-1499.111	3.293
3225.600	-1499.136	3.293
3225.800	-1499.126	3.293
3226.000	-1499.131	3.293
3226.200	-1499.118	3.293
3226.400	-1499.132	3.293
3226.600	-1499.129	3.293
3226.800	-1499.134	3.293
3227.000	-1499.105	3.293
3227.200	-1499.134	3.293
3227.400	-1499.132	3.293
3227.600	-1499.114	3.293
3227.800	-1499.126	3.293
3228.000	-1499.123	3.293
3228.200	-1499.134	3.293
3228.400	-1499.132	3.293
3228.600	-1499.148	3.293
3228.800	-1499.122	3.293
3229.000	-1499.130	3.293
3229.200	-1499.134	3.293
3229.400	-1499.133	3.293
3229.600	-1499.129	3.293
3229.800	-1499.128	3.293
3230.000	-1499.117	3.293
3230.200	-1499.117	3.293
3230.400	-1499.104	3.293
3230.600	-1499.118	3.292
3230.800	-1499.116	3.292
3231.000	-1499.127	3.292
3231.200	-1499.102	3.292
3231.400	-1499.135	3.292
3231.600	-1499.139	3.292
3231.800	-1499.122	3.292
3232.000	-1499.105	3.292
3232.200	-1499.128	3.292
3232.400	-1499.130	3.292
3232.600	-1499.137	3.292
3232.800	-1499.126	3.292
3233.000	-1499.133	3.292
3233.200	-1499.123	3.292
3233.400	-1499.129	3.292
3233.600	-1499.124	3.292
3233.800	-1499.117	3.292
3234.000	-1499.123	3.292
3234.200	-1499.135	3.292
3234.400	-1499.138	3.292
3234.600	-1499.131	3.292
3234.800	-1499.118	3.292
3235.000	-1499.122	3.292
3235.200	-1499.124	3.292
3235.400	-1499.133	3.292
3235.600	-1499.141	3.292
3235.800	-1499.115	3.292
3236.000	-1499.127	3.292
3236.200	-1499.128	3.292
3236.400	-1499.128	3.292
3236.600	-1499.126	3.292
3236.800	-1499.107	3.291
3237.000	-1499.129	3.291
3237.200	-1499.120	3.291
3237.400	-1499.120	3.291
3237.600	-1499.111	3.291
3237.800	-1499.116	3.291
3238.000	-1499.110	3.291
3238.200	-1499.127	3.291
3238.400	-1499.138	3.291
3238.600	-1499.133	3.291
3238.800	-1499.126	3.291
3239.000	-1499.124	3.291
3239.200	-1499.135	3.291
3239.400	-1499.135	3.291
3239.600	-1499.132	3.291
3239.800	-1499.124	3.291
3240.000	-1499.125	3.291
3240.200	-1499.112	3.291
3240.400	-1499.122	3.291
3240.600	-1499.123	3.291
3240.800	-1499.118	3.291
3241.000	-1499.116	3.291
3241.200	-1499.127	3.291
3241.400	-1499.105	3.291
3241.600	-1499.112	3.291
3241.800	-1499.120	3.291
3242.000	-1499.114	3.291
3242.200	-1499.124	3.290
3242.400	-1499.121	3.290
3242.600	-1499.110	3.290
3242.800	-1499.119	3.290
3243.000	-1499.112	3.290
3243.200	-1499.118	3.290
3243.400	-1499.111	3.290
3243.600	-1499.126	3.290
3243.800	-1499.115	3.290
3244.000	-1499.118	3.290
3244.200	-1499.119	3.290
3244.400	-1499.128	3.290
3244.600	-1499.120	3.290
3244.800	-1499.122	3.290
3245.000	-1499.126	3.290
3245.200	-1499.132	3.290
3245.400	-1499.123	3.290
3245.600	-1499.144	3.290
3245.800	-1499.131	3.290
3246.000	-1499.135	3.290
3246.200	-1499.134	3.290
3246.400	-1499.111	3.290
3246.600	-1499.132	3.290
3246.800	-1499.141	3.290
3247.000	-1499.120	3.290
3247.200	-1499.126	3.290
3247.400	-1499.108	3.289
3247.600	-1499.120	3.289
3247.800	-1499.133	3.289
3248.000	-1499.119	3.289
3248.200	-1499.118	3.289
3248.400	-1499.133	3.289
3248.600	-1499.121	3.289
3248.800	-1499.120	3.289
3249.000	-1499.123	3.289
3249.200	-1499.131	3.289
3249.400	-1499.124	3.289
3249.600	-1499.137	3.289
3249.800	-1499.119	3.289
3250.000	-1499.116	3.289
3250.200	-1499.121	3.289
3250.400	-1499.124	3.289
3250.600	-1499.132	3.289
3250.800	-1499.106	3.289
3251.000	-1499.118	3.289
3251.200	-1499.129	3.289
3251.400	-1499.138	3.289
3251.600	-1499.132	3.289
3251.800	-1499.130	3.289
3252.000	-1499.111	3.289
3252.200	-1499.125	3.289
3252.400	-1499.123	3.289
3252.600	-1499.130	3.289
3252.800	-1499.114	3.289
3253.000	-1499.137	3.289
3253.200	-1499.125	3.289
3253.400	-1499.116	3.289
3253.600	-1499.117	3.288
3253.800	-1499.128	3.288
3254.000	-1499.125	3.288
3254.200	-1499.131	3.288
3254.400	-1499.132	3.288
3254.600	-1499.136	3.288
3254.800	-1499.140	3.288
3255.000	-1499.124	3.288
3255.200	-1499.124	3.288
3255.400	-1499.134	3.288
3255.600	-1499.135	3.288
3255.800	-1499.137	3.288
3256.000	-1499.148	3.288
3256.200	-1499.130	3.288
3256.400	-1499.138	3.288
3256.600	-1499.143	3.288
3256.800	-1499.130	3.288
3257.000	-1499.135	3.288
3257.200	-1499.136	3.288
3257.400	-1499.125	3.288
3257.600	-1499.128	3.288
3257.800	-1499.143	3.288
3258.000	-1499.158	3.288
3258.200	-1499.130	3.288
3258.400	-1499.146	3.288
3258.600	-1499.129	3.288
3258.800	-1499.133	3.288
3259.000	-1499.141	3.288
3259.200	-1499.133	3.288
3259.400	-1499.128	3.287
3259.600	-1499.139	3.287
3259.800	-1499.143	3.287
3260.000	-1499.129	3.287
3260.200	-1499.140	3.287
3260.400	-1499.150	3.287
3260.600	-1499.156	3.287
3260.800	-1499.142	3.287
3261.000	-1499.148	3.287
3261.200	-1499.152	3.287
3261.400	-1499.125	3.287
3261.600	-1499.127	3.287
3261.800	-1499.136	3.287
3262.000	-1499.138	3.287
3262.200	-1499.147	3.287
3262.400	-1499.141	3.287
3262.600	-1499.152	3.287
3262.800	-1499.141	3.287
3263.000	-1499.160	3.287
3263.200	-1499.119	3.287
3263.400	-1499.130	3.287
3263.600	-1499.127	3.287
3263.800	-1499.131	3.287
3264.000	-1499.153	3.287
3264.200	-1499.147	3.287
3264.400	-1499.158	3.287
3264.600	-1499.142	3.287
3264.800	-1499.128	3.286
3265.000	-1499.147	3.286
3265.200	-1499.139	3.286
3265.400	-1499.145	3.286
3265.600	-1499.164	3.286
3265.800	-1499.146	3.286
3266.000	-1499.163	3.286
3266.200	-1499.142	3.286
3266.400	-1499.146	3.286
3266.600	-1499.148	3.286
3266.800	-1499.146	3.286
3267.000	-1499.151	3.286
3267.200	-1499.134	3.286
3267.400	-1499.143	3.286
3267.600	-1499.131	3.286
3267.800	-1499.131	3.286
3268.000	-1499.125	3.286
3268.200	-1499.127	3.286
3268.400	-1499.141	3.286
3268.600	-1499.125	3.286
3268.800	-1499.135	3.286
3269.000	-1499.125	3.286
3269.200	-1499.124	3.286
3269.400	-1499.128	3.286
3269.600	-1499.129	3.286
3269.800	-1499.134	3.286
3270.000	-1499.130	3.286
3270.200	-1499.140	3.286
3270.400	-1499.145	3.286
3270.600	-1499.133	3.286
3270.800	-1499.135	3.286
3271.000	-1499.123	3.285
3271.200	-1499.120	3.285
3271.400	-1499.139	3.285
3271.600	-1499.129	3.285
3271.800	-1499.128	3.285
3272.000	-1499.139	3.285
3272.200	-1499.137	3.285
3272.400	-1499.131	3.285
3272.600	-1499.136	3.285
3272.800	-1499.126	3.285
3273.000	-1499.126	3.285
3273.200	-1499.137	3.285
3273.400	-1499.141	3.285
3273.600	-1499.130	3.285
3273.800	-1499.143	3.285
3274.000	-1499.140	3.285
3274.200	-1499.155	3.285
3274.400	-1499.141	3.285
3274.600	-1499.142	3.285
3274.800	-1499.142	3.285
3275.000	-1499.139	3.285
3275.200	-1499.140	3.285
3275.400	-1499.143	3.285
3275.600	-1499.136	3.285
3275.800	-1499.140	3.285
3276.000	-1499.136	3.285
3276.200	-1499.141	3.285
3276.400	-1499.154	3.285
3276.600	-1499.140	3.285
3276.800	-1499.124	3.285
3277.000	-1499.127	3.285
3277.200	-1499.125	3.284
3277.400	-1499.135	3.284
3277.600	-1499.128	3.284
3277.800	-1499.114	3.284
3278.000	-1499.111	3.284
3278.200	-1499.125	3.284
3278.400	-1499.137	3.284
3278.600	-1499.149	3.284
3278.800	-1499.122	3.284
3279.000	-1499.158	3.284
3279.200	-1499.147	3.284
3279.400	-1499.135	3.284
3279.600	-1499.146	3.284
3279.800	-1499.137	3.284
3280.000	-1499.131	3.284
3280.200	-1499.128	3.284
3280.400	-1499.138	3.284
3280.600	-1499.114	3.284
3280.800	-1499.139	3.284
3281.000	-1499.123	3.284
3281.200	-1499.122	3.284
3281.400	-1499.140	3.284
3281.600	-1499.133	3.284
3281.800	-1499.130	3.284
3282.000	-1499.122	3.284
3282.200	-1499.127	3.284
3282.400	-1499.136	3.284
3282.600	-1499.147	3.284
3282.800	-1499.127	3.284
3283.000	-1499.138	3.284
3283.200	-1499.133	3.283
3283.400	-1499.128	3.283
3283.600	-1499.133	3.283
3283.800	-1499.144	3.283
3284.000	-1499.147	3.283
3284.200	-1499.141	3.283
3284.400	-1499.132	3.283
3284.600	-1499.142	3.283
3284.800	-1499.136	3.283
3285.000	-1499.140	3.283
3285.200	-1499.158	3.283
3285.400	-1499.137	3.283
3285.600	-1499.144	3.283
3285.800	-1499.128	3.283
3286.000	-1499.132	3.283
3286.200	-1499.131	3.283
3286.400	-1499.129	3.283
3286.600	-1499.136	3.283
3286.800	-1499.137	3.283
3287.000	-1499.144	3.283
3287.200	-1499.153	3.283
3287.400	-1499.122	3.283
3287.600	-1499.128	3.283
3287.800	-1499.124	3.283
3288.000	-1499.141	3.283
3288.200	-1499.140	3.283
3288.400	-1499.121	3.283
3288.600	-1499.153	3.283
3288.800	-1499.135	3.283
3289.000	-1499.137	3.283
3289.200	-1499.143	3.283
3289.400	-1499.157	3.283
3289.600	-1499.142	3.283
3289.800	-1499.129	3.283
3290.000	-1499.130	3.282
3290.200	-1499.145	3.282
3290.400	-1499.152	3.282
3290.600	-1499.134	3.282
3290.800	-1499.157	3.282
3291.000	-1499.135	3.282
3291.200	-1499.136	3.282
3291.400	-1499.136	3.282
3291.600	-1499.137	3.282
3291.800	-1499.141	3.282
3292.000	-1499.147	3.282
3292.200	-1499.133	3.282
3292.400	-1499.115	3.282
3292.600	-1499.117	3.282
3292.800	-1499.131	3.282
3293.000	-1499.126	3.282
3293.200	-1499.122	3.282
3293.400	-1499.119	3.282
3293.600	-1499.128	3.282
3293.800	-1499.128	3.282
3294.000	-1499.134	3.282
3294.200	-1499.112	3.282
3294.400	-1499.138	3.282
3294.600	-1499.132	3.282
3294.800	-1499.132	3.282
3295.000	-1499.113	3.282
3295.200	-1499.125	3.282
3295.400	-1499.138	3.282
3295.600	-1499.143	3.282
3295.800	-1499.128	3.282
3296.000	-1499.111	3.282
3296.200	-1499.113	3.282
3296.400	-1499.116	3.282
3296.600	-1499.122	3.282
3296.800	-1499.141	3.282
3297.000	-1499.124	3.282
3297.200	-1499.147	3.282
3297.400	-1499.130	3.282
3297.600	-1499.117	3.281
3297.800	-1499.130	3.281
3298.000	-1499.124	3.281
3298.200	-1499.140	3.281
3298.400	-1499.122	3.281
3298.600	-1499.123	3.281
3298.800	-1499.132	3.281
3299.000	-1499.141	3.281
3299.200	-1499.137	3.281
3299.400	-1499.159	3.281
3299.600	-1499.139	3.281
3299.800	-1499.134	3.281
3300.000	-1499.130	3.281
3300.200	-1499.136	3.281
3300.400	-1499.125	3.281
3300.600	-1499.132	3.281
3300.800	-1499.142	3.281
3301.000	-1499.140	3.281
3301.200	-1499.140	3.281
3301.400	-1499.132	3.281
3301.600	-1499.151	3.281
3301.800	-1499.117	3.281
3302.000	-1499.133	3.281
3302.200	-1499.138	3.281
3302.400	-1499.133	3.281
3302.600	-1499.144	3.281
3302.800	-1499.141	3.281
3303.000	-1499.143	3.281
3303.200	-1499.148	3.281
3303.400	-1499.135	3.281
3303.600	-1499.169	3.281
3303.800	-1499.149	3.281
3304.000	-1499.136	3.281
3304.200	-1499.156	3.280
3304.400	-1499.166	3.280
3304.600	-1499.153	3.280
3304.800	-1499.143	3.280
3305.000	-1499.170	3.280
3305.200	-1499.159	3.280
3305.400	-1499.148	3.280
3305.600	-1499.150	3.280
3305.800	-1499.139	3.280
3306.000	-1499.145	3.280
3306.200	-1499.136	3.280
3306.400	-1499.142	3.280
3306.600	-1499.139	3.280
3306.800	-1499.133	3.280
3307.000	-1499.154	3.280
3307.200	-1499.134	3.280
3307.400	-1499.151	3.280
3307.600	-1499.129	3.280
3307.800	-1499.137	3.280
3308.000	-1499.154	3.280
3308.200	-1499.139	3.280
3308.400	-1499.135	3.280
3308.600	-1499.129	3.280
3308.800	-1499.134	3.280
3309.000	-1499.154	3.280
3309.200	-1499.148	3.280
3309.400	-1499.155	3.280
3309.600	-1499.152	3.280
3309.800	-1499.144	3.280
3310.000	-1499.161	3.280
3310.200	-1499.145	3.280
3310.400	-1499.151	3.280
3310.600	-1499.144	3.280
3310.800	-1499.140	3.280
3311.000	-1499.124	3.279
3311.200	-1499.158	3.279
3311.400	-1499.144	3.279
3311.600	-1499.164	3.279
3311.800	-1499.157	3.279
3312.000	-1499.150	3.279
3312.200	-1499.149	3.279
3312.400	-1499.128	3.279
3312.600	-1499.146	3.279
3312.800	-1499.163	3.279
3313.000	-1499.148	3.279
3313.200	-1499.161	3.279
3313.400	-1499.151	3.279
3313.600	-1499.133	3.279
3313.800	-1499.156	3.279
3314.000	-1499.156	3.279
3314.200	-1499.142	3.279
3314.400	-1499.141	3.279
3314.600	-1499.134	3.279
3314.800	-1499.138	3.279
3315.000	-1499.130	3.279
3315.200	-1499.130	3.279
3315.400	-1499.132	3.279
3315.600	-1499.113	3.279
3315.800	-1499.165	3.279
3316.000	-1499.137	3.279
3316.200	-1499.139	3.279
3316.400	-1499.140	3.279
3316.600	-1499.127	3.279
3316.800	-1499.138	3.279
3317.000	-1499.140	3.279
3317.200	-1499.141	3.279
3317.400	-1499.133	3.279
3317.600	-1499.151	3.279
3317.800	-1499.150	3.278
3318.000	-1499.136	3.278
3318.200	-1499.137	3.278
3318.400	-1499.123	3.278
3318.600	-1499.137	3.278
3318.800	-1499.152	3.278
3319.000	-1499.146	3.278
3319.200	-1499.133	3.278
3319.400	-1499.144	3.278
3319.600	-1499.158	3.278
3319.800	-1499.142	3.278
3320.000	-1499.140	3.278
3320.200	-1499.138	3.278
3320.400	-1499.145	3.278
3320.600	-1499.146	3.278
3320.800	-1499.160	3.278
3321.000	-1499.150	3.278
3321.200	-1499.128	3.278
3321.400	-1499.149	3.278
3321.600	-1499.124	3.278
3321.800	-1499.151	3.278
3322.000	-1499.155	3.278
3322.200	-1499.119	3.278
3322.400	-1499.138	3.278
3322.600	-1499.143	3.278
3322.800	-1499.132	3.278
3323.000	-1499.109	3.278
3323.200	-1499.124	3.278
3323.400	-1499.121	3.278
3323.600	-1499.135	3.278
3323.800	-1499.111	3.278
3324.000	-1499.124	3.278
3324.200	-1499.134	3.278
3324.400	-1499.132	3.278
3324.600	-1499.145	3.278
3324.800	-1499.157	3.278
3325.000	-1499.143	3.277
3325.200	-1499.141	3.277
3325.400	-1499.121	3.277
3325.600	-1499.139	3.277
3325.800	-1499.138	3.277
3326.000	-1499.137	3.277
3326.200	-1499.139	3.277
3326.400	-1499.125	3.277
3326.600	-1499.127	3.277
3326.800	-1499.133	3.277
3327.000	-1499.132	3.277
3327.200	-1499.132	3.277
3327.400	-1499.139	3.277
3327.600	-1499.134	3.277
3327.800	-1499.124	3.277
3328.000	-1499.122	3.277
3328.200	-1499.150	3.277
3328.400	-1499.141	3.277
3328.600	-1499.140	3.277
3328.800	-1499.137	3.277
3329.000	-1499.138	3.277
3329.200	-1499.121	3.277
3329.400	-1499.147	3.277
3329.600	-1499.137	3.277
3329.800	-1499.162	3.277
3330.000	-1499.136	3.277
3330.200	-1499.138	3.277
3330.400	-1499.138	3.277
3330.600	-1499.139	3.277
3330.800	-1499.135	3.277
3331.000	-1499.146	3.277
3331.200	-1499.141	3.277
3331.400	-1499.153	3.277
3331.600	-1499.143	3.276
3331.800	-1499.145	3.277
3332.000	-1499.159	3.276
3332.200	-1499.141	3.276
3332.400	-1499.139	3.276
3332.600	-1499.154	3.276
3332.800	-1499.163	3.276
3333.000	-1499.152	3.276
3333.200	-1499.164	3.276
3333.400	-1499.144	3.276
3333.600	-1499.143	3.276
3333.800	-1499.153	3.276
3334.000	-1499.157	3.276
3334.200	-1499.143	3.276
3334.400	-1499.137	3.276
3334.600	-1499.144	3.276
3334.800	-1499.148	3.276
3335.000	-1499.153	3.276
3335.200	-1499.142	3.276
3335.400	-1499.149	3.276
3335.600	-1499.143	3.276
3335.800	-1499.130	3.276
3336.000	-1499.143	3.276
3336.200	-1499.160	3.276
3336.400	-1499.157	3.276
3336.600	-1499.158	3.276
3336.800	-1499.129	3.276
3337.000	-1499.138	3.276
3337.200	-1499.143	3.276
3337.400	-1499.141	3.276
3337.600	-1499.154	3.276
3337.800	-1499.136	3.276
3338.000	-1499.136	3.276
3338.200	-1499.134	3.276
3338.400	-1499.130	3.276
3338.600	-1499.133	3.276
3338.800	-1499.109	3.276
3339.000	-1499.140	3.276
3339.200	-1499.136	3.276
3339.400	-1499.120	3.276
3339.600	-1499.121	3.276
3339.800	-1499.130	3.275
3340.000	-1499.131	3.275
3340.200	-1499.117	3.275
3340.400	-1499.121	3.275
3340.600	-1499.135	3.275
3340.800	-1499.137	3.275
3341.000	-1499.141	3.275
3341.200	-1499.138	3.275
3341.400	-1499.129	3.275
3341.600	-1499.129	3.275
3341.800	-1499.133	3.275
3342.000	-1499.138	3.275
3342.200	-1499.132	3.275
3342.400	-1499.130	3.275
3342.600	-1499.143	3.275
3342.800	-1499.144	3.275
3343.000	-1499.133	3.275
3343.200	-1499.125	3.275
3343.400	-1499.139	3.275
3343.600	-1499.131	3.275
3343.800	-1499.136	3.275
3344.000	-1499.137	3.275
3344.200	-1499.128	3.275
3344.400	-1499.129	3.275
3344.600	-1499.130	3.275
3344.800	-1499.132	3.275
3345.000	-1499.126	3.275
3345.200	-1499.141	3.275
3345.400	-1499.135	3.275
3345.600	-1499.141	3.275
3345.800	-1499.146	3.275
3346.000	-1499.159	3.275
3346.200	-1499.143	3.275
3346.400	-1499.138	3.275
3346.600	-1499.134	3.275
3346.800	-1499.152	3.275
3347.000	-1499.132	3.274
3347.200	-1499.131	3.274
3347.400	-1499.146	3.274
3347.600	-1499.141	3.274
3347.800	-1499.146	3.274
3348.000	-1499.131	3.274
3348.200	-1499.147	3.274
3348.400	-1499.133	3.274
3348.600	-1499.106	3.274
3348.800	-1499.138	3.274
3349.000	-1499.147	3.274
3349.200	-1499.142	3.274
3349.400	-1499.143	3.274
3349.600	-1499.139	3.274
3349.800	-1499.126	3.274
3350.000	-1499.130	3.274
3350.200	-1499.127	3.274
3350.400	-1499.131	3.274
3350.600	-1499.145	3.274
3350.800	-1499.161	3.274
3351.000	-1499.169	3.274
3351.200	-1499.131	3.274
3351.400	-1499.133	3.274
3351.600	-1499.141	3.274
3351.800	-1499.134	3.274
3352.000	-1499.154	3.274
3352.200	-1499.133	3.274
3352.400	-1499.139	3.274
3352.600	-1499.151	3.274
3352.800	-1499.138	3.274
3353.000	-1499.149	3.274
3353.200	-1499.156	3.274
3353.400	-1499.138	3.274
3353.600	-1499.146	3.274
3353.800	-1499.143	3.274
3354.000	-1499.158	3.273
3354.200	-1499.139	3.273
3354.400	-1499.138	3.273
3354.600	-1499.140	3.273
3354.800	-1499.124	3.273
3355.000	-1499.136	3.273
3355.200	-1499.152	3.273
3355.400	-1499.150	3.273
3355.600	-1499.120	3.273
3355.800	-1499.130	3.273
3356.000	-1499.141	3.273
3356.200	-1499.124	3.273
3356.400	-1499.149	3.273
3356.600	-1499.137	3.273
3356.800	-1499.116	3.273
3357.000	-1499.139	3.273
3357.200	-1499.137	3.273
3357.400	-1499.123	3.273
3357.600	-1499.121	3.273
3357.800	-1499.132	3.273
3358.000	-1499.146	3.273
3358.200	-1499.119	3.273
3358.400	-1499.117	3.273
3358.600	-1499.113	3.273
3358.800	-1499.137	3.273
3359.000	-1499.149	3.273
3359.200	-1499.141	3.273
3359.400	-1499.127	3.273
3359.600	-1499.131	3.273
3359.800	-1499.140	3.273
3360.000	-1499.141	3.273
3360.200	-1499.137	3.273
3360.400	-1499.128	3.273
3360.600	-1499.143	3.273
3360.800	-1499.151	3.273
3361.000	-1499.141	3.273
3361.200	-1499.134	3.273
3361.400	-1499.143	3.273
3361.600	-1499.133	3.273
3361.800	-1499.145	3.273
3362.000	-1499.123	3.273
3362.200	-1499.126	3.273
3362.400	-1499.130	3.272
3362.600	-1499.143	3.272
3362.800	-1499.136	3.272
3363.000	-1499.131	3.272
3363.200	-1499.123	3.272
3363.400	-1499.166	3.272
3363.600	-1499.132	3.272
3363.800	-1499.137	3.272
3364.000	-1499.129	3.272
3364.200	-1499.124	3.272
3364.400	-1499.153	3.272
3364.600	-1499.140	3.272
3364.800	-1499.145	3.272
3365.000	-1499.161	3.272
3365.200	-1499.129	3.272
3365.400	-1499.151	3.272
3365.600	-1499.138	3.272
3365.800	-1499.160	3.272
3366.000	-1499.143	3.272
3366.200	-1499.161	3.272
3366.400	-1499.154	3.272
3366.600	-1499.147	3.272
3366.800	-1499.138	3.272
3367.000	-1499.124	3.272
3367.200	-1499.150	3.272
3367.400	-1499.137	3.272
3367.600	-1499.159	3.272
3367.800	-1499.170	3.272
3368.000	-1499.131	3.272
3368.200	-1499.134	3.272
3368.400	-1499.123	3.272
3368.600	-1499.129	3.272
3368.800	-1499.128	3.272
3369.000	-1499.131	3.272
3369.200	-1499.119	3.272
3369.400	-1499.110	3.272
3369.600	-1499.117	3.272
3369.800	-1499.144	3.271
3370.000	-1499.133	3.271
3370.200	-1499.123	3.271
3370.400	-1499.126	3.271
3370.600	-1499.116	3.271
3370.800	-1499.130	3.271
3371.000	-1499.109	3.271
3371.200	-1499.126	3.271
3371.400	-1499.127	3.271
3371.600	-1499.123	3.271
3371.800	-1499.114	3.271
3372.000	-1499.132	3.271
3372.200	-1499.122	3.271
3372.400	-1499.139	3.271
3372.600	-1499.116	3.271
3372.800	-1499.131	3.271
3373.000	-1499.123	3.271
3373.200	-1499.133	3.271
3373.400	-1499.139	3.271
3373.600	-1499.140	3.271
3373.800	-1499.162	3.271
3374.000	-1499.129	3.271
3374.200	-1499.145	3.271
3374.400	-1499.128	3.271
3374.600	-1499.123	3.271
3374.800	-1499.138	3.271
3375.000	-1499.137	3.271
3375.200	-1499.131	3.271
3375.400	-1499.147	3.271
3375.600	-1499.137	3.271
3375.800	-1499.137	3.271
3376.000	-1499.138	3.271
3376.200	-1499.133	3.271
3376.400	-1499.148	3.271
3376.600	-1499.135	3.271
3376.800	-1499.130	3.271
3377.000	-1499.145	3.271
3377.200	-1499.133	3.271
3377.400	-1499.133	3.271
3377.600	-1499.126	3.270
3377.800	-1499.132	3.270
3378.000	-1499.130	3.270
3378.200	-1499.147	3.270
3378.400	-1499.148	3.270
3378.600	-1499.166	3.270
3378.800	-1499.159	3.270
3379.000	-1499.138	3.270
3379.200	-1499.148	3.270
3379.400	-1499.146	3.270
3379.600	-1499.137	3.270
3379.800	-1499.146	3.270
3380.000	-1499.144	3.270
3380.200	-1499.134	3.270
3380.400	-1499.130	3.270
3380.600	-1499.149	3.270
3380.800	-1499.149	3.270
3381.000	-1499.165	3.270
3381.200	-1499.159	3.270
3381.400	-1499.155	3.270
3381.600	-1499.123	3.270
3381.800	-1499.146	3.270
3382.000	-1499.143	3.270
3382.200	-1499.122	3.270
3382.400	-1499.151	3.270
3382.600	-1499.147	3.270
3382.800	-1499.118	3.270
3383.000	-1499.123	3.270
3383.200	-1499.124	3.270
3383.400	-1499.135	3.270
3383.600	-1499.152	3.270
3383.800	-1499.120	3.270
3384.000	-1499.124	3.270
3384.200	-1499.146	3.270
3384.400	-1499.125	3.270
3384.600	-1499.132	3.270
3384.800	-1499.144	3.270
3385.000	-1499.120	3.270
3385.200	-1499.120	3.270
3385.400	-1499.131	3.270
3385.600	-1499.132	3.270
3385.800	-1499.138	3.270
3386.000	-1499.133	3.270
3386.200	-1499.115	3.270
3386.400	-1499.115	3.270
3386.600	-1499.131	3.269
3386.800	-1499.129	3.269
3387.000	-1499.123	3.269
3387.200	-1499.131	3.269
3387.400	-1499.129	3.269
3387.600	-1499.116	3.269
3387.800	-1499.127	3.269
3388.000	-1499.127	3.269
3388.200	-1499.134	3.269
3388.400	-1499.133	3.269
3388.600	-1499.131	3.269
3388.800	-1499.122	3.269
3389.000	-1499.129	3.269
3389.200	-1499.154	3.269
3389.400	-1499.134	3.269
3389.600	-1499.134	3.269
3389.800	-1499.121	3.269
3390.000	-1499.122	3.269
3390.200	-1499.121	3.269
3390.400	-1499.139	3.269
3390.600	-1499.128	3.269
3390.800	-1499.135	3.269
3391.000	-1499.130	3.269
3391.200	-1499.124	3.269
3391.400	-1499.125	3.269
3391.600	-1499.137	3.269
3391.800	-1499.129	3.269
3392.000	-1499.122	3.269
3392.200	-1499.116	3.269
3392.400	-1499.118	3.269
3392.600	-1499.130	3.269
3392.800	-1499.134	3.269
3393.000	-1499.123	3.269
3393.200	-1499.125	3.269
3393.400	-1499.151	3.269
3393.600	-1499.128	3.269
3393.800	-1499.139	3.269
3394.000	-1499.141	3.269
3394.200	-1499.128	3.269
3394.400	-1499.140	3.268
3394.600	-1499.149	3.268
3394.800	-1499.137	3.268
3395.000	-1499.114	3.268
3395.200	-1499.130	3.268
3395.400	-1499.136	3.268
3395.600	-1499.123	3.268
3395.800	-1499.143	3.268
3396.000	-1499.107	3.268
3396.200	-1499.123	3.268
3396.400	-1499.134	3.268
3396.600	-1499.134	3.268
3396.800	-1499.152	3.268
3397.000	-1499.135	3.268
3397.200	-1499.129	3.268
3397.400	-1499.150	3.268
3397.600	-1499.112	3.268
3397.800	-1499.122	3.268
3398.000	-1499.140	3.268
3398.200	-1499.137	3.268
3398.400	-1499.152	3.268
3398.600	-1499.142	3.268
3398.800	-1499.136	3.268
3399.000	-1499.140	3.268
3399.200	-1499.138	3.268
3399.400	-1499.145	3.268
3399.600	-1499.137	3.268
3399.800	-1499.134	3.268
3400.000	-1499.150	3.268
3400.200	-1499.143	3.268
3400.400	-1499.133	3.268
3400.600	-1499.121	3.268
3400.800	-1499.127	3.268
3401.000	-1499.130	3.268
3401.200	-1499.119	3.268
3401.400	-1499.119	3.268
3401.600	-1499.155	3.268
3401.800	-1499.115	3.268
3402.000	-1499.133	3.268
3402.200	-1499.146	3.268
3402.400	-1499.142	3.267
3402.600	-1499.124	3.268
3402.800	-1499.150	3.267
3403.000	-1499.116	3.268
3403.200	-1499.120	3.267
3403.400	-1499.117	3.267
3403.600	-1499.128	3.267
3403.800	-1499.119	3.267
3404.000	-1499.115	3.267
3404.200	-1499.132	3.267
3404.400	-1499.121	3.267
3404.600	-1499.128	3.267
3404.800	-1499.113	3.267
3405.000	-1499.124	3.267
3405.200	-1499.126	3.267
3405.400	-1499.131	3.267
3405.600	-1499.129	3.267
3405.800	-1499.097	3.267
3406.000	-1499.123	3.267
3406.200	-1499.112	3.267
3406.400	-1499.130	3.267
3406.600	-1499.131	3.267
3406.800	-1499.120	3.267
3407.000	-1499.117	3.267
3407.200	-1499.118	3.267
3407.400	-1499.141	3.267
3407.600	-1499.123	3.267
3407.800	-1499.134	3.267
3408.000	-1499.137	3.267
3408.200	-1499.141	3.267
3408.400	-1499.130	3.267
3408.600	-1499.141	3.267
3408.800	-1499.116	3.267
3409.000	-1499.107	3.267
3409.200	-1499.125	3.267
3409.400	-1499.121	3.267
3409.600	-1499.126	3.267
3409.800	-1499.116	3.267
3410.000	-1499.114	3.267
3410.200	-1499.126	3.267
3410.400	-1499.133	3.266
3410.600	-1499.139	3.266
3410.800	-1499.139	3.266
3411.000	-1499.118	3.266
3411.200	-1499.123	3.266
3411.400	-1499.112	3.266
3411.600	-1499.128	3.266
3411.800	-1499.122	3.266
3412.000	-1499.129	3.266
3412.200	-1499.117	3.266
3412.400	-1499.136	3.266
3412.600	-1499.128	3.266
3412.800	-1499.113	3.266
3413.000	-1499.131	3.266
3413.200	-1499.118	3.266
3413.400	-1499.117	3.266
3413.600	-1499.123	3.266
3413.800	-1499.137	3.266
3414.000	-1499.117	3.266
3414.200	-1499.125	3.266
3414.400	-1499.116	3.266
3414.600	-1499.135	3.266
3414.800	-1499.141	3.266
3415.000	-1499.127	3.266
3415.200	-1499.130	3.266
3415.400	-1499.129	3.266
3415.600	-1499.101	3.266
3415.800	-1499.117	3.266
3416.000	-1499.118	3.266
3416.200	-1499.116	3.266
3416.400	-1499.132	3.266
3416.600	-1499.139	3.266
3416.800	-1499.136	3.266
3417.000	-1499.137	3.266
3417.200	-1499.116	3.266
3417.400	-1499.117	3.266
3417.600	-1499.149	3.266
3417.800	-1499.124	3.266
3418.000	-1499.133	3.266
3418.200	-1499.132	3.265
3418.400	-1499.120	3.265
3418.600	-1499.117	3.265
3418.800	-1499.120	3.265
3419.000	-1499.135	3.265
3419.200	-1499.105	3.265
3419.400	-1499.106	3.265
3419.600	-1499.120	3.265
3419.800	-1499.117	3.265
3420.000	-1499.114	3.265
3420.200	-1499.102	3.265
3420.400	-1499.097	3.265
3420.600	-1499.110	3.265
3420.800	-1499.144	3.265
3421.000	-1499.127	3.265
3421.200	-1499.120	3.265
3421.400	-1499.106	3.265
3421.600	-1499.117	3.265
3421.800	-1499.098	3.265
3422.000	-1499.093	3.265
3422.200	-1499.097	3.265
3422.400	-1499.108	3.265
3422.600	-1499.105	3.265
3422.800	-1499.117	3.265
3423.000	-1499.132	3.265
3423.200	-1499.124	3.265
3423.400	-1499.114	3.265
3423.600	-1499.115	3.265
3423.800	-1499.126	3.265
3424.000	-1499.137	3.265
3424.200	-1499.113	3.265
3424.400	-1499.138	3.265
3424.600	-1499.124	3.265
3424.800	-1499.125	3.265
3425.000	-1499.109	3.265
3425.200	-1499.104	3.265
3425.400	-1499.110	3.264
3425.600	-1499.112	3.265
3425.800	-1499.108	3.264
3426.000	-1499.101	3.264
3426.200	-1499.097	3.264
3426.400	-1499.090	3.264
3426.600	-1499.117	3.264
3426.800	-1499.116	3.264
3427.000	-1499.113	3.264
3427.200	-1499.105	3.264
3427.400	-1499.118	3.264
3427.600	-1499.127	3.264
3427.800	-1499.120	3.264
3428.000	-1499.115	3.264
3428.200	-1499.129	3.264
3428.400	-1499.131	3.264
3428.600	-1499.137	3.264
3428.800	-1499.116	3.264
3429.000	-1499.128	3.264
3429.200	-1499.121	3.264
3429.400	-1499.119	3.264
3429.600	-1499.128	3.264
3429.800	-1499.141	3.264
3430.000	-1499.126	3.264
3430.200	-1499.129	3.264
3430.400	-1499.128	3.264
3430.600	-1499.125	3.264
3430.800	-1499.130	3.264
3431.000	-1499.129	3.264
3431.200	-1499.126	3.264
3431.400	-1499.130	3.264
3431.600	-1499.114	3.264
3431.800	-1499.138	3.264
3432.000	-1499.135	3.264
3432.200	-1499.127	3.264
3432.400	-1499.129	3.264
3432.600	-1499.138	3.264
3432.800	-1499.128	3.264
3433.000	-1499.127	3.264
3433.200	-1499.121	3.263
3433.400	-1499.117	3.263
3433.600	-1499.110	3.263
3433.800	-1499.109	3.263
3434.000	-1499.126	3.263
3434.200	-1499.130	3.263
3434.400	-1499.138	3.263
3434.600	-1499.129	3.263
3434.800	-1499.139	3.263
3435.000	-1499.120	3.263
3435.200	-1499.132	3.263
3435.400	-1499.127	3.263
3435.600	-1499.102	3.263
3435.800	-1499.123	3.263
3436.000	-1499.127	3.263
3436.200	-1499.119	3.263
3436.400	-1499.139	3.263
3436.600	-1499.143	3.263
3436.800	-1499.130	3.263
3437.000	-1499.123	3.263
3437.200	-1499.138	3.263
3437.400	-1499.134	3.263
3437.600	-1499.135	3.263
3437.800	-1499.146	3.263
3438.000	-1499.148	3.263
3438.200	-1499.107	3.263
3438.400	-1499.138	3.263
3438.600	-1499.140	3.263
3438.800	-1499.125	3.263
3439.000	-1499.128	3.263
3439.200	-1499.123	3.263
3439.400	-1499.136	3.263
3439.600	-1499.125	3.263
3439.800	-1499.120	3.263
3440.000	-1499.118	3.263
3440.200	-1499.119	3.263
3440.400	-1499.122	3.262
3440.600	-1499.141	3.262
3440.800	-1499.137	3.262
3441.000	-1499.119	3.262
3441.200	-1499.116	3.262
3441.400	-1499.137	3.262
3441.600	-1499.135	3.262
3441.800	-1499.120	3.262
3442.000	-1499.113	3.262
3442.200	-1499.154	3.262
3442.400	-1499.118	3.262
3442.600	-1499.131	3.262
3442.800	-1499.122	3.262
3443.000	-1499.114	3.262
3443.200	-1499.145	3.262
3443.400	-1499.117	3.262
3443.600	-1499.128	3.262
3443.800	-1499.138	3.262
3444.000	-1499.128	3.262
3444.200	-1499.146	3.262
3444.400	-1499.144	3.262
3444.600	-1499.133	3.262
3444.800	-1499.135	3.262
3445.000	-1499.137	3.262
3445.200	-1499.149	3.262
3445.400	-1499.129	3.262
3445.600	-1499.130	3.262
3445.800	-1499.130	3.262
3446.000	-1499.143	3.262
3446.200	-1499.145	3.262
3446.400	-1499.120	3.262
3446.600	-1499.137	3.262
3446.800	-1499.152	3.262
3447.000	-1499.141	3.262
3447.200	-1499.148	3.262
3447.400	-1499.151	3.262
3447.600	-1499.133	3.262
3447.800	-1499.135	3.261
3448.000	-1499.135	3.261
3448.200	-1499.128	3.261
3448.400	-1499.134	3.261
3448.600	-1499.152	3.261
3448.800	-1499.140	3.261
3449.000	-1499.132	3.261
3449.200	-1499.126	3.261
3449.400	-1499.118	3.261
3449.600	-1499.129	3.261
3449.800	-1499.140	3.261
3450.000	-1499.142	3.261
3450.200	-1499.125	3.261
3450.400	-1499.135	3.261
3450.600	-1499.127	3.261
3450.800	-1499.110	3.261
3451.000	-1499.137	3.261
3451.200	-1499.116	3.261
3451.400	-1499.119	3.261
3451.600	-1499.121	3.261
3451.800	-1499.127	3.261
3452.000	-1499.127	3.261
3452.200	-1499.132	3.261
3452.400	-1499.140	3.261
3452.600	-1499.154	3.261
3452.800	-1499.120	3.261
3453.000	-1499.154	3.261
3453.200	-1499.118	3.261
3453.400	-1499.115	3.261
3453.600	-1499.125	3.261
3453.800	-1499.130	3.261
3454.000	-1499.134	3.261
3454.200	-1499.141	3.261
3454.400	-1499.136	3.261
3454.600	-1499.136	3.261
3454.800	-1499.150	3.260
3455.000	-1499.139	3.260
3455.200	-1499.134	3.260
3455.400	-1499.168	3.260
3455.600	-1499.153	3.260
3455.800	-1499.158	3.260
3456.000	-1499.129	3.260
3456.200	-1499.132	3.260
3456.400	-1499.153	3.260
3456.600	-1499.132	3.260
3456.800	-1499.121	3.260
3457.000	-1499.130	3.260
3457.200	-1499.125	3.260
3457.400	-1499.139	3.260
3457.600	-1499.129	3.260
3457.800	-1499.145	3.260
3458.000	-1499.138	3.260
3458.200	-1499.114	3.260
3458.400	-1499.135	3.260
3458.600	-1499.127	3.260
3458.800	-1499.124	3.260
3459.000	-1499.121	3.260
3459.200	-1499.114	3.260
3459.400	-1499.120	3.260
3459.600	-1499.123	3.260
3459.800	-1499.134	3.260
3460.000	-1499.139	3.260
3460.200	-1499.134	3.260
3460.400	-1499.136	3.260
3460.600	-1499.117	3.260
3460.800	-1499.120	3.260
3461.000	-1499.135	3.260
3461.200	-1499.110	3.260
3461.400	-1499.116	3.260
3461.600	-1499.126	3.260
3461.800	-1499.105	3.260
3462.000	-1499.104	3.260
3462.200	-1499.114	3.259
3462.400	-1499.126	3.259
3462.600	-1499.125	3.259
3462.800	-1499.135	3.259
3463.000	-1499.136	3.259
3463.200	-1499.111	3.259
3463.400	-1499.133	3.259
3463.600	-1499.143	3.259
3463.800	-1499.143	3.259
3464.000	-1499.124	3.259
3464.200	-1499.155	3.259
3464.400	-1499.135	3.259
3464.600	-1499.136	3.259
3464.800	-1499.125	3.259
3465.000	-1499.129	3.259
3465.200	-1499.135	3.259
3465.400	-1499.147	3.259
3465.600	-1499.135	3.259
3465.800	-1499.126	3.259
3466.000	-1499.130	3.259
3466.200	-1499.138	3.259
3466.400	-1499.132	3.259
3466.600	-1499.133	3.259
3466.800	-1499.115	3.259
3467.000	-1499.143	3.259
3467.200	-1499.130	3.259
3467.400	-1499.146	3.259
3467.600	-1499.145	3.259
3467.800	-1499.134	3.259
3468.000	-1499.149	3.259
3468.200	-1499.137	3.259
3468.400	-1499.123	3.259
3468.600	-1499.141	3.258
3468.800	-1499.126	3.258
3469.000	-1499.136	3.258
3469.200	-1499.145	3.258
3469.400	-1499.145	3.258
3469.600	-1499.140	3.258
3469.800	-1499.150	3.258
3470.000	-1499.121	3.258
3470.200	-1499.131	3.258
3470.400	-1499.147	3.258
3470.600	-1499.138	3.258
3470.800	-1499.139	3.258
3471.000	-1499.134	3.258
3471.200	-1499.150	3.258
3471.400	-1499.132	3.258
3471.600	-1499.140	3.258
3471.800	-1499.123	3.258
3472.000	-1499.145	3.258
3472.200	-1499.140	3.258
3472.400	-1499.123	3.258
3472.600	-1499.134	3.258
3472.800	-1499.124	3.258
3473.000	-1499.141	3.258
3473.200	-1499.141	3.258
3473.400	-1499.135	3.258
3473.600	-1499.140	3.258
3473.800	-1499.133	3.258
3474.000	-1499.130	3.258
3474.200	-1499.133	3.258
3474.400	-1499.123	3.258
3474.600	-1499.120	3.258
3474.800	-1499.137	3.258
3475.000	-1499.130	3.258
3475.200	-1499.133	3.258
3475.400	-1499.145	3.258
3475.600	-1499.125	3.258
3475.800	-1499.121	3.258
3476.000	-1499.144	3.258
3476.200	-1499.138	3.258
3476.400	-1499.131	3.257
3476.600	-1499.130	3.257
3476.800	-1499.151	3.257
3477.000	-1499.139	3.257
3477.200	-1499.161	3.257
3477.400	-1499.136	3.257
3477.600	-1499.114	3.257
3477.800	-1499.129	3.257
3478.000	-1499.138	3.257
3478.200	-1499.138	3.257
3478.400	-1499.123	3.257
3478.600	-1499.128	3.257
3478.800	-1499.147	3.257
3479.000	-1499.131	3.257
3479.200	-1499.123	3.257
3479.400	-1499.144	3.257
3479.600	-1499.128	3.257
3479.800	-1499.133	3.257
3480.000	-1499.145	3.257
3480.200	-1499.137	3.257
3480.400	-1499.141	3.257
3480.600	-1499.146	3.257
3480.800	-1499.137	3.257
3481.000	-1499.157	3.257
3481.200	-1499.133	3.257
3481.400	-1499.135	3.257
3481.600	-1499.124	3.257
3481.800	-1499.121	3.257
3482.000	-1499.133	3.257
3482.200	-1499.113	3.257
3482.400	-1499.120	3.257
3482.600	-1499.124	3.257
3482.800	-1499.135	3.257
3483.000	-1499.123	3.257
3483.200	-1499.137	3.257
3483.400	-1499.120	3.256
3483.600	-1499.142	3.256
3483.800	-1499.115	3.256
3484.000	-1499.123	3.256
3484.200	-1499.143	3.256
3484.400	-1499.108	3.256
3484.600	-1499.137	3.256
3484.800	-1499.132	3.256
3485.000	-1499.138	3.256
3485.200	-1499.146	3.256
3485.400	-1499.130	3.256
3485.600	-1499.127	3.256
3485.800	-1499.148	3.256
3486.000	-1499.115	3.256
3486.200	-1499.130	3.256
3486.400	-1499.121	3.256
3486.600	-1499.152	3.256
3486.800	-1499.135	3.256
3487.000	-1499.136	3.256
3487.200	-1499.142	3.256
3487.400	-1499.131	3.256
3487.600	-1499.132	3.256
3487.800	-1499.115	3.256
3488.000	-1499.133	3.256
3488.200	-1499.128	3.256
3488.400	-1499.127	3.256
3488.600	-1499.122	3.256
3488.800	-1499.127	3.256
3489.000	-1499.131	3.256
3489.200	-1499.121	3.256
3489.400	-1499.111	3.256
3489.600	-1499.122	3.256
3489.800	-1499.118	3.256
3490.000	-1499.113	3.256
3490.200	-1499.107	3.255
3490.400	-1499.116	3.255
3490.600	-1499.124	3.255
3490.800	-1499.144	3.255
3491.000	-1499.137	3.255
3491.200	-1499.116	3.255
3491.400	-1499.128	3.255
3491.600	-1499.112	3.255
3491.800	-1499.109	3.255
3492.000	-1499.118	3.255
3492.200	-1499.123	3.255
3492.400	-1499.139	3.255
3492.600	-1499.140	3.255
3492.800	-1499.132	3.255
3493.000	-1499.143	3.255
3493.200	-1499.137	3.255
3493.400	-1499.151	3.255
3493.600	-1499.134	3.255
3493.800	-1499.137	3.255
3494.000	-1499.139	3.255
3494.200	-1499.134	3.255
3494.400	-1499.135	3.255
3494.600	-1499.142	3.255
3494.800	-1499.131	3.255
3495.000	-1499.143	3.255
3495.200	-1499.126	3.255
3495.400	-1499.124	3.255
3495.600	-1499.116	3.255
3495.800	-1499.125	3.255
3496.000	-1499.123	3.255
3496.200	-1499.118	3.255
3496.400	-1499.135	3.255
3496.600	-1499.132	3.255
3496.800	-1499.128	3.254
3497.000	-1499.117	3.254
3497.200	-1499.118	3.254
3497.400	-1499.138	3.254
3497.600	-1499.116	3.254
3497.800	-1499.126	3.254
3498.000	-1499.121	3.254
3498.200	-1499.129	3.254
3498.400	-1499.110	3.254
3498.600	-1499.125	3.254
3498.800	-1499.128	3.254
3499.000	-1499.118	3.254
3499.200	-1499.144	3.254
3499.400	-1499.116	3.254
3499.600	-1499.130	3.254
3499.800	-1499.137	3.254
3500.000	-1499.134	3.254
3500.200	-1499.129	3.254
3500.400	-1499.122	3.254
3500.600	-1499.126	3.254
3500.800	-1499.132	3.254
3501.000	-1499.142	3.254
3501.200	-1499.136	3.254
3501.400	-1499.140	3.254
3501.600	-1499.129	3.254
3501.800	-1499.133	3.254
3502.000	-1499.129	3.254
3502.200	-1499.129	3.254
3502.400	-1499.133	3.254
3502.600	-1499.139	3.254
3502.800	-1499.134	3.254
3503.000	-1499.102	3.254
3503.200	-1499.131	3.254
3503.400	-1499.126	3.254
3503.600	-1499.144	3.253
3503.800	-1499.133	3.253
3504.000	-1499.146	3.253
3504.200	-1499.152	3.253
3504.400	-1499.128	3.253
3504.600	-1499.132	3.253
3504.800	-1499.131	3.253
3505.000	-1499.119	3.253
3505.200	-1499.128	3.253
3505.400	-1499.127	3.253
3505.600	-1499.137	3.253
3505.800	-1499.147	3.253
3506.000	-1499.145	3.253
3506.200	-1499.158	3.253
3506.400	-1499.153	3.253
3506.600	-1499.132	3.253
3506.800	-1499.148	3.253
3507.000	-1499.143	3.253
3507.200	-1499.137	3.253
3507.400	-1499.141	3.253
3507.600	-1499.141	3.253
3507.800	-1499.150	3.253
3508.000	-1499.138	3.253
3508.200	-1499.123	3.253
3508.400	-1499.128	3.253
3508.600	-1499.130	3.253
3508.800	-1499.124	3.253
3509.000	-1499.139	3.253
3509.200	-1499.132	3.253
3509.400	-1499.127	3.253
3509.600	-1499.131	3.253
3509.800	-1499.134	3.252
3510.000	-1499.125	3.252
3510.200	-1499.122	3.252
3510.400	-1499.150	3.252
3510.600	-1499.144	3.252
3510.800	-1499.132	3.252
3511.000	-1499.127	3.252
3511.200	-1499.125	3.252
3511.400	-1499.139	3.252
3511.600	-1499.140	3.252
3511.800	-1499.137	3.252
3512.000	-1499.133	3.252
3512.200	-1499.136	3.252
3512.400	-1499.141	3.252
3512.600	-1499.145	3.252
3512.800	-1499.145	3.252
3513.000	-1499.124	3.252
3513.200	-1499.125	3.252
3513.400	-1499.145	3.252
3513.600	-1499.139	3.252
3513.800	-1499.132	3.252
3514.000	-1499.128	3.252
3514.200	-1499.131	3.252
3514.400	-1499.127	3.252
3514.600	-1499.129	3.252
3514.800	-1499.138	3.252
3515.000	-1499.130	3.252
3515.200	-1499.133	3.252
3515.400	-1499.133	3.252
3515.600	-1499.149	3.252
3515.800	-1499.130	3.252
3516.000	-1499.129	3.252
3516.200	-1499.138	3.252
3516.400	-1499.126	3.252
3516.600	-1499.133	3.251
3516.800	-1499.134	3.251
3517.000	-1499.135	3.251
3517.200	-1499.123	3.251
3517.400	-1499.130	3.251
3517.600	-1499.126	3.251
3517.800	-1499.127	3.251
3518.000	-1499.142	3.251
3518.200	-1499.140	3.251
3518.400	-1499.138	3.251
3518.600	-1499.127	3.251
3518.800	-1499.138	3.251
3519.000	-1499.120	3.251
3519.200	-1499.123	3.251
3519.400	-1499.133	3.251
3519.600	-1499.127	3.251
3519.800	-1499.139	3.251
3520.000	-1499.135	3.251
3520.200	-1499.139	3.251
3520.400	-1499.136	3.251
3520.600	-1499.123	3.251
3520.800	-1499.125	3.251
3521.000	-1499.135	3.251
3521.200	-1499.134	3.251
3521.400	-1499.130	3.251
3521.600	-1499.103	3.251
3521.800	-1499.125	3.251
3522.000	-1499.107	3.251
3522.200	-1499.120	3.251
3522.400	-1499.123	3.251
3522.600	-1499.116	3.251
3522.800	-1499.114	3.251
3523.000	-1499.117	3.250
3523.200	-1499.121	3.250
3523.400	-1499.127	3.250
3523.600	-1499.119	3.250
3523.800	-1499.124	3.250
3524.000	-1499.117	3.250
3524.200	-1499.105	3.250
3524.400	-1499.116	3.250
3524.600	-1499.120	3.250
3524.800	-1499.125	3.250
3525.000	-1499.142	3.250
3525.200	-1499.137	3.250
3525.400	-1499.106	3.250
3525.600	-1499.105	3.250
3525.800	-1499.127	3.250
3526.000	-1499.124	3.250
3526.200	-1499.113	3.250
3526.400	-1499.106	3.250
3526.600	-1499.125	3.250
3526.800	-1499.122	3.250
3527.000	-1499.119	3.250
3527.200	-1499.122	3.250
3527.400	-1499.126	3.250
3527.600	-1499.118	3.250
3527.800	-1499.129	3.250
3528.000	-1499.132	3.250
3528.200	-1499.124	3.250
3528.400	-1499.122	3.250
3528.600	-1499.119	3.250
3528.800	-1499.118	3.250
3529.000	-1499.130	3.250
3529.200	-1499.137	3.249
3529.400	-1499.131	3.249
3529.600	-1499.119	3.249
3529.800	-1499.119	3.249
3530.000	-1499.127	3.249
3530.200	-1499.126	3.249
3530.400	-1499.123	3.249
3530.600	-1499.121	3.249
3530.800	-1499.123	3.249
3531.000	-1499.114	3.249
3531.200	-1499.114	3.249
3531.400	-1499.115	3.249
3531.600	-1499.121	3.249
3531.800	-1499.117	3.249
3532.000	-1499.111	3.249
3532.200	-1499.118	3.249
3532.400	-1499.117	3.249
3532.600	-1499.113	3.249
3532.800	-1499.108	3.249
3533.000	-1499.121	3.249
3533.200	-1499.101	3.249
3533.400	-1499.104	3.249
3533.600	-1499.121	3.249
3533.800	-1499.120	3.249
3534.000	-1499.128	3.249
3534.200	-1499.120	3.249
3534.400	-1499.125	3.249
3534.600	-1499.128	3.249
3534.800	-1499.120	3.249
3535.000	-1499.116	3.249
3535.200	-1499.116	3.249
3535.400	-1499.118	3.249
3535.600	-1499.128	3.249
3535.800	-1499.113	3.248
3536.000	-1499.125	3.248
3536.200	-1499.111	3.248
3536.400	-1499.118	3.248
3536.600	-1499.115	3.248
3536.800	-1499.119	3.248
3537.000	-1499.113	3.248
3537.200	-1499.115	3.248
3537.400	-1499.130	3.248
3537.600	-1499.108	3.248
3537.800	-1499.116	3.248
3538.000	-1499.136	3.248
3538.200	-1499.127	3.248
3538.400	-1499.117	3.248
3538.600	-1499.136	3.248
3538.800	-1499.129	3.248
3539.000	-1499.126	3.248
3539.200	-1499.124	3.248
3539.400	-1499.128	3.248
3539.600	-1499.121	3.248
3539.800	-1499.118	3.248
3540.000	-1499.125	3.248
3540.200	-1499.125	3.248
3540.400	-1499.108	3.248
3540.600	-1499.115	3.248
3540.800	-1499.125	3.248
3541.000	-1499.117	3.248
3541.200	-1499.134	3.248
3541.400	-1499.135	3.248
3541.600	-1499.119	3.248
3541.800	-1499.140	3.248
3542.000	-1499.131	3.248
3542.200	-1499.128	3.247
3542.400	-1499.138	3.247
3542.600	-1499.131	3.247
3542.800	-1499.126	3.247
3543.000	-1499.122	3.247
3543.200	-1499.138	3.247
3543.400	-1499.133	3.247
3543.600	-1499.116	3.247
3543.800	-1499.126	3.247
3544.000	-1499.152	3.247
3544.200	-1499.146	3.247
3544.400	-1499.137	3.247
3544.600	-1499.137	3.247
3544.800	-1499.132	3.247
3545.000	-1499.132	3.247
3545.200	-1499.129	3.247
3545.400	-1499.132	3.247
3545.600	-1499.127	3.247
3545.800	-1499.128	3.247
3546.000	-1499.130	3.247
3546.200	-1499.138	3.247
3546.400	-1499.138	3.247
3546.600	-1499.133	3.247
3546.800	-1499.140	3.247
3547.000	-1499.128	3.247
3547.200	-1499.139	3.247
3547.400	-1499.130	3.247
3547.600	-1499.141	3.247
3547.800	-1499.136	3.247
3548.000	-1499.140	3.246
3548.200	-1499.116	3.246
3548.400	-1499.141	3.246
3548.600	-1499.143	3.246
3548.800	-1499.127	3.246
3549.000	-1499.127	3.246
3549.200	-1499.151	3.246
3549.400	-1499.124	3.246
3549.600	-1499.141	3.246
3549.800	-1499.150	3.246
3550.000	-1499.133	3.246
3550.200	-1499.125	3.246
3550.400	-1499.132	3.246
3550.600	-1499.129	3.246
3550.800	-1499.137	3.246
3551.000	-1499.137	3.246
3551.200	-1499.148	3.246
3551.400	-1499.137	3.246
3551.600	-1499.130	3.246
3551.800	-1499.123	3.246
3552.000	-1499.120	3.246
3552.200	-1499.116	3.246
3552.400	-1499.107	3.246
3552.600	-1499.139	3.246
3552.800	-1499.124	3.246
3553.000	-1499.123	3.246
3553.200	-1499.140	3.246
3553.400	-1499.123	3.246
3553.600	-1499.134	3.246
3553.800	-1499.142	3.246
3554.000	-1499.136	3.246
3554.200	-1499.138	3.246
3554.400	-1499.135	3.246
3554.600	-1499.123	3.245
3554.800	-1499.141	3.245
3555.000	-1499.137	3.245
3555.200	-1499.125	3.245
3555.400	-1499.134	3.245
3555.600	-1499.127	3.245
3555.800	-1499.144	3.245
3556.000	-1499.126	3.245
3556.200	-1499.130	3.245
3556.400	-1499.129	3.245
3556.600	-1499.137	3.245
3556.800	-1499.130	3.245
3557.000	-1499.132	3.245
3557.200	-1499.117	3.245
3557.400	-1499.137	3.245
3557.600	-1499.140	3.245
3557.800	-1499.151	3.245
3558.000	-1499.123	3.245
3558.200	-1499.132	3.245
3558.400	-1499.136	3.245
3558.600	-1499.145	3.245
3558.800	-1499.131	3.245
3559.000	-1499.119	3.245
3559.200	-1499.131	3.245
3559.400	-1499.127	3.245
3559.600	-1499.113	3.245
3559.800	-1499.136	3.245
3560.000	-1499.116	3.245
3560.200	-1499.129	3.245
3560.400	-1499.131	3.245
3560.600	-1499.134	3.245
3560.800	-1499.146	3.245
3561.000	-1499.128	3.245
3561.200	-1499.133	3.244
3561.400	-1499.142	3.244
3561.600	-1499.144	3.244
3561.800	-1499.133	3.244
3562.000	-1499.135	3.244
3562.200	-1499.122	3.244
3562.400	-1499.140	3.244
3562.600	-1499.131	3.244
3562.800	-1499.125	3.244
3563.000	-1499.136	3.244
3563.200	-1499.112	3.244
3563.400	-1499.126	3.244
3563.600	-1499.128	3.244
3563.800	-1499.142	3.244
3564.000	-1499.126	3.244
3564.200	-1499.122	3.244
3564.400	-1499.124	3.244
3564.600	-1499.135	3.244
3564.800	-1499.120	3.244
3565.000	-1499.112	3.244
3565.200	-1499.130	3.244
3565.400	-1499.127	3.244
3565.600	-1499.125	3.244
3565.800	-1499.112	3.244
3566.000	-1499.122	3.244
3566.200	-1499.120	3.244
3566.400	-1499.110	3.244
3566.600	-1499.127	3.244
3566.800	-1499.129	3.244
3567.000	-1499.127	3.244
3567.200	-1499.147	3.244
3567.400	-1499.135	3.243
3567.600	-1499.124	3.243
3567.800	-1499.112	3.243
3568.000	-1499.123	3.243
3568.200	-1499.127	3.243
3568.400	-1499.130	3.243
3568.600	-1499.120	3.243
3568.800	-1499.114	3.243
3569.000	-1499.122	3.243
3569.200	-1499.134	3.243
3569.400	-1499.135	3.243
3569.600	-1499.131	3.243
3569.800	-1499.130	3.243
3570.000	-1499.125	3.243
3570.200	-1499.121	3.243
3570.400	-1499.130	3.243
3570.600	-1499.116	3.243
3570.800	-1499.125	3.243
3571.000	-1499.135	3.243
3571.200	-1499.130	3.243
3571.400	-1499.121	3.243
3571.600	-1499.113	3.243
3571.800	-1499.122	3.243
3572.000	-1499.118	3.243
3572.200	-1499.115	3.243
3572.400	-1499.117	3.243
3572.600	-1499.117	3.243
3572.800	-1499.137	3.243
3573.000	-1499.125	3.243
3573.200	-1499.136	3.243
3573.400	-1499.121	3.243
3573.600	-1499.119	3.242
3573.800	-1499.112	3.242
3574.000	-1499.120	3.242
3574.200	-1499.123	3.242
3574.400	-1499.114	3.242
3574.600	-1499.142	3.242
3574.800	-1499.115	3.242
3575.000	-1499.115	3.242
3575.200	-1499.125	3.242
3575.400	-1499.108	3.242
3575.600	-1499.136	3.242
3575.800	-1499.132	3.242
3576.000	-1499.135	3.242
3576.200	-1499.140	3.242
3576.400	-1499.134	3.242
3576.600	-1499.139	3.242
3576.800	-1499.138	3.242
3577.000	-1499.142	3.242
3577.200	-1499.125	3.242
3577.400	-1499.132	3.242
3577.600	-1499.136	3.242
3577.800	-1499.142	3.242
3578.000	-1499.147	3.242
3578.200	-1499.129	3.242
3578.400	-1499.134	3.242
3578.600	-1499.138	3.242
3578.800	-1499.136	3.242
3579.000	-1499.132	3.242
3579.200	-1499.126	3.241
3579.400	-1499.132	3.241
3579.600	-1499.131	3.241
3579.800	-1499.136	3.241
3580.000	-1499.128	3.241
3580.200	-1499.143	3.241
3580.400	-1499.124	3.241
3580.600	-1499.149	3.241
3580.800	-1499.134	3.241
3581.000	-1499.143	3.241
3581.200	-1499.153	3.241
3581.400	-1499.142	3.241
3581.600	-1499.150	3.241
3581.800	-1499.151	3.241
3582.000	-1499.150	3.241
3582.200	-1499.152	3.241
3582.400	-1499.133	3.241
3582.600	-1499.151	3.241
3582.800	-1499.141	3.241
3583.000	-1499.138	3.241
3583.200	-1499.135	3.241
3583.400	-1499.125	3.241
3583.600	-1499.121	3.241
3583.800	-1499.139	3.241
3584.000	-1499.148	3.241
3584.200	-1499.149	3.241
3584.400	-1499.150	3.241
3584.600	-1499.149	3.241
3584.800	-1499.137	3.241
3585.000	-1499.147	3.240
3585.200	-1499.146	3.240
3585.400	-1499.116	3.240
3585.600	-1499.153	3.240
3585.800	-1499.147	3.240
3586.000	-1499.140	3.240
3586.200	-1499.129	3.240
3586.400	-1499.126	3.240
3586.600	-1499.153	3.240
3586.800	-1499.144	3.240
3587.000	-1499.141	3.240
3587.200	-1499.137	3.240
3587.400	-1499.138	3.240
3587.600	-1499.128	3.240
3587.800	-1499.148	3.240
3588.000	-1499.141	3.240
3588.200	-1499.158	3.240
3588.400	-1499.136	3.240
3588.600	-1499.130	3.240
3588.800	-1499.160	3.240
3589.000	-1499.140	3.240
3589.200	-1499.143	3.240
3589.400	-1499.144	3.240
3589.600	-1499.159	3.240
3589.800	-1499.135	3.240
3590.000	-1499.145	3.240
3590.200	-1499.144	3.240
3590.400	-1499.156	3.240
3590.600	-1499.147	3.240
3590.800	-1499.139	3.240
3591.000	-1499.146	3.240
3591.200	-1499.148	3.239
3591.400	-1499.139	3.239
3591.600	-1499.135	3.239
3591.800	-1499.140	3.239
3592.000	-1499.145	3.239
3592.200	-1499.141	3.239
3592.400	-1499.145	3.239
3592.600	-1499.147	3.239
3592.800	-1499.150	3.239
3593.000	-1499.160	3.239
3593.200	-1499.144	3.239
3593.400	-1499.155	3.239
3593.600	-1499.144	3.239
3593.800	-1499.135	3.239
3594.000	-1499.137	3.239
3594.200	-1499.125	3.239
3594.400	-1499.132	3.239
3594.600	-1499.131	3.239
3594.800	-1499.135	3.239
3595.000	-1499.129	3.239
3595.200	-1499.136	3.239
3595.400	-1499.133	3.239
3595.600	-1499.128	3.239
3595.800	-1499.123	3.239
3596.000	-1499.136	3.239
3596.200	-1499.143	3.239
3596.400	-1499.143	3.239
3596.600	-1499.143	3.239
3596.800	-1499.127	3.239
3597.000	-1499.130	3.238
3597.200	-1499.149	3.238
3597.400	-1499.140	3.238
3597.600	-1499.145	3.238
3597.800	-1499.127	3.238
3598.000	-1499.131	3.238
3598.200	-1499.164	3.238
3598.400	-1499.171	3.238
3598.600	-1499.156	3.238
3598.800	-1499.155	3.238
3599.000	-1499.152	3.238
3599.200	-1499.133	3.238
3599.400	-1499.141	3.238
3599.600	-1499.149	3.238
3599.800	-1499.146	3.238
3600.000	-1499.134	3.238
3600.200	-1499.155	3.238
3600.400	-1499.143	3.238
3600.600	-1499.141	3.238
3600.800	-1499.148	3.238
3601.000	-1499.151	3.238
3601.200	-1499.145	3.238
3601.400	-1499.135	3.238
3601.600	-1499.135	3.238
3601.800	-1499.143	3.238
3602.000	-1499.130	3.238
3602.200	-1499.145	3.238
3602.400	-1499.147	3.238
3602.600	-1499.139	3.237
3602.800	-1499.143	3.237
3603.000	-1499.135	3.237
3603.200	-1499.153	3.237
3603.400	-1499.145	3.237
3603.600	-1499.143	3.237
3603.800	-1499.119	3.237
3604.000	-1499.135	3.237
3604.200	-1499.124	3.237
3604.400	-1499.151	3.237
3604.600	-1499.126	3.237
3604.800	-1499.135	3.237
3605.000	-1499.139	3.237
3605.200	-1499.130	3.237
3605.400	-1499.130	3.237
3605.600	-1499.134	3.237
3605.800	-1499.131	3.237
3606.000	-1499.141	3.237
3606.200	-1499.138	3.237
3606.400	-1499.126	3.237
3606.600	-1499.117	3.237
3606.800	-1499.134	3.237
3607.000	-1499.143	3.237
3607.200	-1499.123	3.237
3607.400	-1499.131	3.237
3607.600	-1499.129	3.237
3607.800	-1499.142	3.237
3608.000	-1499.119	3.237
3608.200	-1499.125	3.237
3608.400	-1499.137	3.237
3608.600	-1499.149	3.236
3608.800	-1499.143	3.236
3609.000	-1499.119	3.236
3609.200	-1499.124	3.236
3609.400	-1499.129	3.236
3609.600	-1499.124	3.236
3609.800	-1499.140	3.236
3610.000	-1499.130	3.236
3610.200	-1499.128	3.236
3610.400	-1499.135	3.236
3610.600	-1499.161	3.236
3610.800	-1499.150	3.236
3611.000	-1499.134	3.236
3611.200	-1499.137	3.236
3611.400	-1499.142	3.236
3611.600	-1499.151	3.236
3611.800	-1499.146	3.236
3612.000	-1499.140	3.236
3612.200	-1499.159	3.236
3612.400	-1499.135	3.236
3612.600	-1499.159	3.236
3612.800	-1499.149	3.236
3613.000	-1499.137	3.236
3613.200	-1499.112	3.236
3613.400	-1499.148	3.236
3613.600	-1499.115	3.236
3613.800	-1499.146	3.236
3614.000	-1499.132	3.236
3614.200	-1499.139	3.236
3614.400	-1499.134	3.236
3614.600	-1499.156	3.235
3614.800	-1499.137	3.235
3615.000	-1499.150	3.235
3615.200	-1499.150	3.235
3615.400	-1499.146	3.235
3615.600	-1499.153	3.235
3615.800	-1499.154	3.235
3616.000	-1499.138	3.235
3616.200	-1499.153	3.235
3616.400	-1499.169	3.235
3616.600	-1499.150	3.235
3616.800	-1499.155	3.235
3617.000	-1499.145	3.235
3617.200	-1499.156	3.235
3617.400	-1499.140	3.235
3617.600	-1499.148	3.235
3617.800	-1499.143	3.235
3618.000	-1499.149	3.235
3618.200	-1499.149	3.235
3618.400	-1499.142	3.235
3618.600	-1499.155	3.235
3618.800	-1499.153	3.235
3619.000	-1499.143	3.235
3619.200	-1499.147	3.235
3619.400	-1499.147	3.235
3619.600	-1499.137	3.235
3619.800	-1499.145	3.234
3620.000	-1499.151	3.234
3620.200	-1499.137	3.234
3620.400	-1499.157	3.234
3620.600	-1499.141	3.234
3620.800	-1499.140	3.234
3621.000	-1499.154	3.234
3621.200	-1499.150	3.234
3621.400	-1499.126	3.234
3621.600	-1499.138	3.234
3621.800	-1499.144	3.234
3622.000	-1499.132	3.234
3622.200	-1499.135	3.234
3622.400	-1499.138	3.234
3622.600	-1499.158	3.234
3622.800	-1499.157	3.234
3623.000	-1499.135	3.234
3623.200	-1499.145	3.234
3623.400	-1499.160	3.234
3623.600	-1499.139	3.234
3623.800	-1499.136	3.234
3624.000	-1499.140	3.234
3624.200	-1499.127	3.234
3624.400	-1499.132	3.234
3624.600	-1499.144	3.234
3624.800	-1499.133	3.234
3625.000	-1499.146	3.234
3625.200	-1499.130	3.234
3625.400	-1499.143	3.234
3625.600	-1499.133	3.234
3625.800	-1499.151	3.233
3626.000	-1499.151	3.233
3626.200	-1499.137	3.233
3626.400	-1499.143	3.233
3626.600	-1499.133	3.233
3626.800	-1499.115	3.233
3627.000	-1499.125	3.233
3627.200	-1499.132	3.233
3627.400	-1499.157	3.233
3627.600	-1499.155	3.233
3627.800	-1499.163	3.233
3628.000	-1499.155	3.233
3628.200	-1499.149	3.233
3628.400	-1499.142	3.233
3628.600	-1499.141	3.233
3628.800	-1499.150	3.233
3629.000	-1499.152	3.233
3629.200	-1499.132	3.233
3629.400	-1499.151	3.233
3629.600	-1499.151	3.233
3629.800	-1499.159	3.233
3630.000	-1499.145	3.233
3630.200	-1499.147	3.233
3630.400	-1499.136	3.233
3630.600	-1499.136	3.233
3630.800	-1499.151	3.233
3631.000	-1499.142	3.233
3631.200	-1499.143	3.233
3631.400	-1499.150	3.233
3631.600	-1499.145	3.232
3631.800	-1499.152	3.232
3632.000	-1499.142	3.232
3632.200	-1499.162	3.232
3632.400	-1499.157	3.232
3632.600	-1499.153	3.232
3632.800	-1499.152	3.232
3633.000	-1499.156	3.232
3633.200	-1499.169	3.232
3633.400	-1499.159	3.232
3633.600	-1499.146	3.232
3633.800	-1499.145	3.232
3634.000	-1499.151	3.232
3634.200	-1499.155	3.232
3634.400	-1499.155	3.232
3634.600	-1499.161	3.232
3634.800	-1499.142	3.232
3635.000	-1499.149	3.232
3635.200	-1499.135	3.232
3635.400	-1499.140	3.232
3635.600	-1499.132	3.232
3635.800	-1499.131	3.232
3636.000	-1499.148	3.232
3636.200	-1499.142	3.232
3636.400	-1499.146	3.232
3636.600	-1499.152	3.232
3636.800	-1499.145	3.232
3637.000	-1499.133	3.232
3637.200	-1499.132	3.231
3637.400	-1499.149	3.231
3637.600	-1499.148	3.231
3637.800	-1499.164	3.231
3638.000	-1499.146	3.231
3638.200	-1499.140	3.231
3638.400	-1499.139	3.231
3638.600	-1499.152	3.231
3638.800	-1499.144	3.231
3639.000	-1499.139	3.231
3639.200	-1499.140	3.231
3639.400	-1499.148	3.231
3639.600	-1499.154	3.231
3639.800	-1499.143	3.231
3640.000	-1499.135	3.231
3640.200	-1499.141	3.231
3640.400	-1499.153	3.231
3640.600	-1499.136	3.231
3640.800	-1499.140	3.231
3641.000	-1499.132	3.231
3641.200	-1499.149	3.231
3641.400	-1499.145	3.231
3641.600	-1499.130	3.231
3641.800	-1499.144	3.231
3642.000	-1499.144	3.231
3642.200	-1499.140	3.231
3642.400	-1499.135	3.231
3642.600	-1499.140	3.231
3642.800	-1499.121	3.231
3643.000	-1499.113	3.231
3643.200	-1499.122	3.231
3643.400	-1499.127	3.230
3643.600	-1499.145	3.230
3643.800	-1499.117	3.230
3644.000	-1499.130	3.230
3644.200	-1499.129	3.230
3644.400	-1499.142	3.230
3644.600	-1499.128	3.230
3644.800	-1499.142	3.230
3645.000	-1499.117	3.230
3645.200	-1499.145	3.230
3645.400	-1499.146	3.230
3645.600	-1499.142	3.230
3645.800	-1499.156	3.230
3646.000	-1499.143	3.230
3646.200	-1499.133	3.230
3646.400	-1499.134	3.230
3646.600	-1499.141	3.230
3646.800	-1499.146	3.230
3647.000	-1499.149	3.230
3647.200	-1499.139	3.230
3647.400	-1499.151	3.230
3647.600	-1499.137	3.230
3647.800	-1499.146	3.230
3648.000	-1499.160	3.230
3648.200	-1499.135	3.230
3648.400	-1499.137	3.229
3648.600	-1499.146	3.229
3648.800	-1499.154	3.229
3649.000	-1499.141	3.229
3649.200	-1499.139	3.229
3649.400	-1499.131	3.229
3649.600	-1499.122	3.229
3649.800	-1499.128	3.229
3650.000	-1499.127	3.229
3650.200	-1499.120	3.229
3650.400	-1499.131	3.229
3650.600	-1499.132	3.229
3650.800	-1499.123	3.229
3651.000	-1499.138	3.229
3651.200	-1499.135	3.229
3651.400	-1499.120	3.229
3651.600	-1499.129	3.229
3651.800	-1499.116	3.229
3652.000	-1499.125	3.229
3652.200	-1499.130	3.229
3652.400	-1499.118	3.229
3652.600	-1499.134	3.229
3652.800	-1499.144	3.229
3653.000	-1499.162	3.229
3653.200	-1499.137	3.229
3653.400	-1499.145	3.229
3653.600	-1499.146	3.229
3653.800	-1499.146	3.229
3654.000	-1499.145	3.228
3654.200	-1499.134	3.228
3654.400	-1499.128	3.228
3654.600	-1499.139	3.228
3654.800	-1499.120	3.228
3655.000	-1499.127	3.228
3655.200	-1499.133	3.228
3655.400	-1499.143	3.228
3655.600	-1499.129	3.228
3655.800	-1499.120	3.228
3656.000	-1499.125	3.228
3656.200	-1499.139	3.228
3656.400	-1499.139	3.228
3656.600	-1499.136	3.228
3656.800	-1499.133	3.228
3657.000	-1499.141	3.228
3657.200	-1499.138	3.228
3657.400	-1499.147	3.228
3657.600	-1499.137	3.228
3657.800	-1499.138	3.228
3658.000	-1499.136	3.228
3658.200	-1499.153	3.228
3658.400	-1499.140	3.228
3658.600	-1499.132	3.228
3658.800	-1499.160	3.228
3659.000	-1499.142	3.228
3659.200	-1499.138	3.228
3659.400	-1499.133	3.228
3659.600	-1499.136	3.228
3659.800	-1499.158	3.227
3660.000	-1499.153	3.227
3660.200	-1499.157	3.227
3660.400	-1499.144	3.227
3660.600	-1499.140	3.227
3660.800	-1499.135	3.227
3661.000	-1499.147	3.227
3661.200	-1499.169	3.227
3661.400	-1499.148	3.227
3661.600	-1499.147	3.227
3661.800	-1499.163	3.227
3662.000	-1499.158	3.227
3662.200	-1499.175	3.227
3662.400	-1499.155	3.227
3662.600	-1499.174	3.227
3662.800	-1499.157	3.227
3663.000	-1499.172	3.227
3663.200	-1499.146	3.227
3663.400	-1499.144	3.227
3663.600	-1499.145	3.227
3663.800	-1499.165	3.227
3664.000	-1499.139	3.227
3664.200	-1499.148	3.227
3664.400	-1499.148	3.227
3664.600	-1499.152	3.227
3664.800	-1499.158	3.226
3665.000	-1499.149	3.226
3665.200	-1499.167	3.226
3665.400	-1499.156	3.226
3665.600	-1499.147	3.226
3665.800	-1499.149	3.226
3666.000	-1499.145	3.226
3666.200	-1499.166	3.226
3666.400	-1499.158	3.226
3666.600	-1499.163	3.226
3666.800	-1499.149	3.226
3667.000	-1499.156	3.226
3667.200	-1499.153	3.226
3667.400	-1499.143	3.226
3667.600	-1499.141	3.226
3667.800	-1499.139	3.226
3668.000	-1499.160	3.226
3668.200	-1499.146	3.226
3668.400	-1499.156	3.226
3668.600	-1499.148	3.226
3668.800	-1499.156	3.226
3669.000	-1499.154	3.226
3669.200	-1499.157	3.226
3669.400	-1499.146	3.226
3669.600	-1499.147	3.226
3669.800	-1499.159	3.226
3670.000	-1499.151	3.225
3670.200	-1499.150	3.225
3670.400	-1499.141	3.225
3670.600	-1499.123	3.225
3670.800	-1499.147	3.225
3671.000	-1499.143	3.225
3671.200	-1499.154	3.225
3671.400	-1499.157	3.225
3671.600	-1499.157	3.225
3671.800	-1499.151	3.225
3672.000	-1499.156	3.225
3672.200	-1499.144	3.225
3672.400	-1499.138	3.225
3672.600	-1499.151	3.225
3672.800	-1499.158	3.225
3673.000	-1499.149	3.225
3673.200	-1499.160	3.225
3673.400	-1499.152	3.225
3673.600	-1499.146	3.225
3673.800	-1499.138	3.225
3674.000	-1499.157	3.225
3674.200	-1499.164	3.225
3674.400	-1499.148	3.225
3674.600	-1499.164	3.225
3674.800	-1499.169	3.225
3675.000	-1499.151	3.225
3675.200	-1499.149	3.225
3675.400	-1499.151	3.225
3675.600	-1499.150	3.225
3675.800	-1499.153	3.224
3676.000	-1499.153	3.224
3676.200	-1499.151	3.224
3676.400	-1499.152	3.224
3676.600	-1499.130	3.224
3676.800	-1499.156	3.224
3677.000	-1499.160	3.224
3677.200	-1499.149	3.224
3677.400	-1499.146	3.224
3677.600	-1499.144	3.224
3677.800	-1499.136	3.224
3678.000	-1499.137	3.224
3678.200	-1499.140	3.224
3678.400	-1499.135	3.224
3678.600	-1499.135	3.224
3678.800	-1499.145	3.224
3679.000	-1499.152	3.224
3679.200	-1499.138	3.224
3679.400	-1499.151	3.224
3679.600	-1499.122	3.224
3679.800	-1499.151	3.224
3680.000	-1499.130	3.224
3680.200	-1499.135	3.224
3680.400	-1499.127	3.224
3680.600	-1499.144	3.224
3680.800	-1499.123	3.224
3681.000	-1499.123	3.224
3681.200	-1499.135	3.223
3681.400	-1499.132	3.223
3681.600	-1499.140	3.223
3681.800	-1499.135	3.223
3682.000	-1499.128	3.223
3682.200	-1499.136	3.223
3682.400	-1499.138	3.223
3682.600	-1499.138	3.223
3682.800	-1499.137	3.223
3683.000	-1499.141	3.223
3683.200	-1499.127	3.223
3683.400	-1499.135	3.223
3683.600	-1499.144	3.223
3683.800	-1499.137	3.223
3684.000	-1499.146	3.223
3684.200	-1499.139	3.223
3684.400	-1499.142	3.223
3684.600	-1499.124	3.223
3684.800	-1499.134	3.223
3685.000	-1499.131	3.223
3685.200	-1499.135	3.223
3685.400	-1499.125	3.223
3685.600	-1499.126	3.223
3685.800	-1499.136	3.223
3686.000	-1499.140	3.223
3686.200	-1499.131	3.223
3686.400	-1499.133	3.222
3686.600	-1499.125	3.222
3686.800	-1499.137	3.222
3687.000	-1499.144	3.222
3687.200	-1499.146	3.222
3687.400	-1499.139	3.222
3687.600	-1499.139	3.222
3687.800	-1499.122	3.222
3688.000	-1499.111	3.222
3688.200	-1499.124	3.222
3688.400	-1499.118	3.222
3688.600	-1499.128	3.222
3688.800	-1499.122	3.222
3689.000	-1499.127	3.222
3689.200	-1499.119	3.222
3689.400	-1499.130	3.222
3689.600	-1499.125	3.222
3689.800	-1499.114	3.222
3690.000	-1499.123	3.222
3690.200	-1499.139	3.222
3690.400	-1499.134	3.222
3690.600	-1499.130	3.222
3690.800	-1499.124	3.222
3691.000	-1499.127	3.222
3691.200	-1499.123	3.222
3691.400	-1499.134	3.222
3691.600	-1499.111	3.222
3691.800	-1499.137	3.222
3692.000	-1499.131	3.221
3692.200	-1499.131	3.221
3692.400	-1499.129	3.221
3692.600	-1499.153	3.221
3692.800	-1499.119	3.221
3693.000	-1499.119	3.221
3693.200	-1499.131	3.221
3693.400	-1499.119	3.221
3693.600	-1499.132	3.221
3693.800	-1499.117	3.221
3694.000	-1499.116	3.221
3694.200	-1499.117	3.221
3694.400	-1499.115	3.221
3694.600	-1499.141	3.221
3694.800	-1499.127	3.221
3695.000	-1499.136	3.221
3695.200	-1499.156	3.221
3695.400	-1499.149	3.221
3695.600	-1499.138	3.221
3695.800	-1499.138	3.221
3696.000	-1499.136	3.221
3696.200	-1499.146	3.221
3696.400	-1499.140	3.221
3696.600	-1499.131	3.221
3696.800	-1499.126	3.221
3697.000	-1499.146	3.221
3697.200	-1499.147	3.221
3697.400	-1499.136	3.221
3697.600	-1499.144	3.221
3697.800	-1499.143	3.220
3698.000	-1499.126	3.220
3698.200	-1499.138	3.220
3698.400	-1499.131	3.220
3698.600	-1499.125	3.220
3698.800	-1499.133	3.220
3699.000	-1499.130	3.220
3699.200	-1499.147	3.220
3699.400	-1499.141	3.220
3699.600	-1499.138	3.220
3699.800	-1499.132	3.220
3700.000	-1499.135	3.220
3700.200	-1499.119	3.220
3700.400	-1499.116	3.220
3700.600	-1499.117	3.220
3700.800	-1499.124	3.220
3701.000	-1499.137	3.220
3701.200	-1499.130	3.220
3701.400	-1499.122	3.220
3701.600	-1499.126	3.220
3701.800	-1499.118	3.220
3702.000	-1499.122	3.220
3702.200	-1499.139	3.220
3702.400	-1499.139	3.220
3702.600	-1499.134	3.220
3702.800	-1499.134	3.220
3703.000	-1499.130	3.219
3703.200	-1499.136	3.219
3703.400	-1499.150	3.219
3703.600	-1499.159	3.219
3703.800	-1499.148	3.219
3704.000	-1499.138	3.219
3704.200	-1499.145	3.219
3704.400	-1499.147	3.219
3704.600	-1499.149	3.219
3704.800	-1499.149	3.219
3705.000	-1499.144	3.219
3705.200	-1499.153	3.219
3705.400	-1499.127	3.219
3705.600	-1499.144	3.219
3705.800	-1499.148	3.219
3706.000	-1499.147	3.219
3706.200	-1499.148	3.219
3706.400	-1499.151	3.219
3706.600	-1499.146	3.219
3706.800	-1499.145	3.219
3707.000	-1499.163	3.219
3707.200	-1499.150	3.219
3707.400	-1499.152	3.219
3707.600	-1499.133	3.219
3707.800	-1499.138	3.219
3708.000	-1499.150	3.219
3708.200	-1499.128	3.219
3708.400	-1499.130	3.218
3708.600	-1499.133	3.218
3708.800	-1499.126	3.218
3709.000	-1499.130	3.218
3709.200	-1499.148	3.218
3709.400	-1499.143	3.218
3709.600	-1499.135	3.218
3709.800	-1499.142	3.218
3710.000	-1499.142	3.218
3710.200	-1499.143	3.218
3710.400	-1499.151	3.218
3710.600	-1499.148	3.218
3710.800	-1499.128	3.218
3711.000	-1499.133	3.218
3711.200	-1499.137	3.218
3711.400	-1499.139	3.218
3711.600	-1499.128	3.218
3711.800	-1499.152	3.218
3712.000	-1499.130	3.218
3712.200	-1499.125	3.218
3712.400	-1499.120	3.218
3712.600	-1499.124	3.218
3712.800	-1499.120	3.218
3713.000	-1499.129	3.218
3713.200	-1499.138	3.218
3713.400	-1499.144	3.218
3713.600	-1499.127	3.217
3713.800	-1499.126	3.217
3714.000	-1499.132	3.217
3714.200	-1499.108	3.217
3714.400	-1499.126	3.217
3714.600	-1499.123	3.217
3714.800	-1499.137	3.217
3715.000	-1499.132	3.217
3715.200	-1499.132	3.217
3715.400	-1499.132	3.217
3715.600	-1499.130	3.217
3715.800	-1499.145	3.217
3716.000	-1499.131	3.217
3716.200	-1499.126	3.217
3716.400	-1499.136	3.217
3716.600	-1499.123	3.217
3716.800	-1499.139	3.217
3717.000	-1499.117	3.217
3717.200	-1499.131	3.217
3717.400	-1499.117	3.217
3717.600	-1499.131	3.217
3717.800	-1499.122	3.217
3718.000	-1499.112	3.217
3718.200	-1499.121	3.217
3718.400	-1499.122	3.217
3718.600	-1499.134	3.216
3718.800	-1499.128	3.216
3719.000	-1499.109	3.216
3719.200	-1499.112	3.216
3719.400	-1499.126	3.216
3719.600	-1499.148	3.216
3719.800	-1499.139	3.216
3720.000	-1499.120	3.216
3720.200	-1499.127	3.216
3720.400	-1499.118	3.216
3720.600	-1499.135	3.216
3720.800	-1499.138	3.216
3721.000	-1499.133	3.216
3721.200	-1499.138	3.216
3721.400	-1499.140	3.216
3721.600	-1499.138	3.216
3721.800	-1499.125	3.216
3722.000	-1499.123	3.216
3722.200	-1499.117	3.216
3722.400	-1499.116	3.216
3722.600	-1499.131	3.216
3722.800	-1499.130	3.216
3723.000	-1499.154	3.216
3723.200	-1499.129	3.216
3723.400	-1499.127	3.216
3723.600	-1499.131	3.216
3723.800	-1499.122	3.215
3724.000	-1499.108	3.215
3724.200	-1499.118	3.215
3724.400	-1499.130	3.215
3724.600	-1499.116	3.215
3724.800	-1499.115	3.215
3725.000	-1499.119	3.215
3725.200	-1499.109	3.215
3725.400	-1499.111	3.215
3725.600	-1499.127	3.215
3725.800	-1499.111	3.215
3726.000	-1499.121	3.215
3726.200	-1499.123	3.215
3726.400	-1499.142	3.215
3726.600	-1499.123	3.215
3726.800	-1499.126	3.215
3727.000	-1499.132	3.215
3727.200	-1499.123	3.215
3727.400	-1499.124	3.215
3727.600	-1499.136	3.215
3727.800	-1499.117	3.215
3728.000	-1499.142	3.215
3728.200	-1499.144	3.215
3728.400	-1499.136	3.215
3728.600	-1499.140	3.215
3728.800	-1499.145	3.215
3729.000	-1499.120	3.214
3729.200	-1499.134	3.214
3729.400	-1499.119	3.214
3729.600	-1499.133	3.214
3729.800	-1499.148	3.214
3730.000	-1499.120	3.214
3730.200	-1499.135	3.214
3730.400	-1499.135	3.214
3730.600	-1499.126	3.214
3730.800	-1499.121	3.214
3731.000	-1499.126	3.214
3731.200	-1499.127	3.214
3731.400	-1499.139	3.214
3731.600	-1499.136	3.214
3731.800	-1499.136	3.214
3732.000	-1499.132	3.214
3732.200	-1499.134	3.214
3732.400	-1499.153	3.214
3732.600	-1499.125	3.214
3732.800	-1499.140	3.214
3733.000	-1499.131	3.214
3733.200	-1499.137	3.214
3733.400	-1499.118	3.214
3733.600	-1499.118	3.214
3733.800	-1499.139	3.214
3734.000	-1499.121	3.213
3734.200	-1499.132	3.213
3734.400	-1499.139	3.213
3734.600	-1499.132	3.213
3734.800	-1499.130	3.213
3735.000	-1499.134	3.213
3735.200	-1499.145	3.213
3735.400	-1499.149	3.213
3735.600	-1499.143	3.213
3735.800	-1499.149	3.213
3736.000	-1499.126	3.213
3736.200	-1499.140	3.213
3736.400	-1499.118	3.213
3736.600	-1499.114	3.213
3736.800	-1499.126	3.213
3737.000	-1499.136	3.213
3737.200	-1499.129	3.213
3737.400	-1499.113	3.213
3737.600	-1499.121	3.213
3737.800	-1499.124	3.213
3738.000	-1499.127	3.213
3738.200	-1499.130	3.213
3738.400	-1499.138	3.213
3738.600	-1499.120	3.213
3738.800	-1499.121	3.213
3739.000	-1499.135	3.213
3739.200	-1499.118	3.212
3739.400	-1499.128	3.212
3739.600	-1499.139	3.212
3739.800	-1499.122	3.212
3740.000	-1499.122	3.212
3740.200	-1499.115	3.212
3740.400	-1499.110	3.212
3740.600	-1499.122	3.212
3740.800	-1499.125	3.212
3741.000	-1499.126	3.212
3741.200	-1499.135	3.212
3741.400	-1499.108	3.212
3741.600	-1499.118	3.212
3741.800	-1499.112	3.212
3742.000	-1499.112	3.212
3742.200	-1499.120	3.212
3742.400	-1499.119	3.212
3742.600	-1499.117	3.212
3742.800	-1499.121	3.212
3743.000	-1499.108	3.212
3743.200	-1499.108	3.212
3743.400	-1499.123	3.212
3743.600	-1499.107	3.212
3743.800	-1499.110	3.212
3744.000	-1499.128	3.211
3744.200	-1499.124	3.211
3744.400	-1499.110	3.211
3744.600	-1499.116	3.211
3744.800	-1499.123	3.211
3745.000	-1499.123	3.211
3745.200	-1499.119	3.211
3745.400	-1499.130	3.211
3745.600	-1499.127	3.211
3745.800	-1499.124	3.211
3746.000	-1499.117	3.211
3746.200	-1499.120	3.211
3746.400	-1499.122	3.211
3746.600	-1499.112	3.211
3746.800	-1499.116	3.211
3747.000	-1499.129	3.211
3747.200	-1499.119	3.211
3747.400	-1499.127	3.211
3747.600	-1499.125	3.211
3747.800	-1499.116	3.211
3748.000	-1499.107	3.211
3748.200	-1499.118	3.211
3748.400	-1499.118	3.211
3748.600	-1499.123	3.211
3748.800	-1499.116	3.210
3749.000	-1499.140	3.210
3749.200	-1499.148	3.210
3749.400	-1499.131	3.210
3749.600	-1499.128	3.210
3749.800	-1499.136	3.210
3750.000	-1499.124	3.210
3750.200	-1499.146	3.210
3750.400	-1499.132	3.210
3750.600	-1499.123	3.210
3750.800	-1499.130	3.210
3751.000	-1499.109	3.210
3751.200	-1499.131	3.210
3751.400	-1499.128	3.210
3751.600	-1499.143	3.210
3751.800	-1499.118	3.210
3752.000	-1499.133	3.210
3752.200	-1499.129	3.210
3752.400	-1499.127	3.210
3752.600	-1499.130	3.210
3752.800	-1499.154	3.210
3753.000	-1499.142	3.210
3753.200	-1499.145	3.210
3753.400	-1499.154	3.210
3753.600	-1499.146	3.210
3753.800	-1499.128	3.209
3754.000	-1499.139	3.209
3754.200	-1499.135	3.209
3754.400	-1499.122	3.209
3754.600	-1499.120	3.209
3754.800	-1499.133	3.209
3755.000	-1499.136	3.209
3755.200	-1499.126	3.209
3755.400	-1499.140	3.209
3755.600	-1499.122	3.209
3755.800	-1499.124	3.209
3756.000	-1499.125	3.209
3756.200	-1499.146	3.209
3756.400	-1499.139	3.209
3756.600	-1499.142	3.209
3756.800	-1499.131	3.209
3757.000	-1499.133	3.209
3757.200	-1499.153	3.209
3757.400	-1499.132	3.209
3757.600	-1499.140	3.209
3757.800	-1499.133	3.209
3758.000	-1499.127	3.209
3758.200	-1499.138	3.209
3758.400	-1499.132	3.209
3758.600	-1499.125	3.208
3758.800	-1499.128	3.208
3759.000	-1499.112	3.208
3759.200	-1499.134	3.208
3759.400	-1499.125	3.208
3759.600	-1499.132	3.208
3759.800	-1499.125	3.208
3760.000	-1499.125	3.208
3760.200	-1499.125	3.208
3760.400	-1499.129	3.208
3760.600	-1499.107	3.208
3760.800	-1499.114	3.208
3761.000	-1499.122	3.208
3761.200	-1499.132	3.208
3761.400	-1499.131	3.208
3761.600	-1499.131	3.208
3761.800	-1499.129	3.208
3762.000	-1499.137	3.208
3762.200	-1499.131	3.208
3762.400	-1499.138	3.208
3762.600	-1499.126	3.208
3762.800	-1499.128	3.208
3763.000	-1499.116	3.208
3763.200	-1499.105	3.208
3763.400	-1499.119	3.208
3763.600	-1499.121	3.207
3763.800	-1499.133	3.207
3764.000	-1499.119	3.207
3764.200	-1499.118	3.207
3764.400	-1499.105	3.207
3764.600	-1499.111	3.207
3764.800	-1499.123	3.207
3765.000	-1499.130	3.207
3765.200	-1499.134	3.207
3765.400	-1499.125	3.207
3765.600	-1499.137	3.207
3765.800	-1499.149	3.207
3766.000	-1499.138	3.207
3766.200	-1499.113	3.207
3766.400	-1499.115	3.207
3766.600	-1499.124	3.207
3766.800	-1499.117	3.207
3767.000	-1499.114	3.207
3767.200	-1499.117	3.207
3767.400	-1499.109	3.207
3767.600	-1499.127	3.207
3767.800	-1499.112	3.207
3768.000	-1499.113	3.207
3768.200	-1499.127	3.206
3768.400	-1499.109	3.206
3768.600	-1499.113	3.206
3768.800	-1499.125	3.206
3769.000	-1499.129	3.206
3769.200	-1499.125	3.206
3769.400	-1499.106	3.206
3769.600	-1499.110	3.206
3769.800	-1499.126	3.206
3770.000	-1499.125	3.206
3770.200	-1499.120	3.206
3770.400	-1499.115	3.206
3770.600	-1499.130	3.206
3770.800	-1499.140	3.206
3771.000	-1499.136	3.206
3771.200	-1499.132	3.206
3771.400	-1499.117	3.206
3771.600	-1499.130	3.206
3771.800	-1499.133	3.206
3772.000	-1499.129	3.206
3772.200	-1499.122	3.206
3772.400	-1499.131	3.206
3772.600	-1499.132	3.206
3772.800	-1499.116	3.206
3773.000	-1499.119	3.206
3773.200	-1499.138	3.205
3773.400	-1499.122	3.205
3773.600	-1499.118	3.205
3773.800	-1499.107	3.205
3774.000	-1499.127	3.205
3774.200	-1499.124	3.205
3774.400	-1499.128	3.205
3774.600	-1499.126	3.205
3774.800	-1499.115	3.205
3775.000	-1499.121	3.205
3775.200	-1499.108	3.205
3775.400	-1499.126	3.205
3775.600	-1499.120	3.205
3775.800	-1499.126	3.205
3776.000	-1499.126	3.205
3776.200	-1499.123	3.205
3776.400	-1499.129	3.205
3776.600	-1499.121	3.205
3776.800	-1499.138	3.205
3777.000	-1499.114	3.205
3777.200	-1499.126	3.205
3777.400	-1499.119	3.205
3777.600	-1499.123	3.204
3777.800	-1499.119	3.204
3778.000	-1499.128	3.204
3778.200	-1499.136	3.204
3778.400	-1499.116	3.204
3778.600	-1499.110	3.204
3778.800	-1499.109	3.204
3779.000	-1499.137	3.204
3779.200	-1499.107	3.204
3779.400	-1499.128	3.204
3779.600	-1499.123	3.204
3779.800	-1499.113	3.204
3780.000	-1499.112	3.204
3780.200	-1499.115	3.204
3780.400	-1499.129	3.204
3780.600	-1499.115	3.204
3780.800	-1499.125	3.204
3781.000	-1499.109	3.204
3781.200	-1499.129	3.204
3781.400	-1499.126	3.204
3781.600	-1499.129	3.204
3781.800	-1499.120	3.204
3782.000	-1499.121	3.204
3782.200	-1499.132	3.203
3782.400	-1499.124	3.203
3782.600	-1499.112	3.203
3782.800	-1499.122	3.203
3783.000	-1499.118	3.203
3783.200	-1499.125	3.203
3783.400	-1499.099	3.203
3783.600	-1499.113	3.203
3783.800	-1499.116	3.203
3784.000	-1499.119	3.203
3784.200	-1499.110	3.203
3784.400	-1499.117	3.203
3784.600	-1499.116	3.203
3784.800	-1499.118	3.203
3785.000	-1499.119	3.203
3785.200	-1499.106	3.203
3785.400	-1499.121	3.203
3785.600	-1499.109	3.203
3785.800	-1499.128	3.203
3786.000	-1499.119	3.203
3786.200	-1499.106	3.203
3786.400	-1499.119	3.203
3786.600	-1499.131	3.202
3786.800	-1499.131	3.202
3787.000	-1499.131	3.202
3787.200	-1499.136	3.202
3787.400	-1499.124	3.202
3787.600	-1499.144	3.202
3787.800	-1499.117	3.202
3788.000	-1499.138	3.202
3788.200	-1499.118	3.202
3788.400	-1499.113	3.202
3788.600	-1499.126	3.202
3788.800	-1499.121	3.202
3789.000	-1499.124	3.202
3789.200	-1499.115	3.202
3789.400	-1499.124	3.202
3789.600	-1499.127	3.202
3789.800	-1499.117	3.202
3790.000	-1499.127	3.202
3790.200	-1499.122	3.202
3790.400	-1499.127	3.202
3790.600	-1499.116	3.202
3790.800	-1499.119	3.202
3791.000	-1499.110	3.202
3791.200	-1499.131	3.201
3791.400	-1499.134	3.201
3791.600	-1499.120	3.201
3791.800	-1499.117	3.201
3792.000	-1499.142	3.201
3792.200	-1499.111	3.201
3792.400	-1499.116	3.201
3792.600	-1499.115	3.201
3792.800	-1499.110	3.201
3793.000	-1499.113	3.201
3793.200	-1499.127	3.201
3793.400	-1499.108	3.201
3793.600	-1499.109	3.201
3793.800	-1499.127	3.201
3794.000	-1499.117	3.201
3794.200	-1499.119	3.201
3794.400	-1499.128	3.201
3794.600	-1499.123	3.201
3794.800	-1499.119	3.201
3795.000	-1499.099	3.201
3795.200	-1499.130	3.201
3795.400	-1499.131	3.200
3795.600	-1499.117	3.200
3795.800	-1499.113	3.200
3796.000	-1499.126	3.200
3796.200	-1499.113	3.200
3796.400	-1499.115	3.200
3796.600	-1499.116	3.200
3796.800	-1499.097	3.200
3797.000	-1499.122	3.200
3797.200	-1499.127	3.200
3797.400	-1499.112	3.200
3797.600	-1499.118	3.200
3797.800	-1499.106	3.200
3798.000	-1499.124	3.200
3798.200	-1499.117	3.200
3798.400	-1499.120	3.200
3798.600	-1499.122	3.200
3798.800	-1499.120	3.200
3799.000	-1499.124	3.200
3799.200	-1499.127	3.200
3799.400	-1499.125	3.200
3799.600	-1499.121	3.200
3799.800	-1499.118	3.200
3800.000	-1499.125	3.199
3800.200	-1499.107	3.199
3800.400	-1499.127	3.199
3800.600	-1499.110	3.199
3800.800	-1499.126	3.199
3801.000	-1499.116	3.199
3801.200	-1499.112	3.199
3801.400	-1499.119	3.199
3801.600	-1499.103	3.199
3801.800	-1499.107	3.199
3802.000	-1499.120	3.199
3802.200	-1499.106	3.199
3802.400	-1499.106	3.199
3802.600	-1499.110	3.199
3802.800	-1499.121	3.199
3803.000	-1499.116	3.199
3803.200	-1499.132	3.199
3803.400	-1499.113	3.199
3803.600	-1499.116	3.199
3803.800	-1499.123	3.199
3804.000	-1499.122	3.198
3804.200	-1499.126	3.198
3804.400	-1499.109	3.198
3804.600	-1499.123	3.198
3804.800	-1499.117	3.198
3805.000	-1499.122	3.198
3805.200	-1499.140	3.198
3805.400	-1499.140	3.198
3805.600	-1499.120	3.198
3805.800	-1499.121	3.198
3806.000	-1499.123	3.198
3806.200	-1499.133	3.198
3806.400	-1499.115	3.198
3806.600	-1499.124	3.198
3806.800	-1499.136	3.198
3807.000	-1499.135	3.198
3807.200	-1499.143	3.198
3807.400	-1499.136	3.198
3807.600	-1499.122	3.198
3807.800	-1499.112	3.198
3808.000	-1499.127	3.197
3808.200	-1499.122	3.197
3808.400	-1499.143	3.197
3808.600	-1499.137	3.197
3808.800	-1499.125	3.197
3809.000	-1499.120	3.197
3809.200	-1499.128	3.197
3809.400	-1499.120	3.197
3809.600	-1499.137	3.197
3809.800	-1499.110	3.197
3810.000	-1499.107	3.197
3810.200	-1499.115	3.197
3810.400	-1499.122	3.197
3810.600	-1499.116	3.197
3810.800	-1499.121	3.197
3811.000	-1499.113	3.197
3811.200	-1499.131	3.197
3811.400	-1499.134	3.197
3811.600	-1499.125	3.197
3811.800	-1499.110	3.197
3812.000	-1499.110	3.197
3812.200	-1499.104	3.197
3812.400	-1499.130	3.197
3812.600	-1499.119	3.196
3812.800	-1499.111	3.196
3813.000	-1499.119	3.196
3813.200	-1499.115	3.196
3813.400	-1499.128	3.196
3813.600	-1499.133	3.196
3813.800	-1499.112	3.196
3814.000	-1499.118	3.196
3814.200	-1499.116	3.196
3814.400	-1499.105	3.196
3814.600	-1499.126	3.196
3814.800	-1499.121	3.196
3815.000	-1499.107	3.196
3815.200	-1499.110	3.196
3815.400	-1499.133	3.196
3815.600	-1499.129	3.196
3815.800	-1499.125	3.196
3816.000	-1499.107	3.196
3816.200	-1499.114	3.196
3816.400	-1499.122	3.196
3816.600	-1499.114	3.196
3816.800	-1499.110	3.196
3817.000	-1499.113	3.195
3817.200	-1499.115	3.195
3817.400	-1499.120	3.195
3817.600	-1499.114	3.195
3817.800	-1499.111	3.195
3818.000	-1499.116	3.195
3818.200	-1499.113	3.195
3818.400	-1499.128	3.195
3818.600	-1499.105	3.195
3818.800	-1499.107	3.195
3819.000	-1499.130	3.195
3819.200	-1499.131	3.195
3819.400	-1499.124	3.195
3819.600	-1499.131	3.195
3819.800	-1499.130	3.195
3820.000	-1499.130	3.195
3820.200	-1499.119	3.195
3820.400	-1499.133	3.195
3820.600	-1499.130	3.194
3820.800	-1499.126	3.194
3821.000	-1499.124	3.194
3821.200	-1499.149	3.194
3821.400	-1499.138	3.194
3821.600	-1499.138	3.194
3821.800	-1499.124	3.194
3822.000	-1499.126	3.194
3822.200	-1499.137	3.194
3822.400	-1499.145	3.194
3822.600	-1499.127	3.194
3822.800	-1499.138	3.194
3823.000	-1499.128	3.194
3823.200	-1499.128	3.194
3823.400	-1499.133	3.194
3823.600	-1499.114	3.194
3823.800	-1499.109	3.194
3824.000	-1499.121	3.194
3824.200	-1499.119	3.194
3824.400	-1499.135	3.193
3824.600	-1499.126	3.193
3824.800	-1499.129	3.193
3825.000	-1499.131	3.193
3825.200	-1499.135	3.193
3825.400	-1499.139	3.193
3825.600	-1499.142	3.193
3825.800	-1499.133	3.193
3826.000	-1499.135	3.193
3826.200	-1499.131	3.193
3826.400	-1499.127	3.193
3826.600	-1499.150	3.193
3826.800	-1499.129	3.193
3827.000	-1499.131	3.193
3827.200	-1499.140	3.193
3827.400	-1499.148	3.193
3827.600	-1499.144	3.193
3827.800	-1499.135	3.193
3828.000	-1499.128	3.193
3828.200	-1499.139	3.192
3828.400	-1499.125	3.192
3828.600	-1499.125	3.192
3828.800	-1499.119	3.192
3829.000	-1499.134	3.192
3829.200	-1499.129	3.192
3829.400	-1499.125	3.192
3829.600	-1499.129	3.192
3829.800	-1499.132	3.192
3830.000	-1499.135	3.192
3830.200	-1499.142	3.192
3830.400	-1499.126	3.192
3830.600	-1499.124	3.192
3830.800	-1499.124	3.192
3831.000	-1499.120	3.192
3831.200	-1499.115	3.192
3831.400	-1499.133	3.192
3831.600	-1499.131	3.191
3831.800	-1499.129	3.191
3832.000	-1499.116	3.191
3832.200	-1499.128	3.191
3832.400	-1499.131	3.191
3832.600	-1499.121	3.191
3832.800	-1499.138	3.191
3833.000	-1499.131	3.191
3833.200	-1499.129	3.191
3833.400	-1499.132	3.191
3833.600	-1499.122	3.191
3833.800	-1499.125	3.191
3834.000	-1499.117	3.191
3834.200	-1499.131	3.191
3834.400	-1499.137	3.191
3834.600	-1499.122	3.191
3834.800	-1499.129	3.191
3835.000	-1499.127	3.191
3835.200	-1499.145	3.190
3835.400	-1499.119	3.190
3835.600	-1499.127	3.190
3835.800	-1499.135	3.190
3836.000	-1499.145	3.190
3836.200	-1499.135	3.190
3836.400	-1499.132	3.190
3836.600	-1499.122	3.190
3836.800	-1499.131	3.190
3837.000	-1499.131	3.190
3837.200	-1499.144	3.190
3837.400	-1499.144	3.190
3837.600	-1499.152	3.190
3837.800	-1499.151	3.190
3838.000	-1499.119	3.190
3838.200	-1499.134	3.190
3838.400	-1499.152	3.190
3838.600	-1499.139	3.189
3838.800	-1499.136	3.189
3839.000	-1499.154	3.189
3839.200	-1499.142	3.189
3839.400	-1499.130	3.189
3839.600	-1499.125	3.189
3839.800	-1499.131	3.189
3840.000	-1499.127	3.189
3840.200	-1499.122	3.189
3840.400	-1499.138	3.189
3840.600	-1499.149	3.189
3840.800	-1499.138	3.189
3841.000	-1499.154	3.189
3841.200	-1499.136	3.189
3841.400	-1499.122	3.189
3841.600	-1499.131	3.189
3841.800	-1499.140	3.189
3842.000	-1499.143	3.188
3842.200	-1499.157	3.188
3842.400	-1499.140	3.188
3842.600	-1499.142	3.188
3842.800	-1499.146	3.188
3843.000	-1499.137	3.188
3843.200	-1499.137	3.188
3843.400	-1499.130	3.188
3843.600	-1499.129	3.188
3843.800	-1499.127	3.188
3844.000	-1499.140	3.188
3844.200	-1499.155	3.188
3844.400	-1499.161	3.188
3844.600	-1499.158	3.188
3844.800	-1499.162	3.188
3845.000	-1499.158	3.188
3845.200	-1499.164	3.188
3845.400	-1499.145	3.187
3845.600	-1499.124	3.187
3845.800	-1499.146	3.187
3846.000	-1499.141	3.187
3846.200	-1499.132	3.187
3846.400	-1499.117	3.187
3846.600	-1499.142	3.187
3846.800	-1499.156	3.187
3847.000	-1499.124	3.187
3847.200	-1499.142	3.187
3847.400	-1499.132	3.187
3847.600	-1499.143	3.187
3847.800	-1499.137	3.187
3848.000	-1499.131	3.187
3848.200	-1499.141	3.187
3848.400	-1499.135	3.186
3848.600	-1499.126	3.186
3848.800	-1499.122	3.186
3849.000	-1499.135	3.186
3849.200	-1499.121	3.186
3849.400	-1499.144	3.186
3849.600	-1499.146	3.186
3849.800	-1499.135	3.186
3850.000	-1499.146	3.186
3850.200	-1499.139	3.186
3850.400	-1499.131	3.186
3850.600	-1499.144	3.186
3850.800	-1499.135	3.186
3851.000	-1499.131	3.186
3851.200	-1499.137	3.186
3851.400	-1499.138	3.186
3851.600	-1499.133	3.185
3851.800	-1499.133	3.185
3852.000	-1499.142	3.185
3852.200	-1499.125	3.185
3852.400	-1499.124	3.185
3852.600	-1499.136	3.185
3852.800	-1499.142	3.185
3853.000	-1499.143	3.185
3853.200	-1499.143	3.185
3853.400	-1499.139	3.185
3853.600	-1499.127	3.185
3853.800	-1499.119	3.185
3854.000	-1499.141	3.185
3854.200	-1499.128	3.185
3854.400	-1499.138	3.185
3854.600	-1499.123	3.185
3854.800	-1499.129	3.184
3855.000	-1499.124	3.184
3855.200	-1499.118	3.184
3855.400	-1499.134	3.184
3855.600	-1499.129	3.184
3855.800	-1499.134	3.184
3856.000	-1499.127	3.184
3856.200	-1499.128	3.184
3856.400	-1499.133	3.184
3856.600	-1499.147	3.184
3856.800	-1499.137	3.184
3857.000	-1499.127	3.184
3857.200	-1499.139	3.184
3857.400	-1499.143	3.184
3857.600	-1499.156	3.184
3857.800	-1499.139	3.183
3858.000	-1499.140	3.183
3858.200	-1499.147	3.183
3858.400	-1499.131	3.183
3858.600	-1499.145	3.183
3858.800	-1499.132	3.183
3859.000	-1499.130	3.183
3859.200	-1499.142	3.183
3859.400	-1499.144	3.183
3859.600	-1499.115	3.183
3859.800	-1499.136	3.183
3860.000	-1499.148	3.183
3860.200	-1499.140	3.183
3860.400	-1499.139	3.183
3860.600	-1499.131	3.183
3860.800	-1499.127	3.182
3861.000	-1499.146	3.182
3861.200	-1499.140	3.182
3861.400	-1499.134	3.182
3861.600	-1499.130	3.182
3861.800	-1499.150	3.182
3862.000	-1499.151	3.182
3862.200	-1499.134	3.182
3862.400	-1499.149	3.182
3862.600	-1499.120	3.182
3862.800	-1499.129	3.182
3863.000	-1499.123	3.182
3863.200	-1499.146	3.182
3863.400	-1499.132	3.182
3863.600	-1499.133	3.182
3863.800	-1499.128	3.181
3864.000	-1499.120	3.181
3864.200	-1499.151	3.181
3864.400	-1499.126	3.181
3864.600	-1499.132	3.181
3864.800	-1499.139	3.181
3865.000	-1499.129	3.181
3865.200	-1499.142	3.181
3865.400	-1499.154	3.181
3865.600	-1499.148	3.181
3865.800	-1499.146	3.181
3866.000	-1499.133	3.181
3866.200	-1499.151	3.181
3866.400	-1499.154	3.181
3866.600	-1499.145	3.180
3866.800	-1499.148	3.180
3867.000	-1499.144	3.180
3867.200	-1499.140	3.180
3867.400	-1499.148	3.180
3867.600	-1499.158	3.180
3867.800	-1499.163	3.180
3868.000	-1499.156	3.180
3868.200	-1499.145	3.180
3868.400	-1499.148	3.180
3868.600	-1499.164	3.180
3868.800	-1499.151	3.180
3869.000	-1499.150	3.180
3869.200	-1499.139	3.179
3869.400	-1499.144	3.179
3869.600	-1499.143	3.179
3869.800	-1499.127	3.179
3870.000	-1499.141	3.179
3870.200	-1499.159	3.179
3870.400	-1499.141	3.179
3870.600	-1499.145	3.179
3870.800	-1499.144	3.179
3871.000	-1499.148	3.179
3871.200	-1499.129	3.179
3871.400	-1499.146	3.179
3871.600	-1499.141	3.179
3871.800	-1499.151	3.179
3872.000	-1499.132	3.178
3872.200	-1499.123	3.178
3872.400	-1499.122	3.178
3872.600	-1499.132	3.178
3872.800	-1499.139	3.178
3873.000	-1499.111	3.178
3873.200	-1499.133	3.178
3873.400	-1499.144	3.178
3873.600	-1499.124	3.178
3873.800	-1499.116	3.178
3874.000	-1499.125	3.178
3874.200	-1499.134	3.178
3874.400	-1499.132	3.178
3874.600	-1499.124	3.177
3874.800	-1499.131	3.177
3875.000	-1499.135	3.177
3875.200	-1499.149	3.177
3875.400	-1499.132	3.177
3875.600	-1499.144	3.177
3875.800	-1499.143	3.177
3876.000	-1499.141	3.177
3876.200	-1499.122	3.177
3876.400	-1499.157	3.177
3876.600	-1499.127	3.177
3876.800	-1499.131	3.176
3877.000	-1499.124	3.176
3877.200	-1499.148	3.176
3877.400	-1499.130	3.176
3877.600	-1499.127	3.176
3877.800	-1499.123	3.176
3878.000	-1499.137	3.176
3878.200	-1499.130	3.176
3878.400	-1499.149	3.176
3878.600	-1499.150	3.176
3878.800	-1499.153	3.176
3879.000	-1499.157	3.176
3879.200	-1499.130	3.176
3879.400	-1499.145	3.176
3879.600	-1499.148	3.175
3879.800	-1499.131	3.175
3880.000	-1499.148	3.175
3880.200	-1499.142	3.175
3880.400	-1499.136	3.175
3880.600	-1499.156	3.175
3880.800	-1499.141	3.175
3881.000	-1499.153	3.175
3881.200	-1499.148	3.175
3881.400	-1499.137	3.175
3881.600	-1499.131	3.175
3881.800	-1499.134	3.175
3882.000	-1499.132	3.174
3882.200	-1499.142	3.174
3882.400	-1499.121	3.174
3882.600	-1499.128	3.174
3882.800	-1499.141	3.174
3883.000	-1499.136	3.174
3883.200	-1499.139	3.174
3883.400	-1499.134	3.174
3883.600	-1499.150	3.174
3883.800	-1499.137	3.174
3884.000	-1499.149	3.174
3884.200	-1499.150	3.173
3884.400	-1499.130	3.173
3884.600	-1499.145	3.173
3884.800	-1499.156	3.173
3885.000	-1499.145	3.173
3885.200	-1499.148	3.173
3885.400	-1499.148	3.173
3885.600	-1499.136	3.173
3885.800	-1499.139	3.173
3886.000	-1499.130	3.173
3886.200	-1499.132	3.173
3886.400	-1499.119	3.173
3886.600	-1499.124	3.173
3886.800	-1499.129	3.172
3887.000	-1499.140	3.172
3887.200	-1499.123	3.172
3887.400	-1499.127	3.172
3887.600	-1499.127	3.172
3887.800	-1499.125	3.172
3888.000	-1499.135	3.172
3888.200	-1499.133	3.172
3888.400	-1499.141	3.172
3888.600	-1499.129	3.172
3888.800	-1499.140	3.172
3889.000	-1499.124	3.172
3889.200	-1499.135	3.171
3889.400	-1499.141	3.171
3889.600	-1499.142	3.171
3889.800	-1499.134	3.171
3890.000	-1499.127	3.171
3890.200	-1499.118	3.171
3890.400	-1499.127	3.171
3890.600	-1499.125	3.171
3890.800	-1499.137	3.171
3891.000	-1499.140	3.171
3891.200	-1499.131	3.171
3891.400	-1499.144	3.171
3891.600	-1499.139	3.170
3891.800	-1499.144	3.170
3892.000	-1499.124	3.170
3892.200	-1499.124	3.170
3892.400	-1499.124	3.170
3892.600	-1499.128	3.170
3892.800	-1499.140	3.170
3893.000	-1499.136	3.170
3893.200	-1499.117	3.170
3893.400	-1499.130	3.170
3893.600	-1499.137	3.170
3893.800	-1499.139	3.169
3894.000	-1499.132	3.169
3894.200	-1499.147	3.169
3894.400	-1499.144	3.169
3894.600	-1499.144	3.169
3894.800	-1499.137	3.169
3895.000	-1499.114	3.169
3895.200	-1499.132	3.169
3895.400	-1499.141	3.169
3895.600	-1499.136	3.169
3895.800	-1499.143	3.169
3896.000	-1499.145	3.168
3896.200	-1499.142	3.168
3896.400	-1499.130	3.168
3896.600	-1499.141	3.168
3896.800	-1499.137	3.168
3897.000	-1499.150	3.168
3897.200	-1499.131	3.168
3897.400	-1499.138	3.168
3897.600	-1499.136	3.168
3897.800	-1499.131	3.168
3898.000	-1499.137	3.167
3898.200	-1499.125	3.167
3898.400	-1499.122	3.167
3898.600	-1499.129	3.167
3898.800	-1499.118	3.167
3899.000	-1499.138	3.167
3899.200	-1499.131	3.167
3899.400	-1499.144	3.167
3899.600	-1499.143	3.167
3899.800	-1499.150	3.167
3900.000	-1499.148	3.167
3900.200	-1499.147	3.167
3900.400	-1499.149	3.166
3900.600	-1499.138	3.166
3900.800	-1499.140	3.166
3901.000	-1499.144	3.166
3901.200	-1499.152	3.166
3901.400	-1499.158	3.166
3901.600	-1499.149	3.166
3901.800	-1499.134	3.166
3902.000	-1499.131	3.166
3902.200	-1499.138	3.166
3902.400	-1499.138	3.165
3902.600	-1499.128	3.165
3902.800	-1499.121	3.165
3903.000	-1499.122	3.165
3903.200	-1499.113	3.165
3903.400	-1499.127	3.165
3903.600	-1499.127	3.165
3903.800	-1499.132	3.165
3904.000	-1499.126	3.165
3904.200	-1499.140	3.165
3904.400	-1499.154	3.164
3904.600	-1499.141	3.164
3904.800	-1499.143	3.164
3905.000	-1499.159	3.164
3905.200	-1499.134	3.164
3905.400	-1499.135	3.164
3905.600	-1499.161	3.164
3905.800	-1499.132	3.164
3906.000	-1499.147	3.164
3906.200	-1499.138	3.164
3906.400	-1499.126	3.164
3906.600	-1499.130	3.163
3906.800	-1499.140	3.163
3907.000	-1499.139	3.163
3907.200	-1499.128	3.163
3907.400	-1499.116	3.163
3907.600	-1499.134	3.163
3907.800	-1499.128	3.163
3908.000	-1499.133	3.163
3908.200	-1499.146	3.163
3908.400	-1499.149	3.162
3908.600	-1499.141	3.162
3908.800	-1499.143	3.162
3909.000	-1499.146	3.162
3909.200	-1499.139	3.162
3909.400	-1499.133	3.162
3909.600	-1499.132	3.162
3909.800	-1499.132	3.162
3910.000	-1499.139	3.162
3910.200	-1499.147	3.162
3910.400	-1499.137	3.161
3910.600	-1499.139	3.161
3910.800	-1499.142	3.161
3911.000	-1499.138	3.161
3911.200	-1499.147	3.161
3911.400	-1499.141	3.161
3911.600	-1499.140	3.161
3911.800	-1499.141	3.161
3912.000	-1499.145	3.161
3912.200	-1499.149	3.161
3912.400	-1499.153	3.160
3912.600	-1499.149	3.160
3912.800	-1499.143	3.160
3913.000	-1499.156	3.160
3913.200	-1499.135	3.160
3913.400	-1499.144	3.160
3913.600	-1499.144	3.160
3913.800	-1499.141	3.160
3914.000	-1499.140	3.160
3914.200	-1499.148	3.160
3914.400	-1499.157	3.159
3914.600	-1499.151	3.159
3914.800	-1499.152	3.159
3915.000	-1499.151	3.159
3915.200	-1499.143	3.159
3915.400	-1499.156	3.159
3915.600	-1499.138	3.159
3915.800	-1499.140	3.159
3916.000	-1499.147	3.159
3916.200	-1499.148	3.159
3916.400	-1499.130	3.158
3916.600	-1499.146	3.158
3916.800	-1499.160	3.158
3917.000	-1499.148	3.158
3917.200	-1499.151	3.158
3917.400	-1499.156	3.158
3917.600	-1499.143	3.158
3917.800	-1499.136	3.158
3918.000	-1499.151	3.158
3918.200	-1499.132	3.158
3918.400	-1499.160	3.157
3918.600	-1499.159	3.157
3918.800	-1499.137	3.157
3919.000	-1499.144	3.157
3919.200	-1499.132	3.157
3919.400	-1499.161	3.157
3919.600	-1499.149	3.157
3919.800	-1499.145	3.157
3920.000	-1499.144	3.157
3920.200	-1499.160	3.156
3920.400	-1499.145	3.156
3920.600	-1499.137	3.156
3920.800	-1499.147	3.156
3921.000	-1499.143	3.156
3921.200	-1499.133	3.156
3921.400	-1499.147	3.156
3921.600	-1499.154	3.156
3921.800	-1499.143	3.156
3922.000	-1499.135	3.155
3922.200	-1499.123	3.155
3922.400	-1499.131	3.155
3922.600	-1499.141	3.155
3922.800	-1499.139	3.155
3923.000	-1499.135	3.155
3923.200	-1499.150	3.155
3923.400	-1499.131	3.155
3923.600	-1499.142	3.155
3923.800	-1499.142	3.155
3924.000	-1499.131	3.154
3924.200	-1499.134	3.154
3924.400	-1499.132	3.154
3924.600	-1499.136	3.154
3924.800	-1499.128	3.154
3925.000	-1499.140	3.154
3925.200	-1499.145	3.154
3925.400	-1499.128	3.154
3925.600	-1499.146	3.154
3925.800	-1499.138	3.153
3926.000	-1499.146	3.153
3926.200	-1499.143	3.153
3926.400	-1499.129	3.153
3926.600	-1499.138	3.153
3926.800	-1499.127	3.153
3927.000	-1499.139	3.153
3927.200	-1499.132	3.153
3927.400	-1499.149	3.152
3927.600	-1499.116	3.152
3927.800	-1499.137	3.152
3928.000	-1499.112	3.152
3928.200	-1499.117	3.152
3928.400	-1499.123	3.152
3928.600	-1499.138	3.152
3928.800	-1499.144	3.152
3929.000	-1499.161	3.152
3929.200	-1499.141	3.152
3929.400	-1499.135	3.151
3929.600	-1499.142	3.151
3929.800	-1499.133	3.151
3930.000	-1499.122	3.151
3930.200	-1499.124	3.151
3930.400	-1499.138	3.151
3930.600	-1499.137	3.151
3930.800	-1499.133	3.151
3931.000	-1499.147	3.151
3931.200	-1499.152	3.150
3931.400	-1499.142	3.150
3931.600	-1499.150	3.150
3931.800	-1499.138	3.150
3932.000	-1499.150	3.150
3932.200	-1499.135	3.150
3932.400	-1499.139	3.150
3932.600	-1499.124	3.150
3932.800	-1499.149	3.150
3933.000	-1499.139	3.149
3933.200	-1499.144	3.149
3933.400	-1499.151	3.149
3933.600	-1499.139	3.149
3933.800	-1499.142	3.149
3934.000	-1499.159	3.149
3934.200	-1499.145	3.149
3934.400	-1499.155	3.149
3934.600	-1499.159	3.149
3934.800	-1499.145	3.148
3935.000	-1499.129	3.148
3935.200	-1499.154	3.148
3935.400	-1499.143	3.148
3935.600	-1499.137	3.148
3935.800	-1499.160	3.148
3936.000	-1499.130	3.148
3936.200	-1499.116	3.148
3936.400	-1499.148	3.148
3936.600	-1499.141	3.148
3936.800	-1499.131	3.147
3937.000	-1499.121	3.147
3937.200	-1499.151	3.147
3937.400	-1499.142	3.147
3937.600	-1499.146	3.147
3937.800	-1499.149	3.147
3938.000	-1499.152	3.147
3938.200	-1499.147	3.147
3938.400	-1499.147	3.147
3938.600	-1499.148	3.146
3938.800	-1499.149	3.146
3939.000	-1499.138	3.146
3939.200	-1499.135	3.146
3939.400	-1499.127	3.146
3939.600	-1499.128	3.146
3939.800	-1499.139	3.146
3940.000	-1499.127	3.146
3940.200	-1499.156	3.145
3940.400	-1499.131	3.145
3940.600	-1499.133	3.145
3940.800	-1499.130	3.145
3941.000	-1499.136	3.145
3941.200	-1499.145	3.145
3941.400	-1499.166	3.145
3941.600	-1499.150	3.145
3941.800	-1499.127	3.145
3942.000	-1499.151	3.144
3942.200	-1499.151	3.144
3942.400	-1499.134	3.144
3942.600	-1499.140	3.144
3942.800	-1499.141	3.144
3943.000	-1499.145	3.144
3943.200	-1499.151	3.144
3943.400	-1499.150	3.144
3943.600	-1499.146	3.143
3943.800	-1499.142	3.143
3944.000	-1499.142	3.143
3944.200	-1499.149	3.143
3944.400	-1499.155	3.143
3944.600	-1499.128	3.143
3944.800	-1499.139	3.143
3945.000	-1499.135	3.143
3945.200	-1499.151	3.143
3945.400	-1499.148	3.143
3945.600	-1499.129	3.142
3945.800	-1499.138	3.142
3946.000	-1499.150	3.142
3946.200	-1499.154	3.142
3946.400	-1499.143	3.142
3946.600	-1499.134	3.142
3946.800	-1499.149	3.142
3947.000	-1499.124	3.142
3947.200	-1499.144	3.142
3947.400	-1499.150	3.141
3947.600	-1499.147	3.141
3947.800	-1499.147	3.141
3948.000	-1499.129	3.141
3948.200	-1499.144	3.141
3948.400	-1499.161	3.141
3948.600	-1499.157	3.141
3948.800	-1499.143	3.141
3949.000	-1499.147	3.140
3949.200	-1499.142	3.140
3949.400	-1499.130	3.140
3949.600	-1499.146	3.140
3949.800	-1499.140	3.140
3950.000	-1499.146	3.140
3950.200	-1499.139	3.140
3950.400	-1499.168	3.140
3950.600	-1499.160	3.140
3950.800	-1499.135	3.139
3951.000	-1499.150	3.139
3951.200	-1499.136	3.139
3951.400	-1499.154	3.139
3951.600	-1499.145	3.139
3951.800	-1499.146	3.139
3952.000	-1499.144	3.139
3952.200	-1499.125	3.139
3952.400	-1499.130	3.138
3952.600	-1499.140	3.138
3952.800	-1499.129	3.138
3953.000	-1499.149	3.138
3953.200	-1499.146	3.138
3953.400	-1499.120	3.138
3953.600	-1499.130	3.138
3953.800	-1499.140	3.138
3954.000	-1499.118	3.137
3954.200	-1499.132	3.137
3954.400	-1499.112	3.137
3954.600	-1499.130	3.137
3954.800	-1499.127	3.137
3955.000	-1499.135	3.137
3955.200	-1499.126	3.137
3955.400	-1499.144	3.137
3955.600	-1499.144	3.137
3955.800	-1499.144	3.136
3956.000	-1499.140	3.136
3956.200	-1499.124	3.136
3956.400	-1499.136	3.136
3956.600	-1499.134	3.136
3956.800	-1499.128	3.136
3957.000	-1499.118	3.136
3957.200	-1499.132	3.136
3957.400	-1499.122	3.136
3957.600	-1499.126	3.135
3957.800	-1499.128	3.135
3958.000	-1499.122	3.135
3958.200	-1499.135	3.135
3958.400	-1499.150	3.135
3958.600	-1499.135	3.135
3958.800	-1499.135	3.135
3959.000	-1499.124	3.135
3959.200	-1499.137	3.134
3959.400	-1499.132	3.134
3959.600	-1499.130	3.134
3959.800	-1499.138	3.134
3960.000	-1499.153	3.134
3960.200	-1499.148	3.134
3960.400	-1499.138	3.134
3960.600	-1499.149	3.134
3960.800	-1499.143	3.134
3961.000	-1499.164	3.133
3961.200	-1499.150	3.133
3961.400	-1499.161	3.133
3961.600	-1499.126	3.133
3961.800	-1499.143	3.133
3962.000	-1499.135	3.133
3962.200	-1499.155	3.133
3962.400	-1499.145	3.132
3962.600	-1499.129	3.132
3962.800	-1499.150	3.132
3963.000	-1499.152	3.132
3963.200	-1499.156	3.132
3963.400	-1499.158	3.132
3963.600	-1499.148	3.132
3963.800	-1499.153	3.132
3964.000	-1499.141	3.132
3964.200	-1499.158	3.131
3964.400	-1499.160	3.131
3964.600	-1499.158	3.131
3964.800	-1499.133	3.131
3965.000	-1499.152	3.131
3965.200	-1499.134	3.131
3965.400	-1499.150	3.131
3965.600	-1499.128	3.131
3965.800	-1499.136	3.131
3966.000	-1499.141	3.130
3966.200	-1499.119	3.130
3966.400	-1499.138	3.130
3966.600	-1499.155	3.130
3966.800	-1499.164	3.130
3967.000	-1499.165	3.130
3967.200	-1499.135	3.130
3967.400	-1499.132	3.130
3967.600	-1499.170	3.129
3967.800	-1499.129	3.129
3968.000	-1499.125	3.129
3968.200	-1499.145	3.129
3968.400	-1499.139	3.129
3968.600	-1499.148	3.129
3968.800	-1499.139	3.129
3969.000	-1499.128	3.129
3969.200	-1499.132	3.128
3969.400	-1499.124	3.128
3969.600	-1499.150	3.128
3969.800	-1499.151	3.128
3970.000	-1499.138	3.128
3970.200	-1499.158	3.128
3970.400	-1499.130	3.128
3970.600	-1499.130	3.128
3970.800	-1499.127	3.128
3971.000	-1499.145	3.127
3971.200	-1499.147	3.127
3971.400	-1499.133	3.127
3971.600	-1499.151	3.127
3971.800	-1499.132	3.127
3972.000	-1499.147	3.127
3972.200	-1499.132	3.127
3972.400	-1499.146	3.127
3972.600	-1499.144	3.126
3972.800	-1499.158	3.126
3973.000	-1499.164	3.126
3973.200	-1499.137	3.126
3973.400	-1499.151	3.126
3973.600	-1499.169	3.126
3973.800	-1499.144	3.126
3974.000	-1499.153	3.126
3974.200	-1499.154	3.125
3974.400	-1499.137	3.125
3974.600	-1499.117	3.125
3974.800	-1499.135	3.125
3975.000	-1499.124	3.125
3975.200	-1499.146	3.125
3975.400	-1499.143	3.125
3975.600	-1499.135	3.125
3975.800	-1499.137	3.124
3976.000	-1499.136	3.124
3976.200	-1499.119	3.124
3976.400	-1499.146	3.124
3976.600	-1499.137	3.124
3976.800	-1499.143	3.124
3977.000	-1499.147	3.124
3977.200	-1499.144	3.124
3977.400	-1499.135	3.124
3977.600	-1499.146	3.123
3977.800	-1499.140	3.123
3978.000	-1499.139	3.123
3978.200	-1499.146	3.123
3978.400	-1499.136	3.123
3978.600	-1499.143	3.123
3978.800	-1499.144	3.123
3979.000	-1499.129	3.123
3979.200	-1499.138	3.122
3979.400	-1499.142	3.122
3979.600	-1499.144	3.122
3979.800	-1499.164	3.122
3980.000	-1499.155	3.122
3980.200	-1499.137	3.122
3980.400	-1499.148	3.122
3980.600	-1499.129	3.122
3980.800	-1499.135	3.121
3981.000	-1499.130	3.121
3981.200	-1499.146	3.121
3981.400	-1499.133	3.121
3981.600	-1499.135	3.121
3981.800	-1499.126	3.121
3982.000	-1499.137	3.121
3982.200	-1499.122	3.121
3982.400	-1499.117	3.121
3982.600	-1499.123	3.120
3982.800	-1499.127	3.120
3983.000	-1499.140	3.120
3983.200	-1499.137	3.120
3983.400	-1499.133	3.120
3983.600	-1499.151	3.120
3983.800	-1499.132	3.120
3984.000	-1499.137	3.119
3984.200	-1499.150	3.119
3984.400	-1499.147	3.119
3984.600	-1499.150	3.119
3984.800	-1499.151	3.119
3985.000	-1499.134	3.119
3985.200	-1499.141	3.119
3985.400	-1499.152	3.119
3985.600	-1499.139	3.118
3985.800	-1499.168	3.118
3986.000	-1499.152	3.118
3986.200	-1499.153	3.118
3986.400	-1499.142	3.118
3986.600	-1499.142	3.118
3986.800	-1499.152	3.118
3987.000	-1499.162	3.118
3987.200	-1499.149	3.117
3987.400	-1499.145	3.117
3987.600	-1499.138	3.117
3987.800	-1499.152	3.117
3988.000	-1499.134	3.117
3988.200	-1499.141	3.117
3988.400	-1499.154	3.117
3988.600	-1499.139	3.117
3988.800	-1499.121	3.116
3989.000	-1499.143	3.116
3989.200	-1499.147	3.116
3989.400	-1499.141	3.116
3989.600	-1499.143	3.116
3989.800	-1499.151	3.116
3990.000	-1499.148	3.116
3990.200	-1499.146	3.115
3990.400	-1499.152	3.115
3990.600	-1499.144	3.115
3990.800	-1499.162	3.115
3991.000	-1499.138	3.115
3991.200	-1499.146	3.115
3991.400	-1499.166	3.115
3991.600	-1499.142	3.115
3991.800	-1499.135	3.115
3992.000	-1499.178	3.114
3992.200	-1499.141	3.114
3992.400	-1499.143	3.114
3992.600	-1499.141	3.114
3992.800	-1499.166	3.114
3993.000	-1499.167	3.114
3993.200	-1499.141	3.114
3993.400	-1499.161	3.113
3993.600	-1499.148	3.113
3993.800	-1499.157	3.113
3994.000	-1499.159	3.113
3994.200	-1499.161	3.113
3994.400	-1499.178	3.113
3994.600	-1499.157	3.113
3994.800	-1499.148	3.112
3995.000	-1499.150	3.112
3995.200	-1499.141	3.112
3995.400	-1499.147	3.112
3995.600	-1499.153	3.112
3995.800	-1499.142	3.112
3996.000	-1499.133	3.112
3996.200	-1499.152	3.112
3996.400	-1499.155	3.112
3996.600	-1499.145	3.111
3996.800	-1499.137	3.111
3997.000	-1499.152	3.111
3997.200	-1499.116	3.111
3997.400	-1499.144	3.111
3997.600	-1499.146	3.111
3997.800	-1499.148	3.111
3998.000	-1499.143	3.110
3998.200	-1499.142	3.110
3998.400	-1499.139	3.110
3998.600	-1499.161	3.110
3998.800	-1499.134	3.110
3999.000	-1499.147	3.110
3999.200	-1499.130	3.110
3999.400	-1499.134	3.110
3999.600	-1499.140	3.109
3999.800	-1499.156	3.109
4000.000	-1499.150	3.109
4000.200	-1499.150	3.109
4000.400	-1499.145	3.109
4000.600	-1499.156	3.109
4000.800	-1499.155	3.109
4001.000	-1499.151	3.109
4001.200	-1499.155	3.108
4001.400	-1499.141	3.108
4001.600	-1499.152	3.108
4001.800	-1499.154	3.108
4002.000	-1499.157	3.108
4002.200	-1499.155	3.108
4002.400	-1499.149	3.108
4002.600	-1499.154	3.107
4002.800	-1499.142	3.107
4003.000	-1499.151	3.107
4003.200	-1499.135	3.107
4003.400	-1499.148	3.107
4003.600	-1499.147	3.107
4003.800	-1499.136	3.107
4004.000	-1499.139	3.107
4004.200	-1499.143	3.106
4004.400	-1499.137	3.106
4004.600	-1499.139	3.106
4004.800	-1499.147	3.106
4005.000	-1499.144	3.106
4005.200	-1499.137	3.106
4005.400	-1499.131	3.106
4005.600	-1499.138	3.105
4005.800	-1499.128	3.105
4006.000	-1499.132	3.105
4006.200	-1499.147	3.105
4006.400	-1499.136	3.105
4006.600	-1499.138	3.105
4006.800	-1499.147	3.105
4007.000	-1499.157	3.104
4007.200	-1499.146	3.104
4007.400	-1499.143	3.104
4007.600	-1499.143	3.104
4007.800	-1499.141	3.104
4008.000	-1499.134	3.104
4008.200	-1499.140	3.104
4008.400	-1499.146	3.104
4008.600	-1499.134	3.103
4008.800	-1499.144	3.103
4009.000	-1499.147	3.103
4009.200	-1499.154	3.103
4009.400	-1499.140	3.103
4009.600	-1499.146	3.103
4009.800	-1499.141	3.103
4010.000	-1499.142	3.102
4010.200	-1499.146	3.102
4010.400	-1499.151	3.102
4010.600	-1499.154	3.102
4010.800	-1499.155	3.102
4011.000	-1499.157	3.102
4011.200	-1499.170	3.102
4011.400	-1499.149	3.101
4011.600	-1499.139	3.101
4011.800	-1499.142	3.101
4012.000	-1499.144	3.101
4012.200	-1499.158	3.101
4012.400	-1499.153	3.101
4012.600	-1499.139	3.101
4012.800	-1499.149	3.101
4013.000	-1499.146	3.100
4013.200	-1499.147	3.100
4013.400	-1499.154	3.100
4013.600	-1499.148	3.100
4013.800	-1499.149	3.100
4014.000	-1499.152	3.100
4014.200	-1499.170	3.100
4014.400	-1499.157	3.099
4014.600	-1499.156	3.099
4014.800	-1499.172	3.099
4015.000	-1499.142	3.099
4015.200	-1499.164	3.099
4015.400	-1499.141	3.099
4015.600	-1499.141	3.099
4015.800	-1499.135	3.099
4016.000	-1499.144	3.098
4016.200	-1499.146	3.098
4016.400	-1499.167	3.098
4016.600	-1499.161	3.098
4016.800	-1499.157	3.098
4017.000	-1499.152	3.098
4017.200	-1499.153	3.098
4017.400	-1499.163	3.097
4017.600	-1499.152	3.097
4017.800	-1499.156	3.097
4018.000	-1499.139	3.097
4018.200	-1499.133	3.097
4018.400	-1499.129	3.097
4018.600	-1499.145	3.097
4018.800	-1499.150	3.097
4019.000	-1499.148	3.096
4019.200	-1499.155	3.096
4019.400	-1499.149	3.096
4019.600	-1499.141	3.096
4019.800	-1499.148	3.096
4020.000	-1499.150	3.096
4020.200	-1499.162	3.095
4020.400	-1499.145	3.095
4020.600	-1499.134	3.095
4020.800	-1499.139	3.095
4021.000	-1499.132	3.095
4021.200	-1499.130	3.095
4021.400	-1499.155	3.095
4021.600	-1499.154	3.094
4021.800	-1499.140	3.094
4022.000	-1499.142	3.094
4022.200	-1499.133	3.094
4022.400	-1499.139	3.094
4022.600	-1499.144	3.094
4022.800	-1499.147	3.094
4023.000	-1499.149	3.094
4023.200	-1499.131	3.093
4023.400	-1499.154	3.093
4023.600	-1499.146	3.093
4023.800	-1499.130	3.093
4024.000	-1499.137	3.093
4024.200	-1499.137	3.093
4024.400	-1499.144	3.093
4024.600	-1499.158	3.092
4024.800	-1499.141	3.092
4025.000	-1499.143	3.092
4025.200	-1499.142	3.092
4025.400	-1499.137	3.092
4025.600	-1499.150	3.092
4025.800	-1499.134	3.091
4026.000	-1499.156	3.091
4026.200	-1499.137	3.091
4026.400	-1499.150	3.091
4026.600	-1499.150	3.091
4026.800	-1499.141	3.091
4027.000	-1499.150	3.091
4027.200	-1499.152	3.091
4027.400	-1499.144	3.090
4027.600	-1499.156	3.090
4027.800	-1499.135	3.090
4028.000	-1499.148	3.090
4028.200	-1499.138	3.090
4028.400	-1499.136	3.090
4028.600	-1499.133	3.090
4028.800	-1499.142	3.089
4029.000	-1499.139	3.089
4029.200	-1499.137	3.089
4029.400	-1499.153	3.089
4029.600	-1499.136	3.089
4029.800	-1499.141	3.089
4030.000	-1499.130	3.088
4030.200	-1499.133	3.088
4030.400	-1499.129	3.088
4030.600	-1499.127	3.088
4030.800	-1499.143	3.088
4031.000	-1499.135	3.088
4031.200	-1499.125	3.088
4031.400	-1499.130	3.087
4031.600	-1499.144	3.087
4031.800	-1499.135	3.087
4032.000	-1499.118	3.087
4032.200	-1499.115	3.087
4032.400	-1499.123	3.087
4032.600	-1499.129	3.087
4032.800	-1499.126	3.086
4033.000	-1499.159	3.086
4033.200	-1499.142	3.086
4033.400	-1499.126	3.086
4033.600	-1499.124	3.086
4033.800	-1499.143	3.086
4034.000	-1499.151	3.086
4034.200	-1499.142	3.085
4034.400	-1499.159	3.085
4034.600	-1499.146	3.085
4034.800	-1499.142	3.085
4035.000	-1499.160	3.085
4035.200	-1499.152	3.085
4035.400	-1499.135	3.085
4035.600	-1499.135	3.085
4035.800	-1499.124	3.084
4036.000	-1499.151	3.084
4036.200	-1499.148	3.084
4036.400	-1499.143	3.084
4036.600	-1499.143	3.084
4036.800	-1499.152	3.084
4037.000	-1499.146	3.084
4037.200	-1499.146	3.083
4037.400	-1499.153	3.083
4037.600	-1499.138	3.083
4037.800	-1499.142	3.083
4038.000	-1499.152	3.083
4038.200	-1499.139	3.083
4038.400	-1499.156	3.083
4038.600	-1499.149	3.082
4038.800	-1499.156	3.082
4039.000	-1499.149	3.082
4039.200	-1499.142	3.082
4039.400	-1499.143	3.082
4039.600	-1499.151	3.082
4039.800	-1499.141	3.082
4040.000	-1499.150	3.081
4040.200	-1499.145	3.081
4040.400	-1499.143	3.081
4040.600	-1499.158	3.081
4040.800	-1499.149	3.081
4041.000	-1499.155	3.081
4041.200	-1499.163	3.080
4041.400	-1499.140	3.080
4041.600	-1499.151	3.080
4041.800	-1499.132	3.080
4042.000	-1499.144	3.080
4042.200	-1499.148	3.080
4042.400	-1499.164	3.080
4042.600	-1499.152	3.079
4042.800	-1499.166	3.079
4043.000	-1499.177	3.079
4043.200	-1499.155	3.079
4043.400	-1499.164	3.079
4043.600	-1499.161	3.079
4043.800	-1499.148	3.078
4044.000	-1499.174	3.078
4044.200	-1499.148	3.078
4044.400	-1499.164	3.078
4044.600	-1499.159	3.078
4044.800	-1499.145	3.078
4045.000	-1499.147	3.078
4045.200	-1499.150	3.077
4045.400	-1499.131	3.077
4045.600	-1499.146	3.077
4045.800	-1499.150	3.077
4046.000	-1499.144	3.077
4046.200	-1499.145	3.077
4046.400	-1499.144	3.076
4046.600	-1499.148	3.076
4046.800	-1499.149	3.076
4047.000	-1499.148	3.076
4047.200	-1499.140	3.076
4047.400	-1499.143	3.076
4047.600	-1499.155	3.076
4047.800	-1499.158	3.075
4048.000	-1499.167	3.075
4048.200	-1499.146	3.075
4048.400	-1499.156	3.075
4048.600	-1499.149	3.075
4048.800	-1499.131	3.075
4049.000	-1499.142	3.075
4049.200	-1499.128	3.075
4049.400	-1499.148	3.075
4049.600	-1499.145	3.074
4049.800	-1499.139	3.074
4050.000	-1499.146	3.074
4050.200	-1499.139	3.074
4050.400	-1499.135	3.074
4050.600	-1499.118	3.074
4050.800	-1499.124	3.073
4051.000	-1499.143	3.073
4051.200	-1499.135	3.073
4051.400	-1499.117	3.073
4051.600	-1499.144	3.073
4051.800	-1499.146	3.073
4052.000	-1499.140	3.073
4052.200	-1499.136	3.072
4052.400	-1499.143	3.072
4052.600	-1499.159	3.072
4052.800	-1499.146	3.072
4053.000	-1499.152	3.072
4053.200	-1499.138	3.072
4053.400	-1499.146	3.071
4053.600	-1499.145	3.071
4053.800	-1499.133	3.071
4054.000	-1499.135	3.071
4054.200	-1499.135	3.071
4054.400	-1499.134	3.071
4054.600	-1499.136	3.070
4054.800	-1499.165	3.070
4055.000	-1499.155	3.070
4055.200	-1499.150	3.070
4055.400	-1499.134	3.070
4055.600	-1499.126	3.070
4055.800	-1499.128	3.070
4056.000	-1499.134	3.069
4056.200	-1499.134	3.069
4056.400	-1499.133	3.069
4056.600	-1499.142	3.069
4056.800	-1499.152	3.069
4057.000	-1499.148	3.069
4057.200	-1499.140	3.068
4057.400	-1499.144	3.068
4057.600	-1499.145	3.068
4057.800	-1499.140	3.068
4058.000	-1499.135	3.068
4058.200	-1499.151	3.068
4058.400	-1499.159	3.067
4058.600	-1499.138	3.067
4058.800	-1499.150	3.067
4059.000	-1499.145	3.067
4059.200	-1499.135	3.067
4059.400	-1499.136	3.067
4059.600	-1499.141	3.067
4059.800	-1499.154	3.066
4060.000	-1499.142	3.066
4060.200	-1499.144	3.066
4060.400	-1499.138	3.066
4060.600	-1499.144	3.066
4060.800	-1499.159	3.066
4061.000	-1499.154	3.065
4061.200	-1499.156	3.065
4061.400	-1499.145	3.065
4061.600	-1499.148	3.065
4061.800	-1499.147	3.065
4062.000	-1499.146	3.065
4062.200	-1499.152	3.064
4062.400	-1499.145	3.064
4062.600	-1499.141	3.064
4062.800	-1499.135	3.064
4063.000	-1499.153	3.064
4063.200	-1499.155	3.064
4063.400	-1499.154	3.063
4063.600	-1499.153	3.063
4063.800	-1499.143	3.063
4064.000	-1499.153	3.063
4064.200	-1499.150	3.063
4064.400	-1499.147	3.063
4064.600	-1499.159	3.062
4064.800	-1499.168	3.062
4065.000	-1499.168	3.062
4065.200	-1499.150	3.062
4065.400	-1499.164	3.062
4065.600	-1499.143	3.062
4065.800	-1499.151	3.061
4066.000	-1499.155	3.061
4066.200	-1499.147	3.061
4066.400	-1499.156	3.061
4066.600	-1499.170	3.061
4066.800	-1499.164	3.061
4067.000	-1499.161	3.061
4067.200	-1499.149	3.060
4067.400	-1499.156	3.060
4067.600	-1499.156	3.060
4067.800	-1499.151	3.060
4068.000	-1499.138	3.060
4068.200	-1499.145	3.060
4068.400	-1499.146	3.059
4068.600	-1499.153	3.059
4068.800	-1499.164	3.059
4069.000	-1499.140	3.059
4069.200	-1499.163	3.059
4069.400	-1499.147	3.059
4069.600	-1499.144	3.058
4069.800	-1499.131	3.058
4070.000	-1499.136	3.058
4070.200	-1499.143	3.058
4070.400	-1499.164	3.058
4070.600	-1499.164	3.058
4070.800	-1499.157	3.057
4071.000	-1499.163	3.057
4071.200	-1499.146	3.057
4071.400	-1499.147	3.057
4071.600	-1499.144	3.057
4071.800	-1499.152	3.057
4072.000	-1499.157	3.056
4072.200	-1499.156	3.056
4072.400	-1499.153	3.056
4072.600	-1499.168	3.056
4072.800	-1499.161	3.056
4073.000	-1499.159	3.056
4073.200	-1499.165	3.055
4073.400	-1499.172	3.055
4073.600	-1499.165	3.055
4073.800	-1499.133	3.055
4074.000	-1499.141	3.055
4074.200	-1499.169	3.055
4074.400	-1499.153	3.054
4074.600	-1499.156	3.054
4074.800	-1499.149	3.054
4075.000	-1499.140	3.054
4075.200	-1499.156	3.054
4075.400	-1499.139	3.054
4075.600	-1499.175	3.053
4075.800	-1499.165	3.053
4076.000	-1499.158	3.053
4076.200	-1499.174	3.053
4076.400	-1499.171	3.053
4076.600	-1499.165	3.053
4076.800	-1499.137	3.052
4077.000	-1499.150	3.052
4077.200	-1499.152	3.052
4077.400	-1499.158	3.052
4077.600	-1499.170	3.052
4077.800	-1499.146	3.052
4078.000	-1499.150	3.051
4078.200	-1499.162	3.051
4078.400	-1499.152	3.051
4078.600	-1499.172	3.051
4078.800	-1499.162	3.051
4079.000	-1499.183	3.051
4079.200	-1499.155	3.050
4079.400	-1499.149	3.050
4079.600	-1499.143	3.050
4079.800	-1499.156	3.050
4080.000	-1499.164	3.050
4080.200	-1499.166	3.050
4080.400	-1499.155	3.049
4080.600	-1499.145	3.049
4080.800	-1499.181	3.049
4081.000	-1499.151	3.049
4081.200	-1499.162	3.049
4081.400	-1499.143	3.049
4081.600	-1499.155	3.048
4081.800	-1499.137	3.048
4082.000	-1499.149	3.048
4082.200	-1499.160	3.048
4082.400	-1499.140	3.048
4082.600	-1499.162	3.048
4082.800	-1499.161	3.047
4083.000	-1499.153	3.047
4083.200	-1499.137	3.047
4083.400	-1499.156	3.047
4083.600	-1499.151	3.047
4083.800	-1499.158	3.047
4084.000	-1499.157	3.046
4084.200	-1499.150	3.046
4084.400	-1499.163	3.046
4084.600	-1499.165	3.046
4084.800	-1499.154	3.046
4085.000	-1499.161	3.046
4085.200	-1499.144	3.045
4085.400	-1499.162	3.045
4085.600	-1499.164	3.045
4085.800	-1499.159	3.045
4086.000	-1499.158	3.045
4086.200	-1499.152	3.044
4086.400	-1499.153	3.044
4086.600	-1499.163	3.044
4086.800	-1499.175	3.044
4087.000	-1499.148	3.044
4087.200	-1499.147	3.044
4087.400	-1499.153	3.043
4087.600	-1499.164	3.043
4087.800	-1499.143	3.043
4088.000	-1499.155	3.043
4088.200	-1499.142	3.043
4088.400	-1499.160	3.043
4088.600	-1499.167	3.042
4088.800	-1499.168	3.042
4089.000	-1499.147	3.042
4089.200	-1499.157	3.042
4089.400	-1499.157	3.042
4089.600	-1499.144	3.042
4089.800	-1499.158	3.041
4090.000	-1499.137	3.041
4090.200	-1499.150	3.041
4090.400	-1499.156	3.041
4090.600	-1499.151	3.041
4090.800	-1499.133	3.040
4091.000	-1499.163	3.040
4091.200	-1499.149	3.040
4091.400	-1499.165	3.040
4091.600	-1499.164	3.040
4091.800	-1499.170	3.040
4092.000	-1499.165	3.039
4092.200	-1499.150	3.039
4092.400	-1499.180	3.039
4092.600	-1499.148	3.039
4092.800	-1499.150	3.039
4093.000	-1499.149	3.039
4093.200	-1499.149	3.038
4093.400	-1499.144	3.038
4093.600	-1499.167	3.038
4093.800	-1499.140	3.038
4094.000	-1499.164	3.038
4094.200	-1499.163	3.037
4094.400	-1499.178	3.037
4094.600	-1499.163	3.037
4094.800	-1499.176	3.037
4095.000	-1499.151	3.037
4095.200	-1499.163	3.037
4095.400	-1499.157	3.036
4095.600	-1499.171	3.036
4095.800	-1499.176	3.036
4096.000	-1499.177	3.036
4096.200	-1499.190	3.036
4096.400	-1499.167	3.036
4096.600	-1499.168	3.035
4096.800	-1499.160	3.035
4097.000	-1499.163	3.035
4097.200	-1499.168	3.035
4097.400	-1499.171	3.035
4097.600	-1499.141	3.034
4097.800	-1499.148	3.034
4098.000	-1499.151	3.034
4098.200	-1499.148	3.034
4098.400	-1499.173	3.034
4098.600	-1499.159	3.034
4098.800	-1499.150	3.033
4099.000	-1499.173	3.033
4099.200	-1499.153	3.033
4099.400	-1499.146	3.033
4099.600	-1499.165	3.033
4099.800	-1499.158	3.032
4100.000	-1499.154	3.032
4100.200	-1499.153	3.032
4100.400	-1499.165	3.032
4100.600	-1499.180	3.032
4100.800	-1499.155	3.032
4101.000	-1499.163	3.031
4101.200	-1499.156	3.031
4101.400	-1499.156	3.031
4101.600	-1499.168	3.031
4101.800	-1499.152	3.031
4102.000	-1499.149	3.030
4102.200	-1499.164	3.030
4102.400	-1499.163	3.030
4102.600	-1499.166	3.030
4102.800	-1499.171	3.030
4103.000	-1499.180	3.030
4103.200	-1499.161	3.029
4103.400	-1499.145	3.029
4103.600	-1499.147	3.029
4103.800	-1499.152	3.029
4104.000	-1499.153	3.029
4104.200	-1499.153	3.029
4104.400	-1499.161	3.028
4104.600	-1499.155	3.028
4104.800	-1499.149	3.028
4105.000	-1499.153	3.028
4105.200	-1499.159	3.028
4105.400	-1499.169	3.027
4105.600	-1499.146	3.027
4105.800	-1499.146	3.027
4106.000	-1499.143	3.027
4106.200	-1499.153	3.027
4106.400	-1499.144	3.027
4106.600	-1499.155	3.026
4106.800	-1499.149	3.026
4107.000	-1499.147	3.026
4107.200	-1499.132	3.026
4107.400	-1499.133	3.026
4107.600	-1499.151	3.026
4107.800	-1499.145	3.025
4108.000	-1499.145	3.025
4108.200	-1499.142	3.025
4108.400	-1499.140	3.025
4108.600	-1499.130	3.025
4108.800	-1499.139	3.024
4109.000	-1499.128	3.024
4109.200	-1499.146	3.024
4109.400	-1499.147	3.024
4109.600	-1499.138	3.024
4109.800	-1499.151	3.024
4110.000	-1499.144	3.023
4110.200	-1499.147	3.023
4110.400	-1499.146	3.023
4110.600	-1499.164	3.023
4110.800	-1499.151	3.023
4111.000	-1499.145	3.022
4111.200	-1499.147	3.022
4111.400	-1499.135	3.022
4111.600	-1499.150	3.022
4111.800	-1499.151	3.022
4112.000	-1499.151	3.021
4112.200	-1499.133	3.021
4112.400	-1499.146	3.021
4112.600	-1499.146	3.021
4112.800	-1499.135	3.021
4113.000	-1499.135	3.021
4113.200	-1499.150	3.020
4113.400	-1499.142	3.020
4113.600	-1499.140	3.020
4113.800	-1499.160	3.020
4114.000	-1499.135	3.020
4114.200	-1499.141	3.019
4114.400	-1499.138	3.019
4114.600	-1499.128	3.019
4114.800	-1499.141	3.019
4115.000	-1499.135	3.019
4115.200	-1499.114	3.018
4115.400	-1499.132	3.018
4115.600	-1499.135	3.018
4115.800	-1499.134	3.018
4116.000	-1499.115	3.018
4116.200	-1499.116	3.018
4116.400	-1499.135	3.017
4116.600	-1499.138	3.017
4116.800	-1499.148	3.017
4117.000	-1499.138	3.017
4117.200	-1499.132	3.017
4117.400	-1499.144	3.016
4117.600	-1499.131	3.016
4117.800	-1499.128	3.016
4118.000	-1499.130	3.016
4118.200	-1499.117	3.016
4118.400	-1499.133	3.015
4118.600	-1499.148	3.015
4118.800	-1499.121	3.015
4119.000	-1499.126	3.015
4119.200	-1499.137	3.015
4119.400	-1499.147	3.015
4119.600	-1499.143	3.014
4119.800	-1499.135	3.014
4120.000	-1499.127	3.014
4120.200	-1499.131	3.014
4120.400	-1499.126	3.014
4120.600	-1499.129	3.013
4120.800	-1499.135	3.013
4121.000	-1499.137	3.013
4121.200	-1499.132	3.013
4121.400	-1499.145	3.013
4121.600	-1499.139	3.012
4121.800	-1499.123	3.012
4122.000	-1499.130	3.012
4122.200	-1499.120	3.012
4122.400	-1499.119	3.012
4122.600	-1499.133	3.012
4122.800	-1499.138	3.011
4123.000	-1499.130	3.011
4123.200	-1499.117	3.011
4123.400	-1499.130	3.011
4123.600	-1499.128	3.011
4123.800	-1499.112	3.010
4124.000	-1499.136	3.010
4124.200	-1499.140	3.010
4124.400	-1499.133	3.010
4124.600	-1499.131	3.010
4124.800	-1499.137	3.009
4125.000	-1499.133	3.009
4125.200	-1499.130	3.009
4125.400	-1499.125	3.009
4125.600	-1499.124	3.009
4125.800	-1499.148	3.008
4126.000	-1499.129	3.008
4126.200	-1499.137	3.008
4126.400	-1499.132	3.008
4126.600	-1499.148	3.008
4126.800	-1499.123	3.008
4127.000	-1499.125	3.007
4127.200	-1499.136	3.007
4127.400	-1499.129	3.007
4127.600	-1499.128	3.007
4127.800	-1499.143	3.007
4128.000	-1499.139	3.006
4128.200	-1499.130	3.006
4128.400	-1499.137	3.006
4128.600	-1499.138	3.006
4128.800	-1499.128	3.006
4129.000	-1499.143	3.005
4129.200	-1499.144	3.005
4129.400	-1499.150	3.005
4129.600	-1499.140	3.005
4129.800	-1499.139	3.005
4130.000	-1499.136	3.004
4130.200	-1499.136	3.004
4130.400	-1499.122	3.004
4130.600	-1499.143	3.004
4130.800	-1499.130	3.004
4131.000	-1499.127	3.003
4131.200	-1499.145	3.003
4131.400	-1499.138	3.003
4131.600	-1499.135	3.003
4131.800	-1499.144	3.003
4132.000	-1499.127	3.002
4132.200	-1499.145	3.002
4132.400	-1499.144	3.002
4132.600	-1499.142	3.002
4132.800	-1499.127	3.002
4133.000	-1499.150	3.002
4133.200	-1499.135	3.001
4133.400	-1499.138	3.001
4133.600	-1499.121	3.001
4133.800	-1499.120	3.001
4134.000	-1499.138	3.001
4134.200	-1499.131	3.000
4134.400	-1499.134	3.000
4134.600	-1499.137	3.000
4134.800	-1499.129	3.000
4135.000	-1499.129	3.000
4135.200	-1499.151	2.999
4135.400	-1499.126	2.999
4135.600	-1499.136	2.999
4135.800	-1499.131	2.999
4136.000	-1499.132	2.999
4136.200	-1499.140	2.999
4136.400	-1499.144	2.998
4136.600	-1499.131	2.998
4136.800	-1499.140	2.998
4137.000	-1499.119	2.998
4137.200	-1499.132	2.997
4137.400	-1499.141	2.997
4137.600	-1499.136	2.997
4137.800	-1499.134	2.997
4138.000	-1499.130	2.997
4138.200	-1499.138	2.997
4138.400	-1499.125	2.996
4138.600	-1499.131	2.996
4138.800	-1499.110	2.996
4139.000	-1499.120	2.996
4139.200	-1499.135	2.996
4139.400	-1499.133	2.995
4139.600	-1499.127	2.995
4139.800	-1499.120	2.995
4140.000	-1499.134	2.995
4140.200	-1499.140	2.995
4140.400	-1499.128	2.994
4140.600	-1499.139	2.994
4140.800	-1499.143	2.994
4141.000	-1499.161	2.994
4141.200	-1499.151	2.994
4141.400	-1499.146	2.993
4141.600	-1499.148	2.993
4141.800	-1499.128	2.993
4142.000	-1499.139	2.993
4142.200	-1499.136	2.993
4142.400	-1499.120	2.992
4142.600	-1499.120	2.992
4142.800	-1499.120	2.992
4143.000	-1499.134	2.992
4143.200	-1499.147	2.991
4143.400	-1499.118	2.991
4143.600	-1499.135	2.991
4143.800	-1499.138	2.991
4144.000	-1499.151	2.991
4144.200	-1499.126	2.991
4144.400	-1499.138	2.990
4144.600	-1499.140	2.990
4144.800	-1499.138	2.990
4145.000	-1499.141	2.990
4145.200	-1499.139	2.990
4145.400	-1499.144	2.989
4145.600	-1499.135	2.989
4145.800	-1499.127	2.989
4146.000	-1499.137	2.989
4146.200	-1499.136	2.989
4146.400	-1499.133	2.988
4146.600	-1499.151	2.988
4146.800	-1499.131	2.988
4147.000	-1499.135	2.988
4147.200	-1499.145	2.988
4147.400	-1499.131	2.988
4147.600	-1499.130	2.987
4147.800	-1499.148	2.987
4148.000	-1499.117	2.987
4148.200	-1499.135	2.987
4148.400	-1499.144	2.986
4148.600	-1499.121	2.986
4148.800	-1499.138	2.986
4149.000	-1499.120	2.986
4149.200	-1499.135	2.986
4149.400	-1499.121	2.985
4149.600	-1499.123	2.985
4149.800	-1499.125	2.985
4150.000	-1499.111	2.985
4150.200	-1499.128	2.985
4150.400	-1499.126	2.984
4150.600	-1499.152	2.984
4150.800	-1499.133	2.984
4151.000	-1499.138	2.984
4151.200	-1499.127	2.984
4151.400	-1499.130	2.983
4151.600	-1499.143	2.983
4151.800	-1499.134	2.983
4152.000	-1499.130	2.983
4152.200	-1499.135	2.983
4152.400	-1499.149	2.982
4152.600	-1499.138	2.982
4152.800	-1499.135	2.982
4153.000	-1499.126	2.982
4153.200	-1499.127	2.982
4153.400	-1499.131	2.981
4153.600	-1499.132	2.981
4153.800	-1499.147	2.981
4154.000	-1499.152	2.981
4154.200	-1499.130	2.981
4154.400	-1499.123	2.980
4154.600	-1499.126	2.980
4154.800	-1499.115	2.980
4155.000	-1499.119	2.980
4155.200	-1499.141	2.980
4155.400	-1499.139	2.979
4155.600	-1499.146	2.979
4155.800	-1499.122	2.979
4156.000	-1499.143	2.979
4156.200	-1499.136	2.979
4156.400	-1499.130	2.978
4156.600	-1499.120	2.978
4156.800	-1499.117	2.978
4157.000	-1499.114	2.978
4157.200	-1499.130	2.978
4157.400	-1499.118	2.977
4157.600	-1499.140	2.977
4157.800	-1499.134	2.977
4158.000	-1499.114	2.977
4158.200	-1499.133	2.977
4158.400	-1499.124	2.976
4158.600	-1499.142	2.976
4158.800	-1499.124	2.976
4159.000	-1499.130	2.976
4159.200	-1499.124	2.976
4159.400	-1499.127	2.975
4159.600	-1499.120	2.975
4159.800	-1499.131	2.975
4160.000	-1499.136	2.975
4160.200	-1499.130	2.975
4160.400	-1499.115	2.974
4160.600	-1499.147	2.974
4160.800	-1499.119	2.974
4161.000	-1499.119	2.974
4161.200	-1499.130	2.974
4161.400	-1499.129	2.973
4161.600	-1499.127	2.973
4161.800	-1499.122	2.973
4162.000	-1499.112	2.973
4162.200	-1499.109	2.973
4162.400	-1499.120	2.972
4162.600	-1499.130	2.972
4162.800	-1499.138	2.972
4163.000	-1499.143	2.972
4163.200	-1499.118	2.972
4163.400	-1499.120	2.971
4163.600	-1499.140	2.971
4163.800	-1499.124	2.971
4164.000	-1499.119	2.971
4164.200	-1499.131	2.970
4164.400	-1499.125	2.970
4164.600	-1499.109	2.970
4164.800	-1499.123	2.970
4165.000	-1499.117	2.970
4165.200	-1499.142	2.969
4165.400	-1499.128	2.969
4165.600	-1499.114	2.969
4165.800	-1499.130	2.969
4166.000	-1499.141	2.969
4166.200	-1499.132	2.968
4166.400	-1499.125	2.968
4166.600	-1499.130	2.968
4166.800	-1499.123	2.968
4167.000	-1499.142	2.967
4167.200	-1499.132	2.967
4167.400	-1499.135	2.967
4167.600	-1499.144	2.967
4167.800	-1499.144	2.967
4168.000	-1499.141	2.966
4168.200	-1499.153	2.966
4168.400	-1499.127	2.966
4168.600	-1499.133	2.966
4168.800	-1499.113	2.966
4169.000	-1499.126	2.965
4169.200	-1499.138	2.965
4169.400	-1499.122	2.965
4169.600	-1499.160	2.965
4169.800	-1499.118	2.965
4170.000	-1499.144	2.964
4170.200	-1499.145	2.964
4170.400	-1499.153	2.964
4170.600	-1499.123	2.964
4170.800	-1499.127	2.964
4171.000	-1499.131	2.963
4171.200	-1499.131	2.963
4171.400	-1499.143	2.963
4171.600	-1499.148	2.963
4171.800	-1499.157	2.963
4172.000	-1499.155	2.962
4172.200	-1499.139	2.962
4172.400	-1499.134	2.962
4172.600	-1499.137	2.962
4172.800	-1499.142	2.961
4173.000	-1499.134	2.961
4173.200	-1499.156	2.961
4173.400	-1499.135	2.961
4173.600	-1499.139	2.961
4173.800	-1499.154	2.960
4174.000	-1499.141	2.960
4174.200	-1499.131	2.960
4174.400	-1499.135	2.960
4174.600	-1499.131	2.960
4174.800	-1499.138	2.959
4175.000	-1499.129	2.959
4175.200	-1499.143	2.959
4175.400	-1499.125	2.959
4175.600	-1499.134	2.958
4175.800	-1499.134	2.958
4176.000	-1499.121	2.958
4176.200	-1499.126	2.958
4176.400	-1499.128	2.958
4176.600	-1499.148	2.957
4176.800	-1499.139	2.957
4177.000	-1499.157	2.957
4177.200	-1499.152	2.957
4177.400	-1499.152	2.957
4177.600	-1499.125	2.956
4177.800	-1499.134	2.956
4178.000	-1499.147	2.956
4178.200	-1499.148	2.956
4178.400	-1499.134	2.956
4178.600	-1499.149	2.955
4178.800	-1499.138	2.955
4179.000	-1499.161	2.955
4179.200	-1499.128	2.955
4179.400	-1499.139	2.954
4179.600	-1499.140	2.954
4179.800	-1499.135	2.954
4180.000	-1499.143	2.954
4180.200	-1499.140	2.954
4180.400	-1499.159	2.953
4180.600	-1499.153	2.953
4180.800	-1499.140	2.953
4181.000	-1499.150	2.953
4181.200	-1499.142	2.953
4181.400	-1499.156	2.952
4181.600	-1499.150	2.952
4181.800	-1499.147	2.952
4182.000	-1499.147	2.952
4182.200	-1499.136	2.952
4182.400	-1499.130	2.951
4182.600	-1499.143	2.951
4182.800	-1499.128	2.951
4183.000	-1499.121	2.951
4183.200	-1499.128	2.950
4183.400	-1499.120	2.950
4183.600	-1499.135	2.950
4183.800	-1499.135	2.950
4184.000	-1499.150	2.950
4184.200	-1499.139	2.949
4184.400	-1499.147	2.949
4184.600	-1499.132	2.949
4184.800	-1499.127	2.949
4185.000	-1499.129	2.948
4185.200	-1499.143	2.948
4185.400	-1499.123	2.948
4185.600	-1499.143	2.948
4185.800	-1499.158	2.948
4186.000	-1499.150	2.947
4186.200	-1499.140	2.947
4186.400	-1499.149	2.947
4186.600	-1499.140	2.947
4186.800	-1499.136	2.947
4187.000	-1499.153	2.946
4187.200	-1499.136	2.946
4187.400	-1499.126	2.946
4187.600	-1499.119	2.946
4187.800	-1499.157	2.946
4188.000	-1499.147	2.945
4188.200	-1499.148	2.945
4188.400	-1499.145	2.945
4188.600	-1499.145	2.945
4188.800	-1499.143	2.944
4189.000	-1499.147	2.944
4189.200	-1499.139	2.944
4189.400	-1499.141	2.944
4189.600	-1499.149	2.944
4189.800	-1499.123	2.943
4190.000	-1499.150	2.943
4190.200	-1499.147	2.943
4190.400	-1499.149	2.943
4190.600	-1499.157	2.942
4190.800	-1499.151	2.942
4191.000	-1499.151	2.942
4191.200	-1499.160	2.942
4191.400	-1499.168	2.942
4191.600	-1499.134	2.941
4191.800	-1499.160	2.941
4192.000	-1499.148	2.941
4192.200	-1499.136	2.941
4192.400	-1499.140	2.941
4192.600	-1499.146	2.940
4192.800	-1499.160	2.940
4193.000	-1499.149	2.940
4193.200	-1499.148	2.940
4193.400	-1499.157	2.939
4193.600	-1499.155	2.939
4193.800	-1499.151	2.939
4194.000	-1499.141	2.939
4194.200	-1499.167	2.939
4194.400	-1499.155	2.938
4194.600	-1499.144	2.938
4194.800	-1499.138	2.938
4195.000	-1499.148	2.938
4195.200	-1499.133	2.938
4195.400	-1499.145	2.937
4195.600	-1499.157	2.937
4195.800	-1499.141	2.937
4196.000	-1499.153	2.937
4196.200	-1499.147	2.936
4196.400	-1499.138	2.936
4196.600	-1499.153	2.936
4196.800	-1499.139	2.936
4197.000	-1499.125	2.936
4197.200	-1499.127	2.935
4197.400	-1499.126	2.935
4197.600	-1499.130	2.935
4197.800	-1499.125	2.935
4198.000	-1499.121	2.934
4198.200	-1499.135	2.934
4198.400	-1499.129	2.934
4198.600	-1499.127	2.934
4198.800	-1499.138	2.933
4199.000	-1499.140	2.933
4199.200	-1499.129	2.933
4199.400	-1499.132	2.933
4199.600	-1499.138	2.933
4199.800	-1499.137	2.932
4200.000	-1499.123	2.932
4200.200	-1499.124	2.932
4200.400	-1499.140	2.932
4200.600	-1499.151	2.932
4200.800	-1499.126	2.931
4201.000	-1499.124	2.931
4201.200	-1499.143	2.931
4201.400	-1499.133	2.931
4201.600	-1499.160	2.930
4201.800	-1499.139	2.930
4202.000	-1499.138	2.930
4202.200	-1499.126	2.930
4202.400	-1499.146	2.930
4202.600	-1499.137	2.929
4202.800	-1499.114	2.929
4203.000	-1499.136	2.929
4203.200	-1499.114	2.929
4203.400	-1499.127	2.929
4203.600	-1499.117	2.928
4203.800	-1499.130	2.928
4204.000	-1499.106	2.928
4204.200	-1499.147	2.928
4204.400	-1499.127	2.927
4204.600	-1499.125	2.927
4204.800	-1499.118	2.927
4205.000	-1499.128	2.927
4205.200	-1499.124	2.927
4205.400	-1499.131	2.926
4205.600	-1499.140	2.926
4205.800	-1499.165	2.926
4206.000	-1499.136	2.926
4206.200	-1499.146	2.925
4206.400	-1499.139	2.925
4206.600	-1499.141	2.925
4206.800	-1499.138	2.925
4207.000	-1499.148	2.925
4207.200	-1499.150	2.924
4207.400	-1499.153	2.924
4207.600	-1499.135	2.924
4207.800	-1499.130	2.924
4208.000	-1499.150	2.924
4208.200	-1499.154	2.923
4208.400	-1499.136	2.923
4208.600	-1499.135	2.923
4208.800	-1499.132	2.923
4209.000	-1499.146	2.922
4209.200	-1499.140	2.922
4209.400	-1499.145	2.922
4209.600	-1499.137	2.922
4209.800	-1499.136	2.921
4210.000	-1499.129	2.921
4210.200	-1499.118	2.921
4210.400	-1499.122	2.921
4210.600	-1499.128	2.921
4210.800	-1499.132	2.920
4211.000	-1499.139	2.920
4211.200	-1499.131	2.920
4211.400	-1499.118	2.920
4211.600	-1499.136	2.919
4211.800	-1499.125	2.919
4212.000	-1499.143	2.919
4212.200	-1499.140	2.919
4212.400	-1499.136	2.918
4212.600	-1499.140	2.918
4212.800	-1499.149	2.918
4213.000	-1499.138	2.918
4213.200	-1499.141	2.918
4213.400	-1499.140	2.917
4213.600	-1499.157	2.917
4213.800	-1499.132	2.917
4214.000	-1499.131	2.917
4214.200	-1499.120	2.917
4214.400	-1499.143	2.916
4214.600	-1499.145	2.916
4214.800	-1499.141	2.916
4215.000	-1499.140	2.916
4215.200	-1499.156	2.915
4215.400	-1499.153	2.915
4215.600	-1499.134	2.915
4215.800	-1499.135	2.915
4216.000	-1499.144	2.915
4216.200	-1499.144	2.914
4216.400	-1499.139	2.914
4216.600	-1499.153	2.914
4216.800	-1499.159	2.914
4217.000	-1499.151	2.913
4217.200	-1499.151	2.913
4217.400	-1499.142	2.913
4217.600	-1499.146	2.913
4217.800	-1499.156	2.912
4218.000	-1499.162	2.912
4218.200	-1499.161	2.912
4218.400	-1499.157	2.912
4218.600	-1499.144	2.912
4218.800	-1499.147	2.911
4219.000	-1499.159	2.911
4219.200	-1499.151	2.911
4219.400	-1499.129	2.911
4219.600	-1499.127	2.910
4219.800	-1499.135	2.910
4220.000	-1499.145	2.910
4220.200	-1499.127	2.910
4220.400	-1499.131	2.909
4220.600	-1499.144	2.909
4220.800	-1499.157	2.909
4221.000	-1499.126	2.909
4221.200	-1499.138	2.909
4221.400	-1499.159	2.908
4221.600	-1499.149	2.908
4221.800	-1499.153	2.908
4222.000	-1499.141	2.908
4222.200	-1499.139	2.907
4222.400	-1499.136	2.907
4222.600	-1499.111	2.907
4222.800	-1499.155	2.907
4223.000	-1499.139	2.907
4223.200	-1499.137	2.906
4223.400	-1499.140	2.906
4223.600	-1499.132	2.906
4223.800	-1499.139	2.906
4224.000	-1499.143	2.905
4224.200	-1499.134	2.905
4224.400	-1499.136	2.905
4224.600	-1499.131	2.905
4224.800	-1499.114	2.905
4225.000	-1499.132	2.904
4225.200	-1499.112	2.904
4225.400	-1499.125	2.904
4225.600	-1499.104	2.904
4225.800	-1499.125	2.903
4226.000	-1499.130	2.903
4226.200	-1499.132	2.903
4226.400	-1499.139	2.903
4226.600	-1499.130	2.903
4226.800	-1499.108	2.902
4227.000	-1499.142	2.902
4227.200	-1499.126	2.902
4227.400	-1499.118	2.902
4227.600	-1499.133	2.901
4227.800	-1499.132	2.901
4228.000	-1499.145	2.901
4228.200	-1499.137	2.901
4228.400	-1499.136	2.900
4228.600	-1499.147	2.900
4228.800	-1499.135	2.900
4229.000	-1499.114	2.900
4229.200	-1499.144	2.899
4229.400	-1499.128	2.899
4229.600	-1499.120	2.899
4229.800	-1499.114	2.899
4230.000	-1499.134	2.899
4230.200	-1499.146	2.898
4230.400	-1499.139	2.898
4230.600	-1499.128	2.898
4230.800	-1499.129	2.898
4231.000	-1499.151	2.897
4231.200	-1499.136	2.897
4231.400	-1499.139	2.897
4231.600	-1499.147	2.897
4231.800	-1499.138	2.896
4232.000	-1499.130	2.896
4232.200	-1499.136	2.896
4232.400	-1499.139	2.896
4232.600	-1499.141	2.896
4232.800	-1499.136	2.895
4233.000	-1499.119	2.895
4233.200	-1499.128	2.895
4233.400	-1499.128	2.895
4233.600	-1499.157	2.894
4233.800	-1499.135	2.894
4234.000	-1499.120	2.894
4234.200	-1499.144	2.894
4234.400	-1499.155	2.893
4234.600	-1499.143	2.893
4234.800	-1499.147	2.893
4235.000	-1499.136	2.893
4235.200	-1499.130	2.893
4235.400	-1499.117	2.892
4235.600	-1499.157	2.892
4235.800	-1499.132	2.892
4236.000	-1499.140	2.892
4236.200	-1499.130	2.891
4236.400	-1499.145	2.891
4236.600	-1499.143	2.891
4236.800	-1499.139	2.891
4237.000	-1499.144	2.891
4237.200	-1499.136	2.890
4237.400	-1499.141	2.890
4237.600	-1499.126	2.890
4237.800	-1499.140	2.890
4238.000	-1499.149	2.889
4238.200	-1499.151	2.889
4238.400	-1499.140	2.889
4238.600	-1499.140	2.889
4238.800	-1499.145	2.888
4239.000	-1499.139	2.888
4239.200	-1499.134	2.888
4239.400	-1499.142	2.888
4239.600	-1499.131	2.888
4239.800	-1499.130	2.887
4240.000	-1499.126	2.887
4240.200	-1499.137	2.887
4240.400	-1499.131	2.887
4240.600	-1499.148	2.886
4240.800	-1499.126	2.886
4241.000	-1499.136	2.886
4241.200	-1499.131	2.886
4241.400	-1499.146	2.885
4241.600	-1499.139	2.885
4241.800	-1499.148	2.885
4242.000	-1499.139	2.885
4242.200	-1499.156	2.884
4242.400	-1499.143	2.884
4242.600	-1499.143	2.884
4242.800	-1499.112	2.884
4243.000	-1499.138	2.883
4243.200	-1499.128	2.883
4243.400	-1499.142	2.883
4243.600	-1499.141	2.883
4243.800	-1499.126	2.882
4244.000	-1499.143	2.882
4244.200	-1499.147	2.882
4244.400	-1499.145	2.882
4244.600	-1499.132	2.881
4244.800	-1499.149	2.881
4245.000	-1499.113	2.881
4245.200	-1499.133	2.881
4245.400	-1499.131	2.881
4245.600	-1499.147	2.880
4245.800	-1499.152	2.880
4246.000	-1499.132	2.880
4246.200	-1499.143	2.880
4246.400	-1499.137	2.879
4246.600	-1499.125	2.879
4246.800	-1499.157	2.879
4247.000	-1499.117	2.879
4247.200	-1499.131	2.878
4247.400	-1499.145	2.878
4247.600	-1499.118	2.878
4247.800	-1499.131	2.878
4248.000	-1499.126	2.877
4248.200	-1499.135	2.877
4248.400	-1499.148	2.877
4248.600	-1499.152	2.877
4248.800	-1499.146	2.876
4249.000	-1499.142	2.876
4249.200	-1499.121	2.876
4249.400	-1499.146	2.876
4249.600	-1499.123	2.875
4249.800	-1499.125	2.875
4250.000	-1499.135	2.875
4250.200	-1499.129	2.875
4250.400	-1499.127	2.875
4250.600	-1499.134	2.874
4250.800	-1499.125	2.874
4251.000	-1499.135	2.874
4251.200	-1499.123	2.874
4251.400	-1499.134	2.873
4251.600	-1499.120	2.873
4251.800	-1499.141	2.873
4252.000	-1499.128	2.873
4252.200	-1499.140	2.872
4252.400	-1499.127	2.872
4252.600	-1499.130	2.872
4252.800	-1499.150	2.872
4253.000	-1499.123	2.871
4253.200	-1499.118	2.871
4253.400	-1499.127	2.871
4253.600	-1499.115	2.871
4253.800	-1499.115	2.870
4254.000	-1499.138	2.870
4254.200	-1499.149	2.870
4254.400	-1499.141	2.870
4254.600	-1499.133	2.869
4254.800	-1499.145	2.869
4255.000	-1499.140	2.869
4255.200	-1499.116	2.869
4255.400	-1499.125	2.868
4255.600	-1499.135	2.868
4255.800	-1499.137	2.868
4256.000	-1499.138	2.868
4256.200	-1499.132	2.867
4256.400	-1499.130	2.867
4256.600	-1499.149	2.867
4256.800	-1499.146	2.867
4257.000	-1499.141	2.866
4257.200	-1499.137	2.866
4257.400	-1499.143	2.866
4257.600	-1499.140	2.866
4257.800	-1499.148	2.865
4258.000	-1499.156	2.865
4258.200	-1499.158	2.865
4258.400	-1499.149	2.865
4258.600	-1499.149	2.864
4258.800	-1499.143	2.864
4259.000	-1499.143	2.864
4259.200	-1499.134	2.864
4259.400	-1499.154	2.863
4259.600	-1499.145	2.863
4259.800	-1499.131	2.863
4260.000	-1499.116	2.863
4260.200	-1499.136	2.862
4260.400	-1499.134	2.862
4260.600	-1499.122	2.862
4260.800	-1499.138	2.862
4261.000	-1499.136	2.861
4261.200	-1499.130	2.861
4261.400	-1499.121	2.861
4261.600	-1499.160	2.860
4261.800	-1499.134	2.860
4262.000	-1499.133	2.860
4262.200	-1499.113	2.860
4262.400	-1499.114	2.860
4262.600	-1499.139	2.859
4262.800	-1499.142	2.859
4263.000	-1499.142	2.859
4263.200	-1499.144	2.858
4263.400	-1499.141	2.858
4263.600	-1499.133	2.858
4263.800	-1499.146	2.858
4264.000	-1499.141	2.857
4264.200	-1499.142	2.857
4264.400	-1499.143	2.857
4264.600	-1499.140	2.857
4264.800	-1499.123	2.856
4265.000	-1499.135	2.856
4265.200	-1499.142	2.856
4265.400	-1499.142	2.856
4265.600	-1499.129	2.855
4265.800	-1499.133	2.855
4266.000	-1499.128	2.855
4266.200	-1499.121	2.855
4266.400	-1499.140	2.854
4266.600	-1499.124	2.854
4266.800	-1499.146	2.854
4267.000	-1499.142	2.854
4267.200	-1499.143	2.853
4267.400	-1499.124	2.853
4267.600	-1499.122	2.853
4267.800	-1499.143	2.853
4268.000	-1499.147	2.852
4268.200	-1499.119	2.852
4268.400	-1499.115	2.852
4268.600	-1499.121	2.851
4268.800	-1499.135	2.851
4269.000	-1499.142	2.851
4269.200	-1499.119	2.851
4269.400	-1499.132	2.850
4269.600	-1499.128	2.850
4269.800	-1499.125	2.850
4270.000	-210.176	3.020
4270.200	-209.697	3.023
4270.400	-209.587	3.025
4270.600	-209.545	3.026
4270.800	-209.487	3.027
4271.000	-209.491	3.028
4271.200	-209.507	3.029
4271.400	-209.495	3.030
4271.600	-209.483	3.030
4271.800	-209.479	3.031
4272.000	-209.473	3.032
4272.200	-209.448	3.032
4272.400	-209.472	3.033
4272.600	-209.453	3.034
4272.800	-209.474	3.034
4273.000	-209.447	3.035
4273.200	-209.447	3.035
4273.400	-209.455	3.036
4273.600	-209.444	3.036
4273.800	-209.459	3.036
4274.000	-209.455	3.037
4274.200	-209.455	3.037
4274.400	-209.432	3.038
4274.600	-209.457	3.038
4274.800	-209.437	3.038
4275.000	-209.439	3.039
4275.200	-209.427	3.039
4275.400	-209.421	3.040
4275.600	-209.433	3.040
4275.800	-209.438	3.040
4276.000	-209.439	3.041
4276.200	-209.423	3.041
4276.400	-209.446	3.041
4276.600	-209.437	3.042
4276.800	-209.434	3.042
4277.000	-209.440	3.042
4277.200	-209.438	3.043
4277.400	-209.429	3.043
4277.600	-209.428	3.043
4277.800	-209.433	3.043
4278.000	-209.423	3.044
4278.200	-209.430	3.044
4278.400	-209.423	3.044
4278.600	-209.433	3.045
4278.800	-209.440	3.045
4279.000	-209.425	3.045
4279.200	-209.438	3.045
4279.400	-209.431	3.046
4279.600	-209.459	3.046
4279.800	-209.439	3.046
4280.000	-209.429	3.046
4280.200	-209.433	3.047
4280.400	-209.445	3.047
4280.600	-209.443	3.047
4280.800	-209.440	3.047
4281.000	-209.454	3.048
4281.200	-209.438	3.048
4281.400	-209.438	3.048
4281.600	-209.433	3.048
4281.800	-209.427	3.048
4282.000	-209.442	3.049
4282.200	-209.438	3.049
4282.400	-209.427	3.049
4282.600	-209.446	3.049
4282.800	-209.442	3.049
4283.000	-209.429	3.050
4283.200	-209.426	3.050
4283.400	-209.447	3.050
4283.600	-209.439	3.050
4283.800	-209.443	3.050
4284.000	-209.441	3.051
4284.200	-209.451	3.051
4284.400	-209.448	3.051
4284.600	-209.441	3.051
4284.800	-209.436	3.051
4285.000	-209.440	3.051
4285.200	-209.438	3.052
4285.400	-209.436	3.052
4285.600	-209.452	3.052
4285.800	-209.431	3.052
4286.000	-209.417	3.052
4286.200	-209.435	3.052
4286.400	-209.430	3.053
4286.600	-209.424	3.053
4286.800	-209.424	3.053
4287.000	-209.427	3.053
4287.200	-209.430	3.053
4287.400	-209.426	3.053
4287.600	-209.414	3.054
4287.800	-209.431	3.054
4288.000	-209.402	3.054
4288.200	-209.413	3.054
4288.400	-209.419	3.054
4288.600	-209.421	3.054
4288.800	-209.405	3.054
4289.000	-209.426	3.055
4289.200	-209.415	3.055
4289.400	-209.420	3.055
4289.600	-209.420	3.055
4289.800	-209.419	3.055
4290.000	-209.421	3.055
4290.200	-209.412	3.055
4290.400	-209.429	3.055
4290.600	-209.411	3.056
4290.800	-209.420	3.056
4291.000	-209.419	3.056
4291.200	-209.424	3.056
4291.400	-209.413	3.056
4291.600	-209.397	3.056
4291.800	-209.406	3.056
4292.000	-209.408	3.056
4292.200	-209.419	3.057
4292.400	-209.414	3.057
4292.600	-209.426	3.057
4292.800	-209.414	3.057
4293.000	-209.424	3.057
4293.200	-209.423	3.057
4293.400	-209.401	3.057
4293.600	-209.402	3.057
4293.800	-209.403	3.057
4294.000	-209.406	3.058
4294.200	-209.419	3.058
4294.400	-209.418	3.058
4294.600	-209.412	3.058
4294.800	-209.408	3.058
4295.000	-209.399	3.058
4295.200	-209.418	3.058
4295.400	-209.423	3.058
4295.600	-209.417	3.058
4295.800	-209.411	3.058
4296.000	-209.414	3.059
4296.200	-209.415	3.059
4296.400	-209.415	3.059
4296.600	-209.412	3.059
4296.800	-209.418	3.059
4297.000	-209.427	3.059
4297.200	-209.424	3.059
4297.400	-209.405	3.059
4297.600	-209.410	3.059
4297.800	-209.416	3.059
4298.000	-209.418	3.059
4298.200	-209.416	3.059
4298.400	-209.434	3.060
4298.600	-209.432	3.060
4298.800	-209.429	3.060
4299.000	-209.416	3.060
4299.200	-209.412	3.060
4299.400	-209.414	3.060
4299.600	-209.412	3.060
4299.800	-209.420	3.060
4300.000	-209.429	3.060
4300.200	-209.421	3.060
4300.400	-209.419	3.060
4300.600	-209.407	3.060
4300.800	-209.421	3.060
4301.000	-209.403	3.061
4301.200	-209.417	3.061
4301.400	-209.411	3.061
4301.600	-209.407	3.061
4301.800	-209.416	3.061
4302.000	-209.428	3.061
4302.200	-209.433	3.061
4302.400	-209.412	3.061
4302.600	-209.407	3.061
4302.800	-209.419	3.061
4303.000	-209.420	3.061
4303.200	-209.428	3.061
4303.400	-209.410	3.061
4303.600	-209.409	3.061
4303.800	-209.411	3.061
4304.000	-209.407	3.061
4304.200	-209.421	3.062
4304.400	-209.439	3.062
4304.600	-209.418	3.062
4304.800	-209.420	3.062
4305.000	-209.429	3.062
4305.200	-209.428	3.062
4305.400	-209.420	3.062
4305.600	-209.426	3.062
4305.800	-209.423	3.062
4306.000	-209.420	3.062
4306.200	-209.415	3.062
4306.400	-209.423	3.062
4306.600	-209.412	3.062
4306.800	-209.414	3.062
4307.000	-209.393	3.062
4307.200	-209.419	3.062
4307.400	-209.421	3.062
4307.600	-209.413	3.062
4307.800	-209.416	3.062
4308.000	-209.417	3.062
4308.200	-209.414	3.062
4308.400	-209.412	3.063
4308.600	-209.423	3.063
4308.800	-209.422	3.063
4309.000	-209.434	3.063
4309.200	-209.399	3.063
4309.400	-209.412	3.063
4309.600	-209.424	3.063
4309.800	-209.409	3.063
4310.000	-209.414	3.063
4310.200	-209.409	3.063
4310.400	-209.413	3.063
4310.600	-209.431	3.063
4310.800	-209.425	3.063
4311.000	-209.423	3.063
4311.200	-209.424	3.063
4311.400	-209.418	3.063
4311.600	-209.411	3.063
4311.800	-209.425	3.063
4312.000	-209.421	3.063
4312.200	-209.407	3.063
4312.400	-209.419	3.063
4312.600	-209.409	3.063
4312.800	-209.415	3.063
4313.000	-209.409	3.063
4313.200	-209.418	3.063
4313.400	-209.426	3.063
4313.600	-209.424	3.063
4313.800	-209.410	3.064
4314.000	-209.431	3.064
4314.200	-209.430	3.064
4314.400	-209.436	3.064
4314.600	-209.424	3.064
4314.800	-209.438	3.064
4315.000	-209.420	3.064
4315.200	-209.447	3.064
4315.400	-209.438	3.064
4315.600	-209.422	3.064
4315.800	-209.421	3.064
4316.000	-209.398	3.064
4316.200	-209.421	3.064
4316.400	-209.413	3.064
4316.600	-209.409	3.064
4316.800	-209.409	3.064
4317.000	-209.430	3.064
4317.200	-209.428	3.064
4317.400	-209.424	3.064
4317.600	-209.425	3.064
4317.800	-209.429	3.064
4318.000	-209.439	3.064
4318.200	-209.419	3.064
4318.400	-209.444	3.064
4318.600	-209.431	3.064
4318.800	-209.430	3.064
4319.000	-209.436	3.064
4319.200	-209.428	3.064
4319.400	-209.430	3.064
4319.600	-209.459	3.064
4319.800	-209.426	3.064
4320.000	-209.412	3.064
4320.200	-209.436	3.064
4320.400	-209.445	3.064
4320.600	-209.436	3.064
4320.800	-209.435	3.064
4321.000	-209.443	3.064
4321.200	-209.438	3.064
4321.400	-209.447	3.064
4321.600	-209.441	3.064
4321.800	-209.416	3.064
4322.000	-209.426	3.064
4322.200	-209.447	3.064
4322.400	-209.428	3.064
4322.600	-209.438	3.064
4322.800	-209.423	3.064
4323.000	-209.444	3.064
4323.200	-209.445	3.064
4323.400	-209.428	3.065
4323.600	-209.423	3.065
4323.800	-209.430	3.065
4324.000	-209.424	3.065
4324.200	-209.433	3.065
4324.400	-209.420	3.065
4324.600	-209.445	3.065
4324.800	-209.463	3.065
4325.000	-209.446	3.065
4325.200	-209.450	3.065
4325.400	-209.433	3.065
4325.600	-209.435	3.065
4325.800	-209.452	3.065
4326.000	-209.452	3.065
4326.200	-209.442	3.065
4326.400	-209.459	3.065
4326.600	-209.445	3.065
4326.800	-209.454	3.065
4327.000	-209.447	3.065
4327.200	-209.432	3.065
4327.400	-209.435	3.065
4327.600	-209.440	3.065
4327.800	-209.445	3.065
4328.000	-209.438	3.065
4328.200	-209.457	3.065
4328.400	-209.443	3.065
4328.600	-209.431	3.065
4328.800	-209.420	3.065
4329.000	-209.447	3.065
4329.200	-209.449	3.065
4329.400	-209.439	3.065
4329.600	-209.441	3.065
4329.800	-209.445	3.065
4330.000	-209.443	3.065
4330.200	-209.442	3.065
4330.400	-209.435	3.065
4330.600	-209.435	3.065
4330.800	-209.429	3.065
4331.000	-209.433	3.065
4331.200	-209.429	3.065
4331.400	-209.437	3.065
4331.600	-209.429	3.065
4331.800	-209.417	3.065
4332.000	-209.433	3.065
4332.200	-209.425	3.065
4332.400	-209.438	3.065
4332.600	-209.440	3.065
4332.800	-209.426	3.065
4333.000	-209.417	3.065
4333.200	-209.445	3.065
4333.400	-209.447	3.065
4333.600	-209.412	3.065
4333.800	-209.422	3.065
4334.000	-209.434	3.065
4334.200	-209.435	3.065
4334.400	-209.430	3.065
4334.600	-209.422	3.065
4334.800	-209.417	3.065
4335.000	-209.417	3.065
4335.200	-209.437	3.065
4335.400	-209.451	3.065
4335.600	-209.431	3.065
4335.800	-209.419	3.065
4336.000	-209.433	3.065
4336.200	-209.438	3.065
4336.400	-209.434	3.065
4336.600	-209.420	3.065
4336.800	-209.426	3.065
4337.000	-209.425	3.065
4337.200	-209.420	3.065
4337.400	-209.426	3.065
4337.600	-209.436	3.065
4337.800	-209.418	3.065
4338.000	-209.420	3.065
4338.200	-209.432	3.065
4338.400	-209.447	3.065
4338.600	-209.454	3.065
4338.800	-209.452	3.065
4339.000	-209.439	3.065
4339.200	-209.437	3.065
4339.400	-209.425	3.065
4339.600	-209.440	3.065
4339.800	-209.441	3.065
4340.000	-209.443	3.065
4340.200	-209.434	3.065
4340.400	-209.425	3.065
4340.600	-209.434	3.065
4340.800	-209.441	3.065
4341.000	-209.431	3.065
4341.200	-209.459	3.065
4341.400	-209.446	3.065
4341.600	-209.441	3.065
4341.800	-209.461	3.065
4342.000	-209.444	3.065
4342.200	-209.446	3.065
4342.400	-209.448	3.065
4342.600	-209.445	3.065
4342.800	-209.449	3.065
4343.000	-209.446	3.065
4343.200	-209.454	3.065
4343.400	-209.435	3.065
4343.600	-209.438	3.065
4343.800	-209.429	3.065
4344.000	-209.440	3.065
4344.200	-209.437	3.065
4344.400	-209.443	3.065
4344.600	-209.451	3.065
4344.800	-209.437	3.065
4345.000	-209.457	3.065
4345.200	-209.438	3.065
4345.400	-209.430	3.065
4345.600	-209.447	3.065
4345.800	-209.437	3.065
4346.000	-209.439	3.065
4346.200	-209.452	3.065
4346.400	-209.445	3.065
4346.600	-209.434	3.065
4346.800	-209.443	3.065
4347.000	-209.435	3.065
4347.200	-209.432	3.064
4347.400	-209.427	3.064
4347.600	-209.429	3.064
4347.800	-209.443	3.064
4348.000	-209.423	3.064
4348.200	-209.443	3.064
4348.400	-209.436	3.064
4348.600	-209.441	3.064
4348.800	-209.437	3.064
4349.000	-209.441	3.064
4349.200	-209.447	3.064
4349.400	-209.432	3.064
4349.600	-209.414	3.064
4349.800	-209.434	3.064
4350.000	-209.418	3.064
4350.200	-209.416	3.064
4350.400	-209.433	3.064
4350.600	-209.428	3.064
4350.800	-209.426	3.064
4351.000	-209.420	3.064
4351.200	-209.423	3.064
4351.400	-209.421	3.064
4351.600	-209.412	3.064
4351.800	-209.409	3.064
4352.000	-209.412	3.064
4352.200	-209.437	3.064
4352.400	-209.432	3.064
4352.600	-209.424	3.064
4352.800	-209.428	3.064
4353.000	-209.413	3.064
4353.200	-209.428	3.064
4353.400	-209.420	3.064
4353.600	-209.420	3.064
4353.800	-209.432	3.064
4354.000	-209.442	3.064
4354.200	-209.420	3.064
4354.400	-209.434	3.064
4354.600	-209.421	3.064
4354.800	-209.436	3.064
4355.000	-209.437	3.064
4355.200	-209.441	3.064
4355.400	-209.441	3.064
4355.600	-209.452	3.064
4355.800	-209.442	3.064
4356.000	-209.451	3.064
4356.200	-209.422	3.064
4356.400	-209.450	3.064
4356.600	-209.461	3.064
4356.800	-209.432	3.064
4357.000	-209.444	3.064
4357.200	-209.446	3.064
4357.400	-209.432	3.064
4357.600	-209.437	3.064
4357.800	-209.444	3.064
4358.000	-209.449	3.064
4358.200	-209.433	3.064
4358.400	-209.445	3.064
4358.600	-209.437	3.064
4358.800	-209.427	3.064
4359.000	-209.436	3.064
4359.200	-209.420	3.064
4359.400	-209.425	3.064
4359.600	-209.420	3.064
4359.800	-209.429	3.064
4360.000	-209.443	3.064
4360.200	-209.437	3.064
4360.400	-209.456	3.064
4360.600	-209.432	3.064
4360.800	-209.418	3.064
4361.000	-209.433	3.064
4361.200	-209.457	3.064
4361.400	-209.430	3.064
4361.600	-209.422	3.064
4361.800	-209.429	3.064
4362.000	-209.432	3.064
4362.200	-209.436	3.063
4362.400	-209.442	3.063
4362.600	-209.438	3.063
4362.800	-209.447	3.063
4363.000	-209.435	3.063
4363.200	-209.438	3.063
4363.400	-209.431	3.063
4363.600	-209.455	3.063
4363.800	-209.457	3.063
4364.000	-209.432	3.063
4364.200	-209.453	3.063
4364.400	-209.446	3.063
4364.600	-209.427	3.063
4364.800	-209.443	3.063
4365.000	-209.438	3.063
4365.200	-209.432	3.063
4365.400	-209.426	3.063
4365.600	-209.429	3.063
4365.800	-209.438	3.063
4366.000	-209.432	3.063
4366.200	-209.440	3.063
4366.400	-209.421	3.063
4366.600	-209.448	3.063
4366.800	-209.430	3.063
4367.000	-209.435	3.063
4367.200	-209.423	3.063
4367.400	-209.437	3.063
4367.600	-209.448	3.063
4367.800	-209.429	3.063
4368.000	-209.426	3.063
4368.200	-209.424	3.063
4368.400	-209.438	3.063
4368.600	-209.442	3.063
4368.800	-209.430	3.063
4369.000	-209.427	3.063
4369.200	-209.438	3.063
4369.400	-209.436	3.063
4369.600	-209.447	3.063
4369.800	-209.448	3.063
4370.000	-209.444	3.063
4370.200	-209.433	3.063
4370.400	-209.452	3.063
4370.600	-209.432	3.063
4370.800	-209.434	3.063
4371.000	-209.447	3.063
4371.200	-209.445	3.063
4371.400	-209.438	3.063
4371.600	-209.448	3.063
4371.800	-209.441	3.063
4372.000	-209.441	3.063
4372.200	-209.446	3.063
4372.400	-209.447	3.062
4372.600	-209.448	3.062
4372.800	-209.444	3.062
4373.000	-209.448	3.062
4373.200	-209.442	3.062
4373.400	-209.445	3.062
4373.600	-209.430	3.062
4373.800	-209.430	3.062
4374.000	-209.434	3.062
4374.200	-209.434	3.062
4374.400	-209.437	3.062
4374.600	-209.443	3.062
4374.800	-209.424	3.062
4375.000	-209.437	3.062
4375.200	-209.450	3.062
4375.400	-209.446	3.062
4375.600	-209.452	3.062
4375.800	-209.462	3.062
4376.000	-209.457	3.062
4376.200	-209.451	3.062
4376.400	-209.467	3.062
4376.600	-209.448	3.062
4376.800	-209.440	3.062
4377.000	-209.462	3.062
4377.200	-209.461	3.062
4377.400	-209.460	3.062
4377.600	-209.441	3.062
4377.800	-209.450	3.062
4378.000	-209.449	3.062
4378.200	-209.438	3.062
4378.400	-209.452	3.062
4378.600	-209.459	3.062
4378.800	-209.437	3.062
4379.000	-209.440	3.062
4379.200	-209.439	3.062
4379.400	-209.454	3.062
4379.600	-209.466	3.062
4379.800	-209.434	3.062
4380.000	-209.457	3.062
4380.200	-209.443	3.062
4380.400	-209.453	3.062
4380.600	-209.444	3.062
4380.800	-209.436	3.062
4381.000	-209.450	3.061
4381.200	-209.467	3.061
4381.400	-209.467	3.061
4381.600	-209.443	3.061
4381.800	-209.454	3.061
4382.000	-209.449	3.061
4382.200	-209.445	3.061
4382.400	-209.459	3.061
4382.600	-209.444	3.061
4382.800	-209.441	3.061
4383.000	-209.436	3.061
4383.200	-209.463	3.061
4383.400	-209.457	3.061
4383.600	-209.455	3.061
4383.800	-209.433	3.061
4384.000	-209.460	3.061
4384.200	-209.455	3.061
4384.400	-209.446	3.061
4384.600	-209.441	3.061
4384.800	-209.446	3.061
4385.000	-209.458	3.061
4385.200	-209.473	3.061
4385.400	-209.450	3.061
4385.600	-209.471	3.061
4385.800	-209.436	3.061
4386.000	-209.459	3.061
4386.200	-209.457	3.061
4386.400	-209.454	3.061
4386.600	-209.449	3.061
4386.800	-209.433	3.061
4387.000	-209.441	3.061
4387.200	-209.461	3.061
4387.400	-209.450	3.061
4387.600	-209.441	3.061
4387.800	-209.447	3.061
4388.000	-209.435	3.061
4388.200	-209.437	3.061
4388.400	-209.450	3.061
4388.600	-209.456	3.061
4388.800	-209.471	3.060
4389.000	-209.442	3.060
4389.200	-209.476	3.060
4389.400	-209.472	3.060
4389.600	-209.476	3.060
4389.800	-209.443	3.060
4390.000	-209.461	3.060
4390.200	-209.446	3.060
4390.400	-209.456	3.060
4390.600	-209.450	3.060
4390.800	-209.452	3.060
4391.000	-209.454	3.060
4391.200	-209.444	3.060
4391.400	-209.442	3.060
4391.600	-209.430	3.060
4391.800	-209.416	3.060
4392.000	-209.441	3.060
4392.200	-209.443	3.060
4392.400	-209.454	3.060
4392.600	-209.438	3.060
4392.800	-209.467	3.060
4393.000	-209.463	3.060
4393.200	-209.471	3.060
4393.400	-209.469	3.060
4393.600	-209.451	3.060
4393.800	-209.463	3.060
4394.000	-209.462	3.060
4394.200	-209.464	3.060
4394.400	-209.460	3.060
4394.600	-209.458	3.060
4394.800	-209.450	3.060
4395.000	-209.454	3.060
4395.200	-209.450	3.060
4395.400	-209.464	3.060
4395.600	-209.459	3.060
4395.800	-209.460	3.059
4396.000	-209.445	3.059
4396.200	-209.457	3.059
4396.400	-209.472	3.059
4396.600	-209.469	3.059
4396.800	-209.460	3.059
4397.000	-209.485	3.059
4397.200	-209.465	3.059
4397.400	-209.470	3.059
4397.600	-209.474	3.059
4397.800	-209.475	3.059
4398.000	-209.463	3.059
4398.200	-209.474	3.059
4398.400	-209.482	3.059
4398.600	-209.482	3.059
4398.800	-209.466	3.059
4399.000	-209.471	3.059
4399.200	-209.455	3.059
4399.400	-209.475	3.059
4399.600	-209.491	3.059
4399.800	-209.455	3.059
4400.000	-209.460	3.059
4400.200	-209.466	3.059
4400.400	-209.478	3.059
4400.600	-209.464	3.059
4400.800	-209.450	3.059
4401.000	-209.450	3.059
4401.200	-209.472	3.059
4401.400	-209.453	3.059
4401.600	-209.469	3.059
4401.800	-209.474	3.059
4402.000	-209.472	3.059
4402.200	-209.469	3.059
4402.400	-209.454	3.059
4402.600	-209.476	3.058
4402.800	-209.481	3.058
4403.000	-209.471	3.058
4403.200	-209.473	3.058
4403.400	-209.462	3.058
4403.600	-209.470	3.058
4403.800	-209.458	3.058
4404.000	-209.466	3.058
4404.200	-209.457	3.058
4404.400	-209.454	3.058
4404.600	-209.456	3.058
4404.800	-209.460	3.058
4405.000	-209.444	3.058
4405.200	-209.443	3.058
4405.400	-209.466	3.058
4405.600	-209.457	3.058
4405.800	-209.474	3.058
4406.000	-209.457	3.058
4406.200	-209.467	3.058
4406.400	-209.477	3.058
4406.600	-209.459	3.058
4406.800	-209.442	3.058
4407.000	-209.476	3.058
4407.200	-209.468	3.058
4407.400	-209.457	3.058
4407.600	-209.454	3.058
4407.800	-209.456	3.058
4408.000	-209.451	3.058
4408.200	-209.454	3.058
4408.400	-209.439	3.058
4408.600	-209.459	3.058
4408.800	-209.454	3.058
4409.000	-209.446	3.058
4409.200	-209.455	3.058
4409.400	-209.458	3.058
4409.600	-209.444	3.058
4409.800	-209.441	3.057
4410.000	-209.448	3.057
4410.200	-209.440	3.057
4410.400	-209.435	3.057
4410.600	-209.444	3.057
4410.800	-209.449	3.057
4411.000	-209.424	3.057
4411.200	-209.441	3.057
4411.400	-209.441	3.057
4411.600	-209.446	3.057
4411.800	-209.455	3.057
4412.000	-209.449	3.057
4412.200	-209.451	3.057
4412.400	-209.455	3.057
4412.600	-209.446	3.057
4412.800	-209.458	3.057
4413.000	-209.479	3.057
4413.200	-209.445	3.057
4413.400	-209.452	3.057
4413.600	-209.449	3.057
4413.800	-209.444	3.057
4414.000	-209.465	3.057
4414.200	-209.419	3.057
4414.400	-209.450	3.057
4414.600	-209.457	3.057
4414.800	-209.457	3.057
4415.000	-209.455	3.057
4415.200	-209.461	3.057
4415.400	-209.458	3.057
4415.600	-209.455	3.057
4415.800	-209.470	3.057
4416.000	-209.456	3.057
4416.200	-209.445	3.056
4416.400	-209.436	3.056
4416.600	-209.444	3.056
4416.800	-209.483	3.056
4417.000	-209.452	3.056
4417.200	-209.462	3.056
4417.400	-209.484	3.056
4417.600	-209.454	3.056
4417.800	-209.459	3.056
4418.000	-209.458	3.056
4418.200	-209.450	3.056
4418.400	-209.477	3.056
4418.600	-209.480	3.056
4418.800	-209.459	3.056
4419.000	-209.479	3.056
4419.200	-209.472	3.056
4419.400	-209.464	3.056
4419.600	-209.468	3.056
4419.800	-209.465	3.056
4420.000	-209.479	3.056
4420.200	-209.476	3.056
4420.400	-209.466	3.056
4420.600	-209.451	3.056
4420.800	-209.450	3.056
4421.000	-209.454	3.056
4421.200	-209.487	3.056
4421.400	-209.474	3.056
4421.600	-209.463	3.056
4421.800	-209.448	3.056
4422.000	-209.474	3.055
4422.200	-209.470	3.056
4422.400	-209.464	3.055
4422.600	-209.486	3.055
4422.800	-209.470	3.055
4423.000	-209.449	3.055
4423.200	-209.440	3.055
4423.400	-209.461	3.055
4423.600	-209.464	3.055
4423.800	-209.456	3.055
4424.000	-209.465	3.055
4424.200	-209.456	3.055
4424.400	-209.460	3.055
4424.600	-209.461	3.055
4424.800	-209.458	3.055
4425.000	-209.475	3.055
4425.200	-209.466	3.055
4425.400	-209.458	3.055
4425.600	-209.459	3.055
4425.800	-209.472	3.055
4426.000	-209.477	3.055
4426.200	-209.472	3.055
4426.400	-209.464	3.055
4426.600	-209.494	3.055
4426.800	-209.480	3.055
4427.000	-209.470	3.055
4427.200	-209.490	3.055
4427.400	-209.461	3.055
4427.600	-209.482	3.055
4427.800	-209.456	3.055
4428.000	-209.466	3.055
4428.200	-209.468	3.055
4428.400	-209.441	3.054
4428.600	-209.465	3.054
4428.800	-209.458	3.054
4429.000	-209.473	3.054
4429.200	-209.479	3.054
4429.400	-209.487	3.054
4429.600	-209.479	3.054
4429.800	-209.483	3.054
4430.000	-209.475	3.054
4430.200	-209.484	3.054
4430.400	-209.472	3.054
4430.600	-209.472	3.054
4430.800	-209.467	3.054
4431.000	-209.486	3.054
4431.200	-209.480	3.054
4431.400	-209.474	3.054
4431.600	-209.467	3.054
4431.800	-209.479	3.054
4432.000	-209.461	3.054
4432.200	-209.479	3.054
4432.400	-209.470	3.054
4432.600	-209.472	3.054
4432.800	-209.479	3.054
4433.000	-209.479	3.054
4433.200	-209.472	3.054
4433.400	-209.468	3.054
4433.600	-209.489	3.054
4433.800	-209.474	3.054
4434.000	-209.467	3.054
4434.200	-209.472	3.054
4434.400	-209.468	3.054
4434.600	-209.456	3.054
4434.800	-209.477	3.053
4435.000	-209.469	3.053
4435.200	-209.489	3.053
4435.400	-209.473	3.053
4435.600	-209.479	3.053
4435.800	-209.467	3.053
4436.000	-209.480	3.053
4436.200	-209.490	3.053
4436.400	-209.482	3.053
4436.600	-209.483	3.053
4436.800	-209.482	3.053
4437.000	-209.489	3.053
4437.200	-209.469	3.053
4437.400	-209.483	3.053
4437.600	-209.495	3.053
4437.800	-209.478	3.053
4438.000	-209.473	3.053
4438.200	-209.481	3.053
4438.400	-209.463	3.053
4438.600	-209.471	3.053
4438.800	-209.474	3.053
4439.000	-209.482	3.053
4439.200	-209.471	3.053
4439.400	-209.475	3.053
4439.600	-209.485	3.053
4439.800	-209.495	3.053
4440.000	-209.484	3.053
4440.200	-209.496	3.053
4440.400	-209.483	3.053
4440.600	-209.467	3.052
4440.800	-209.478	3.052
4441.000	-209.481	3.052
4441.200	-209.472	3.052
4441.400	-209.477	3.052
4441.600	-209.488	3.052
4441.800	-209.455	3.052
4442.000	-209.467	3.052
4442.200	-209.452	3.052
4442.400	-209.475	3.052
4442.600	-209.472	3.052
4442.800	-209.463	3.052
4443.000	-209.472	3.052
4443.200	-209.462	3.052
4443.400	-209.462	3.052
4443.600	-209.474	3.052
4443.800	-209.469	3.052
4444.000	-209.463	3.052
4444.200	-209.498	3.052
4444.400	-209.474	3.052
4444.600	-209.462	3.052
4444.800	-209.466	3.052
4445.000	-209.464	3.052
4445.200	-209.459	3.052
4445.400	-209.465	3.052
4445.600	-209.455	3.052
4445.800	-209.476	3.052
4446.000	-209.476	3.052
4446.200	-209.475	3.052
4446.400	-209.449	3.052
4446.600	-209.483	3.051
4446.800	-209.463	3.051
4447.000	-209.458	3.051
4447.200	-209.479	3.051
4447.400	-209.472	3.051
4447.600	-209.479	3.051
4447.800	-209.478	3.051
4448.000	-209.477	3.051
4448.200	-209.483	3.051
4448.400	-209.476	3.051
4448.600	-209.459	3.051
4448.800	-209.475	3.051
4449.000	-209.482	3.051
4449.200	-209.476	3.051
4449.400	-209.475	3.051
4449.600	-209.475	3.051
4449.800	-209.478	3.051
4450.000	-209.463	3.051
4450.200	-209.478	3.051
4450.400	-209.494	3.051
4450.600	-209.447	3.051
4450.800	-209.482	3.051
4451.000	-209.460	3.051
4451.200	-209.475	3.051
4451.400	-209.481	3.051
4451.600	-209.478	3.051
4451.800	-209.473	3.051
4452.000	-209.454	3.051
4452.200	-209.449	3.051
4452.400	-209.466	3.050
4452.600	-209.470	3.050
4452.800	-209.476	3.050
4453.000	-209.477	3.050
4453.200	-209.464	3.050
4453.400	-209.452	3.050
4453.600	-209.472	3.050
4453.800	-209.471	3.050
4454.000	-209.457	3.050
4454.200	-209.460	3.050
4454.400	-209.465	3.050
4454.600	-209.469	3.050
4454.800	-209.471	3.050
4455.000	-209.476	3.050
4455.200	-209.471	3.050
4455.400	-209.479	3.050
4455.600	-209.479	3.050
4455.800	-209.466	3.050
4456.000	-209.470	3.050
4456.200	-209.456	3.050
4456.400	-209.463	3.050
4456.600	-209.469	3.050
4456.800	-209.447	3.050
4457.000	-209.452	3.050
4457.200	-209.480	3.050
4457.400	-209.480	3.050
4457.600	-209.473	3.050
4457.800	-209.478	3.050
4458.000	-209.457	3.050
4458.200	-209.456	3.050
4458.400	-209.481	3.049
4458.600	-209.487	3.049
4458.800	-209.464	3.049
4459.000	-209.440	3.049
4459.200	-209.435	3.049
4459.400	-209.466	3.049
4459.600	-209.474	3.049
4459.800	-209.472	3.049
4460.000	-209.453	3.049
4460.200	-209.466	3.049
4460.400	-209.481	3.049
4460.600	-209.482	3.049
4460.800	-209.443	3.049
4461.000	-209.478	3.049
4461.200	-209.484	3.049
4461.400	-209.459	3.049
4461.600	-209.473	3.049
4461.800	-209.474	3.049
4462.000	-209.468	3.049
4462.200	-209.453	3.049
4462.400	-209.450	3.049
4462.600	-209.448	3.049
4462.800	-209.443	3.049
4463.000	-209.454	3.049
4463.200	-209.453	3.049
4463.400	-209.461	3.049
4463.600	-209.465	3.049
4463.800	-209.450	3.049
4464.000	-209.458	3.049
4464.200	-209.442	3.049
4464.400	-209.445	3.048
4464.600	-209.456	3.048
4464.800	-209.457	3.048
4465.000	-209.460	3.048
4465.200	-209.453	3.048
4465.400	-209.460	3.048
4465.600	-209.445	3.048
4465.800	-209.458	3.048
4466.000	-209.461	3.048
4466.200	-209.469	3.048
4466.400	-209.455	3.048
4466.600	-209.465	3.048
4466.800	-209.474	3.048
4467.000	-209.460	3.048
4467.200	-209.470	3.048
4467.400	-209.470	3.048
4467.600	-209.469	3.048
4467.800	-209.471	3.048
4468.000	-209.479	3.048
4468.200	-209.465	3.048
4468.400	-209.464	3.048
4468.600	-209.473	3.048
4468.800	-209.464	3.048
4469.000	-209.467	3.048
4469.200	-209.472	3.048
4469.400	-209.469	3.048
4469.600	-209.457	3.048
4469.800	-209.479	3.047
4470.000	-209.472	3.047
4470.200	-209.461	3.047
4470.400	-209.472	3.047
4470.600	-209.467	3.047
4470.800	-209.461	3.047
4471.000	-209.456	3.047
4471.200	-209.479	3.047
4471.400	-209.473	3.047
4471.600	-209.473	3.047
4471.800	-209.452	3.047
4472.000	-209.478	3.047
4472.200	-209.453	3.047
4472.400	-209.449	3.047
4472.600	-209.448	3.047
4472.800	-209.473	3.047
4473.000	-209.452	3.047
4473.200	-209.474	3.047
4473.400	-209.477	3.047
4473.600	-209.464	3.047
4473.800	-209.480	3.047
4474.000	-209.458	3.047
4474.200	-209.458	3.047
4474.400	-209.474	3.047
4474.600	-209.474	3.047
4474.800	-209.477	3.047
4475.000	-209.474	3.047
4475.200	-209.462	3.047
4475.400	-209.482	3.046
4475.600	-209.471	3.046
4475.800	-209.475	3.046
4476.000	-209.464	3.046
4476.200	-209.465	3.046
4476.400	-209.466	3.046
4476.600	-209.467	3.046
4476.800	-209.470	3.046
4477.000	-209.465	3.046
4477.200	-209.485	3.046
4477.400	-209.486	3.046
4477.600	-209.482	3.046
4477.800	-209.479	3.046
4478.000	-209.482	3.046
4478.200	-209.458	3.046
4478.400	-209.462	3.046
4478.600	-209.470	3.046
4478.800	-209.459	3.046
4479.000	-209.473	3.046
4479.200	-209.471	3.046
4479.400	-209.481	3.046
4479.600	-209.464	3.046
4479.800	-209.477	3.046
4480.000	-209.456	3.046
4480.200	-209.474	3.046
4480.400	-209.452	3.046
4480.600	-209.482	3.046
4480.800	-209.476	3.046
4481.000	-209.468	3.045
4481.200	-209.471	3.045
4481.400	-209.478	3.045
4481.600	-209.466	3.045
4481.800	-209.462	3.045
4482.000	-209.471	3.045
4482.200	-209.445	3.045
4482.400	-209.464	3.045
4482.600	-209.486	3.045
4482.800	-209.459	3.045
4483.000	-209.467	3.045
4483.200	-209.473	3.045
4483.400	-209.444	3.045
4483.600	-209.458	3.045
4483.800	-209.447	3.045
4484.000	-209.450	3.045
4484.200	-209.453	3.045
4484.400	-209.474	3.045
4484.600	-209.459	3.045
4484.800	-209.453	3.045
4485.000	-209.446	3.045
4485.200	-209.458	3.045
4485.400	-209.471	3.045
4485.600	-209.468	3.045
4485.800	-209.463	3.045
4486.000	-209.464	3.045
4486.200	-209.454	3.044
4486.400	-209.471	3.044
4486.600	-209.456	3.044
4486.800	-209.464	3.044
4487.000	-209.464	3.044
4487.200	-209.471	3.044
4487.400	-209.464	3.044
4487.600	-209.481	3.044
4487.800	-209.473	3.044
4488.000	-209.473	3.044
4488.200	-209.461	3.044
4488.400	-209.458	3.044
4488.600	-209.457	3.044
4488.800	-209.463	3.044
4489.000	-209.452	3.044
4489.200	-209.457	3.044
4489.400	-209.464	3.044
4489.600	-209.462	3.044
4489.800	-209.444	3.044
4490.000	-209.463	3.044
4490.200	-209.464	3.044
4490.400	-209.474	3.044
4490.600	-209.463	3.044
4490.800	-209.468	3.044
4491.000	-209.475	3.044
4491.200	-209.481	3.044
4491.400	-209.464	3.044
4491.600	-209.472	3.044
4491.800	-209.461	3.044
4492.000	-209.461	3.043
4492.200	-209.483	3.043
4492.400	-209.463	3.043
4492.600	-209.453	3.043
4492.800	-209.466	3.043
4493.000	-209.465	3.043
4493.200	-209.449	3.043
4493.400	-209.473	3.043
4493.600	-209.487	3.043
4493.800	-209.466	3.043
4494.000	-209.470	3.043
4494.200	-209.450	3.043
4494.400	-209.441	3.043
4494.600	-209.440	3.043
4494.800	-209.442	3.043
4495.000	-209.457	3.043
4495.200	-209.458	3.043
4495.400	-209.441	3.043
4495.600	-209.445	3.043
4495.800	-209.456	3.043
4496.000	-209.449	3.043
4496.200	-209.447	3.043
4496.400	-209.448	3.043
4496.600	-209.442	3.043
4496.800	-209.451	3.042
4497.000	-209.452	3.042
4497.200	-209.446	3.042
4497.400	-209.446	3.042
4497.600	-209.468	3.042
4497.800	-209.461	3.042
4498.000	-209.462	3.042
4498.200	-209.442	3.042
4498.400	-209.446	3.042
4498.600	-209.446	3.042
4498.800	-209.447	3.042
4499.000	-209.448	3.042
4499.200	-209.454	3.042
4499.400	-209.443	3.042
4499.600	-209.462	3.042
4499.800	-209.439	3.042
4500.000	-209.451	3.042
4500.200	-209.447	3.042
4500.400	-209.454	3.042
4500.600	-209.461	3.042
4500.800	-209.464	3.042
4501.000	-209.448	3.042
4501.200	-209.476	3.042
4501.400	-209.474	3.042
4501.600	-209.457	3.042
4501.800	-209.456	3.042
4502.000	-209.466	3.042
4502.200	-209.438	3.042
4502.400	-209.443	3.041
4502.600	-209.455	3.041
4502.800	-209.464	3.041
4503.000	-209.468	3.041
4503.200	-209.457	3.041
4503.400	-209.443	3.041
4503.600	-209.468	3.041
4503.800	-209.450	3.041
4504.000	-209.464	3.041
4504.200	-209.445	3.041
4504.400	-209.464	3.041
4504.600	-209.461	3.041
4504.800	-209.466	3.041
4505.000	-209.456	3.041
4505.200	-209.475	3.041
4505.400	-209.470	3.041
4505.600	-209.455	3.041
4505.800	-209.459	3.041
4506.000	-209.472	3.041
4506.200	-209.462	3.041
4506.400	-209.458	3.041
4506.600	-209.461	3.041
4506.800	-209.477	3.041
4507.000	-209.450	3.041
4507.200	-209.469	3.041
4507.400	-209.453	3.041
4507.600	-209.469	3.040
4507.800	-209.466	3.040
4508.000	-209.477	3.040
4508.200	-209.480	3.040
4508.400	-209.462	3.040
4508.600	-209.467	3.040
4508.800	-209.453	3.040
4509.000	-209.459	3.040
4509.200	-209.462	3.040
4509.400	-209.465	3.040
4509.600	-209.465	3.040
4509.800	-209.474	3.040
4510.000	-209.473	3.040
4510.200	-209.464	3.040
4510.400	-209.456	3.040
4510.600	-209.464	3.040
4510.800	-209.464	3.040
4511.000	-209.481	3.040
4511.200	-209.459	3.040
4511.400	-209.472	3.040
4511.600	-209.459	3.040
4511.800	-209.467	3.040
4512.000	-209.460	3.040
4512.200	-209.472	3.040
4512.400	-209.453	3.040
4512.600	-209.466	3.040
4512.800	-209.476	3.039
4513.000	-209.465	3.039
4513.200	-209.470	3.039
4513.400	-209.480	3.039
4513.600	-209.462	3.039
4513.800	-209.455	3.039
4514.000	-209.455	3.039
4514.200	-209.454	3.039
4514.400	-209.460	3.039
4514.600	-209.467	3.039
4514.800	-209.469	3.039
4515.000	-209.479	3.039
4515.200	-209.481	3.039
4515.400	-209.473	3.039
4515.600	-209.467	3.039
4515.800	-209.470	3.039
4516.000	-209.459	3.039
4516.200	-209.469	3.039
4516.400	-209.468	3.039
4516.600	-209.465	3.039
4516.800	-209.486	3.039
4517.000	-209.461	3.039
4517.200	-209.460	3.039
4517.400	-209.439	3.039
4517.600	-209.464	3.039
4517.800	-209.479	3.039
4518.000	-209.485	3.039
4518.200	-209.483	3.038
4518.400	-209.481	3.038
4518.600	-209.468	3.038
4518.800	-209.464	3.038
4519.000	-209.472	3.038
4519.200	-209.476	3.038
4519.400	-209.464	3.038
4519.600	-209.462	3.038
4519.800	-209.472	3.038
4520.000	-209.463	3.038
4520.200	-209.477	3.038
4520.400	-209.464	3.038
4520.600	-209.468	3.038
4520.800	-209.477	3.038
4521.000	-209.454	3.038
4521.200	-209.470	3.038
4521.400	-209.451	3.038
4521.600	-209.453	3.038
4521.800	-209.452	3.038
4522.000	-209.463	3.038
4522.200	-209.458	3.038
4522.400	-209.452	3.038
4522.600	-209.464	3.038
4522.800	-209.467	3.038
4523.000	-209.477	3.038
4523.200	-209.463	3.038
4523.400	-209.464	3.038
4523.600	-209.474	3.038
4523.800	-209.475	3.037
4524.000	-209.479	3.037
4524.200	-209.446	3.037
4524.400	-209.443	3.037
4524.600	-209.449	3.037
4524.800	-209.441	3.037
4525.000	-209.423	3.037
4525.200	-209.448	3.037
4525.400	-209.446	3.037
4525.600	-209.459	3.037
4525.800	-209.438	3.037
4526.000	-209.433	3.037
4526.200	-209.442	3.037
4526.400	-209.457	3.037
4526.600	-209.414	3.037
4526.800	-209.443	3.037
4527.000	-209.442	3.037
4527.200	-209.454	3.037
4527.400	-209.455	3.037
4527.600	-209.435	3.037
4527.800	-209.439	3.037
4528.000	-209.438	3.037
4528.200	-209.431	3.037
4528.400	-209.445	3.037
4528.600	-209.455	3.037
4528.800	-209.436	3.037
4529.000	-209.430	3.037
4529.200	-209.438	3.036
4529.400	-209.428	3.036
4529.600	-209.433	3.036
4529.800	-209.425	3.036
4530.000	-209.445	3.036
4530.200	-209.412	3.036
4530.400	-209.447	3.036
4530.600	-209.437	3.036
4530.800	-209.447	3.036
4531.000	-209.430	3.036
4531.200	-209.437	3.036
4531.400	-209.455	3.036
4531.600	-209.443	3.036
4531.800	-209.433	3.036
4532.000	-209.432	3.036
4532.200	-209.444	3.036
4532.400	-209.446	3.036
4532.600	-209.437	3.036
4532.800	-209.422	3.036
4533.000	-209.429	3.036
4533.200	-209.444	3.036
4533.400	-209.427	3.036
4533.600	-209.439	3.036
4533.800	-209.421	3.036
4534.000	-209.438	3.036
4534.200	-209.430	3.036
4534.400	-209.423	3.035
4534.600	-209.421	3.035
4534.800	-209.417	3.035
4535.000	-209.421	3.035
4535.200	-209.432	3.035
4535.400	-209.430	3.035
4535.600	-209.433	3.035
4535.800	-209.429	3.035
4536.000	-209.427	3.035
4536.200	-209.420	3.035
4536.400	-209.438	3.035
4536.600	-209.444	3.035
4536.800	-209.443	3.035
4537.000	-209.457	3.035
4537.200	-209.434	3.035
4537.400	-209.454	3.035
4537.600	-209.447	3.035
4537.800	-209.449	3.035
4538.000	-209.454	3.035
4538.200	-209.453	3.035
4538.400	-209.443	3.035
4538.600	-209.470	3.035
4538.800	-209.442	3.035
4539.000	-209.443	3.035
4539.200	-209.454	3.035
4539.400	-209.430	3.034
4539.600	-209.445	3.034
4539.800	-209.455	3.034
4540.000	-209.445	3.034
4540.200	-209.449	3.034
4540.400	-209.465	3.034
4540.600	-209.464	3.034
4540.800	-209.464	3.034
4541.000	-209.460	3.034
4541.200	-209.436	3.034
4541.400	-209.469	3.034
4541.600	-209.449	3.034
4541.800	-209.462	3.034
4542.000	-209.454	3.034
4542.200	-209.451	3.034
4542.400	-209.450	3.034
4542.600	-209.441	3.034
4542.800	-209.458	3.034
4543.000	-209.471	3.034
4543.200	-209.445	3.034
4543.400	-209.475	3.034
4543.600	-209.457	3.034
4543.800	-209.446	3.034
4544.000	-209.451	3.034
4544.200	-209.452	3.033
4544.400	-209.465	3.033
4544.600	-209.454	3.033
4544.800	-209.448	3.033
4545.000	-209.469	3.033
4545.200	-209.462	3.033
4545.400	-209.446	3.033
4545.600	-209.449	3.033
4545.800	-209.440	3.033
4546.000	-209.447	3.033
4546.200	-209.457	3.033
4546.400	-209.441	3.033
4546.600	-209.458	3.033
4546.800	-209.455	3.033
4547.000	-209.457	3.033
4547.200	-209.445	3.033
4547.400	-209.446	3.033
4547.600	-209.441	3.033
4547.800	-209.443	3.033
4548.000	-209.461	3.033
4548.200	-209.454	3.033
4548.400	-209.446	3.033
4548.600	-209.453	3.033
4548.800	-209.460	3.033
4549.000	-209.435	3.033
4549.200	-209.443	3.033
4549.400	-209.458	3.033
4549.600	-209.462	3.032
4549.800	-209.461	3.032
4550.000	-209.437	3.032
4550.200	-209.454	3.032
4550.400	-209.456	3.032
4550.600	-209.456	3.032
4550.800	-209.450	3.032
4551.000	-209.442	3.032
4551.200	-209.448	3.032
4551.400	-209.448	3.032
4551.600	-209.460	3.032
4551.800	-209.458	3.032
4552.000	-209.449	3.032
4552.200	-209.453	3.032
4552.400	-209.453	3.032
4552.600	-209.454	3.032
4552.800	-209.431	3.032
4553.000	-209.473	3.032
4553.200	-209.454	3.032
4553.400	-209.446	3.032
4553.600	-209.449	3.032
4553.800	-209.450	3.032
4554.000	-209.441	3.032
4554.200	-209.432	3.032
4554.400	-209.444	3.032
4554.600	-209.435	3.032
4554.800	-209.434	3.031
4555.000	-209.446	3.031
4555.200	-209.432	3.031
4555.400	-209.449	3.031
4555.600	-209.429	3.031
4555.800	-209.423	3.031
4556.000	-209.455	3.031
4556.200	-209.441	3.031
4556.400	-209.446	3.031
4556.600	-209.440	3.031
4556.800	-209.445	3.031
4557.000	-209.441	3.031
4557.200	-209.438	3.031
4557.400	-209.436	3.031
4557.600	-209.435	3.031
4557.800	-209.441	3.031
4558.000	-209.437	3.031
4558.200	-209.427	3.031
4558.400	-209.444	3.031
4558.600	-209.441	3.031
4558.800	-209.448	3.031
4559.000	-209.444	3.031
4559.200	-209.456	3.031
4559.400	-209.433	3.031
4559.600	-209.428	3.031
4559.800	-209.427	3.030
4560.000	-209.429	3.030
4560.200	-209.438	3.030
4560.400	-209.437	3.030
4560.600	-209.435	3.030
4560.800	-209.430	3.030
4561.000	-209.425	3.030
4561.200	-209.428	3.030
4561.400	-209.436	3.030
4561.600	-209.428	3.030
4561.800	-209.423	3.030
4562.000	-209.434	3.030
4562.200	-209.441	3.030
4562.400	-209.420	3.030
4562.600	-209.451	3.030
4562.800	-209.452	3.030
4563.000	-209.450	3.030
4563.200	-209.436	3.030
4563.400	-209.443	3.030
4563.600	-209.453	3.030
4563.800	-209.448	3.030
4564.000	-209.442	3.030
4564.200	-209.443	3.030
4564.400	-209.438	3.030
4564.600	-209.450	3.030
4564.800	-209.468	3.030
4565.000	-209.451	3.029
4565.200	-209.442	3.029
4565.400	-209.450	3.029
4565.600	-209.458	3.029
4565.800	-209.453	3.029
4566.000	-209.446	3.029
4566.200	-209.447	3.029
4566.400	-209.433	3.029
4566.600	-209.456	3.029
4566.800	-209.465	3.029
4567.000	-209.454	3.029
4567.200	-209.472	3.029
4567.400	-209.474	3.029
4567.600	-209.448	3.029
4567.800	-209.472	3.029
4568.000	-209.458	3.029
4568.200	-209.448	3.029
4568.400	-209.461	3.029
4568.600	-209.464	3.029
4568.800	-209.452	3.029
4569.000	-209.455	3.029
4569.200	-209.466	3.029
4569.400	-209.479	3.029
4569.600	-209.461	3.029
4569.800	-209.456	3.029
4570.000	-209.456	3.028
4570.200	-209.443	3.028
4570.400	-209.465	3.028
4570.600	-209.458	3.028
4570.800	-209.467	3.028
4571.000	-209.455	3.028
4571.200	-209.454	3.028
4571.400	-209.454	3.028
4571.600	-209.440	3.028
4571.800	-209.456	3.028
4572.000	-209.455	3.028
4572.200	-209.460	3.028
4572.400	-209.476	3.028
4572.600	-209.452	3.028
4572.800	-209.472	3.028
4573.000	-209.468	3.028
4573.200	-209.460	3.028
4573.400	-209.472	3.028
4573.600	-209.471	3.028
4573.800	-209.460	3.028
4574.000	-209.468	3.028
4574.200	-209.477	3.028
4574.400	-209.457	3.028
4574.600	-209.465	3.027
4574.800	-209.453	3.027
4575.000	-209.474	3.027
4575.200	-209.472	3.027
4575.400	-209.475	3.027
4575.600	-209.455	3.027
4575.800	-209.476	3.027
4576.000	-209.475	3.027
4576.200	-209.482	3.027
4576.400	-209.456	3.027
4576.600	-209.471	3.027
4576.800	-209.471	3.027
4577.000	-209.482	3.027
4577.200	-209.501	3.027
4577.400	-209.487	3.027
4577.600	-209.447	3.027
4577.800	-209.471	3.027
4578.000	-209.462	3.027
4578.200	-209.461	3.027
4578.400	-209.459	3.027
4578.600	-209.449	3.027
4578.800	-209.468	3.027
4579.000	-209.458	3.027
4579.200	-209.466	3.027
4579.400	-209.454	3.027
4579.600	-209.448	3.027
4579.800	-209.476	3.027
4580.000	-209.465	3.027
4580.200	-209.453	3.026
4580.400	-209.455	3.026
4580.600	-209.468	3.026
4580.800	-209.474	3.026
4581.000	-209.458	3.026
4581.200	-209.444	3.026
4581.400	-209.456	3.026
4581.600	-209.461	3.026
4581.800	-209.465	3.026
4582.000	-209.454	3.026
4582.200	-209.451	3.026
4582.400	-209.441	3.026
4582.600	-209.455	3.026
4582.800	-209.460	3.026
4583.000	-209.431	3.026
4583.200	-209.457	3.026
4583.400	-209.451	3.026
4583.600	-209.432	3.026
4583.800	-209.448	3.026
4584.000	-209.459	3.026
4584.200	-209.479	3.026
4584.400	-209.460	3.026
4584.600	-209.446	3.026
4584.800	-209.469	3.026
4585.000	-209.471	3.026
4585.200	-209.452	3.026
4585.400	-209.470	3.026
4585.600	-209.453	3.026
4585.800	-209.462	3.026
4586.000	-209.474	3.025
4586.200	-209.471	3.025
4586.400	-209.462	3.025
4586.600	-209.456	3.025
4586.800	-209.443	3.025
4587.000	-209.453	3.025
4587.200	-209.459	3.025
4587.400	-209.450	3.025
4587.600	-209.470	3.025
4587.800	-209.464	3.025
4588.000	-209.469	3.025
4588.200	-209.450	3.025
4588.400	-209.461	3.025
4588.600	-209.439	3.025
4588.800	-209.451	3.025
4589.000	-209.462	3.025
4589.200	-209.454	3.025
4589.400	-209.453	3.025
4589.600	-209.439	3.025
4589.800	-209.458	3.025
4590.000	-209.443	3.025
4590.200	-209.437	3.025
4590.400	-209.470	3.025
4590.600	-209.454	3.024
4590.800	-209.461	3.024
4591.000	-209.450	3.024
4591.200	-209.454	3.024
4591.400	-209.457	3.024
4591.600	-209.454	3.024
4591.800	-209.467	3.024
4592.000	-209.465	3.024
4592.200	-209.466	3.024
4592.400	-209.472	3.024
4592.600	-209.454	3.024
4592.800	-209.448	3.024
4593.000	-209.457	3.024
4593.200	-209.456	3.024
4593.400	-209.442	3.024
4593.600	-209.460	3.024
4593.800	-209.460	3.024
4594.000	-209.473	3.024
4594.200	-209.464	3.024
4594.400	-209.451	3.024
4594.600	-209.456	3.024
4594.800	-209.466	3.024
4595.000	-209.469	3.024
4595.200	-209.458	3.024
4595.400	-209.443	3.024
4595.600	-209.463	3.024
4595.800	-209.447	3.024
4596.000	-209.458	3.024
4596.200	-209.444	3.023
4596.400	-209.442	3.023
4596.600	-209.453	3.023
4596.800	-209.466	3.023
4597.000	-209.458	3.023
4597.200	-209.468	3.023
4597.400	-209.456	3.023
4597.600	-209.453	3.023
4597.800	-209.445	3.023
4598.000	-209.449	3.023
4598.200	-209.449	3.023
4598.400	-209.453	3.023
4598.600	-209.451	3.023
4598.800	-209.455	3.023
4599.000	-209.449	3.023
4599.200	-209.462	3.023
4599.400	-209.456	3.023
4599.600	-209.455	3.023
4599.800	-209.449	3.023
4600.000	-209.451	3.023
4600.200	-209.441	3.023
4600.400	-209.451	3.023
4600.600	-209.464	3.023
4600.800	-209.440	3.023
4601.000	-209.448	3.023
4601.200	-209.457	3.022
4601.400	-209.460	3.022
4601.600	-209.464	3.022
4601.800	-209.479	3.022
4602.000	-209.455	3.022
4602.200	-209.475	3.022
4602.400	-209.469	3.022
4602.600	-209.460	3.022
4602.800	-209.464	3.022
4603.000	-209.461	3.022
4603.200	-209.459	3.022
4603.400	-209.463	3.022
4603.600	-209.460	3.022
4603.800	-209.476	3.022
4604.000	-209.459	3.022
4604.200	-209.470	3.022
4604.400	-209.468	3.022
4604.600	-209.453	3.022
4604.800	-209.471	3.022
4605.000	-209.464	3.022
4605.200	-209.469	3.022
4605.400	-209.474	3.022
4605.600	-209.474	3.022
4605.800	-209.465	3.022
4606.000	-209.466	3.021
4606.200	-209.468	3.021
4606.400	-209.464	3.021
4606.600	-209.455	3.021
4606.800	-209.450	3.021
4607.000	-209.469	3.021
4607.200	-209.459	3.021
4607.400	-209.466	3.021
4607.600	-209.469	3.021
4607.800	-209.453	3.021
4608.000	-209.469	3.021
4608.200	-209.466	3.021
4608.400	-209.455	3.021
4608.600	-209.461	3.021
4608.800	-209.463	3.021
4609.000	-209.467	3.021
4609.200	-209.448	3.021
4609.400	-209.475	3.021
4609.600	-209.457	3.021
4609.800	-209.462	3.021
4610.000	-209.465	3.021
4610.200	-209.445	3.021
4610.400	-209.471	3.021
4610.600	-209.457	3.021
4610.800	-209.464	3.021
4611.000	-209.449	3.021
4611.200	-209.462	3.020
4611.400	-209.459	3.020
4611.600	-209.454	3.020
4611.800	-209.459	3.020
4612.000	-209.472	3.020
4612.200	-209.462	3.020
4612.400	-209.466	3.020
4612.600	-209.458	3.020
4612.800	-209.451	3.020
4613.000	-209.457	3.020
4613.200	-209.459	3.020
4613.400	-209.461	3.020
4613.600	-209.455	3.020
4613.800	-209.464	3.020
4614.000	-209.455	3.020
4614.200	-209.455	3.020
4614.400	-209.467	3.020
4614.600	-209.461	3.020
4614.800	-209.449	3.020
4615.000	-209.449	3.020
4615.200	-209.461	3.020
4615.400	-209.458	3.020
4615.600	-209.453	3.020
4615.800	-209.464	3.020
4616.000	-209.445	3.020
4616.200	-209.472	3.019
4616.400	-209.457	3.019
4616.600	-209.449	3.019
4616.800	-209.457	3.019
4617.000	-209.468	3.019
4617.200	-209.461	3.019
4617.400	-209.466	3.019
4617.600	-209.446	3.019
4617.800	-209.448	3.019
4618.000	-209.447	3.019
4618.200	-209.455	3.019
4618.400	-209.461	3.019
4618.600	-209.455	3.019
4618.800	-209.458	3.019
4619.000	-209.456	3.019
4619.200	-209.450	3.019
4619.400	-209.445	3.019
4619.600	-209.450	3.019
4619.800	-209.464	3.019
4620.000	-209.457	3.019
4620.200	-209.452	3.019
4620.400	-209.455	3.019
4620.600	-209.439	3.019
4620.800	-209.452	3.019
4621.000	-209.446	3.019
4621.200	-209.462	3.018
4621.400	-209.448	3.018
4621.600	-209.442	3.018
4621.800	-209.452	3.018
4622.000	-209.444	3.018
4622.200	-209.460	3.018
4622.400	-209.458	3.018
4622.600	-209.452	3.018
4622.800	-209.448	3.018
4623.000	-209.445	3.018
4623.200	-209.446	3.018
4623.400	-209.461	3.018
4623.600	-209.454	3.018
4623.800	-209.450	3.018
4624.000	-209.451	3.018
4624.200	-209.430	3.018
4624.400	-209.437	3.018
4624.600	-209.436	3.018
4624.800	-209.445	3.018
4625.000	-209.462	3.018
4625.200	-209.439	3.018
4625.400	-209.443	3.018
4625.600	-209.440	3.018
4625.800	-209.446	3.018
4626.000	-209.460	3.018
4626.200	-209.448	3.017
4626.400	-209.452	3.017
4626.600	-209.457	3.017
4626.800	-209.440	3.017
4627.000	-209.449	3.017
4627.200	-209.439	3.017
4627.400	-209.443	3.017
4627.600	-209.429	3.017
4627.800	-209.450	3.017
4628.000	-209.451	3.017
4628.200	-209.445	3.017
4628.400	-209.439	3.017
4628.600	-209.448	3.017
4628.800	-209.448	3.017
4629.000	-209.444	3.017
4629.200	-209.450	3.017
4629.400	-209.437	3.017
4629.600	-209.449	3.017
4629.800	-209.448	3.017
4630.000	-209.456	3.017
4630.200	-209.452	3.017
4630.400	-209.461	3.017
4630.600	-209.463	3.017
4630.800	-209.457	3.017
4631.000	-209.445	3.016
4631.200	-209.453	3.016
4631.400	-209.445	3.016
4631.600	-209.442	3.016
4631.800	-209.435	3.016
4632.000	-209.443	3.016
4632.200	-209.466	3.016
4632.400	-209.454	3.016
4632.600	-209.457	3.016
4632.800	-209.455	3.016
4633.000	-209.452	3.016
4633.200	-209.460	3.016
4633.400	-209.472	3.016
4633.600	-209.458	3.016
4633.800	-209.454	3.016
4634.000	-209.450	3.016
4634.200	-209.453	3.016
4634.400	-209.458	3.016
4634.600	-209.468	3.016
4634.800	-209.471	3.016
4635.000	-209.457	3.016
4635.200	-209.475	3.016
4635.400	-209.464	3.016
4635.600	-209.462	3.016
4635.800	-209.452	3.015
4636.000	-209.476	3.015
4636.200	-209.456	3.015
4636.400	-209.474	3.015
4636.600	-209.463	3.015
4636.800	-209.476	3.015
4637.000	-209.472	3.015
4637.200	-209.459	3.015
4637.400	-209.462	3.015
4637.600	-209.454	3.015
4637.800	-209.455	3.015
4638.000	-209.461	3.015
4638.200	-209.476	3.015
4638.400	-209.466	3.015
4638.600	-209.472	3.015
4638.800	-209.457	3.015
4639.000	-209.460	3.015
4639.200	-209.467	3.015
4639.400	-209.455	3.015
4639.600	-209.446	3.015
4639.800	-209.463	3.015
4640.000	-209.457	3.015
4640.200	-209.453	3.015
4640.400	-209.444	3.015
4640.600	-209.452	3.015
4640.800	-209.453	3.015
4641.000	-209.438	3.015
4641.200	-209.455	3.014
4641.400	-209.455	3.014
4641.600	-209.453	3.014
4641.800	-209.468	3.014
4642.000	-209.470	3.014
4642.200	-209.455	3.014
4642.400	-209.453	3.014
4642.600	-209.455	3.014
4642.800	-209.470	3.014
4643.000	-209.468	3.014
4643.200	-209.459	3.014
4643.400	-209.441	3.014
4643.600	-209.444	3.014
4643.800	-209.447	3.014
4644.000	-209.450	3.014
4644.200	-209.457	3.014
4644.400	-209.449	3.014
4644.600	-209.465	3.014
4644.800	-209.464	3.014
4645.000	-209.447	3.014
4645.200	-209.441	3.014
4645.400	-209.448	3.014
4645.600	-209.458	3.014
4645.800	-209.467	3.014
4646.000	-209.470	3.014
4646.200	-209.459	3.013
4646.400	-209.460	3.013
4646.600	-209.449	3.013
4646.800	-209.438	3.013
4647.000	-209.448	3.013
4647.200	-209.456	3.013
4647.400	-209.460	3.013
4647.600	-209.460	3.013
4647.800	-209.459	3.013
4648.000	-209.457	3.013
4648.200	-209.461	3.013
4648.400	-209.464	3.013
4648.600	-209.459	3.013
4648.800	-209.473	3.013
4649.000	-209.476	3.013
4649.200	-209.464	3.013
4649.400	-209.474	3.013
4649.600	-209.472	3.013
4649.800	-209.456	3.013
4650.000	-209.457	3.013
4650.200	-209.455	3.013
4650.400	-209.465	3.013
4650.600	-209.450	3.013
4650.800	-209.464	3.013
4651.000	-209.469	3.012
4651.200	-209.452	3.012
4651.400	-209.437	3.012
4651.600	-209.449	3.012
4651.800	-209.462	3.012
4652.000	-209.454	3.012
4652.200	-209.442	3.012
4652.400	-209.459	3.012
4652.600	-209.449	3.012
4652.800	-209.463	3.012
4653.000	-209.447	3.012
4653.200	-209.450	3.012
4653.400	-209.456	3.012
4653.600	-209.465	3.012
4653.800	-209.455	3.012
4654.000	-209.455	3.012
4654.200	-209.459	3.012
4654.400	-209.462	3.012
4654.600	-209.461	3.012
4654.800	-209.469	3.012
4655.000	-209.465	3.012
4655.200	-209.456	3.012
4655.400	-209.443	3.012
4655.600	-209.445	3.012
4655.800	-209.454	3.012
4656.000	-209.455	3.012
4656.200	-209.458	3.011
4656.400	-209.471	3.011
4656.600	-209.453	3.011
4656.800	-209.460	3.011
4657.000	-209.458	3.011
4657.200	-209.457	3.011
4657.400	-209.462	3.011
4657.600	-209.457	3.011
4657.800	-209.452	3.011
4658.000	-209.462	3.011
4658.200	-209.461	3.011
4658.400	-209.471	3.011
4658.600	-209.477	3.011
4658.800	-209.472	3.011
4659.000	-209.473	3.011
4659.200	-209.468	3.011
4659.400	-209.475	3.011
4659.600	-209.465	3.011
4659.800	-209.461	3.011
4660.000	-209.462	3.011
4660.200	-209.455	3.011
4660.400	-209.462	3.011
4660.600	-209.450	3.011
4660.800	-209.450	3.011
4661.000	-209.440	3.010
4661.200	-209.454	3.010
4661.400	-209.451	3.010
4661.600	-209.450	3.010
4661.800	-209.464	3.010
4662.000	-209.456	3.010
4662.200	-209.448	3.010
4662.400	-209.450	3.010
4662.600	-209.454	3.010
4662.800	-209.449	3.010
4663.000	-209.444	3.010
4663.200	-209.449	3.010
4663.400	-209.449	3.010
4663.600	-209.436	3.010
4663.800	-209.453	3.010
4664.000	-209.447	3.010
4664.200	-209.457	3.010
4664.400	-209.446	3.010
4664.600	-209.453	3.010
4664.800	-209.465	3.010
4665.000	-209.459	3.010
4665.200	-209.467	3.010
4665.400	-209.455	3.010
4665.600	-209.458	3.010
4665.800	-209.454	3.009
4666.000	-209.443	3.009
4666.200	-209.439	3.009
4666.400	-209.459	3.009
4666.600	-209.454	3.009
4666.800	-209.451	3.009
4667.000	-209.450	3.009
4667.200	-209.434	3.009
4667.400	-209.445	3.009
4667.600	-209.441	3.009
4667.800	-209.440	3.009
4668.000	-209.441	3.009
4668.200	-209.424	3.009
4668.400	-209.426	3.009
4668.600	-209.438	3.009
4668.800	-209.446	3.009
4669.000	-209.433	3.009
4669.200	-209.452	3.009
4669.400	-209.443	3.009
4669.600	-209.438	3.009
4669.800	-209.437	3.009
4670.000	-209.454	3.009
4670.200	-209.437	3.009
4670.400	-209.440	3.009
4670.600	-209.457	3.009
4670.800	-209.434	3.008
4671.000	-209.432	3.008
4671.200	-209.447	3.008
4671.400	-209.448	3.008
4671.600	-209.441	3.008
4671.800	-209.449	3.008
4672.000	-209.434	3.008
4672.200	-209.440	3.008
4672.400	-209.453	3.008
4672.600	-209.462	3.008
4672.800	-209.442	3.008
4673.000	-209.435	3.008
4673.200	-209.438	3.008
4673.400	-209.426	3.008
4673.600	-209.445	3.008
4673.800	-209.448	3.008
4674.000	-209.433	3.008
4674.200	-209.438	3.008
4674.400	-209.440	3.008
4674.600	-209.445	3.008
4674.800	-209.441	3.008
4675.000	-209.448	3.008
4675.200	-209.457	3.008
4675.400	-209.440	3.008
4675.600	-209.443	3.007
4675.800	-209.446	3.007
4676.000	-209.449	3.007
4676.200	-209.443	3.007
4676.400	-209.438	3.007
4676.600	-209.448	3.007
4676.800	-209.456	3.007
4677.000	-209.445	3.007
4677.200	-209.443	3.007
4677.400	-209.440	3.007
4677.600	-209.443	3.007
4677.800	-209.438	3.007
4678.000	-209.438	3.007
4678.200	-209.431	3.007
4678.400	-209.445	3.007
4678.600	-209.442	3.007
4678.800	-209.423	3.007
4679.000	-209.426	3.007
4679.200	-209.442	3.007
4679.400	-209.436	3.007
4679.600	-209.457	3.007
4679.800	-209.454	3.007
4680.000	-209.459	3.007
4680.200	-209.448	3.007
4680.400	-209.459	3.006
4680.600	-209.451	3.006
4680.800	-209.444	3.006
4681.000	-209.445	3.006
4681.200	-209.446	3.006
4681.400	-209.431	3.006
4681.600	-209.447	3.006
4681.800	-209.448	3.006
4682.000	-209.436	3.006
4682.200	-209.440	3.006
4682.400	-209.433	3.006
4682.600	-209.419	3.006
4682.800	-209.440	3.006
4683.000	-209.446	3.006
4683.200	-209.439	3.006
4683.400	-209.439	3.006
4683.600	-209.441	3.006
4683.800	-209.436	3.006
4684.000	-209.425	3.006
4684.200	-209.431	3.006
4684.400	-209.441	3.006
4684.600	-209.453	3.006
4684.800	-209.439	3.006
4685.000	-209.447	3.006
4685.200	-209.449	3.005
4685.400	-209.446	3.005
4685.600	-209.441	3.005
4685.800	-209.443	3.005
4686.000	-209.451	3.005
4686.200	-209.444	3.005
4686.400	-209.451	3.005
4686.600	-209.435	3.005
4686.800	-209.426	3.005
4687.000	-209.435	3.005
4687.200	-209.452	3.005
4687.400	-209.430	3.005
4687.600	-209.454	3.005
4687.800	-209.446	3.005
4688.000	-209.429	3.005
4688.200	-209.435	3.005
4688.400	-209.442	3.005
4688.600	-209.461	3.005
4688.800	-209.424	3.005
4689.000	-209.446	3.005
4689.200	-209.445	3.005
4689.400	-209.452	3.005
4689.600	-209.434	3.005
4689.800	-209.423	3.005
4690.000	-209.436	3.005
4690.200	-209.433	3.004
4690.400	-209.451	3.004
4690.600	-209.429	3.004
4690.800	-209.431	3.004
4691.000	-209.448	3.004
4691.200	-209.448	3.004
4691.400	-209.442	3.004
4691.600	-209.448	3.004
4691.800	-209.453	3.004
4692.000	-209.441	3.004
4692.200	-209.452	3.004
4692.400	-209.438	3.004
4692.600	-209.430	3.004
4692.800	-209.435	3.004
4693.000	-209.455	3.004
4693.200	-209.447	3.004
4693.400	-209.446	3.004
4693.600	-209.446	3.004
4693.800	-209.444	3.004
4694.000	-209.451	3.004
4694.200	-209.455	3.004
4694.400	-209.439	3.004
4694.600	-209.424	3.004
4694.800	-209.433	3.003
4695.000	-209.458	3.003
4695.200	-209.435	3.003
4695.400	-209.437	3.003
4695.600	-209.442	3.003
4695.800	-209.426	3.003
4696.000	-209.437	3.003
4696.200	-209.442	3.003
4696.400	-209.433	3.003
4696.600	-209.440	3.003
4696.800	-209.428	3.003
4697.000	-209.442	3.003
4697.200	-209.446	3.003
4697.400	-209.457	3.003
4697.600	-209.442	3.003
4697.800	-209.456	3.003
4698.000	-209.439	3.003
4698.200	-209.444	3.003
4698.400	-209.455	3.003
4698.600	-209.441	3.003
4698.800	-209.450	3.003
4699.000	-209.416	3.003
4699.200	-209.427	3.003
4699.400	-209.466	3.003
4699.600	-209.434	3.003
4699.800	-209.432	3.002
4700.000	-209.443	3.002
4700.200	-209.450	3.002
4700.400	-209.452	3.002
4700.600	-209.438	3.002
4700.800	-209.447	3.002
4701.000	-209.440	3.002
4701.200	-209.446	3.002
4701.400	-209.446	3.002
4701.600	-209.445	3.002
4701.800	-209.438	3.002
4702.000	-209.456	3.002
4702.200	-209.449	3.002
4702.400	-209.458	3.002
4702.600	-209.440	3.002
4702.800	-209.436	3.002
4703.000	-209.456	3.002
4703.200	-209.431	3.002
4703.400	-209.450	3.002
4703.600	-209.450	3.002
4703.800	-209.457	3.002
4704.000	-209.472	3.002
4704.200	-209.441	3.002
4704.400	-209.446	3.002
4704.600	-209.444	3.002
4704.800	-209.442	3.002
4705.000	-209.456	3.001
4705.200	-209.464	3.001
4705.400	-209.453	3.001
4705.600	-209.459	3.001
4705.800	-209.442	3.001
4706.000	-209.441	3.001
4706.200	-209.456	3.001
4706.400	-209.462	3.001
4706.600	-209.446	3.001
4706.800	-209.451	3.001
4707.000	-209.440	3.001
4707.200	-209.451	3.001
4707.400	-209.427	3.001
4707.600	-209.449	3.001
4707.800	-209.441	3.001
4708.000	-209.440	3.001
4708.200	-209.453	3.001
4708.400	-209.450	3.001
4708.600	-209.448	3.001
4708.800	-209.450	3.001
4709.000	-209.453	3.001
4709.200	-209.445	3.001
4709.400	-209.425	3.001
4709.600	-209.433	3.001
4709.800	-209.433	3.000
4710.000	-209.441	3.000
4710.200	-209.458	3.000
4710.400	-209.442	3.000
4710.600	-209.449	3.000
4710.800	-209.449	3.000
4711.000	-209.446	3.000
4711.200	-209.432	3.000
4711.400	-209.451	3.000
4711.600	-209.461	3.000
4711.800	-209.456	3.000
4712.000	-209.448	3.000
4712.200	-209.444	3.000
4712.400	-209.462	3.000
4712.600	-209.456	3.000
4712.800	-209.454	3.000
4713.000	-209.436	3.000
4713.200	-209.465	3.000
4713.400	-209.453	3.000
4713.600	-209.464	3.000
4713.800	-209.444	3.000
4714.000	-209.459	3.000
4714.200	-209.462	3.000
4714.400	-209.462	3.000
4714.600	-209.460	2.999
4714.800	-209.458	2.999
4715.000	-209.445	2.999
4715.200	-209.465	2.999
4715.400	-209.451	2.999
4715.600	-209.454	2.999
4715.800	-209.449	2.999
4716.000	-209.444	2.999
4716.200	-209.433	2.999
4716.400	-209.449	2.999
4716.600	-209.444	2.999
4716.800	-209.449	2.999
4717.000	-209.446	2.999
4717.200	-209.440	2.999
4717.400	-209.440	2.999
4717.600	-209.427	2.999
4717.800	-209.438	2.999
4718.000	-209.438	2.999
4718.200	-209.449	2.999
4718.400	-209.454	2.999
4718.600	-209.430	2.999
4718.800	-209.461	2.999
4719.000	-209.456	2.999
4719.200	-209.445	2.998
4719.400	-209.450	2.998
4719.600	-209.452	2.998
4719.800	-209.438	2.998
4720.000	-209.427	2.998
4720.200	-209.424	2.998
4720.400	-209.437	2.998
4720.600	-209.436	2.998
4720.800	-209.436	2.998
4721.000	-209.451	2.998
4721.200	-209.459	2.998
4721.400	-209.438	2.998
4721.600	-209.441	2.998
4721.800	-209.442	2.998
4722.000	-209.451	2.998
4722.200	-209.455	2.998
4722.400	-209.445	2.998
4722.600	-209.440	2.998
4722.800	-209.450	2.998
4723.000	-209.440	2.998
4723.200	-209.431	2.998
4723.400	-209.433	2.998
4723.600	-209.440	2.998
4723.800	-209.457	2.997
4724.000	-209.456	2.997
4724.200	-209.435	2.997
4724.400	-209.448	2.997
4724.600	-209.442	2.997
4724.800	-209.442	2.997
4725.000	-209.445	2.997
4725.200	-209.444	2.997
4725.400	-209.446	2.997
4725.600	-209.424	2.997
4725.800	-209.443	2.997
4726.000	-209.434	2.997
4726.200	-209.436	2.997
4726.400	-209.462	2.997
4726.600	-209.447	2.997
4726.800	-209.436	2.997
4727.000	-209.447	2.997
4727.200	-209.435	2.997
4727.400	-209.440	2.997
4727.600	-209.447	2.997
4727.800	-209.453	2.997
4728.000	-209.432	2.997
4728.200	-209.442	2.997
4728.400	-209.450	2.997
4728.600	-209.434	2.997
4728.800	-209.424	2.996
4729.000	-209.455	2.996
4729.200	-209.439	2.996
4729.400	-209.448	2.996
4729.600	-209.436	2.996
4729.800	-209.430	2.996
4730.000	-209.440	2.996
4730.200	-209.440	2.996
4730.400	-209.435	2.996
4730.600	0.017	3.023
4730.800	0.030	3.023
4731.000	0.036	3.024
4731.200	0.037	3.024
4731.400	0.037	3.024
4731.600	0.038	3.024
4731.800	0.040	3.024
4732.000	0.039	3.024
4732.200	0.038	3.025
4732.400	0.039	3.025
4732.600	0.038	3.025
4732.800	0.040	3.025
4733.000	0.040	3.025
4733.200	0.041	3.025
4733.400	0.039	3.025
4733.600	0.040	3.025
4733.800	0.039	3.025
4734.000	0.042	3.026
4734.200	0.040	3.026
4734.400	0.039	3.026
4734.600	0.040	3.026
4734.800	0.041	3.026
4735.000	0.041	3.026
4735.200	0.043	3.026
4735.400	0.041	3.026
4735.600	0.040	3.026
4735.800	0.040	3.026
4736.000	0.043	3.026
4736.200	0.042	3.026
4736.400	0.042	3.026
4736.600	0.040	3.027
4736.800	0.038	3.027
4737.000	0.041	3.027
4737.200	0.042	3.027
4737.400	0.042	3.027
4737.600	0.041	3.027
4737.800	0.042	3.027
4738.000	0.040	3.027
4738.200	0.041	3.027
4738.400	0.040	3.027
4738.600	0.041	3.027
4738.800	0.041	3.027
4739.000	0.042	3.027
4739.200	0.042	3.027
4739.400	0.043	3.028
4739.600	0.042	3.028
4739.800	0.041	3.028
4740.000	0.042	3.028
4740.200	0.041	3.028
4740.400	0.043	3.028
4740.600	0.042	3.028
4740.800	0.042	3.028
4741.000	0.041	3.028
4741.200	0.041	3.028
4741.400	0.041	3.028
4741.600	0.041	3.028
4741.800	0.039	3.028
4742.000	0.041	3.028
4742.200	0.042	3.028
4742.400	0.043	3.029
4742.600	0.042	3.029
4742.800	0.041	3.029
4743.000	0.042	3.029
4743.200	0.041	3.029
4743.400	0.040	3.029
4743.600	0.041	3.029
4743.800	0.041	3.029
4744.000	0.042	3.029
