time /s	I /mA	E /V
0.200	209.669	4.139
0.400	209.937	4.139
0.600	209.954	4.139
0.800	209.960	4.139
1.000	209.962	4.139
1.200	209.965	4.139
1.400	209.967	4.139
1.600	209.969	4.140
1.800	209.968	4.140
2.000	209.969	4.140
2.200	209.970	4.140
2.400	209.971	4.140
2.600	209.970	4.140
2.800	209.970	4.140
3.000	209.970	4.140
3.200	209.970	4.140
3.400	209.970	4.140
3.600	209.974	4.140
3.800	209.972	4.140
4.000	209.973	4.140
4.200	209.974	4.140
4.400	209.974	4.140
4.600	209.973	4.140
4.800	209.973	4.140
5.000	209.973	4.140
5.200	209.973	4.140
5.400	209.974	4.140
5.600	209.974	4.140
5.800	209.975	4.140
6.000	209.975	4.140
6.200	209.974	4.140
6.400	209.977	4.140
6.600	209.974	4.140
6.800	209.973	4.140
7.000	209.972	4.140
7.200	209.974	4.140
7.400	209.975	4.140
7.600	209.976	4.140
7.800	209.975	4.140
8.000	209.976	4.140
8.200	209.977	4.140
8.400	209.975	4.140
8.600	209.977	4.140
8.800	209.977	4.140
9.000	209.977	4.140
9.200	209.977	4.140
9.400	209.977	4.141
9.600	209.975	4.140
9.800	209.975	4.141
10.000	209.976	4.141
10.200	209.976	4.141
10.400	209.975	4.141
10.600	209.976	4.141
10.800	209.974	4.141
11.000	209.976	4.141
11.200	209.976	4.141
11.400	209.977	4.141
11.600	209.976	4.141
11.800	209.976	4.141
12.000	209.978	4.141
12.200	209.976	4.141
12.400	209.978	4.141
12.600	209.975	4.141
12.800	209.976	4.141
13.000	209.975	4.141
13.200	209.975	4.141
13.400	209.974	4.141
13.600	209.976	4.141
13.800	209.975	4.141
14.000	209.975	4.141
14.200	209.975	4.141
14.400	209.974	4.141
14.600	209.975	4.141
14.800	209.976	4.141
15.000	209.975	4.141
15.200	209.975	4.141
15.400	209.975	4.141
15.600	209.974	4.141
15.800	209.975	4.141
16.000	209.974	4.141
16.200	209.974	4.141
16.400	209.976	4.141
16.600	209.974	4.141
16.800	209.975	4.141
17.000	209.975	4.141
17.200	209.974	4.141
17.400	209.975	4.141
17.600	209.975	4.141
17.800	209.975	4.141
18.000	209.974	4.141
18.200	209.974	4.141
18.400	209.976	4.141
18.600	209.974	4.141
18.800	209.974	4.141
19.000	209.976	4.141
19.200	209.975	4.141
19.400	209.976	4.141
19.600	209.976	4.141
19.800	209.974	4.141
20.000	209.975	4.141
20.200	209.975	4.141
20.400	209.974	4.141
20.600	209.975	4.141
20.800	209.975	4.141
21.000	209.977	4.141
21.200	209.976	4.141
21.400	209.974	4.141
21.600	209.976	4.141
21.800	209.975	4.141
22.000	209.977	4.141
22.200	209.977	4.141
22.400	209.977	4.141
22.600	209.974	4.141
22.800	209.975	4.141
23.000	209.975	4.141
23.200	209.974	4.141
23.400	209.975	4.141
23.600	209.977	4.141
23.800	209.975	4.142
24.000	209.975	4.141
24.200	209.977	4.142
24.400	209.977	4.142
24.600	209.975	4.142
24.800	209.976	4.142
25.000	209.976	4.142
25.200	209.976	4.142
25.400	209.978	4.142
25.600	209.976	4.142
25.800	209.975	4.142
26.000	209.975	4.142
26.200	209.977	4.142
26.400	209.978	4.142
26.600	209.976	4.142
26.800	209.976	4.142
27.000	209.977	4.142
27.200	209.977	4.142
27.400	209.976	4.142
27.600	209.977	4.142
27.800	209.976	4.142
28.000	209.976	4.142
28.200	209.977	4.142
28.400	209.976	4.142
28.600	209.975	4.142
28.800	209.977	4.142
29.000	209.977	4.142
29.200	209.977	4.142
29.400	209.978	4.142
29.600	209.977	4.142
29.800	209.978	4.142
30.000	209.978	4.142
30.200	209.976	4.142
30.400	209.978	4.142
30.600	209.977	4.142
30.800	209.976	4.142
31.000	209.976	4.142
31.200	209.978	4.142
31.400	209.976	4.142
31.600	209.975	4.142
31.800	209.975	4.142
32.000	209.974	4.142
32.200	209.978	4.142
32.400	209.977	4.142
32.600	209.977	4.142
32.800	209.978	4.142
33.000	209.977	4.142
33.200	209.976	4.142
33.400	209.978	4.142
33.600	209.976	4.142
33.800	209.977	4.142
34.000	209.976	4.142
34.200	209.976	4.142
34.400	209.977	4.142
34.600	209.979	4.142
34.800	209.976	4.142
35.000	209.976	4.142
35.200	209.977	4.142
35.400	209.976	4.142
35.600	209.977	4.142
35.800	209.977	4.142
36.000	209.977	4.142
36.200	209.976	4.142
36.400	209.978	4.142
36.600	209.978	4.142
36.800	209.978	4.142
37.000	209.978	4.142
37.200	209.977	4.142
37.400	209.978	4.142
37.600	209.977	4.142
37.800	209.977	4.142
38.000	209.976	4.142
38.200	209.976	4.142
38.400	209.977	4.142
38.600	209.976	4.142
38.800	209.975	4.142
39.000	209.975	4.142
39.200	209.974	4.142
39.400	209.975	4.142
39.600	209.977	4.142
39.800	209.976	4.142
40.000	209.975	4.142
40.200	209.977	4.142
40.400	209.975	4.142
40.600	209.975	4.142
40.800	209.974	4.142
41.000	209.976	4.142
41.200	209.974	4.142
41.400	209.975	4.142
41.600	209.975	4.142
41.800	209.975	4.142
42.000	209.976	4.142
42.200	209.974	4.142
42.400	209.976	4.142
42.600	209.976	4.142
42.800	209.978	4.143
43.000	209.975	4.143
43.200	209.976	4.143
43.400	209.975	4.143
43.600	209.976	4.143
43.800	209.975	4.143
44.000	209.975	4.143
44.200	209.975	4.143
44.400	209.975	4.143
44.600	209.974	4.143
44.800	209.973	4.143
45.000	209.975	4.143
45.200	209.975	4.143
45.400	209.976	4.143
45.600	209.975	4.143
45.800	209.975	4.143
46.000	209.975	4.143
46.200	209.975	4.143
46.400	209.972	4.143
46.600	209.975	4.143
46.800	209.977	4.143
47.000	209.974	4.143
47.200	209.975	4.143
47.400	209.973	4.143
47.600	209.974	4.143
47.800	209.973	4.143
48.000	209.975	4.143
48.200	209.974	4.143
48.400	209.973	4.143
48.600	209.973	4.143
48.800	209.974	4.143
49.000	209.976	4.143
49.200	209.976	4.143
49.400	209.975	4.143
49.600	209.974	4.143
49.800	209.975	4.143
50.000	209.976	4.143
50.200	209.975	4.143
50.400	209.974	4.143
50.600	209.975	4.143
50.800	209.974	4.143
51.000	209.976	4.143
51.200	209.974	4.143
51.400	209.974	4.143
51.600	209.975	4.143
51.800	209.974	4.143
52.000	209.975	4.143
52.200	209.975	4.143
52.400	209.974	4.143
52.600	209.974	4.143
52.800	209.975	4.143
53.000	209.975	4.143
53.200	209.977	4.143
53.400	209.976	4.143
53.600	209.975	4.143
53.800	209.975	4.143
54.000	209.975	4.143
54.200	209.976	4.143
54.400	209.975	4.143
54.600	209.974	4.143
54.800	209.973	4.143
55.000	209.974	4.143
55.200	209.975	4.143
55.400	209.974	4.143
55.600	209.975	4.143
55.800	209.972	4.143
56.000	209.972	4.143
56.200	209.974	4.143
56.400	209.975	4.143
56.600	209.975	4.143
56.800	209.973	4.143
57.000	209.973	4.143
57.200	209.973	4.143
57.400	209.973	4.143
57.600	209.972	4.143
57.800	209.974	4.143
58.000	209.973	4.143
58.200	209.976	4.143
58.400	209.975	4.143
58.600	209.973	4.143
58.800	209.976	4.143
59.000	209.973	4.143
59.200	209.975	4.143
59.400	209.975	4.143
59.600	209.973	4.143
59.800	209.974	4.143
60.000	209.972	4.143
60.200	209.974	4.143
60.400	209.973	4.143
60.600	209.975	4.143
60.800	209.974	4.143
61.000	209.974	4.143
61.200	209.974	4.143
61.400	209.976	4.143
61.600	209.975	4.143
61.800	209.975	4.143
62.000	209.976	4.143
62.200	209.974	4.143
62.400	209.976	4.143
62.600	209.975	4.143
62.800	209.974	4.143
63.000	209.974	4.143
63.200	209.975	4.143
63.400	209.973	4.143
63.600	209.974	4.143
63.800	209.974	4.143
64.000	209.974	4.143
64.200	209.974	4.143
64.400	209.973	4.143
64.600	209.975	4.143
64.800	209.974	4.143
65.000	209.976	4.144
65.200	209.974	4.144
65.400	209.976	4.144
65.600	209.974	4.143
65.800	209.977	4.144
66.000	209.975	4.144
66.200	209.974	4.144
66.400	209.976	4.144
66.600	209.974	4.144
66.800	209.976	4.144
67.000	209.975	4.144
67.200	209.976	4.144
67.400	209.976	4.144
67.600	209.975	4.144
67.800	209.973	4.144
68.000	209.977	4.144
68.200	209.976	4.144
68.400	209.975	4.144
68.600	209.975	4.144
68.800	209.973	4.144
69.000	209.975	4.144
69.200	209.976	4.144
69.400	209.973	4.144
69.600	209.974	4.144
69.800	209.974	4.144
70.000	209.976	4.144
70.200	209.975	4.144
70.400	209.976	4.144
70.600	209.975	4.144
70.800	209.975	4.144
71.000	209.975	4.144
71.200	209.979	4.144
71.400	209.977	4.144
71.600	209.976	4.144
71.800	209.975	4.144
72.000	209.975	4.144
72.200	209.975	4.144
72.400	209.973	4.144
72.600	209.974	4.144
72.800	209.974	4.144
73.000	209.974	4.144
73.200	209.974	4.144
73.400	209.974	4.144
73.600	209.975	4.144
73.800	209.974	4.144
74.000	209.976	4.144
74.200	209.976	4.144
74.400	209.976	4.144
74.600	209.975	4.144
74.800	209.975	4.144
75.000	209.976	4.144
75.200	209.975	4.144
75.400	209.974	4.144
75.600	209.975	4.144
75.800	209.973	4.144
76.000	209.977	4.144
76.200	209.973	4.144
76.400	209.975	4.144
76.600	209.976	4.144
76.800	209.974	4.144
77.000	209.973	4.144
77.200	209.974	4.144
77.400	209.976	4.144
77.600	209.973	4.144
77.800	209.974	4.144
78.000	209.973	4.144
78.200	209.973	4.144
78.400	209.975	4.144
78.600	209.973	4.144
78.800	209.974	4.144
79.000	209.974	4.144
79.200	209.974	4.144
79.400	209.974	4.144
79.600	209.975	4.144
79.800	209.976	4.144
80.000	209.974	4.144
80.200	209.975	4.144
80.400	209.974	4.144
80.600	209.976	4.144
80.800	209.974	4.144
81.000	209.976	4.144
81.200	209.975	4.144
81.400	209.975	4.144
81.600	209.975	4.144
81.800	209.974	4.144
82.000	209.977	4.144
82.200	209.977	4.144
82.400	209.976	4.144
82.600	209.976	4.144
82.800	209.975	4.144
83.000	209.975	4.144
83.200	209.974	4.144
83.400	209.976	4.144
83.600	209.973	4.144
83.800	209.973	4.144
84.000	209.975	4.144
84.200	209.973	4.144
84.400	209.974	4.144
84.600	209.975	4.144
84.800	209.974	4.144
85.000	209.973	4.144
85.200	209.974	4.144
85.400	209.973	4.144
85.600	209.974	4.144
85.800	209.976	4.144
86.000	209.972	4.144
86.200	209.972	4.144
86.400	209.975	4.144
86.600	209.972	4.144
86.800	209.971	4.144
87.000	209.972	4.144
87.200	209.973	4.144
87.400	209.972	4.144
87.600	209.973	4.144
87.800	209.972	4.144
88.000	209.971	4.144
88.200	209.971	4.144
88.400	209.972	4.144
88.600	209.971	4.144
88.800	209.971	4.144
89.000	209.972	4.144
89.200	209.972	4.144
89.400	209.972	4.144
89.600	209.970	4.144
89.800	209.974	4.144
90.000	209.973	4.144
90.200	209.972	4.144
90.400	209.970	4.144
90.600	209.974	4.144
90.800	209.973	4.144
91.000	209.974	4.144
91.200	209.975	4.144
91.400	209.973	4.144
91.600	209.974	4.144
91.800	209.973	4.144
92.000	209.972	4.144
92.200	209.974	4.145
92.400	209.972	4.145
92.600	209.973	4.144
92.800	209.971	4.144
93.000	209.973	4.145
93.200	209.974	4.145
93.400	209.975	4.145
93.600	209.972	4.145
93.800	209.972	4.145
94.000	209.975	4.145
94.200	209.973	4.145
94.400	209.973	4.145
94.600	209.974	4.145
94.800	209.974	4.145
95.000	209.972	4.145
95.200	209.974	4.145
95.400	209.974	4.145
95.600	209.974	4.145
95.800	209.974	4.145
96.000	209.973	4.145
96.200	209.974	4.145
96.400	209.973	4.145
96.600	209.974	4.145
96.800	209.975	4.145
97.000	209.974	4.145
97.200	209.974	4.145
97.400	209.974	4.145
97.600	209.976	4.145
97.800	209.974	4.145
98.000	209.973	4.145
98.200	209.975	4.145
98.400	209.974	4.145
98.600	209.974	4.145
98.800	209.974	4.145
99.000	209.973	4.145
99.200	209.976	4.145
99.400	209.975	4.145
99.600	209.973	4.145
99.800	209.974	4.145
100.000	209.975	4.145
100.200	209.974	4.145
100.400	209.973	4.145
100.600	209.975	4.145
100.800	209.974	4.145
101.000	209.974	4.145
101.200	209.976	4.145
101.400	209.976	4.145
101.600	209.974	4.145
101.800	209.975	4.145
102.000	209.975	4.145
102.200	209.974	4.145
102.400	209.975	4.145
102.600	209.974	4.145
102.800	209.975	4.145
103.000	209.975	4.145
103.200	209.973	4.145
103.400	209.974	4.145
103.600	209.973	4.145
103.800	209.974	4.145
104.000	209.973	4.145
104.200	209.973	4.145
104.400	209.974	4.145
104.600	209.974	4.145
104.800	209.975	4.145
105.000	209.975	4.145
105.200	209.974	4.145
105.400	209.973	4.145
105.600	209.974	4.145
105.800	209.975	4.145
106.000	209.976	4.145
106.200	209.975	4.145
106.400	209.975	4.145
106.600	209.975	4.145
106.800	209.975	4.145
107.000	209.975	4.145
107.200	209.975	4.145
107.400	209.975	4.145
107.600	209.975	4.145
107.800	209.975	4.145
108.000	209.975	4.145
108.200	209.975	4.145
108.400	209.974	4.145
108.600	209.975	4.145
108.800	209.974	4.145
109.000	209.976	4.145
109.200	209.975	4.145
109.400	209.974	4.145
109.600	209.975	4.145
109.800	209.975	4.145
110.000	209.974	4.145
110.200	209.974	4.145
110.400	209.974	4.145
110.600	209.975	4.145
110.800	209.974	4.145
111.000	209.974	4.145
111.200	209.974	4.145
111.400	209.973	4.145
111.600	209.973	4.145
111.800	209.974	4.145
112.000	209.974	4.145
112.200	209.974	4.145
112.400	209.974	4.145
112.600	209.974	4.145
112.800	209.974	4.145
113.000	209.974	4.145
113.200	209.976	4.145
113.400	209.974	4.145
113.600	209.974	4.145
113.800	209.975	4.145
114.000	209.975	4.145
114.200	209.972	4.145
114.400	209.973	4.145
114.600	209.974	4.145
114.800	209.974	4.145
115.000	209.974	4.145
115.200	209.976	4.145
115.400	209.974	4.145
115.600	209.975	4.145
115.800	209.974	4.145
116.000	209.974	4.145
116.200	209.974	4.145
116.400	209.976	4.145
116.600	209.975	4.145
116.800	209.975	4.146
117.000	209.973	4.145
117.200	209.975	4.145
117.400	209.975	4.145
117.600	209.975	4.145
117.800	209.973	4.145
118.000	209.974	4.145
118.200	209.974	4.145
118.400	209.974	4.145
118.600	209.973	4.145
118.800	209.971	4.145
119.000	209.973	4.145
119.200	209.972	4.145
119.400	209.976	4.146
119.600	209.974	4.146
119.800	209.974	4.146
120.000	209.975	4.146
120.200	209.973	4.145
120.400	209.974	4.146
120.600	209.973	4.146
120.800	209.975	4.146
121.000	209.977	4.146
121.200	209.975	4.146
121.400	209.975	4.146
121.600	209.976	4.146
121.800	209.975	4.146
122.000	209.975	4.146
122.200	209.974	4.146
122.400	209.976	4.146
122.600	209.974	4.146
122.800	209.974	4.146
123.000	209.974	4.146
123.200	209.974	4.146
123.400	209.973	4.146
123.600	209.973	4.146
123.800	209.974	4.146
124.000	209.974	4.146
124.200	209.974	4.146
124.400	209.974	4.146
124.600	209.974	4.146
124.800	209.975	4.146
125.000	209.976	4.146
125.200	209.975	4.146
125.400	209.975	4.146
125.600	209.976	4.146
125.800	209.976	4.146
126.000	209.977	4.146
126.200	209.977	4.146
126.400	209.976	4.146
126.600	209.975	4.146
126.800	209.976	4.146
127.000	209.977	4.146
127.200	209.975	4.146
127.400	209.977	4.146
127.600	209.976	4.146
127.800	209.976	4.146
128.000	209.974	4.146
128.200	209.974	4.146
128.400	209.974	4.146
128.600	209.975	4.146
128.800	209.976	4.146
129.000	209.974	4.146
129.200	209.974	4.146
129.400	209.974	4.146
129.600	209.976	4.146
129.800	209.975	4.146
130.000	209.977	4.146
130.200	209.974	4.146
130.400	209.976	4.146
130.600	209.975	4.146
130.800	209.977	4.146
131.000	209.976	4.146
131.200	209.976	4.146
131.400	209.976	4.146
131.600	209.976	4.146
131.800	209.975	4.146
132.000	209.973	4.146
132.200	209.973	4.146
132.400	209.974	4.146
132.600	209.972	4.146
132.800	209.974	4.146
133.000	209.973	4.146
133.200	209.974	4.146
133.400	209.975	4.146
133.600	209.973	4.146
133.800	209.973	4.146
134.000	209.974	4.146
134.200	209.975	4.146
134.400	209.975	4.146
134.600	209.977	4.146
134.800	209.975	4.146
135.000	209.976	4.146
135.200	209.974	4.146
135.400	209.974	4.146
135.600	209.974	4.146
135.800	209.974	4.146
136.000	209.974	4.146
136.200	209.976	4.146
136.400	209.974	4.146
136.600	209.975	4.146
136.800	209.974	4.146
137.000	209.975	4.146
137.200	209.975	4.146
137.400	209.974	4.146
137.600	209.974	4.146
137.800	209.974	4.146
138.000	209.972	4.146
138.200	209.974	4.146
138.400	209.974	4.146
138.600	209.975	4.146
138.800	209.975	4.146
139.000	209.975	4.146
139.200	209.974	4.146
139.400	209.975	4.146
139.600	209.976	4.146
139.800	209.974	4.146
140.000	209.974	4.146
140.200	209.975	4.146
140.400	209.975	4.146
140.600	209.974	4.146
140.800	209.974	4.146
141.000	209.974	4.146
141.200	209.974	4.146
141.400	209.975	4.146
141.600	209.973	4.146
141.800	209.973	4.146
142.000	209.972	4.146
142.200	209.973	4.146
142.400	209.974	4.146
142.600	209.976	4.146
142.800	209.974	4.146
143.000	209.975	4.146
143.200	209.975	4.146
143.400	209.973	4.146
143.600	209.973	4.146
143.800	209.974	4.146
144.000	209.976	4.146
144.200	209.975	4.146
144.400	209.975	4.146
144.600	209.973	4.146
144.800	209.976	4.146
145.000	209.975	4.146
145.200	209.974	4.146
145.400	209.975	4.146
145.600	209.974	4.146
145.800	209.974	4.146
146.000	209.973	4.146
146.200	209.974	4.146
146.400	209.975	4.146
146.600	209.974	4.146
146.800	209.972	4.146
147.000	209.973	4.146
147.200	209.974	4.146
147.400	209.974	4.146
147.600	209.974	4.146
147.800	209.974	4.146
148.000	209.972	4.146
148.200	209.972	4.146
148.400	209.974	4.146
148.600	209.974	4.146
148.800	209.975	4.146
149.000	209.975	4.146
149.200	209.973	4.146
149.400	209.974	4.146
149.600	209.975	4.146
149.800	209.977	4.146
150.000	209.974	4.146
150.200	209.972	4.146
150.400	209.974	4.146
150.600	209.976	4.147
150.800	209.975	4.147
151.000	209.976	4.146
151.200	209.976	4.147
151.400	209.975	4.147
151.600	209.976	4.147
151.800	209.978	4.147
152.000	209.976	4.147
152.200	209.974	4.147
152.400	209.975	4.147
152.600	209.975	4.147
152.800	209.974	4.147
153.000	209.975	4.147
153.200	209.975	4.147
153.400	209.975	4.147
153.600	209.975	4.147
153.800	209.976	4.147
154.000	209.974	4.147
154.200	209.975	4.147
154.400	209.974	4.147
154.600	209.974	4.147
154.800	209.973	4.147
155.000	209.974	4.147
155.200	209.975	4.147
155.400	209.974	4.147
155.600	209.976	4.147
155.800	209.976	4.147
156.000	209.977	4.147
156.200	209.975	4.147
156.400	209.975	4.147
156.600	209.975	4.147
156.800	209.974	4.147
157.000	209.973	4.147
157.200	209.974	4.147
157.400	209.973	4.147
157.600	209.974	4.147
157.800	209.973	4.147
158.000	209.973	4.147
158.200	209.972	4.147
158.400	209.973	4.147
158.600	209.973	4.147
158.800	209.973	4.147
159.000	209.973	4.147
159.200	209.972	4.147
159.400	209.973	4.147
159.600	209.974	4.147
159.800	209.974	4.147
160.000	209.974	4.147
160.200	209.974	4.147
160.400	209.972	4.147
160.600	209.974	4.147
160.800	209.972	4.147
161.000	209.974	4.147
161.200	209.973	4.147
161.400	209.975	4.147
161.600	209.974	4.147
161.800	209.972	4.147
162.000	209.973	4.147
162.200	209.974	4.147
162.400	209.973	4.147
162.600	209.973	4.147
162.800	209.973	4.147
163.000	209.972	4.147
163.200	209.973	4.147
163.400	209.973	4.147
163.600	209.973	4.147
163.800	209.974	4.147
164.000	209.974	4.147
164.200	209.973	4.147
164.400	209.973	4.147
164.600	209.972	4.147
164.800	209.977	4.147
165.000	209.973	4.147
165.200	209.974	4.147
165.400	209.974	4.147
165.600	209.974	4.147
165.800	209.974	4.147
166.000	209.975	4.147
166.200	209.975	4.147
166.400	209.975	4.147
166.600	209.974	4.147
166.800	209.974	4.147
167.000	209.975	4.147
167.200	209.975	4.147
167.400	209.973	4.147
167.600	209.973	4.147
167.800	209.973	4.147
168.000	209.976	4.147
168.200	209.974	4.147
168.400	209.975	4.147
168.600	209.975	4.147
168.800	209.974	4.147
169.000	209.976	4.147
169.200	209.976	4.147
169.400	209.974	4.147
169.600	209.973	4.147
169.800	209.975	4.147
170.000	209.976	4.147
170.200	209.975	4.147
170.400	209.974	4.147
170.600	209.975	4.147
170.800	209.976	4.147
171.000	209.975	4.147
171.200	209.975	4.147
171.400	209.975	4.147
171.600	209.975	4.147
171.800	209.973	4.147
172.000	209.975	4.147
172.200	209.976	4.147
172.400	209.976	4.147
172.600	209.974	4.147
172.800	209.975	4.147
173.000	209.973	4.147
173.200	209.973	4.147
173.400	209.973	4.147
173.600	209.972	4.147
173.800	209.974	4.147
174.000	209.973	4.147
174.200	209.972	4.147
174.400	209.973	4.147
174.600	209.971	4.147
174.800	209.973	4.147
175.000	209.973	4.147
175.200	209.974	4.147
175.400	209.973	4.147
175.600	209.972	4.147
175.800	209.971	4.147
176.000	209.973	4.147
176.200	209.973	4.147
176.400	209.974	4.147
176.600	209.973	4.147
176.800	209.974	4.147
177.000	209.974	4.147
177.200	209.972	4.147
177.400	209.973	4.147
177.600	209.974	4.147
177.800	209.971	4.147
178.000	209.974	4.147
178.200	209.973	4.147
178.400	209.973	4.147
178.600	209.973	4.147
178.800	209.975	4.147
179.000	209.974	4.147
179.200	209.973	4.147
179.400	209.972	4.147
179.600	209.974	4.147
179.800	209.973	4.147
180.000	209.975	4.147
180.200	209.973	4.147
180.400	209.974	4.147
180.600	209.974	4.148
180.800	209.975	4.148
181.000	209.974	4.147
181.200	209.974	4.148
181.400	209.974	4.148
181.600	209.975	4.148
181.800	209.975	4.148
182.000	209.976	4.148
182.200	209.973	4.148
182.400	209.974	4.148
182.600	209.975	4.148
182.800	209.976	4.148
183.000	209.976	4.148
183.200	209.975	4.148
183.400	209.975	4.148
183.600	209.975	4.148
183.800	209.975	4.148
184.000	209.976	4.148
184.200	209.976	4.148
184.400	209.975	4.148
184.600	209.976	4.148
184.800	209.974	4.148
185.000	209.973	4.148
185.200	209.973	4.148
185.400	209.974	4.148
185.600	209.974	4.148
185.800	209.973	4.148
186.000	209.974	4.148
186.200	209.974	4.148
186.400	209.973	4.148
186.600	209.974	4.148
186.800	209.973	4.148
187.000	209.973	4.148
187.200	209.974	4.148
187.400	209.974	4.148
187.600	209.975	4.148
187.800	209.975	4.148
188.000	209.975	4.148
188.200	209.972	4.148
188.400	209.972	4.148
188.600	209.972	4.148
188.800	209.973	4.148
189.000	209.975	4.148
189.200	209.975	4.148
189.400	209.973	4.148
189.600	209.973	4.148
189.800	209.974	4.148
190.000	209.974	4.148
190.200	209.974	4.148
190.400	209.974	4.148
190.600	209.974	4.148
190.800	209.974	4.148
191.000	209.973	4.148
191.200	209.974	4.148
191.400	209.974	4.148
191.600	209.974	4.148
191.800	209.976	4.148
192.000	209.975	4.148
192.200	209.975	4.148
192.400	209.975	4.148
192.600	209.974	4.148
192.800	209.973	4.148
193.000	209.974	4.148
193.200	209.974	4.148
193.400	209.975	4.148
193.600	209.974	4.148
193.800	209.975	4.148
194.000	209.974	4.148
194.200	209.974	4.148
194.400	209.974	4.148
194.600	209.974	4.148
194.800	209.973	4.148
195.000	209.974	4.148
195.200	209.976	4.148
195.400	209.975	4.148
195.600	209.975	4.148
195.800	209.975	4.148
196.000	209.974	4.148
196.200	209.975	4.148
196.400	209.973	4.148
196.600	209.974	4.148
196.800	209.976	4.148
197.000	209.974	4.148
197.200	209.974	4.148
197.400	209.975	4.148
197.600	209.974	4.148
197.800	209.973	4.148
198.000	209.974	4.148
198.200	209.975	4.148
198.400	209.975	4.148
198.600	209.973	4.148
198.800	209.975	4.148
199.000	209.974	4.148
199.200	209.975	4.148
199.400	209.975	4.148
199.600	209.975	4.148
199.800	209.974	4.148
200.000	209.974	4.148
200.200	209.974	4.148
200.400	209.973	4.148
200.600	209.975	4.148
200.800	209.973	4.148
201.000	209.973	4.148
201.200	209.973	4.148
201.400	209.973	4.148
201.600	209.974	4.148
201.800	209.974	4.148
202.000	209.975	4.148
202.200	209.973	4.148
202.400	209.974	4.148
202.600	209.972	4.148
202.800	209.975	4.148
203.000	209.973	4.148
203.200	209.974	4.148
203.400	209.975	4.148
203.600	209.974	4.148
203.800	209.974	4.148
204.000	209.975	4.148
204.200	209.975	4.148
204.400	209.974	4.148
204.600	209.975	4.148
204.800	209.974	4.148
205.000	209.973	4.148
205.200	209.976	4.148
205.400	209.975	4.148
205.600	209.976	4.148
205.800	209.974	4.148
206.000	209.975	4.148
206.200	209.974	4.148
206.400	209.975	4.148
206.600	209.975	4.148
206.800	209.975	4.148
207.000	209.974	4.148
207.200	209.975	4.148
207.400	209.975	4.148
207.600	209.974	4.148
207.800	209.976	4.148
208.000	209.975	4.148
208.200	209.975	4.148
208.400	209.975	4.148
208.600	209.975	4.148
208.800	209.973	4.148
209.000	209.973	4.148
209.200	209.974	4.148
209.400	209.975	4.148
209.600	209.975	4.148
209.800	209.973	4.148
210.000	209.974	4.148
210.200	209.973	4.148
210.400	209.975	4.148
210.600	209.976	4.149
210.800	209.973	4.148
211.000	209.974	4.148
211.200	209.975	4.149
211.400	209.973	4.149
211.600	209.974	4.148
211.800	209.972	4.148
212.000	209.975	4.149
212.200	209.975	4.148
212.400	209.974	4.148
212.600	209.973	4.148
212.800	209.973	4.149
213.000	209.974	4.149
213.200	209.974	4.149
213.400	209.975	4.149
213.600	209.976	4.149
213.800	209.974	4.149
214.000	209.974	4.149
214.200	209.973	4.149
214.400	209.973	4.149
214.600	209.974	4.149
214.800	209.973	4.149
215.000	209.975	4.149
215.200	209.975	4.149
215.400	209.975	4.149
215.600	209.972	4.149
215.800	209.974	4.149
216.000	209.976	4.149
216.200	209.975	4.149
216.400	209.977	4.149
216.600	209.976	4.149
216.800	209.975	4.149
217.000	209.975	4.149
217.200	209.976	4.149
217.400	209.975	4.149
217.600	209.976	4.149
217.800	209.976	4.149
218.000	209.976	4.149
218.200	209.974	4.149
218.400	209.975	4.149
218.600	209.976	4.149
218.800	209.974	4.149
219.000	209.974	4.149
219.200	209.976	4.149
219.400	209.975	4.149
219.600	209.977	4.149
219.800	209.975	4.149
220.000	209.975	4.149
220.200	209.976	4.149
220.400	209.975	4.149
220.600	209.977	4.149
220.800	209.975	4.149
221.000	209.975	4.149
221.200	209.977	4.149
221.400	209.978	4.149
221.600	209.974	4.149
221.800	209.975	4.149
222.000	209.975	4.149
222.200	209.976	4.149
222.400	209.975	4.149
222.600	209.976	4.149
222.800	209.975	4.149
223.000	209.976	4.149
223.200	209.974	4.149
223.400	209.972	4.149
223.600	209.976	4.149
223.800	209.975	4.149
224.000	209.975	4.149
224.200	209.976	4.149
224.400	209.973	4.149
224.600	209.975	4.149
224.800	209.976	4.149
225.000	209.975	4.149
225.200	209.976	4.149
225.400	209.975	4.149
225.600	209.975	4.149
225.800	209.976	4.149
226.000	209.976	4.149
226.200	209.977	4.149
226.400	209.976	4.149
226.600	209.976	4.149
226.800	209.977	4.149
227.000	209.977	4.149
227.200	209.978	4.149
227.400	209.978	4.149
227.600	209.975	4.149
227.800	209.976	4.149
228.000	209.979	4.149
228.200	209.978	4.149
228.400	209.975	4.149
228.600	209.976	4.149
228.800	209.976	4.149
229.000	209.978	4.149
229.200	209.975	4.149
229.400	209.978	4.149
229.600	209.976	4.149
229.800	209.976	4.149
230.000	209.976	4.149
230.200	209.977	4.149
230.400	209.975	4.149
230.600	209.976	4.149
230.800	209.977	4.149
231.000	209.975	4.149
231.200	209.976	4.149
231.400	209.976	4.149
231.600	209.977	4.149
231.800	209.975	4.149
232.000	209.975	4.149
232.200	209.976	4.149
232.400	209.974	4.149
232.600	209.975	4.149
232.800	209.974	4.149
233.000	209.976	4.149
233.200	209.975	4.149
233.400	209.976	4.149
233.600	209.977	4.149
233.800	209.975	4.149
234.000	209.974	4.149
234.200	209.975	4.149
234.400	209.975	4.149
234.600	209.978	4.149
234.800	209.976	4.149
235.000	209.978	4.149
235.200	209.977	4.149
235.400	209.976	4.149
235.600	209.977	4.149
235.800	209.976	4.149
236.000	209.975	4.149
236.200	209.976	4.149
236.400	209.975	4.149
236.600	209.976	4.149
236.800	209.975	4.149
237.000	209.976	4.149
237.200	209.978	4.149
237.400	209.978	4.149
237.600	209.978	4.149
237.800	209.977	4.149
238.000	209.976	4.149
238.200	209.975	4.149
238.400	209.976	4.149
238.600	209.977	4.149
238.800	209.976	4.149
239.000	209.979	4.149
239.200	209.978	4.149
239.400	209.976	4.149
239.600	209.978	4.149
239.800	209.975	4.149
240.000	209.974	4.149
240.200	209.976	4.149
240.400	209.975	4.149
240.600	209.975	4.149
240.800	209.974	4.149
241.000	209.978	4.149
241.200	209.975	4.149
241.400	209.976	4.150
241.600	209.976	4.149
241.800	209.977	4.150
242.000	209.977	4.150
242.200	209.976	4.150
242.400	209.975	4.150
242.600	209.976	4.150
242.800	209.977	4.149
243.000	209.975	4.149
243.200	209.975	4.150
243.400	209.974	4.150
243.600	209.974	4.149
243.800	209.975	4.150
244.000	209.977	4.150
244.200	209.976	4.150
244.400	209.977	4.150
244.600	209.977	4.150
244.800	209.978	4.150
245.000	209.976	4.150
245.200	209.977	4.150
245.400	209.974	4.150
245.600	209.976	4.150
245.800	209.976	4.150
246.000	209.975	4.150
246.200	209.976	4.150
246.400	209.975	4.150
246.600	209.975	4.150
246.800	209.975	4.150
247.000	209.975	4.150
247.200	209.976	4.150
247.400	209.976	4.150
247.600	209.975	4.150
247.800	209.975	4.150
248.000	209.976	4.150
248.200	209.975	4.150
248.400	209.976	4.150
248.600	209.974	4.150
248.800	209.978	4.150
249.000	209.978	4.150
249.200	209.975	4.150
249.400	209.977	4.150
249.600	209.976	4.150
249.800	209.977	4.150
250.000	209.975	4.150
250.200	209.975	4.150
250.400	209.976	4.150
250.600	209.976	4.150
250.800	209.977	4.150
251.000	209.978	4.150
251.200	209.977	4.150
251.400	209.974	4.150
251.600	209.976	4.150
251.800	209.977	4.150
252.000	209.976	4.150
252.200	209.976	4.150
252.400	209.976	4.150
252.600	209.974	4.150
252.800	209.975	4.150
253.000	209.975	4.150
253.200	209.977	4.150
253.400	209.975	4.150
253.600	209.975	4.150
253.800	209.975	4.150
254.000	209.975	4.150
254.200	209.976	4.150
254.400	209.977	4.150
254.600	209.977	4.150
254.800	209.976	4.150
255.000	209.977	4.150
255.200	209.976	4.150
255.400	209.976	4.150
255.600	209.976	4.150
255.800	209.977	4.150
256.000	209.976	4.150
256.200	209.975	4.150
256.400	209.974	4.150
256.600	209.975	4.150
256.800	209.976	4.150
257.000	209.973	4.150
257.200	209.973	4.150
257.400	209.974	4.150
257.600	209.975	4.150
257.800	209.975	4.150
258.000	209.975	4.150
258.200	209.975	4.150
258.400	209.975	4.150
258.600	209.976	4.150
258.800	209.975	4.150
259.000	209.975	4.150
259.200	0.169	4.132
259.400	0.099	4.132
259.600	0.083	4.131
259.800	0.076	4.131
260.000	0.072	4.131
260.200	0.068	4.131
260.400	0.064	4.131
260.600	0.064	4.131
260.800	0.064	4.131
261.000	0.062	4.131
261.200	0.062	4.131
261.400	0.060	4.131
261.600	0.061	4.131
261.800	0.059	4.131
262.000	0.058	4.131
262.200	0.060	4.131
262.400	0.059	4.131
262.600	0.058	4.131
262.800	0.058	4.131
263.000	0.058	4.131
263.200	0.057	4.131
263.400	0.058	4.131
263.600	0.057	4.131
263.800	0.056	4.131
264.000	0.056	4.131
264.200	0.057	4.131
264.400	0.056	4.131
264.600	0.055	4.131
264.800	0.054	4.131
265.000	0.054	4.131
265.200	0.054	4.131
265.400	0.055	4.131
265.600	0.052	4.130
265.800	0.054	4.131
266.000	0.054	4.130
266.200	0.055	4.130
266.400	0.055	4.130
266.600	0.055	4.130
266.800	0.055	4.130
267.000	0.054	4.130
267.200	0.055	4.130
267.400	0.056	4.130
267.600	0.056	4.130
267.800	0.054	4.130
268.000	0.055	4.130
268.200	0.055	4.130
268.400	0.056	4.130
268.600	0.055	4.130
268.800	0.055	4.130
269.000	0.056	4.130
269.200	0.055	4.130
269.400	0.056	4.130
269.600	0.054	4.130
269.800	0.053	4.130
270.000	0.053	4.130
270.200	0.054	4.130
270.400	0.054	4.130
270.600	0.052	4.130
270.800	0.054	4.130
271.000	0.052	4.130
271.200	0.053	4.130
271.400	0.054	4.130
271.600	0.053	4.130
271.800	0.055	4.130
272.000	0.053	4.130
272.200	0.054	4.130
272.400	0.054	4.130
272.600	0.053	4.130
272.800	0.054	4.130
273.000	0.055	4.130
273.200	0.055	4.130
273.400	0.055	4.130
273.600	0.055	4.130
273.800	0.054	4.130
274.000	0.056	4.130
274.200	0.056	4.130
274.400	0.054	4.130
274.600	0.053	4.130
274.800	0.055	4.130
275.000	0.055	4.130
275.200	0.054	4.130
275.400	0.055	4.130
275.600	0.056	4.130
275.800	0.054	4.130
276.000	0.056	4.130
276.200	0.055	4.130
276.400	0.056	4.130
276.600	0.054	4.130
276.800	0.055	4.130
277.000	0.057	4.130
277.200	0.056	4.130
277.400	0.053	4.130
277.600	0.053	4.130
277.800	0.055	4.130
278.000	0.053	4.130
278.200	0.054	4.130
278.400	0.055	4.130
278.600	0.054	4.130
278.800	0.054	4.130
279.000	0.054	4.130
279.200	0.053	4.130
279.400	0.053	4.130
279.600	0.053	4.129
279.800	0.053	4.130
280.000	0.054	4.130
280.200	0.053	4.129
280.400	0.054	4.130
280.600	0.054	4.129
280.800	0.053	4.129
281.000	0.054	4.129
281.200	0.054	4.129
281.400	0.054	4.129
281.600	0.054	4.129
281.800	0.053	4.129
282.000	0.054	4.129
282.200	0.054	4.129
282.400	0.054	4.129
282.600	0.054	4.129
282.800	0.054	4.129
283.000	0.055	4.129
283.200	0.053	4.129
283.400	0.053	4.129
283.600	0.054	4.129
283.800	0.054	4.129
284.000	0.054	4.129
284.200	0.054	4.129
284.400	0.053	4.129
284.600	0.052	4.129
284.800	0.052	4.129
285.000	0.053	4.129
285.200	0.053	4.129
285.400	0.055	4.129
285.600	0.054	4.129
285.800	0.054	4.129
286.000	0.053	4.129
286.200	0.053	4.129
286.400	0.054	4.129
286.600	0.054	4.129
286.800	0.056	4.129
287.000	0.054	4.129
287.200	0.054	4.129
287.400	0.054	4.129
287.600	0.052	4.129
287.800	0.053	4.129
288.000	0.053	4.129
288.200	0.052	4.129
288.400	0.053	4.129
288.600	0.051	4.129
288.800	0.054	4.129
289.000	0.053	4.129
289.200	0.053	4.129
289.400	0.055	4.129
289.600	0.053	4.129
289.800	0.053	4.129
290.000	0.055	4.129
290.200	0.054	4.129
290.400	0.055	4.129
290.600	0.055	4.129
290.800	0.055	4.129
291.000	0.054	4.129
291.200	0.053	4.129
291.400	0.056	4.129
291.600	0.053	4.129
291.800	0.053	4.129
292.000	0.054	4.129
292.200	0.052	4.129
292.400	0.054	4.129
292.600	0.055	4.129
292.800	0.054	4.129
293.000	0.055	4.129
293.200	0.052	4.129
293.400	0.053	4.129
293.600	0.053	4.129
293.800	0.054	4.129
294.000	0.054	4.129
294.200	0.054	4.129
294.400	0.055	4.129
294.600	0.056	4.129
294.800	0.054	4.129
295.000	0.056	4.129
295.200	0.054	4.129
295.400	0.055	4.129
295.600	0.055	4.129
295.800	0.052	4.129
296.000	0.055	4.129
296.200	0.053	4.129
296.400	0.055	4.129
296.600	0.054	4.129
296.800	0.054	4.129
297.000	0.055	4.129
297.200	0.056	4.129
297.400	0.056	4.129
297.600	0.055	4.129
297.800	0.055	4.129
298.000	0.055	4.129
298.200	0.055	4.129
298.400	0.056	4.129
298.600	0.054	4.129
298.800	0.056	4.129
299.000	0.055	4.129
299.200	0.055	4.129
299.400	0.055	4.129
299.600	0.056	4.129
299.800	0.054	4.129
300.000	0.054	4.129
300.200	0.054	4.129
300.400	0.055	4.129
300.600	0.054	4.129
300.800	0.055	4.129
301.000	0.055	4.129
301.200	0.053	4.129
301.400	0.057	4.129
301.600	0.055	4.129
301.800	0.055	4.129
302.000	0.054	4.129
302.200	0.053	4.129
302.400	0.054	4.129
302.600	0.054	4.129
302.800	0.054	4.129
303.000	0.053	4.129
303.200	0.056	4.129
303.400	0.056	4.129
303.600	0.056	4.129
303.800	0.055	4.129
304.000	0.055	4.129
304.200	0.055	4.129
304.400	0.056	4.129
304.600	0.054	4.129
304.800	0.055	4.129
305.000	0.055	4.129
305.200	0.055	4.129
305.400	0.056	4.129
305.600	0.056	4.129
305.800	0.056	4.129
306.000	0.053	4.129
306.200	0.056	4.129
306.400	0.054	4.129
306.600	0.056	4.129
306.800	0.055	4.129
307.000	0.055	4.129
307.200	0.056	4.129
307.400	0.057	4.129
307.600	0.056	4.129
307.800	0.056	4.129
308.000	0.055	4.129
308.200	0.055	4.129
308.400	0.056	4.129
308.600	0.055	4.129
308.800	0.054	4.129
309.000	0.055	4.129
309.200	0.057	4.129
309.400	0.056	4.129
309.600	0.057	4.129
309.800	0.057	4.129
310.000	0.058	4.129
310.200	0.055	4.129
310.400	0.056	4.129
310.600	0.054	4.129
310.800	0.053	4.129
311.000	0.055	4.129
311.200	0.054	4.129
311.400	0.056	4.129
311.600	0.053	4.129
311.800	0.054	4.129
312.000	0.054	4.128
312.200	0.055	4.128
312.400	0.054	4.128
312.600	0.055	4.128
312.800	0.054	4.128
313.000	0.055	4.128
313.200	0.055	4.128
313.400	0.056	4.128
313.600	0.056	4.128
313.800	0.054	4.128
314.000	0.053	4.128
314.200	0.054	4.128
314.400	0.053	4.128
314.600	0.054	4.128
314.800	0.053	4.128
315.000	0.053	4.128
315.200	0.054	4.128
315.400	0.054	4.128
315.600	0.054	4.128
315.800	0.054	4.128
316.000	0.053	4.128
316.200	0.054	4.128
316.400	0.053	4.128
316.600	0.052	4.128
316.800	0.054	4.128
317.000	0.052	4.128
317.200	0.052	4.128
317.400	0.052	4.128
317.600	0.055	4.128
317.800	0.053	4.128
318.000	0.053	4.128
318.200	0.052	4.128
318.400	0.055	4.128
318.600	0.054	4.128
318.800	0.055	4.128
319.000	0.054	4.128
319.200	0.052	4.128
319.400	0.054	4.128
319.600	0.053	4.128
319.800	0.054	4.128
320.000	0.054	4.128
320.200	0.052	4.128
320.400	0.054	4.128
320.600	0.054	4.128
320.800	0.055	4.128
321.000	0.054	4.128
321.200	0.055	4.128
321.400	0.055	4.128
321.600	0.055	4.128
321.800	0.054	4.128
322.000	0.053	4.128
322.200	0.052	4.128
322.400	0.053	4.128
322.600	0.054	4.128
322.800	0.050	4.128
323.000	0.054	4.128
323.200	0.054	4.128
323.400	0.053	4.128
323.600	0.053	4.128
323.800	0.054	4.128
324.000	0.055	4.128
324.200	0.053	4.128
324.400	0.056	4.128
324.600	0.053	4.128
324.800	0.055	4.128
325.000	0.053	4.128
325.200	0.053	4.128
325.400	0.053	4.128
325.600	0.051	4.128
325.800	0.053	4.128
326.000	0.053	4.128
326.200	0.052	4.128
326.400	0.053	4.128
326.600	0.053	4.128
326.800	0.053	4.128
327.000	0.052	4.128
327.200	0.053	4.128
327.400	0.053	4.128
327.600	0.052	4.128
327.800	0.053	4.128
328.000	0.054	4.128
328.200	0.054	4.128
328.400	0.052	4.128
328.600	0.053	4.128
328.800	0.052	4.128
329.000	0.052	4.128
329.200	0.053	4.128
329.400	0.053	4.128
329.600	0.052	4.128
329.800	0.055	4.128
330.000	0.052	4.128
330.200	0.054	4.128
330.400	0.054	4.128
330.600	0.052	4.128
330.800	0.053	4.128
331.000	0.052	4.128
331.200	0.053	4.128
331.400	0.054	4.128
331.600	0.054	4.128
331.800	0.054	4.128
332.000	0.052	4.128
332.200	0.051	4.128
332.400	0.053	4.128
332.600	0.053	4.128
332.800	0.054	4.128
333.000	0.051	4.128
333.200	0.052	4.128
333.400	0.053	4.128
333.600	0.052	4.128
333.800	0.053	4.128
334.000	0.053	4.128
334.200	0.052	4.128
334.400	0.052	4.128
334.600	0.052	4.128
334.800	0.052	4.128
335.000	0.053	4.128
335.200	0.051	4.128
335.400	0.051	4.128
335.600	0.052	4.128
335.800	0.051	4.128
336.000	0.052	4.128
336.200	0.053	4.128
336.400	0.053	4.128
336.600	0.052	4.128
336.800	0.053	4.128
337.000	0.053	4.128
337.200	0.054	4.128
337.400	0.052	4.128
337.600	0.051	4.128
337.800	0.052	4.128
338.000	0.052	4.128
338.200	0.052	4.128
338.400	0.053	4.128
338.600	0.054	4.128
338.800	0.055	4.128
339.000	0.053	4.128
339.200	0.053	4.128
339.400	0.052	4.128
339.600	0.052	4.128
339.800	0.052	4.128
340.000	0.054	4.128
340.200	0.053	4.128
340.400	0.053	4.128
340.600	0.055	4.128
340.800	0.055	4.128
341.000	0.055	4.128
341.200	0.055	4.128
341.400	0.053	4.128
341.600	0.054	4.128
341.800	0.054	4.128
342.000	0.054	4.128
342.200	0.054	4.128
342.400	0.053	4.128
342.600	0.056	4.128
342.800	0.053	4.128
343.000	0.055	4.128
343.200	0.054	4.128
343.400	0.054	4.128
343.600	0.053	4.128
343.800	0.053	4.128
344.000	0.052	4.128
344.200	0.053	4.128
344.400	0.053	4.128
344.600	0.055	4.128
344.800	0.053	4.128
345.000	0.056	4.128
345.200	0.052	4.128
345.400	0.051	4.128
345.600	0.051	4.128
345.800	0.052	4.128
346.000	0.051	4.128
346.200	0.054	4.128
346.400	0.054	4.128
346.600	0.053	4.128
346.800	0.051	4.128
347.000	0.053	4.128
347.200	0.054	4.128
347.400	0.052	4.128
347.600	0.053	4.128
347.800	0.054	4.128
348.000	0.052	4.128
348.200	0.051	4.128
348.400	0.053	4.128
348.600	0.052	4.128
348.800	0.052	4.128
349.000	0.053	4.128
349.200	0.052	4.128
349.400	0.053	4.128
349.600	0.053	4.128
349.800	0.052	4.128
350.000	0.054	4.128
350.200	0.054	4.128
350.400	0.052	4.128
350.600	0.054	4.128
350.800	0.053	4.128
351.000	0.052	4.128
351.200	0.055	4.128
351.400	0.053	4.128
351.600	0.055	4.128
351.800	0.054	4.128
352.000	0.053	4.128
352.200	0.054	4.128
352.400	0.053	4.128
352.600	0.054	4.128
352.800	0.053	4.128
353.000	0.054	4.128
353.200	0.055	4.128
353.400	0.052	4.128
353.600	0.053	4.128
353.800	0.051	4.128
354.000	0.053	4.128
354.200	0.052	4.128
354.400	0.053	4.128
354.600	0.053	4.128
354.800	0.053	4.128
355.000	0.054	4.128
355.200	0.054	4.128
355.400	0.055	4.128
355.600	0.052	4.128
355.800	0.056	4.128
356.000	0.057	4.128
356.200	0.052	4.128
356.400	0.053	4.128
356.600	0.052	4.128
356.800	0.055	4.128
357.000	0.053	4.128
357.200	0.053	4.128
357.400	0.054	4.128
357.600	0.054	4.128
357.800	0.054	4.128
358.000	0.054	4.128
358.200	0.054	4.128
358.400	0.054	4.128
358.600	0.055	4.128
358.800	0.055	4.128
359.000	0.056	4.128
359.200	0.053	4.128
359.400	0.051	4.128
359.600	0.052	4.128
359.800	0.054	4.128
360.000	0.055	4.128
360.200	0.054	4.128
360.400	0.055	4.128
360.600	0.053	4.128
360.800	0.055	4.128
361.000	0.053	4.128
361.200	0.054	4.128
361.400	0.054	4.128
361.600	0.053	4.128
361.800	0.053	4.128
362.000	0.053	4.128
362.200	0.053	4.128
362.400	0.054	4.128
362.600	0.054	4.128
362.800	0.053	4.128
363.000	0.053	4.128
363.200	0.053	4.128
363.400	0.053	4.128
363.600	0.053	4.128
363.800	0.054	4.128
364.000	0.052	4.128
364.200	0.053	4.128
364.400	0.052	4.128
364.600	0.052	4.128
364.800	0.052	4.128
365.000	0.053	4.128
365.200	0.053	4.128
365.400	0.053	4.128
365.600	0.053	4.128
365.800	0.051	4.128
366.000	0.052	4.128
366.200	0.052	4.128
366.400	0.052	4.128
366.600	0.052	4.128
366.800	0.052	4.128
367.000	0.052	4.128
367.200	0.052	4.128
367.400	0.052	4.128
367.600	0.052	4.128
367.800	0.053	4.128
368.000	0.051	4.128
368.200	0.052	4.128
368.400	0.053	4.128
368.600	0.052	4.128
368.800	0.053	4.128
369.000	0.051	4.128
369.200	0.053	4.128
369.400	0.051	4.128
369.600	0.052	4.128
369.800	0.051	4.128
370.000	0.052	4.128
370.200	0.052	4.128
370.400	0.052	4.128
370.600	0.053	4.128
370.800	0.054	4.128
371.000	0.055	4.128
371.200	0.052	4.128
371.400	0.054	4.128
371.600	0.053	4.128
371.800	0.054	4.128
372.000	0.053	4.128
372.200	0.053	4.128
372.400	0.054	4.128
372.600	0.053	4.128
372.800	0.053	4.128
373.000	0.053	4.128
373.200	0.053	4.128
373.400	0.053	4.128
373.600	0.053	4.128
373.800	0.053	4.128
374.000	0.055	4.128
374.200	0.054	4.128
374.400	0.054	4.128
374.600	0.053	4.128
374.800	0.053	4.128
375.000	0.054	4.128
375.200	0.053	4.128
375.400	0.054	4.128
375.600	0.052	4.128
375.800	0.054	4.128
376.000	0.053	4.128
376.200	0.054	4.128
376.400	0.054	4.128
376.600	0.054	4.128
376.800	0.052	4.128
377.000	0.051	4.128
377.200	0.050	4.128
377.400	0.053	4.128
377.600	0.053	4.128
377.800	0.053	4.128
378.000	0.053	4.128
378.200	0.052	4.128
378.400	0.052	4.128
378.600	0.051	4.128
378.800	0.052	4.128
379.000	0.051	4.128
379.200	0.052	4.128
379.400	0.052	4.128
379.600	0.051	4.128
379.800	0.051	4.128
380.000	0.053	4.128
380.200	0.051	4.128
380.400	0.051	4.128
380.600	0.053	4.128
380.800	0.051	4.128
381.000	0.051	4.128
381.200	0.050	4.128
381.400	0.051	4.128
381.600	0.049	4.128
381.800	0.051	4.128
382.000	0.049	4.128
382.200	0.052	4.128
382.400	0.050	4.128
382.600	0.052	4.128
382.800	0.049	4.128
383.000	0.051	4.128
383.200	0.051	4.128
383.400	0.049	4.128
383.600	0.050	4.128
383.800	0.053	4.128
384.000	0.051	4.128
384.200	0.051	4.128
384.400	0.051	4.128
384.600	0.053	4.128
384.800	0.050	4.128
385.000	0.050	4.128
385.200	0.051	4.128
385.400	0.049	4.128
385.600	0.050	4.128
385.800	0.052	4.128
386.000	0.052	4.128
386.200	0.051	4.128
386.400	0.050	4.128
386.600	0.049	4.128
386.800	0.050	4.128
387.000	0.050	4.128
387.200	0.049	4.128
387.400	0.051	4.128
387.600	0.051	4.128
387.800	0.051	4.128
388.000	0.049	4.128
388.200	0.050	4.128
388.400	0.050	4.128
388.600	0.050	4.128
388.800	0.049	4.128
389.000	0.050	4.128
389.200	0.050	4.128
389.400	0.051	4.128
389.600	0.049	4.128
389.800	0.051	4.128
390.000	0.052	4.128
390.200	0.052	4.128
390.400	0.053	4.128
390.600	0.053	4.128
390.800	0.052	4.128
391.000	0.053	4.128
391.200	0.054	4.128
391.400	0.052	4.128
391.600	0.052	4.128
391.800	0.051	4.128
392.000	0.053	4.128
392.200	0.051	4.128
392.400	0.051	4.128
392.600	0.051	4.128
392.800	0.051	4.128
393.000	0.052	4.128
393.200	0.050	4.127
393.400	0.050	4.128
393.600	0.050	4.128
393.800	0.050	4.128
394.000	0.050	4.128
394.200	0.051	4.128
394.400	0.051	4.128
394.600	0.050	4.128
394.800	0.052	4.128
395.000	0.050	4.128
395.200	0.052	4.128
395.400	0.053	4.128
395.600	0.053	4.128
395.800	0.053	4.128
396.000	0.053	4.128
396.200	0.050	4.128
396.400	0.051	4.127
396.600	0.050	4.128
396.800	0.051	4.128
397.000	0.052	4.128
397.200	0.051	4.128
397.400	0.050	4.128
397.600	0.052	4.128
397.800	0.050	4.127
398.000	0.050	4.127
398.200	0.051	4.128
398.400	0.049	4.127
398.600	0.052	4.128
398.800	0.050	4.127
399.000	0.050	4.127
399.200	0.049	4.127
399.400	0.048	4.127
399.600	0.049	4.128
399.800	0.048	4.127
400.000	0.050	4.127
400.200	0.049	4.128
400.400	0.050	4.128
400.600	0.051	4.127
400.800	0.050	4.127
401.000	0.051	4.128
401.200	0.049	4.127
401.400	0.051	4.127
401.600	0.050	4.127
401.800	0.051	4.127
402.000	0.051	4.127
402.200	0.053	4.128
402.400	0.052	4.128
402.600	0.052	4.128
402.800	0.052	4.128
403.000	0.051	4.127
403.200	0.049	4.127
403.400	0.050	4.127
403.600	0.050	4.127
403.800	0.050	4.127
404.000	0.051	4.127
404.200	0.049	4.127
404.400	0.050	4.127
404.600	0.052	4.127
404.800	0.053	4.127
405.000	0.052	4.127
405.200	0.054	4.127
405.400	0.053	4.127
405.600	0.051	4.127
405.800	0.052	4.127
406.000	0.051	4.127
406.200	0.051	4.127
406.400	0.051	4.127
406.600	0.051	4.127
406.800	0.050	4.127
407.000	0.049	4.127
407.200	0.048	4.127
407.400	0.050	4.127
407.600	0.050	4.127
407.800	0.049	4.127
408.000	0.051	4.127
408.200	0.050	4.127
408.400	0.051	4.127
408.600	0.050	4.127
408.800	0.049	4.127
409.000	0.049	4.127
409.200	0.048	4.127
409.400	0.049	4.127
409.600	0.049	4.127
409.800	0.049	4.127
410.000	0.050	4.127
410.200	0.048	4.127
410.400	0.050	4.127
410.600	0.050	4.127
410.800	0.048	4.127
411.000	0.051	4.127
411.200	0.050	4.127
411.400	0.050	4.127
411.600	0.051	4.127
411.800	0.051	4.127
412.000	0.052	4.127
412.200	0.049	4.127
412.400	0.050	4.127
412.600	0.051	4.127
412.800	0.051	4.127
413.000	0.051	4.127
413.200	0.051	4.127
413.400	0.051	4.127
413.600	0.049	4.127
413.800	0.050	4.127
414.000	0.050	4.127
414.200	0.050	4.127
414.400	0.047	4.127
414.600	0.048	4.127
414.800	0.049	4.127
415.000	0.049	4.127
415.200	0.049	4.127
415.400	0.048	4.127
415.600	0.048	4.127
415.800	0.049	4.127
416.000	0.052	4.127
416.200	0.049	4.127
416.400	0.050	4.127
416.600	0.052	4.127
416.800	0.051	4.127
417.000	0.052	4.127
417.200	0.050	4.127
417.400	0.050	4.127
417.600	0.050	4.127
417.800	0.051	4.127
418.000	0.050	4.127
418.200	0.050	4.127
418.400	0.049	4.127
418.600	0.051	4.127
418.800	0.051	4.127
419.000	0.048	4.127
419.200	0.051	4.127
419.400	0.051	4.127
419.600	0.051	4.127
419.800	0.050	4.127
420.000	0.050	4.127
420.200	0.051	4.127
420.400	0.052	4.127
420.600	0.051	4.127
420.800	0.050	4.127
421.000	0.050	4.127
421.200	0.050	4.127
421.400	0.050	4.127
421.600	0.050	4.127
421.800	0.049	4.127
422.000	0.052	4.127
422.200	0.050	4.127
422.400	0.051	4.127
422.600	0.048	4.127
422.800	0.049	4.127
423.000	0.052	4.127
423.200	0.050	4.127
423.400	0.051	4.127
423.600	0.051	4.127
423.800	0.050	4.127
424.000	0.050	4.127
424.200	0.049	4.127
424.400	0.050	4.127
424.600	0.050	4.127
424.800	0.049	4.127
425.000	0.049	4.127
425.200	0.050	4.127
425.400	0.050	4.127
425.600	0.050	4.127
425.800	0.051	4.127
426.000	0.051	4.127
426.200	0.050	4.127
426.400	0.049	4.127
426.600	0.050	4.127
426.800	0.049	4.127
427.000	0.048	4.127
427.200	0.051	4.127
427.400	0.049	4.127
427.600	0.052	4.127
427.800	0.049	4.127
428.000	0.051	4.127
428.200	0.050	4.127
428.400	0.050	4.127
428.600	0.050	4.127
428.800	0.048	4.127
429.000	0.048	4.127
429.200	0.049	4.127
429.400	0.051	4.127
429.600	0.050	4.127
429.800	0.048	4.127
430.000	0.048	4.127
430.200	0.050	4.127
430.400	0.052	4.127
430.600	0.049	4.127
430.800	0.050	4.127
431.000	0.051	4.127
431.200	0.050	4.127
431.400	0.050	4.127
431.600	0.049	4.127
431.800	0.049	4.127
432.000	0.050	4.127
432.200	0.048	4.127
432.400	0.048	4.127
432.600	0.048	4.127
432.800	0.048	4.127
433.000	0.048	4.127
433.200	0.048	4.127
433.400	0.049	4.127
433.600	0.049	4.127
433.800	0.050	4.127
434.000	0.050	4.127
434.200	0.048	4.127
434.400	0.049	4.127
434.600	0.050	4.127
434.800	0.050	4.127
435.000	0.048	4.127
435.200	0.048	4.127
435.400	0.050	4.127
435.600	0.049	4.127
435.800	0.050	4.127
436.000	0.048	4.127
436.200	0.050	4.127
436.400	0.050	4.127
436.600	0.049	4.127
436.800	0.048	4.127
437.000	0.049	4.127
437.200	0.051	4.127
437.400	0.051	4.127
437.600	0.050	4.127
437.800	0.050	4.127
438.000	0.050	4.127
438.200	0.049	4.127
438.400	0.048	4.127
438.600	0.048	4.127
438.800	0.050	4.127
439.000	0.049	4.127
439.200	0.047	4.127
439.400	0.050	4.127
439.600	0.048	4.127
439.800	0.047	4.127
440.000	0.048	4.127
440.200	0.048	4.127
440.400	0.049	4.127
440.600	0.048	4.127
440.800	0.048	4.127
441.000	0.049	4.127
441.200	0.047	4.127
441.400	0.048	4.127
441.600	0.047	4.127
441.800	0.049	4.127
442.000	0.049	4.127
442.200	0.050	4.127
442.400	0.050	4.127
442.600	0.050	4.127
442.800	0.049	4.127
443.000	0.047	4.127
443.200	0.046	4.127
443.400	0.047	4.127
443.600	0.046	4.127
443.800	0.047	4.127
444.000	0.046	4.127
444.200	0.048	4.127
444.400	0.048	4.127
444.600	0.047	4.127
444.800	0.047	4.127
445.000	0.048	4.127
445.200	0.048	4.127
445.400	0.047	4.127
445.600	0.048	4.127
445.800	0.048	4.127
446.000	0.048	4.127
446.200	0.048	4.127
446.400	0.047	4.127
446.600	0.049	4.127
446.800	0.047	4.127
447.000	0.049	4.127
447.200	0.048	4.127
447.400	0.051	4.127
447.600	0.049	4.127
447.800	0.049	4.127
448.000	0.050	4.127
448.200	0.050	4.127
448.400	0.050	4.127
448.600	0.051	4.127
448.800	0.049	4.127
449.000	0.051	4.127
449.200	0.050	4.127
449.400	0.049	4.127
449.600	0.049	4.127
449.800	0.050	4.127
450.000	0.049	4.127
450.200	0.049	4.127
450.400	0.051	4.127
450.600	0.050	4.127
450.800	0.050	4.127
451.000	0.050	4.127
451.200	0.049	4.127
451.400	0.050	4.127
451.600	0.049	4.127
451.800	0.049	4.127
452.000	0.051	4.127
452.200	0.051	4.127
452.400	0.051	4.127
452.600	0.050	4.127
452.800	0.050	4.127
453.000	0.051	4.127
453.200	0.050	4.127
453.400	0.050	4.127
453.600	0.051	4.127
453.800	0.049	4.127
454.000	0.051	4.127
454.200	0.051	4.127
454.400	0.050	4.127
454.600	0.048	4.127
454.800	0.051	4.127
455.000	0.050	4.127
455.200	0.051	4.127
455.400	0.049	4.127
455.600	0.050	4.127
455.800	0.051	4.127
456.000	0.051	4.127
456.200	0.051	4.127
456.400	0.051	4.127
456.600	0.051	4.127
456.800	0.050	4.127
457.000	0.050	4.127
457.200	0.051	4.127
457.400	0.050	4.127
457.600	0.051	4.127
457.800	0.050	4.127
458.000	0.049	4.127
458.200	0.049	4.127
458.400	0.051	4.127
458.600	0.049	4.127
458.800	0.051	4.127
459.000	0.050	4.127
459.200	0.050	4.127
459.400	0.046	4.127
459.600	0.049	4.127
459.800	0.050	4.127
460.000	0.050	4.127
460.200	0.052	4.127
460.400	0.049	4.127
460.600	0.051	4.127
460.800	0.049	4.127
461.000	0.050	4.127
461.200	0.050	4.127
461.400	0.050	4.127
461.600	0.050	4.127
461.800	0.050	4.127
462.000	0.049	4.127
462.200	0.050	4.127
462.400	0.050	4.127
462.600	0.051	4.127
462.800	0.049	4.127
463.000	0.051	4.127
463.200	0.050	4.127
463.400	0.053	4.127
463.600	0.050	4.127
463.800	0.049	4.127
464.000	0.052	4.127
464.200	0.050	4.127
464.400	0.053	4.127
464.600	0.051	4.127
464.800	0.052	4.127
465.000	0.051	4.127
465.200	0.051	4.127
465.400	0.050	4.127
465.600	0.052	4.127
465.800	0.051	4.127
466.000	0.051	4.127
466.200	0.050	4.127
466.400	0.051	4.127
466.600	0.052	4.127
466.800	0.051	4.127
467.000	0.050	4.127
467.200	0.050	4.127
467.400	0.051	4.127
467.600	0.051	4.127
467.800	0.052	4.127
468.000	0.051	4.127
468.200	0.052	4.127
468.400	0.050	4.127
468.600	0.050	4.127
468.800	0.052	4.127
469.000	0.052	4.127
469.200	0.051	4.127
469.400	0.051	4.127
469.600	0.050	4.127
469.800	0.050	4.127
470.000	0.051	4.127
470.200	0.052	4.127
470.400	0.051	4.127
470.600	0.049	4.127
470.800	0.051	4.127
471.000	0.051	4.127
471.200	0.051	4.127
471.400	0.050	4.127
471.600	0.050	4.127
471.800	0.054	4.127
472.000	0.052	4.127
472.200	0.051	4.127
472.400	0.051	4.127
472.600	0.052	4.127
472.800	0.052	4.127
473.000	0.053	4.127
473.200	0.052	4.127
473.400	0.052	4.127
473.600	0.053	4.127
473.800	0.052	4.127
474.000	0.051	4.127
474.200	0.050	4.127
474.400	0.051	4.127
474.600	0.049	4.127
474.800	0.051	4.127
475.000	0.049	4.127
475.200	0.051	4.127
475.400	0.050	4.127
475.600	0.048	4.127
475.800	0.050	4.127
476.000	0.049	4.127
476.200	0.050	4.127
476.400	0.049	4.127
476.600	0.049	4.127
476.800	0.052	4.127
477.000	0.051	4.127
477.200	0.052	4.127
477.400	0.052	4.127
477.600	0.050	4.127
477.800	0.051	4.127
478.000	0.052	4.127
478.200	0.051	4.127
478.400	0.052	4.127
478.600	0.052	4.127
478.800	0.051	4.127
479.000	0.051	4.127
479.200	0.050	4.127
479.400	0.051	4.127
479.600	0.050	4.127
479.800	0.048	4.127
480.000	0.050	4.127
480.200	0.050	4.127
480.400	0.049	4.127
480.600	0.049	4.127
480.800	0.049	4.127
481.000	0.050	4.127
481.200	0.049	4.127
481.400	0.048	4.127
481.600	0.050	4.127
481.800	0.048	4.127
482.000	0.049	4.127
482.200	0.050	4.127
482.400	0.047	4.127
482.600	0.049	4.127
482.800	0.048	4.127
483.000	0.048	4.127
483.200	0.048	4.127
483.400	0.049	4.127
483.600	0.049	4.127
483.800	0.048	4.127
484.000	0.050	4.127
484.200	0.049	4.127
484.400	0.049	4.127
484.600	0.050	4.127
484.800	0.048	4.127
485.000	0.049	4.127
485.200	0.048	4.127
485.400	0.047	4.127
485.600	0.047	4.127
485.800	0.048	4.127
486.000	0.049	4.127
486.200	0.049	4.127
486.400	0.050	4.127
486.600	0.051	4.127
486.800	0.052	4.127
487.000	0.052	4.127
487.200	0.050	4.127
487.400	0.051	4.127
487.600	0.051	4.127
487.800	0.050	4.127
488.000	0.049	4.127
488.200	0.051	4.127
488.400	0.051	4.127
488.600	0.050	4.127
488.800	0.049	4.127
489.000	0.050	4.127
489.200	0.048	4.127
489.400	0.050	4.127
489.600	0.051	4.127
489.800	0.051	4.127
490.000	0.050	4.127
490.200	0.048	4.127
490.400	0.049	4.127
490.600	0.050	4.127
490.800	0.050	4.127
491.000	0.051	4.127
491.200	0.051	4.127
491.400	0.051	4.127
491.600	0.051	4.127
491.800	0.052	4.127
492.000	0.050	4.127
492.200	0.049	4.127
492.400	0.051	4.127
492.600	0.049	4.127
492.800	0.050	4.127
493.000	0.051	4.127
493.200	0.050	4.127
493.400	0.050	4.127
493.600	0.051	4.127
493.800	0.050	4.127
494.000	0.050	4.127
494.200	0.050	4.127
494.400	0.051	4.127
494.600	0.052	4.127
494.800	0.051	4.127
495.000	0.049	4.127
495.200	0.052	4.127
495.400	0.050	4.127
495.600	0.049	4.127
495.800	0.049	4.127
496.000	0.049	4.127
496.200	0.050	4.127
496.400	0.051	4.127
496.600	0.049	4.127
496.800	0.050	4.127
497.000	0.049	4.127
497.200	0.049	4.127
497.400	0.050	4.127
497.600	0.050	4.127
497.800	0.050	4.127
498.000	0.050	4.127
498.200	0.050	4.127
498.400	0.048	4.127
498.600	0.050	4.127
498.800	0.048	4.127
499.000	0.049	4.127
499.200	0.047	4.127
499.400	0.048	4.127
499.600	0.048	4.127
499.800	0.050	4.127
500.000	0.050	4.127
500.200	0.049	4.127
500.400	0.048	4.127
500.600	0.048	4.127
500.800	0.049	4.127
501.000	0.047	4.127
501.200	0.048	4.127
501.400	0.048	4.127
501.600	0.048	4.127
501.800	0.050	4.127
502.000	0.048	4.127
502.200	0.047	4.127
502.400	0.046	4.127
502.600	0.047	4.127
502.800	0.047	4.127
503.000	0.050	4.127
503.200	0.048	4.127
503.400	0.048	4.127
503.600	0.048	4.127
503.800	0.049	4.127
504.000	0.049	4.127
504.200	0.050	4.127
504.400	0.049	4.127
504.600	0.048	4.127
504.800	0.050	4.127
505.000	0.048	4.127
505.200	0.048	4.127
505.400	0.049	4.127
505.600	0.047	4.127
505.800	0.046	4.127
506.000	0.049	4.127
506.200	0.048	4.127
506.400	0.048	4.127
506.600	0.049	4.127
506.800	0.048	4.127
507.000	0.048	4.127
507.200	0.049	4.127
507.400	0.049	4.127
507.600	0.047	4.127
507.800	0.047	4.127
508.000	0.048	4.127
508.200	0.047	4.127
508.400	0.046	4.127
508.600	0.048	4.127
508.800	0.047	4.127
509.000	0.048	4.127
509.200	0.048	4.127
509.400	0.047	4.127
509.600	0.047	4.127
509.800	0.051	4.127
510.000	0.048	4.127
510.200	0.049	4.127
510.400	0.048	4.127
510.600	0.048	4.127
510.800	0.050	4.127
511.000	0.048	4.127
511.200	0.047	4.127
511.400	0.049	4.127
511.600	0.048	4.127
511.800	0.049	4.127
512.000	0.049	4.127
512.200	0.049	4.127
512.400	0.050	4.127
512.600	0.049	4.127
512.800	0.048	4.127
513.000	0.050	4.127
513.200	0.051	4.127
513.400	0.049	4.127
513.600	0.049	4.127
513.800	0.048	4.127
514.000	0.050	4.127
514.200	0.049	4.127
514.400	0.048	4.127
514.600	0.050	4.127
514.800	0.050	4.127
515.000	0.051	4.127
515.200	0.049	4.127
515.400	0.047	4.127
515.600	0.048	4.127
515.800	0.048	4.127
516.000	0.048	4.127
516.200	0.050	4.127
516.400	0.049	4.127
516.600	0.048	4.127
516.800	0.049	4.127
517.000	0.051	4.127
517.200	0.048	4.127
517.400	0.048	4.127
517.600	0.049	4.127
517.800	0.049	4.127
518.000	0.049	4.127
518.200	0.049	4.127
518.400	0.048	4.127
518.600	0.049	4.127
518.800	0.050	4.127
519.000	0.050	4.127
519.200	0.049	4.127
519.400	0.048	4.127
519.600	0.050	4.127
519.800	0.048	4.127
520.000	0.047	4.127
520.200	0.050	4.127
520.400	0.049	4.127
520.600	0.047	4.127
520.800	0.049	4.127
521.000	0.049	4.127
521.200	0.050	4.127
521.400	0.048	4.127
521.600	0.049	4.127
521.800	0.050	4.127
522.000	0.052	4.127
522.200	0.050	4.127
522.400	0.049	4.127
522.600	0.049	4.127
522.800	0.049	4.127
523.000	0.050	4.127
523.200	0.050	4.127
523.400	0.048	4.127
523.600	0.048	4.127
523.800	0.046	4.127
524.000	0.047	4.127
524.200	0.047	4.127
524.400	0.047	4.127
524.600	0.050	4.127
524.800	0.048	4.127
525.000	0.050	4.127
525.200	0.049	4.127
525.400	0.048	4.127
525.600	0.047	4.127
525.800	0.049	4.127
526.000	0.050	4.127
526.200	0.048	4.127
526.400	0.049	4.127
526.600	0.047	4.127
526.800	0.049	4.127
527.000	0.048	4.127
527.200	0.050	4.127
527.400	0.048	4.127
527.600	0.048	4.127
527.800	0.050	4.127
528.000	0.049	4.127
528.200	0.049	4.127
528.400	0.050	4.127
528.600	0.045	4.127
528.800	0.049	4.127
529.000	0.049	4.127
529.200	0.048	4.127
529.400	0.050	4.127
529.600	0.049	4.127
529.800	0.048	4.127
530.000	0.049	4.127
530.200	0.050	4.127
530.400	0.050	4.127
530.600	0.050	4.127
530.800	0.051	4.127
531.000	0.050	4.127
531.200	0.051	4.127
531.400	0.049	4.127
531.600	0.049	4.127
531.800	0.049	4.127
532.000	0.050	4.127
532.200	0.050	4.127
532.400	0.050	4.127
532.600	0.049	4.127
532.800	0.050	4.127
533.000	0.050	4.127
533.200	0.050	4.127
533.400	0.048	4.127
533.600	0.049	4.127
533.800	0.051	4.127
534.000	0.050	4.127
534.200	0.049	4.127
534.400	0.050	4.127
534.600	0.051	4.127
534.800	0.049	4.127
535.000	0.050	4.127
535.200	0.048	4.127
535.400	0.049	4.127
535.600	0.050	4.127
535.800	0.050	4.127
536.000	0.051	4.127
536.200	0.049	4.127
536.400	0.050	4.127
536.600	0.050	4.127
536.800	0.051	4.127
537.000	0.049	4.127
537.200	0.048	4.127
537.400	0.050	4.127
537.600	0.050	4.127
537.800	0.050	4.127
538.000	0.050	4.127
538.200	0.050	4.127
538.400	0.048	4.127
538.600	0.050	4.127
538.800	0.048	4.127
539.000	0.048	4.127
539.200	0.049	4.127
539.400	0.050	4.127
539.600	0.050	4.127
539.800	0.050	4.127
540.000	0.050	4.127
540.200	0.051	4.127
540.400	0.051	4.127
540.600	0.052	4.127
540.800	0.049	4.127
541.000	0.050	4.127
541.200	0.049	4.127
541.400	0.048	4.127
541.600	0.049	4.127
541.800	0.051	4.127
542.000	0.051	4.127
542.200	0.050	4.127
542.400	0.053	4.127
542.600	0.050	4.127
542.800	0.051	4.127
543.000	0.050	4.127
543.200	0.050	4.127
543.400	0.050	4.127
543.600	0.050	4.127
543.800	0.050	4.127
544.000	0.050	4.127
544.200	0.050	4.127
544.400	0.050	4.127
544.600	0.050	4.127
544.800	0.050	4.127
545.000	0.049	4.127
545.200	0.050	4.127
545.400	0.050	4.127
545.600	0.050	4.127
545.800	0.050	4.127
546.000	0.049	4.127
546.200	0.050	4.127
546.400	0.049	4.127
546.600	0.049	4.127
546.800	0.050	4.127
547.000	0.050	4.127
547.200	0.050	4.127
547.400	0.049	4.127
547.600	0.050	4.127
547.800	0.050	4.127
548.000	0.050	4.127
548.200	0.051	4.127
548.400	0.050	4.127
548.600	0.051	4.127
548.800	0.049	4.127
549.000	0.051	4.127
549.200	0.049	4.127
549.400	0.048	4.127
549.600	0.049	4.127
549.800	0.050	4.127
550.000	0.050	4.127
550.200	0.051	4.127
550.400	0.050	4.127
550.600	0.051	4.127
550.800	0.051	4.127
551.000	0.050	4.127
551.200	0.050	4.127
551.400	0.051	4.127
551.600	0.051	4.127
551.800	0.051	4.127
552.000	0.053	4.127
552.200	0.050	4.127
552.400	0.049	4.127
552.600	0.050	4.127
552.800	0.048	4.127
553.000	0.049	4.127
553.200	0.051	4.127
553.400	0.050	4.127
553.600	0.050	4.127
553.800	0.050	4.127
554.000	0.051	4.127
554.200	0.050	4.127
554.400	0.048	4.127
554.600	0.050	4.127
554.800	0.050	4.127
555.000	0.050	4.127
555.200	0.050	4.127
555.400	0.050	4.127
555.600	0.051	4.127
555.800	0.052	4.127
556.000	0.051	4.127
556.200	0.049	4.127
556.400	0.051	4.127
556.600	0.049	4.127
556.800	0.048	4.127
557.000	0.048	4.127
557.200	0.050	4.127
557.400	0.050	4.127
557.600	0.051	4.127
557.800	0.048	4.127
558.000	0.049	4.127
558.200	0.050	4.127
558.400	0.052	4.127
558.600	0.052	4.127
558.800	0.050	4.127
559.000	0.051	4.127
559.200	0.049	4.127
559.400	0.052	4.127
559.600	0.053	4.127
559.800	0.052	4.127
560.000	0.050	4.127
560.200	0.050	4.127
560.400	0.049	4.127
560.600	0.049	4.127
560.800	0.050	4.127
561.000	0.050	4.127
561.200	0.049	4.127
561.400	0.050	4.127
561.600	0.049	4.127
561.800	0.049	4.127
562.000	0.050	4.127
562.200	0.049	4.127
562.400	0.049	4.127
562.600	0.049	4.127
562.800	0.049	4.127
563.000	0.047	4.127
563.200	0.048	4.127
563.400	0.048	4.127
563.600	0.048	4.127
563.800	0.049	4.127
564.000	0.047	4.127
564.200	0.049	4.127
564.400	0.050	4.127
564.600	0.050	4.127
564.800	0.050	4.127
565.000	0.049	4.127
565.200	0.051	4.127
565.400	0.050	4.127
565.600	0.048	4.127
565.800	0.051	4.127
566.000	0.050	4.127
566.200	0.049	4.127
566.400	0.047	4.127
566.600	0.050	4.127
566.800	0.050	4.127
567.000	0.046	4.127
567.200	0.051	4.127
567.400	0.048	4.127
567.600	0.050	4.127
567.800	0.050	4.127
568.000	0.050	4.127
568.200	0.050	4.127
568.400	0.050	4.127
568.600	0.050	4.127
568.800	0.050	4.127
569.000	0.052	4.127
569.200	0.049	4.127
569.400	0.049	4.127
569.600	0.048	4.127
569.800	0.048	4.127
570.000	0.049	4.127
570.200	0.049	4.127
570.400	0.049	4.127
570.600	0.051	4.127
570.800	0.052	4.127
571.000	0.048	4.127
571.200	0.050	4.127
571.400	0.050	4.127
571.600	0.051	4.127
571.800	0.051	4.127
572.000	0.050	4.127
572.200	0.052	4.127
572.400	0.051	4.127
572.600	0.052	4.127
572.800	0.051	4.127
573.000	0.051	4.127
573.200	0.053	4.127
573.400	0.052	4.127
573.600	0.050	4.127
573.800	0.050	4.127
574.000	0.052	4.127
574.200	0.049	4.127
574.400	0.052	4.127
574.600	0.050	4.127
574.800	0.050	4.127
575.000	0.050	4.127
575.200	0.049	4.127
575.400	0.050	4.127
575.600	0.050	4.127
575.800	0.050	4.127
576.000	0.050	4.127
576.200	0.050	4.127
576.400	0.049	4.127
576.600	0.049	4.127
576.800	0.051	4.127
577.000	0.050	4.127
577.200	0.050	4.127
577.400	0.051	4.127
577.600	0.048	4.127
577.800	0.050	4.127
578.000	0.051	4.127
578.200	0.049	4.127
578.400	0.049	4.127
578.600	0.050	4.127
578.800	0.049	4.127
579.000	0.047	4.127
579.200	0.048	4.127
579.400	0.048	4.127
579.600	0.051	4.127
579.800	0.049	4.127
580.000	0.049	4.127
580.200	0.049	4.127
580.400	0.049	4.127
580.600	0.049	4.127
580.800	0.049	4.127
581.000	0.048	4.127
581.200	0.050	4.127
581.400	0.052	4.127
581.600	0.050	4.127
581.800	0.050	4.127
582.000	0.050	4.127
582.200	0.050	4.127
582.400	0.051	4.127
582.600	0.051	4.127
582.800	0.051	4.127
583.000	0.051	4.127
583.200	0.052	4.127
583.400	0.049	4.127
583.600	0.049	4.127
583.800	0.051	4.127
584.000	0.050	4.127
584.200	0.049	4.127
584.400	0.050	4.127
584.600	0.049	4.127
584.800	0.049	4.127
585.000	0.050	4.127
585.200	0.050	4.127
585.400	0.052	4.127
585.600	0.052	4.127
585.800	0.050	4.127
586.000	0.050	4.127
586.200	0.051	4.127
586.400	0.049	4.127
586.600	0.050	4.127
586.800	0.048	4.127
587.000	0.050	4.127
587.200	0.050	4.127
587.400	0.051	4.127
587.600	0.051	4.127
587.800	0.051	4.127
588.000	0.051	4.127
588.200	0.050	4.127
588.400	0.049	4.127
588.600	0.050	4.127
588.800	0.051	4.127
589.000	0.050	4.127
589.200	0.052	4.127
589.400	0.050	4.127
589.600	0.051	4.127
589.800	0.050	4.127
590.000	0.050	4.127
590.200	0.050	4.127
590.400	0.050	4.127
590.600	0.051	4.127
590.800	0.050	4.127
591.000	0.048	4.127
591.200	0.050	4.127
591.400	0.049	4.127
591.600	0.050	4.127
591.800	0.051	4.127
592.000	0.048	4.127
592.200	0.049	4.127
592.400	0.049	4.127
592.600	0.049	4.127
592.800	0.049	4.127
593.000	0.048	4.127
593.200	0.048	4.127
593.400	0.049	4.127
593.600	0.048	4.127
593.800	0.048	4.127
594.000	0.048	4.127
594.200	0.047	4.127
594.400	0.048	4.127
594.600	0.048	4.127
594.800	0.048	4.127
595.000	0.049	4.127
595.200	0.046	4.127
595.400	0.048	4.127
595.600	0.049	4.127
595.800	0.047	4.127
596.000	0.050	4.127
596.200	0.048	4.127
596.400	0.048	4.127
596.600	0.048	4.127
596.800	0.051	4.127
597.000	0.049	4.127
597.200	0.050	4.127
597.400	0.049	4.127
597.600	0.047	4.127
597.800	0.048	4.127
598.000	0.049	4.127
598.200	0.048	4.127
598.400	0.049	4.127
598.600	0.048	4.127
598.800	0.049	4.127
599.000	0.049	4.127
599.200	0.050	4.127
599.400	0.049	4.127
599.600	0.048	4.127
599.800	0.048	4.127
600.000	0.048	4.127
600.200	0.047	4.127
600.400	0.049	4.127
600.600	0.047	4.127
600.800	0.049	4.127
601.000	0.048	4.127
601.200	0.049	4.127
601.400	0.050	4.127
601.600	0.050	4.127
601.800	0.050	4.127
602.000	0.048	4.127
602.200	0.049	4.127
602.400	0.046	4.127
602.600	0.048	4.127
602.800	0.049	4.127
603.000	0.047	4.127
603.200	0.048	4.127
603.400	0.048	4.127
603.600	0.048	4.127
603.800	0.048	4.127
604.000	0.049	4.127
604.200	0.049	4.127
604.400	0.048	4.127
604.600	0.048	4.127
604.800	0.048	4.127
605.000	0.047	4.126
605.200	0.049	4.127
605.400	0.050	4.127
605.600	0.047	4.127
605.800	0.049	4.127
606.000	0.050	4.127
606.200	0.049	4.127
606.400	0.048	4.127
606.600	0.048	4.127
606.800	0.047	4.127
607.000	0.048	4.127
607.200	0.047	4.127
607.400	0.048	4.127
607.600	0.048	4.127
607.800	0.051	4.127
608.000	0.051	4.127
608.200	0.050	4.127
608.400	0.049	4.127
608.600	0.048	4.126
608.800	0.050	4.127
609.000	0.050	4.127
609.200	0.051	4.127
609.400	0.050	4.127
609.600	0.050	4.127
609.800	0.048	4.126
610.000	0.049	4.127
610.200	0.049	4.127
610.400	0.048	4.127
610.600	0.049	4.127
610.800	0.048	4.127
611.000	0.050	4.127
611.200	0.048	4.126
611.400	0.047	4.127
611.600	0.047	4.127
611.800	0.047	4.127
612.000	0.047	4.127
612.200	0.049	4.127
612.400	0.049	4.127
612.600	0.049	4.126
612.800	0.049	4.127
613.000	0.050	4.126
613.200	0.049	4.126
613.400	0.050	4.127
613.600	0.049	4.126
613.800	0.050	4.127
614.000	0.048	4.127
614.200	0.050	4.126
614.400	0.050	4.127
614.600	0.051	4.126
614.800	0.050	4.127
615.000	0.050	4.127
615.200	0.049	4.126
615.400	0.050	4.127
615.600	0.048	4.127
615.800	0.050	4.127
616.000	0.050	4.126
616.200	0.050	4.127
616.400	0.048	4.126
616.600	0.051	4.127
616.800	0.050	4.127
617.000	0.049	4.127
617.200	0.048	4.126
617.400	0.051	4.127
617.600	0.050	4.126
617.800	0.051	4.127
618.000	0.049	4.126
618.200	0.049	4.126
618.400	0.047	4.126
618.600	0.048	4.126
618.800	0.050	4.126
619.000	0.049	4.126
619.200	0.048	4.126
619.400	0.047	4.126
619.600	0.050	4.127
619.800	0.051	4.127
620.000	0.050	4.127
620.200	0.048	4.126
620.400	0.048	4.127
620.600	0.050	4.127
620.800	0.049	4.127
621.000	0.046	4.126
621.200	0.049	4.126
621.400	0.050	4.127
621.600	0.050	4.126
621.800	0.049	4.126
622.000	0.051	4.127
622.200	0.050	4.126
622.400	0.051	4.127
622.600	0.050	4.127
622.800	0.048	4.126
623.000	0.047	4.126
623.200	0.050	4.127
623.400	0.050	4.126
623.600	0.049	4.126
623.800	0.050	4.126
624.000	0.048	4.126
624.200	0.050	4.126
624.400	0.051	4.127
624.600	0.049	4.126
624.800	0.050	4.126
625.000	0.051	4.126
625.200	0.050	4.126
625.400	0.050	4.126
625.600	0.050	4.126
625.800	0.048	4.126
626.000	0.049	4.126
626.200	0.050	4.126
626.400	0.048	4.127
626.600	0.048	4.126
626.800	0.050	4.127
627.000	0.050	4.126
627.200	0.050	4.127
627.400	0.050	4.126
627.600	0.048	4.126
627.800	0.051	4.126
628.000	0.051	4.126
628.200	0.049	4.126
628.400	0.052	4.126
628.600	0.050	4.126
628.800	0.052	4.127
629.000	0.052	4.126
629.200	0.050	4.126
629.400	0.049	4.126
629.600	0.050	4.126
629.800	0.049	4.126
630.000	0.050	4.126
630.200	0.050	4.126
630.400	0.050	4.126
630.600	0.049	4.127
630.800	0.047	4.126
631.000	0.047	4.126
631.200	0.047	4.126
631.400	0.049	4.126
631.600	0.051	4.126
631.800	0.051	4.126
632.000	0.048	4.126
632.200	0.050	4.126
632.400	0.049	4.126
632.600	0.050	4.126
632.800	0.049	4.126
633.000	0.050	4.126
633.200	0.050	4.126
633.400	0.050	4.126
633.600	0.047	4.126
633.800	0.048	4.126
634.000	0.049	4.126
634.200	0.049	4.126
634.400	0.049	4.126
634.600	0.047	4.126
634.800	0.050	4.126
635.000	0.048	4.126
635.200	0.049	4.127
635.400	0.049	4.126
635.600	0.049	4.126
635.800	0.045	4.126
636.000	0.048	4.126
636.200	0.048	4.126
636.400	0.046	4.126
636.600	0.047	4.126
636.800	0.047	4.126
637.000	0.049	4.126
637.200	0.047	4.126
637.400	0.047	4.126
637.600	0.046	4.126
637.800	0.049	4.126
638.000	0.048	4.126
638.200	0.050	4.126
638.400	0.048	4.126
638.600	0.046	4.126
638.800	0.048	4.126
639.000	0.051	4.127
639.200	0.047	4.126
639.400	0.049	4.126
639.600	0.048	4.126
639.800	0.046	4.126
640.000	0.047	4.126
640.200	0.050	4.126
640.400	0.048	4.126
640.600	0.049	4.126
640.800	0.047	4.126
641.000	0.047	4.126
641.200	0.046	4.126
641.400	0.049	4.126
641.600	0.049	4.126
641.800	0.050	4.126
642.000	0.048	4.126
642.200	0.047	4.126
642.400	0.051	4.126
642.600	0.050	4.126
642.800	0.050	4.126
643.000	0.049	4.126
643.200	0.049	4.126
643.400	0.050	4.126
643.600	0.046	4.126
643.800	0.051	4.127
644.000	0.048	4.126
644.200	0.051	4.126
644.400	0.050	4.126
644.600	0.049	4.126
644.800	0.049	4.126
645.000	0.047	4.126
645.200	0.047	4.126
645.400	0.048	4.126
645.600	0.050	4.126
645.800	0.050	4.126
646.000	0.048	4.126
646.200	0.048	4.126
646.400	0.050	4.126
646.600	0.050	4.126
646.800	0.050	4.126
647.000	0.049	4.126
647.200	0.050	4.126
647.400	0.050	4.126
647.600	0.050	4.126
647.800	0.049	4.126
648.000	0.047	4.126
648.200	0.050	4.126
648.400	0.049	4.126
648.600	0.050	4.126
648.800	0.048	4.126
649.000	0.048	4.126
649.200	0.048	4.126
649.400	0.048	4.126
649.600	0.051	4.126
649.800	0.049	4.126
650.000	0.048	4.126
650.200	0.050	4.126
650.400	0.049	4.126
650.600	0.049	4.126
650.800	0.050	4.126
651.000	0.049	4.126
651.200	0.050	4.126
651.400	0.048	4.126
651.600	0.050	4.126
651.800	0.047	4.126
652.000	0.049	4.126
652.200	0.051	4.126
652.400	0.050	4.126
652.600	0.052	4.127
652.800	0.047	4.126
653.000	0.048	4.126
653.200	0.049	4.126
653.400	0.050	4.126
653.600	0.052	4.126
653.800	0.048	4.126
654.000	0.049	4.126
654.200	0.048	4.126
654.400	0.049	4.126
654.600	0.050	4.126
654.800	0.049	4.126
655.000	0.047	4.126
655.200	0.049	4.126
655.400	0.050	4.126
655.600	0.048	4.126
655.800	0.050	4.126
656.000	0.049	4.126
656.200	0.050	4.126
656.400	0.047	4.126
656.600	0.048	4.126
656.800	0.050	4.126
657.000	0.048	4.126
657.200	0.049	4.126
657.400	0.051	4.126
657.600	0.051	4.126
657.800	0.050	4.126
658.000	0.049	4.126
658.200	0.050	4.126
658.400	0.049	4.126
658.600	0.049	4.126
658.800	0.049	4.126
659.000	0.051	4.126
659.200	0.050	4.126
659.400	0.050	4.126
659.600	0.049	4.126
659.800	0.050	4.126
660.000	0.049	4.126
660.200	0.050	4.126
660.400	0.049	4.126
660.600	0.050	4.126
660.800	0.050	4.126
661.000	0.051	4.126
661.200	0.048	4.126
661.400	0.048	4.126
661.600	0.051	4.126
661.800	0.052	4.126
662.000	0.048	4.126
662.200	0.050	4.126
662.400	0.050	4.126
662.600	0.053	4.126
662.800	0.051	4.126
663.000	0.049	4.126
663.200	0.050	4.126
663.400	0.048	4.126
663.600	0.048	4.126
663.800	0.049	4.126
664.000	0.048	4.126
664.200	0.049	4.126
664.400	0.051	4.126
664.600	0.048	4.126
664.800	0.050	4.126
665.000	0.051	4.126
665.200	0.050	4.126
665.400	0.052	4.126
665.600	0.050	4.126
665.800	0.050	4.126
666.000	0.051	4.126
666.200	0.050	4.126
666.400	0.050	4.126
666.600	0.049	4.126
666.800	0.050	4.126
667.000	0.049	4.126
667.200	0.050	4.126
667.400	0.049	4.126
667.600	0.050	4.126
667.800	0.049	4.126
668.000	0.051	4.126
668.200	0.050	4.126
668.400	0.051	4.126
668.600	0.050	4.126
668.800	0.049	4.126
669.000	0.050	4.126
669.200	0.051	4.126
669.400	0.049	4.126
669.600	0.049	4.126
669.800	0.050	4.126
670.000	0.050	4.126
670.200	0.049	4.126
670.400	0.051	4.126
670.600	0.051	4.126
670.800	0.049	4.126
671.000	0.050	4.126
671.200	0.051	4.126
671.400	0.050	4.126
671.600	0.050	4.126
671.800	0.050	4.126
672.000	0.050	4.126
672.200	0.051	4.126
672.400	0.051	4.126
672.600	0.050	4.126
672.800	0.050	4.126
673.000	0.050	4.126
673.200	0.049	4.126
673.400	0.049	4.126
673.600	0.048	4.126
673.800	0.050	4.126
674.000	0.051	4.126
674.200	0.050	4.126
674.400	0.051	4.126
674.600	0.050	4.126
674.800	0.050	4.126
675.000	0.049	4.126
675.200	0.049	4.126
675.400	0.049	4.126
675.600	0.049	4.126
675.800	0.050	4.126
676.000	0.049	4.126
676.200	0.051	4.126
676.400	0.049	4.126
676.600	0.050	4.126
676.800	0.050	4.126
677.000	0.049	4.126
677.200	0.049	4.126
677.400	0.048	4.126
677.600	0.050	4.126
677.800	0.049	4.126
678.000	0.048	4.126
678.200	0.050	4.126
678.400	0.050	4.126
678.600	0.050	4.126
678.800	0.049	4.126
679.000	0.049	4.126
679.200	0.050	4.126
679.400	0.049	4.126
679.600	0.049	4.126
679.800	0.051	4.126
680.000	0.052	4.126
680.200	0.050	4.126
680.400	0.052	4.126
680.600	0.051	4.126
680.800	0.052	4.126
681.000	0.051	4.126
681.200	0.051	4.126
681.400	0.050	4.126
681.600	0.051	4.126
681.800	0.054	4.127
682.000	0.052	4.126
682.200	0.051	4.126
682.400	0.052	4.126
682.600	0.051	4.126
682.800	0.050	4.126
683.000	0.053	4.126
683.200	0.051	4.126
683.400	0.053	4.126
683.600	0.050	4.126
683.800	0.051	4.126
684.000	0.051	4.126
684.200	0.052	4.126
684.400	0.053	4.126
684.600	0.051	4.126
684.800	0.050	4.126
685.000	0.050	4.126
685.200	0.052	4.126
685.400	0.050	4.126
685.600	0.050	4.126
685.800	0.051	4.126
686.000	0.052	4.126
686.200	0.053	4.126
686.400	0.051	4.126
686.600	0.050	4.126
686.800	0.049	4.126
687.000	0.049	4.126
687.200	0.051	4.126
687.400	0.051	4.126
687.600	0.051	4.126
687.800	0.050	4.126
688.000	0.049	4.126
688.200	0.049	4.126
688.400	0.049	4.126
688.600	0.050	4.126
688.800	0.050	4.126
689.000	0.049	4.126
689.200	0.049	4.126
689.400	0.050	4.126
689.600	0.050	4.126
689.800	0.048	4.126
690.000	0.048	4.126
690.200	0.050	4.126
690.400	0.050	4.126
690.600	0.051	4.126
690.800	0.050	4.126
691.000	0.050	4.126
691.200	0.050	4.126
691.400	0.050	4.126
691.600	0.050	4.126
691.800	0.050	4.126
692.000	0.048	4.126
692.200	0.049	4.126
692.400	0.050	4.126
692.600	0.049	4.126
692.800	0.051	4.126
693.000	0.050	4.126
693.200	0.049	4.126
693.400	0.049	4.126
693.600	0.048	4.126
693.800	0.051	4.126
694.000	0.051	4.126
694.200	0.051	4.126
694.400	0.050	4.126
694.600	0.050	4.126
694.800	0.050	4.126
695.000	0.051	4.126
695.200	0.052	4.126
695.400	0.050	4.126
695.600	0.049	4.126
695.800	0.050	4.126
696.000	0.049	4.126
696.200	0.048	4.126
696.400	0.050	4.126
696.600	0.051	4.126
696.800	0.051	4.126
697.000	0.050	4.126
697.200	0.050	4.126
697.400	0.051	4.126
697.600	0.050	4.126
697.800	0.051	4.126
698.000	0.051	4.126
698.200	0.052	4.126
698.400	0.049	4.126
698.600	0.050	4.126
698.800	0.050	4.126
699.000	0.049	4.126
699.200	0.050	4.126
699.400	0.050	4.126
699.600	0.050	4.126
699.800	0.051	4.126
700.000	0.050	4.126
700.200	0.051	4.126
700.400	0.051	4.126
700.600	0.051	4.126
700.800	0.052	4.126
701.000	0.049	4.126
701.200	0.050	4.126
701.400	0.049	4.126
701.600	0.049	4.126
701.800	0.049	4.126
702.000	0.050	4.126
702.200	0.051	4.126
702.400	0.051	4.126
702.600	0.050	4.126
702.800	0.050	4.126
703.000	0.050	4.126
703.200	0.050	4.126
703.400	0.051	4.126
703.600	0.049	4.126
703.800	0.051	4.126
704.000	0.051	4.126
704.200	0.049	4.126
704.400	0.049	4.126
704.600	0.049	4.126
704.800	0.051	4.126
705.000	0.049	4.126
705.200	0.049	4.126
705.400	0.049	4.126
705.600	0.050	4.126
705.800	0.049	4.126
706.000	0.049	4.126
706.200	0.048	4.126
706.400	0.048	4.126
706.600	0.051	4.126
706.800	0.049	4.126
707.000	0.049	4.126
707.200	0.049	4.126
707.400	0.049	4.126
707.600	0.051	4.126
707.800	0.051	4.126
708.000	0.052	4.126
708.200	0.050	4.126
708.400	0.048	4.126
708.600	0.048	4.126
708.800	0.049	4.126
709.000	0.050	4.126
709.200	0.049	4.126
709.400	0.049	4.126
709.600	0.050	4.126
709.800	0.048	4.126
710.000	0.048	4.126
710.200	0.047	4.126
710.400	0.050	4.126
710.600	0.049	4.126
710.800	0.049	4.126
711.000	0.049	4.126
711.200	0.048	4.126
711.400	0.049	4.126
711.600	0.048	4.126
711.800	0.048	4.126
712.000	0.048	4.126
712.200	0.047	4.126
712.400	0.049	4.126
712.600	0.048	4.126
712.800	0.049	4.126
713.000	0.049	4.126
713.200	0.048	4.126
713.400	0.049	4.126
713.600	0.048	4.126
713.800	0.050	4.126
714.000	0.051	4.126
714.200	0.050	4.126
714.400	0.050	4.126
714.600	0.049	4.126
714.800	0.050	4.126
715.000	0.052	4.126
715.200	0.050	4.126
715.400	0.051	4.126
715.600	0.049	4.126
715.800	0.049	4.126
716.000	0.048	4.126
716.200	0.050	4.126
716.400	0.050	4.126
716.600	0.051	4.126
716.800	0.050	4.126
717.000	0.051	4.126
717.200	0.050	4.126
717.400	0.051	4.126
717.600	0.050	4.126
717.800	0.052	4.126
718.000	0.049	4.126
718.200	0.048	4.126
718.400	0.051	4.126
718.600	0.050	4.126
718.800	0.051	4.126
719.000	0.048	4.126
719.200	0.050	4.126
719.400	0.048	4.126
719.600	0.051	4.126
719.800	0.049	4.126
720.000	0.050	4.126
720.200	0.049	4.126
720.400	0.049	4.126
720.600	0.048	4.126
720.800	0.048	4.126
721.000	0.049	4.126
721.200	0.048	4.126
721.400	0.049	4.126
721.600	0.048	4.126
721.800	0.047	4.126
722.000	0.048	4.126
722.200	0.050	4.126
722.400	0.048	4.126
722.600	0.049	4.126
722.800	0.049	4.126
723.000	0.048	4.126
723.200	0.048	4.126
723.400	0.049	4.126
723.600	0.049	4.126
723.800	0.048	4.126
724.000	0.047	4.126
724.200	0.048	4.126
724.400	0.047	4.126
724.600	0.050	4.126
724.800	0.048	4.126
725.000	0.048	4.126
725.200	0.048	4.126
725.400	0.050	4.126
725.600	0.049	4.126
725.800	0.048	4.126
726.000	0.048	4.126
726.200	0.049	4.126
726.400	0.048	4.126
726.600	0.048	4.126
726.800	0.046	4.126
727.000	0.048	4.126
727.200	0.049	4.126
727.400	0.047	4.126
727.600	0.049	4.126
727.800	0.049	4.126
728.000	0.051	4.126
728.200	0.051	4.126
728.400	0.049	4.126
728.600	0.050	4.126
728.800	0.049	4.126
729.000	0.050	4.126
729.200	0.050	4.126
729.400	0.050	4.126
729.600	0.051	4.126
729.800	0.050	4.126
730.000	0.049	4.126
730.200	0.050	4.126
730.400	0.050	4.126
730.600	0.049	4.126
730.800	0.051	4.126
731.000	0.050	4.126
731.200	0.049	4.126
731.400	0.049	4.126
731.600	0.050	4.126
731.800	0.049	4.126
732.000	0.051	4.126
732.200	0.052	4.126
732.400	0.052	4.126
732.600	0.051	4.126
732.800	0.051	4.126
733.000	0.050	4.126
733.200	0.048	4.126
733.400	0.048	4.126
733.600	0.048	4.126
733.800	0.048	4.126
734.000	0.048	4.126
734.200	0.049	4.126
734.400	0.051	4.126
734.600	0.049	4.126
734.800	0.051	4.126
735.000	0.050	4.126
735.200	0.049	4.126
735.400	0.049	4.126
735.600	0.051	4.126
735.800	0.049	4.126
736.000	0.049	4.126
736.200	0.051	4.126
736.400	0.050	4.126
736.600	0.050	4.126
736.800	0.050	4.126
737.000	0.051	4.126
737.200	0.051	4.126
737.400	0.052	4.126
737.600	0.050	4.126
737.800	0.050	4.126
738.000	0.050	4.126
738.200	0.051	4.126
738.400	0.051	4.126
738.600	0.051	4.126
738.800	0.049	4.126
739.000	0.050	4.126
739.200	0.050	4.126
739.400	0.051	4.126
739.600	0.052	4.126
739.800	0.051	4.126
740.000	0.050	4.126
740.200	0.050	4.126
740.400	0.051	4.126
740.600	0.050	4.126
740.800	0.052	4.126
741.000	0.051	4.126
741.200	0.052	4.126
741.400	0.052	4.126
741.600	0.052	4.126
741.800	0.052	4.126
742.000	0.052	4.126
742.200	0.052	4.126
742.400	0.051	4.126
742.600	0.050	4.126
742.800	0.050	4.126
743.000	0.049	4.126
743.200	0.050	4.126
743.400	0.049	4.126
743.600	0.051	4.126
743.800	0.051	4.126
744.000	0.050	4.126
744.200	0.050	4.126
744.400	0.051	4.126
744.600	0.051	4.126
744.800	0.048	4.126
745.000	0.051	4.126
745.200	0.051	4.126
745.400	0.051	4.126
745.600	0.051	4.126
745.800	0.049	4.126
746.000	0.051	4.126
746.200	0.050	4.126
746.400	0.052	4.126
746.600	0.051	4.126
746.800	0.050	4.126
747.000	0.050	4.126
747.200	0.051	4.126
747.400	0.053	4.126
747.600	0.053	4.126
747.800	0.052	4.126
748.000	0.049	4.126
748.200	0.050	4.126
748.400	0.051	4.126
748.600	0.050	4.126
748.800	0.051	4.126
749.000	0.051	4.126
749.200	0.051	4.126
749.400	0.051	4.126
749.600	0.049	4.126
749.800	0.050	4.126
750.000	0.050	4.126
750.200	0.051	4.126
750.400	0.052	4.126
750.600	0.050	4.126
750.800	0.050	4.126
751.000	0.048	4.126
751.200	0.050	4.126
751.400	0.049	4.126
751.600	0.051	4.126
751.800	0.049	4.126
752.000	0.050	4.126
752.200	0.050	4.126
752.400	0.050	4.126
752.600	0.051	4.126
752.800	0.050	4.126
753.000	0.050	4.126
753.200	0.048	4.126
753.400	0.049	4.126
753.600	0.049	4.126
753.800	0.047	4.126
754.000	0.049	4.126
754.200	0.048	4.126
754.400	0.049	4.126
754.600	0.048	4.126
754.800	0.049	4.126
755.000	0.048	4.126
755.200	0.049	4.126
755.400	0.050	4.126
755.600	0.050	4.126
755.800	0.049	4.126
756.000	0.049	4.126
756.200	0.050	4.126
756.400	0.049	4.126
756.600	0.047	4.126
756.800	0.049	4.126
757.000	0.050	4.126
757.200	0.050	4.126
757.400	0.050	4.126
757.600	0.048	4.126
757.800	0.049	4.126
758.000	0.051	4.126
758.200	0.050	4.126
758.400	0.051	4.126
758.600	0.051	4.126
758.800	0.050	4.126
759.000	0.050	4.126
759.200	0.050	4.126
759.400	0.052	4.126
759.600	0.050	4.126
759.800	0.052	4.126
760.000	0.049	4.126
760.200	0.051	4.126
760.400	0.051	4.126
760.600	0.051	4.126
760.800	0.051	4.126
761.000	0.050	4.126
761.200	0.050	4.126
761.400	0.050	4.126
761.600	0.050	4.126
761.800	0.050	4.126
762.000	0.050	4.126
762.200	0.051	4.126
762.400	0.051	4.126
762.600	0.051	4.126
762.800	0.050	4.126
763.000	0.050	4.126
763.200	0.051	4.126
763.400	0.051	4.126
763.600	0.050	4.126
763.800	0.052	4.126
764.000	0.051	4.126
764.200	0.050	4.126
764.400	0.051	4.126
764.600	0.050	4.126
764.800	0.051	4.126
765.000	0.051	4.126
765.200	0.051	4.126
765.400	0.051	4.126
765.600	0.052	4.126
765.800	0.051	4.126
766.000	0.050	4.126
766.200	0.051	4.126
766.400	0.050	4.126
766.600	0.053	4.126
766.800	0.051	4.126
767.000	0.053	4.126
767.200	0.052	4.126
767.400	0.051	4.126
767.600	0.051	4.126
767.800	0.050	4.126
768.000	0.052	4.126
768.200	0.052	4.126
768.400	0.052	4.126
768.600	0.052	4.126
768.800	0.051	4.126
769.000	0.051	4.126
769.200	0.051	4.126
769.400	0.051	4.126
769.600	0.051	4.126
769.800	0.053	4.126
770.000	0.052	4.126
770.200	0.052	4.126
770.400	0.052	4.126
770.600	0.050	4.126
770.800	0.050	4.126
771.000	0.051	4.126
771.200	0.050	4.126
771.400	0.051	4.126
771.600	0.050	4.126
771.800	0.050	4.126
772.000	0.051	4.126
772.200	0.050	4.126
772.400	0.049	4.126
772.600	0.052	4.126
772.800	0.052	4.126
773.000	0.051	4.126
773.200	0.051	4.126
773.400	0.051	4.126
773.600	0.051	4.126
773.800	0.052	4.126
774.000	0.051	4.126
774.200	0.051	4.126
774.400	0.051	4.126
774.600	0.051	4.126
774.800	0.051	4.126
775.000	0.051	4.126
775.200	0.050	4.126
775.400	0.050	4.126
775.600	0.051	4.126
775.800	0.051	4.126
776.000	0.051	4.126
776.200	0.049	4.126
776.400	0.051	4.126
776.600	0.051	4.126
776.800	0.051	4.126
777.000	0.051	4.126
777.200	0.050	4.126
777.400	0.053	4.126
777.600	0.052	4.126
777.800	0.051	4.126
778.000	0.052	4.126
778.200	0.051	4.126
778.400	0.052	4.126
778.600	0.051	4.126
778.800	0.052	4.126
779.000	0.050	4.126
779.200	0.049	4.126
779.400	0.050	4.126
779.600	0.050	4.126
779.800	0.052	4.126
780.000	0.051	4.126
780.200	0.051	4.126
780.400	0.051	4.126
780.600	0.050	4.126
780.800	0.053	4.126
781.000	0.050	4.126
781.200	0.051	4.126
781.400	0.053	4.126
781.600	0.052	4.126
781.800	0.052	4.126
782.000	0.053	4.126
782.200	0.051	4.126
782.400	0.050	4.126
782.600	0.051	4.126
782.800	0.053	4.126
783.000	0.052	4.126
783.200	0.050	4.126
783.400	0.051	4.126
783.600	0.050	4.126
783.800	0.050	4.126
784.000	0.050	4.126
784.200	0.051	4.126
784.400	0.051	4.126
784.600	0.053	4.126
784.800	0.052	4.126
785.000	0.052	4.126
785.200	0.053	4.126
785.400	0.051	4.126
785.600	0.052	4.126
785.800	0.052	4.126
786.000	0.052	4.126
786.200	0.051	4.126
786.400	0.053	4.126
786.600	0.051	4.126
786.800	0.052	4.126
787.000	0.049	4.126
787.200	0.050	4.126
787.400	0.052	4.126
787.600	0.050	4.126
787.800	0.053	4.126
788.000	0.048	4.126
788.200	0.051	4.126
788.400	0.051	4.126
788.600	0.050	4.126
788.800	0.050	4.126
789.000	0.048	4.126
789.200	0.050	4.126
789.400	0.049	4.126
789.600	0.050	4.126
789.800	0.052	4.126
790.000	0.050	4.126
790.200	0.051	4.126
790.400	0.051	4.126
790.600	0.049	4.126
790.800	0.050	4.126
791.000	0.052	4.126
791.200	0.051	4.126
791.400	0.050	4.126
791.600	0.050	4.126
791.800	0.051	4.126
792.000	0.052	4.126
792.200	0.051	4.126
792.400	0.051	4.126
792.600	0.051	4.126
792.800	0.049	4.126
793.000	0.048	4.126
793.200	0.050	4.126
793.400	0.050	4.126
793.600	0.049	4.126
793.800	0.050	4.126
794.000	0.051	4.126
794.200	0.050	4.126
794.400	0.050	4.126
794.600	0.050	4.126
794.800	0.050	4.126
795.000	0.050	4.126
795.200	0.051	4.126
795.400	0.050	4.126
795.600	0.051	4.126
795.800	0.050	4.126
796.000	0.050	4.126
796.200	0.048	4.126
796.400	0.048	4.126
796.600	0.050	4.126
796.800	0.050	4.126
797.000	0.049	4.126
797.200	0.051	4.126
797.400	0.051	4.126
797.600	0.048	4.126
797.800	0.048	4.126
798.000	0.047	4.126
798.200	0.050	4.126
798.400	0.051	4.126
798.600	0.048	4.126
798.800	0.050	4.126
799.000	0.050	4.126
799.200	0.050	4.126
799.400	0.050	4.126
799.600	0.050	4.126
799.800	0.050	4.126
800.000	0.051	4.126
800.200	0.051	4.126
800.400	0.051	4.126
800.600	0.050	4.126
800.800	0.050	4.126
801.000	0.051	4.126
801.200	0.049	4.126
801.400	0.050	4.126
801.600	0.050	4.126
801.800	0.051	4.126
802.000	0.049	4.126
802.200	0.050	4.126
802.400	0.050	4.126
802.600	0.050	4.126
802.800	0.050	4.126
803.000	0.051	4.126
803.200	0.051	4.126
803.400	0.051	4.126
803.600	0.049	4.126
803.800	0.050	4.126
804.000	0.051	4.126
804.200	0.051	4.126
804.400	0.049	4.126
804.600	0.052	4.126
804.800	0.051	4.126
805.000	0.050	4.126
805.200	0.051	4.126
805.400	0.050	4.126
805.600	0.050	4.126
805.800	0.051	4.126
806.000	0.052	4.126
806.200	0.051	4.126
806.400	0.053	4.126
806.600	0.052	4.126
806.800	0.051	4.126
807.000	0.050	4.126
807.200	0.052	4.126
807.400	0.050	4.126
807.600	0.050	4.126
807.800	0.050	4.126
808.000	0.050	4.126
808.200	0.051	4.126
808.400	0.051	4.126
808.600	0.051	4.126
808.800	0.051	4.126
809.000	0.051	4.126
809.200	0.050	4.126
809.400	0.049	4.126
809.600	0.051	4.126
809.800	0.050	4.126
810.000	0.052	4.126
810.200	0.050	4.126
810.400	0.049	4.126
810.600	0.051	4.126
810.800	0.049	4.126
811.000	0.048	4.126
811.200	0.048	4.126
811.400	0.049	4.126
811.600	0.048	4.126
811.800	0.050	4.126
812.000	0.048	4.126
812.200	0.050	4.126
812.400	0.049	4.126
812.600	0.051	4.126
812.800	0.049	4.126
813.000	0.049	4.126
813.200	0.047	4.126
813.400	0.049	4.126
813.600	0.050	4.126
813.800	0.050	4.126
814.000	0.051	4.126
814.200	0.051	4.126
814.400	0.049	4.126
814.600	0.050	4.126
814.800	0.050	4.126
815.000	0.049	4.126
815.200	0.050	4.126
815.400	0.047	4.126
815.600	0.049	4.126
815.800	0.048	4.126
816.000	0.049	4.126
816.200	0.049	4.126
816.400	0.049	4.126
816.600	0.047	4.126
816.800	0.047	4.126
817.000	0.049	4.126
817.200	0.048	4.126
817.400	0.050	4.126
817.600	0.047	4.126
817.800	0.050	4.126
818.000	0.049	4.126
818.200	0.050	4.126
818.400	0.048	4.126
818.600	0.050	4.126
818.800	0.049	4.126
819.000	0.050	4.126
819.200	0.050	4.126
819.400	0.050	4.126
819.600	0.048	4.126
819.800	0.051	4.126
820.000	0.050	4.126
820.200	0.049	4.126
820.400	0.050	4.126
820.600	0.051	4.126
820.800	0.050	4.126
821.000	0.050	4.126
821.200	0.051	4.126
821.400	0.050	4.126
821.600	0.050	4.126
821.800	0.050	4.126
822.000	0.050	4.126
822.200	0.050	4.126
822.400	0.050	4.126
822.600	0.050	4.126
822.800	0.050	4.126
823.000	0.050	4.126
823.200	0.052	4.126
823.400	0.050	4.126
823.600	0.051	4.126
823.800	0.050	4.126
824.000	0.050	4.126
824.200	0.051	4.126
824.400	0.050	4.126
824.600	0.050	4.126
824.800	0.050	4.126
825.000	0.050	4.126
825.200	0.048	4.126
825.400	0.051	4.126
825.600	0.051	4.126
825.800	0.050	4.126
826.000	0.051	4.126
826.200	0.050	4.126
826.400	0.049	4.126
826.600	0.050	4.126
826.800	0.050	4.126
827.000	0.050	4.126
827.200	0.051	4.126
827.400	0.050	4.126
827.600	0.051	4.126
827.800	0.050	4.126
828.000	0.050	4.126
828.200	0.049	4.126
828.400	0.050	4.126
828.600	0.051	4.126
828.800	0.051	4.126
829.000	0.053	4.126
829.200	0.052	4.126
829.400	0.051	4.126
829.600	0.051	4.126
829.800	0.049	4.126
830.000	0.047	4.126
830.200	0.050	4.126
830.400	0.049	4.126
830.600	0.049	4.126
830.800	0.048	4.126
831.000	0.048	4.126
831.200	0.049	4.126
831.400	0.050	4.126
831.600	0.048	4.126
831.800	0.051	4.126
832.000	0.050	4.126
832.200	0.051	4.126
832.400	0.051	4.126
832.600	0.049	4.126
832.800	0.049	4.126
833.000	0.050	4.126
833.200	0.049	4.126
833.400	0.051	4.126
833.600	0.051	4.126
833.800	0.050	4.126
834.000	0.051	4.126
834.200	0.051	4.126
834.400	0.049	4.126
834.600	0.051	4.126
834.800	0.050	4.126
835.000	0.050	4.126
835.200	0.050	4.126
835.400	0.049	4.126
835.600	0.051	4.126
835.800	0.052	4.126
836.000	0.051	4.126
836.200	0.051	4.126
836.400	0.050	4.126
836.600	0.050	4.126
836.800	0.050	4.126
837.000	0.052	4.126
837.200	0.049	4.126
837.400	0.049	4.126
837.600	0.049	4.126
837.800	0.050	4.126
838.000	0.050	4.126
838.200	0.051	4.126
838.400	0.049	4.126
838.600	0.051	4.126
838.800	0.049	4.126
839.000	0.049	4.126
839.200	0.052	4.126
839.400	0.051	4.126
839.600	0.052	4.126
839.800	0.051	4.126
840.000	0.051	4.126
840.200	0.050	4.126
840.400	0.051	4.126
840.600	0.049	4.126
840.800	0.051	4.126
841.000	0.050	4.126
841.200	0.050	4.126
841.400	0.051	4.126
841.600	0.051	4.126
841.800	0.051	4.126
842.000	0.051	4.126
842.200	0.050	4.126
842.400	0.051	4.126
842.600	0.052	4.126
842.800	0.052	4.126
843.000	0.051	4.126
843.200	0.050	4.126
843.400	0.050	4.126
843.600	0.052	4.126
843.800	0.051	4.126
844.000	0.051	4.126
844.200	0.053	4.126
844.400	0.052	4.126
844.600	0.048	4.126
844.800	0.053	4.126
845.000	0.051	4.126
845.200	0.051	4.126
845.400	0.051	4.126
845.600	0.050	4.126
845.800	0.051	4.126
846.000	0.052	4.126
846.200	0.050	4.126
846.400	0.054	4.126
846.600	0.051	4.126
846.800	0.052	4.126
847.000	0.051	4.126
847.200	0.051	4.126
847.400	0.052	4.126
847.600	0.053	4.126
847.800	0.053	4.126
848.000	0.050	4.126
848.200	0.053	4.126
848.400	0.052	4.126
848.600	0.051	4.126
848.800	0.050	4.126
849.000	0.051	4.126
849.200	0.051	4.126
849.400	0.055	4.126
849.600	0.052	4.126
849.800	0.053	4.126
850.000	0.050	4.126
850.200	0.052	4.126
850.400	0.052	4.126
850.600	0.051	4.126
850.800	0.053	4.126
851.000	0.052	4.126
851.200	0.053	4.126
851.400	0.051	4.126
851.600	0.051	4.126
851.800	0.052	4.126
852.000	0.051	4.126
852.200	0.051	4.126
852.400	0.053	4.126
852.600	0.051	4.126
852.800	0.051	4.126
853.000	0.050	4.126
853.200	0.051	4.126
853.400	0.049	4.126
853.600	0.049	4.126
853.800	0.050	4.126
854.000	0.050	4.126
854.200	0.052	4.126
854.400	0.052	4.126
854.600	0.051	4.126
854.800	0.053	4.126
855.000	0.051	4.126
855.200	0.051	4.126
855.400	0.055	4.126
855.600	0.051	4.126
855.800	0.051	4.126
856.000	0.050	4.126
856.200	0.051	4.126
856.400	0.052	4.126
856.600	0.051	4.126
856.800	0.051	4.126
857.000	0.051	4.126
857.200	0.051	4.126
857.400	0.053	4.126
857.600	0.052	4.126
857.800	0.053	4.126
858.000	0.052	4.126
858.200	0.051	4.126
858.400	0.053	4.126
858.600	0.052	4.126
858.800	0.052	4.126
859.000	0.050	4.126
859.200	0.051	4.126
859.400	0.051	4.126
859.600	0.050	4.126
859.800	0.050	4.126
860.000	0.052	4.126
860.200	0.051	4.126
860.400	0.051	4.126
860.600	0.052	4.126
860.800	0.051	4.126
861.000	0.048	4.126
861.200	0.051	4.126
861.400	0.050	4.126
861.600	0.051	4.126
861.800	0.053	4.126
862.000	0.053	4.126
862.200	0.052	4.126
862.400	0.053	4.126
862.600	0.053	4.126
862.800	0.052	4.126
863.000	0.053	4.126
863.200	0.051	4.126
863.400	0.053	4.126
863.600	0.053	4.126
863.800	0.052	4.126
864.000	0.054	4.126
864.200	0.049	4.126
864.400	0.051	4.126
864.600	0.051	4.126
864.800	0.052	4.126
865.000	0.052	4.126
865.200	0.050	4.126
865.400	0.052	4.126
865.600	0.053	4.126
865.800	0.052	4.126
866.000	0.053	4.126
866.200	0.052	4.126
866.400	0.053	4.126
866.600	0.052	4.126
866.800	0.052	4.126
867.000	0.052	4.126
867.200	0.052	4.126
867.400	0.052	4.126
867.600	0.051	4.126
867.800	0.052	4.126
868.000	0.050	4.126
868.200	0.052	4.126
868.400	0.053	4.126
868.600	0.052	4.126
868.800	0.051	4.126
869.000	0.052	4.126
869.200	0.051	4.126
869.400	0.050	4.126
869.600	0.050	4.126
869.800	0.050	4.126
870.000	0.053	4.126
870.200	0.051	4.126
870.400	0.051	4.126
870.600	0.052	4.126
870.800	0.053	4.126
871.000	0.050	4.126
871.200	0.052	4.126
871.400	0.051	4.126
871.600	0.050	4.126
871.800	0.049	4.126
872.000	0.049	4.126
872.200	0.049	4.126
872.400	0.051	4.126
872.600	0.049	4.126
872.800	0.050	4.126
873.000	0.048	4.126
873.200	0.048	4.126
873.400	0.050	4.126
873.600	0.049	4.126
873.800	0.049	4.126
874.000	0.048	4.126
874.200	0.048	4.126
874.400	0.048	4.126
874.600	0.048	4.126
874.800	0.049	4.126
875.000	0.051	4.126
875.200	0.049	4.126
875.400	0.050	4.126
875.600	0.051	4.126
875.800	0.049	4.126
876.000	0.049	4.126
876.200	0.051	4.126
876.400	0.049	4.126
876.600	0.051	4.126
876.800	0.050	4.126
877.000	0.053	4.126
877.200	0.050	4.126
877.400	0.052	4.126
877.600	0.049	4.126
877.800	0.051	4.126
878.000	0.051	4.126
878.200	0.051	4.126
878.400	0.051	4.126
878.600	0.050	4.126
878.800	0.051	4.126
879.000	0.049	4.126
879.200	0.049	4.126
879.400	0.051	4.126
879.600	0.051	4.126
879.800	0.051	4.126
880.000	0.050	4.126
880.200	0.049	4.126
880.400	0.051	4.126
880.600	0.051	4.126
880.800	0.052	4.126
881.000	0.048	4.126
881.200	0.051	4.126
881.400	0.048	4.126
881.600	0.050	4.126
881.800	0.050	4.126
882.000	0.050	4.126
882.200	0.049	4.126
882.400	0.049	4.126
882.600	0.048	4.126
882.800	0.049	4.126
883.000	0.048	4.126
883.200	0.050	4.126
883.400	0.048	4.126
883.600	0.051	4.126
883.800	0.048	4.126
884.000	0.047	4.126
884.200	0.049	4.126
884.400	0.052	4.126
884.600	0.050	4.126
884.800	0.051	4.126
885.000	0.049	4.126
885.200	0.051	4.126
885.400	0.052	4.126
885.600	0.051	4.126
885.800	0.054	4.126
886.000	0.054	4.126
886.200	0.051	4.126
886.400	0.053	4.126
886.600	0.052	4.126
886.800	0.052	4.126
887.000	0.051	4.126
887.200	0.051	4.126
887.400	0.051	4.126
887.600	0.051	4.126
887.800	0.052	4.126
888.000	0.053	4.126
888.200	0.053	4.126
888.400	0.052	4.126
888.600	0.050	4.126
888.800	0.052	4.126
889.000	0.050	4.126
889.200	0.052	4.126
889.400	0.051	4.126
889.600	0.052	4.126
889.800	0.051	4.126
890.000	0.052	4.126
890.200	0.052	4.126
890.400	0.052	4.126
890.600	0.051	4.126
890.800	0.049	4.126
891.000	0.050	4.126
891.200	0.050	4.126
891.400	0.049	4.126
891.600	0.048	4.126
891.800	0.049	4.126
892.000	0.049	4.126
892.200	0.049	4.126
892.400	0.049	4.126
892.600	0.048	4.126
892.800	0.049	4.126
893.000	0.048	4.126
893.200	0.048	4.126
893.400	0.049	4.126
893.600	0.051	4.126
893.800	0.052	4.126
894.000	0.051	4.126
894.200	0.050	4.126
894.400	0.050	4.126
894.600	0.050	4.126
894.800	0.050	4.126
895.000	0.050	4.126
895.200	0.050	4.126
895.400	0.049	4.126
895.600	0.050	4.126
895.800	0.049	4.126
896.000	0.049	4.126
896.200	0.049	4.126
896.400	0.051	4.126
896.600	0.051	4.126
896.800	0.054	4.126
897.000	0.050	4.126
897.200	0.048	4.126
897.400	0.049	4.126
897.600	0.050	4.126
897.800	0.050	4.126
898.000	0.051	4.126
898.200	0.051	4.126
898.400	0.049	4.126
898.600	0.049	4.126
898.800	0.050	4.126
899.000	0.049	4.126
899.200	0.047	4.126
899.400	0.049	4.126
899.600	0.048	4.126
899.800	0.049	4.126
900.000	0.049	4.126
900.200	0.048	4.126
900.400	0.050	4.126
900.600	0.048	4.126
900.800	0.050	4.126
901.000	0.049	4.126
901.200	0.050	4.126
901.400	0.047	4.126
901.600	0.050	4.126
901.800	0.048	4.126
902.000	0.049	4.126
902.200	0.050	4.126
902.400	0.049	4.126
902.600	0.048	4.126
902.800	0.052	4.126
903.000	0.052	4.126
903.200	0.050	4.126
903.400	0.051	4.126
903.600	0.050	4.126
903.800	0.050	4.126
904.000	0.050	4.126
904.200	0.051	4.126
904.400	0.052	4.126
904.600	0.053	4.126
904.800	0.052	4.126
905.000	0.050	4.126
905.200	0.050	4.126
905.400	0.051	4.126
905.600	0.050	4.126
905.800	0.051	4.126
906.000	0.049	4.126
906.200	0.049	4.126
906.400	0.053	4.126
906.600	0.051	4.126
906.800	0.049	4.126
907.000	0.049	4.126
907.200	0.051	4.126
907.400	0.050	4.126
907.600	0.049	4.126
907.800	0.050	4.126
908.000	0.048	4.126
908.200	0.052	4.126
908.400	0.051	4.126
908.600	0.051	4.126
908.800	0.052	4.126
909.000	0.052	4.126
909.200	0.050	4.126
909.400	0.051	4.126
909.600	0.052	4.126
909.800	0.051	4.126
910.000	0.050	4.126
910.200	0.051	4.126
910.400	0.052	4.126
910.600	0.052	4.126
910.800	0.051	4.126
911.000	0.052	4.126
911.200	0.048	4.126
911.400	0.051	4.126
911.600	0.049	4.126
911.800	0.052	4.126
912.000	0.052	4.126
912.200	0.052	4.126
912.400	0.051	4.126
912.600	0.052	4.126
912.800	0.052	4.126
913.000	0.051	4.126
913.200	0.050	4.126
913.400	0.050	4.126
913.600	0.050	4.126
913.800	0.049	4.126
914.000	0.050	4.126
914.200	0.052	4.126
914.400	0.051	4.126
914.600	0.052	4.126
914.800	0.051	4.126
915.000	0.051	4.126
915.200	0.051	4.126
915.400	0.052	4.126
915.600	0.052	4.126
915.800	0.051	4.126
916.000	0.052	4.126
916.200	0.049	4.126
916.400	0.051	4.126
916.600	0.052	4.126
916.800	0.050	4.126
917.000	0.050	4.126
917.200	0.051	4.126
917.400	0.050	4.126
917.600	0.052	4.126
917.800	0.051	4.126
918.000	0.050	4.126
918.200	0.051	4.126
918.400	0.050	4.126
918.600	0.051	4.126
918.800	0.052	4.126
919.000	0.053	4.126
919.200	0.051	4.126
919.400	0.052	4.126
919.600	0.052	4.126
919.800	0.053	4.126
920.000	0.050	4.126
920.200	0.052	4.126
920.400	0.051	4.126
920.600	0.050	4.126
920.800	0.050	4.126
921.000	0.051	4.126
921.200	0.051	4.126
921.400	0.050	4.126
921.600	0.052	4.126
921.800	0.051	4.126
922.000	0.050	4.126
922.200	0.053	4.126
922.400	0.052	4.126
922.600	0.052	4.126
922.800	0.051	4.126
923.000	0.051	4.126
923.200	0.051	4.126
923.400	0.052	4.126
923.600	0.047	4.126
923.800	0.051	4.126
924.000	0.052	4.126
924.200	0.048	4.126
924.400	0.051	4.126
924.600	0.051	4.126
924.800	0.051	4.126
925.000	0.052	4.126
925.200	0.050	4.126
925.400	0.050	4.126
925.600	0.053	4.126
925.800	0.052	4.126
926.000	0.052	4.126
926.200	0.053	4.126
926.400	0.053	4.126
926.600	0.050	4.126
926.800	0.051	4.126
927.000	0.051	4.126
927.200	0.049	4.126
927.400	0.049	4.126
927.600	0.052	4.126
927.800	0.051	4.126
928.000	0.051	4.126
928.200	0.052	4.126
928.400	0.050	4.126
928.600	0.051	4.126
928.800	0.050	4.126
929.000	0.051	4.126
929.200	0.050	4.126
929.400	0.049	4.126
929.600	0.051	4.126
929.800	0.051	4.126
930.000	0.050	4.126
930.200	0.049	4.126
930.400	0.051	4.126
930.600	0.048	4.126
930.800	0.051	4.126
931.000	0.050	4.126
931.200	0.050	4.126
931.400	0.051	4.126
931.600	0.051	4.126
931.800	0.050	4.126
932.000	0.051	4.126
932.200	0.050	4.126
932.400	0.050	4.126
932.600	0.050	4.126
932.800	0.050	4.126
933.000	0.051	4.126
933.200	0.053	4.126
933.400	0.053	4.126
933.600	0.052	4.126
933.800	0.052	4.126
934.000	0.052	4.126
934.200	0.052	4.126
934.400	0.053	4.126
934.600	0.049	4.126
934.800	0.048	4.126
935.000	0.050	4.126
935.200	0.050	4.126
935.400	0.052	4.126
935.600	0.051	4.126
935.800	0.052	4.126
936.000	0.053	4.126
936.200	0.052	4.126
936.400	0.052	4.126
936.600	0.050	4.126
936.800	0.051	4.126
937.000	0.052	4.126
937.200	0.051	4.126
937.400	0.054	4.126
937.600	0.053	4.126
937.800	0.050	4.126
938.000	0.052	4.126
938.200	0.052	4.126
938.400	0.052	4.126
938.600	0.052	4.126
938.800	0.052	4.126
939.000	0.052	4.126
939.200	0.051	4.126
939.400	0.052	4.126
939.600	0.054	4.126
939.800	0.053	4.126
940.000	0.051	4.126
940.200	0.053	4.126
940.400	0.052	4.126
940.600	0.051	4.126
940.800	0.052	4.126
941.000	0.052	4.126
941.200	0.052	4.126
941.400	0.052	4.126
941.600	0.054	4.126
941.800	0.054	4.126
942.000	0.053	4.126
942.200	0.054	4.126
942.400	0.052	4.126
942.600	0.052	4.126
942.800	0.052	4.126
943.000	0.052	4.126
943.200	0.053	4.126
943.400	0.051	4.126
943.600	0.053	4.126
943.800	0.053	4.126
944.000	0.053	4.126
944.200	0.052	4.126
944.400	0.052	4.126
944.600	0.053	4.126
944.800	0.054	4.126
945.000	0.053	4.126
945.200	0.053	4.126
945.400	0.053	4.126
945.600	0.052	4.126
945.800	0.050	4.126
946.000	0.052	4.126
946.200	0.050	4.126
946.400	0.050	4.126
946.600	0.052	4.126
946.800	0.053	4.126
947.000	0.050	4.126
947.200	0.052	4.126
947.400	0.052	4.126
947.600	0.051	4.126
947.800	0.052	4.126
948.000	0.052	4.126
948.200	0.052	4.126
948.400	0.054	4.126
948.600	0.053	4.126
948.800	0.052	4.126
949.000	0.053	4.126
949.200	0.052	4.126
949.400	0.054	4.126
949.600	0.053	4.126
949.800	0.055	4.126
950.000	0.053	4.126
950.200	0.053	4.126
950.400	0.054	4.126
950.600	0.051	4.126
950.800	0.053	4.126
951.000	0.053	4.126
951.200	0.051	4.126
951.400	0.053	4.126
951.600	0.053	4.126
951.800	0.053	4.126
952.000	0.053	4.126
952.200	0.055	4.126
952.400	0.053	4.126
952.600	0.054	4.126
952.800	0.054	4.126
953.000	0.055	4.126
953.200	0.055	4.126
953.400	0.053	4.126
953.600	0.054	4.126
953.800	0.052	4.126
954.000	0.053	4.126
954.200	0.054	4.126
954.400	0.052	4.126
954.600	0.051	4.126
954.800	0.051	4.126
955.000	0.053	4.126
955.200	0.056	4.126
955.400	0.054	4.126
955.600	0.054	4.126
955.800	0.052	4.126
956.000	0.052	4.126
956.200	0.053	4.126
956.400	0.054	4.126
956.600	0.054	4.126
956.800	0.056	4.126
957.000	0.055	4.126
957.200	0.053	4.126
957.400	0.052	4.126
957.600	0.053	4.126
957.800	0.053	4.126
958.000	0.054	4.126
958.200	0.054	4.126
958.400	0.055	4.126
958.600	0.054	4.126
958.800	0.054	4.126
959.000	0.054	4.126
959.200	0.054	4.126
959.400	0.053	4.126
959.600	0.054	4.126
959.800	0.054	4.126
960.000	0.052	4.126
960.200	0.053	4.126
960.400	0.055	4.126
960.600	0.055	4.126
960.800	0.053	4.126
961.000	0.052	4.126
961.200	0.055	4.126
961.400	0.054	4.126
961.600	0.053	4.126
961.800	0.055	4.126
962.000	0.054	4.126
962.200	0.057	4.126
962.400	0.053	4.126
962.600	0.054	4.126
962.800	0.053	4.126
963.000	0.054	4.126
963.200	0.052	4.126
963.400	0.051	4.126
963.600	0.053	4.126
963.800	0.056	4.126
964.000	0.054	4.126
964.200	0.053	4.126
964.400	0.055	4.126
964.600	0.054	4.126
964.800	0.053	4.126
965.000	0.053	4.126
965.200	0.053	4.126
965.400	0.053	4.126
965.600	0.051	4.126
965.800	0.052	4.126
966.000	0.053	4.126
966.200	0.053	4.126
966.400	0.054	4.126
966.600	0.054	4.126
966.800	0.053	4.126
967.000	0.053	4.126
967.200	0.052	4.126
967.400	0.053	4.126
967.600	0.053	4.126
967.800	0.050	4.126
968.000	0.054	4.126
968.200	0.051	4.126
968.400	0.053	4.126
968.600	0.053	4.126
968.800	0.053	4.126
969.000	0.055	4.126
969.200	0.056	4.126
969.400	0.055	4.126
969.600	0.052	4.126
969.800	0.052	4.126
970.000	0.054	4.126
970.200	0.054	4.126
970.400	0.054	4.126
970.600	0.055	4.126
970.800	0.052	4.126
971.000	0.053	4.126
971.200	0.052	4.126
971.400	0.054	4.126
971.600	0.054	4.126
971.800	0.053	4.126
972.000	0.055	4.126
972.200	0.055	4.126
972.400	0.055	4.126
972.600	0.054	4.126
972.800	0.055	4.126
973.000	0.053	4.126
973.200	0.054	4.126
973.400	0.053	4.126
973.600	0.054	4.126
973.800	0.053	4.126
974.000	0.052	4.126
974.200	0.053	4.126
974.400	0.054	4.126
974.600	0.054	4.126
974.800	0.055	4.126
975.000	0.052	4.126
975.200	0.053	4.126
975.400	0.053	4.126
975.600	0.053	4.126
975.800	0.052	4.126
976.000	0.055	4.126
976.200	0.053	4.126
976.400	0.052	4.126
976.600	0.053	4.126
976.800	0.054	4.126
977.000	0.053	4.126
977.200	0.052	4.126
977.400	0.053	4.126
977.600	0.052	4.126
977.800	0.052	4.126
978.000	0.052	4.126
978.200	0.053	4.126
978.400	0.053	4.126
978.600	0.054	4.126
978.800	0.053	4.126
979.000	0.053	4.126
979.200	0.055	4.126
979.400	0.052	4.126
979.600	0.054	4.126
979.800	0.051	4.126
980.000	0.053	4.126
980.200	0.053	4.126
980.400	0.054	4.126
980.600	0.053	4.126
980.800	0.052	4.126
981.000	0.053	4.126
981.200	0.055	4.126
981.400	0.054	4.126
981.600	0.053	4.126
981.800	0.054	4.126
982.000	0.054	4.126
982.200	0.052	4.126
982.400	0.051	4.126
982.600	0.052	4.126
982.800	0.051	4.126
983.000	0.051	4.126
983.200	0.053	4.126
983.400	0.051	4.126
983.600	0.053	4.126
983.800	0.052	4.126
984.000	0.054	4.126
984.200	0.051	4.126
984.400	0.053	4.126
984.600	0.052	4.126
984.800	0.053	4.126
985.000	0.052	4.126
985.200	0.054	4.126
985.400	0.053	4.126
985.600	0.053	4.126
985.800	0.053	4.126
986.000	0.053	4.126
986.200	0.053	4.126
986.400	0.053	4.126
986.600	0.051	4.126
986.800	0.053	4.126
987.000	0.053	4.126
987.200	0.054	4.126
987.400	0.054	4.126
987.600	0.054	4.126
987.800	0.052	4.126
988.000	0.054	4.126
988.200	0.055	4.126
988.400	0.053	4.126
988.600	0.053	4.126
988.800	0.051	4.126
989.000	0.054	4.126
989.200	0.052	4.126
989.400	0.053	4.126
989.600	0.051	4.126
989.800	0.052	4.126
990.000	0.053	4.126
990.200	0.053	4.126
990.400	0.051	4.126
990.600	0.053	4.126
990.800	0.051	4.126
991.000	0.053	4.126
991.200	0.051	4.126
991.400	0.052	4.126
991.600	0.053	4.126
991.800	0.053	4.126
992.000	0.053	4.126
992.200	0.053	4.126
992.400	0.053	4.126
992.600	0.053	4.126
992.800	0.055	4.126
993.000	0.053	4.126
993.200	0.050	4.126
993.400	0.052	4.126
993.600	0.053	4.126
993.800	0.054	4.126
994.000	0.052	4.126
994.200	0.052	4.126
994.400	0.052	4.126
994.600	0.052	4.126
994.800	0.053	4.126
995.000	0.052	4.126
995.200	0.054	4.126
995.400	0.053	4.126
995.600	0.053	4.126
995.800	0.052	4.126
996.000	0.054	4.126
996.200	0.054	4.126
996.400	0.054	4.126
996.600	0.054	4.126
996.800	0.054	4.126
997.000	0.053	4.126
997.200	0.053	4.126
997.400	0.052	4.126
997.600	0.052	4.126
997.800	0.053	4.126
998.000	0.052	4.126
998.200	0.053	4.126
998.400	0.053	4.126
998.600	0.053	4.126
998.800	0.052	4.126
999.000	0.052	4.126
999.200	0.051	4.126
999.400	0.053	4.126
999.600	0.055	4.126
999.800	0.053	4.126
1000.000	0.053	4.126
1000.200	0.053	4.126
1000.400	0.053	4.126
1000.600	0.053	4.126
1000.800	0.051	4.126
1001.000	0.051	4.126
1001.200	0.052	4.126
1001.400	0.053	4.126
1001.600	0.053	4.126
1001.800	0.052	4.126
1002.000	0.053	4.126
1002.200	0.053	4.126
1002.400	0.054	4.126
1002.600	0.052	4.126
1002.800	0.053	4.126
1003.000	0.052	4.126
1003.200	0.053	4.126
1003.400	0.052	4.126
1003.600	0.053	4.126
1003.800	0.052	4.126
1004.000	0.054	4.126
1004.200	0.051	4.126
1004.400	0.052	4.126
1004.600	0.054	4.126
1004.800	0.053	4.126
1005.000	0.052	4.126
1005.200	0.051	4.126
1005.400	0.053	4.126
1005.600	0.052	4.126
1005.800	0.053	4.126
1006.000	0.051	4.126
1006.200	0.050	4.126
1006.400	0.053	4.126
1006.600	0.053	4.126
1006.800	0.051	4.126
1007.000	0.051	4.126
1007.200	0.053	4.126
1007.400	0.053	4.126
1007.600	0.052	4.126
1007.800	0.053	4.126
1008.000	0.052	4.126
1008.200	0.053	4.126
1008.400	0.052	4.126
1008.600	0.051	4.126
1008.800	0.052	4.126
1009.000	0.054	4.126
1009.200	0.054	4.126
1009.400	0.053	4.126
1009.600	0.053	4.126
1009.800	0.053	4.126
1010.000	0.053	4.126
1010.200	0.053	4.126
1010.400	0.054	4.126
1010.600	0.052	4.126
1010.800	0.051	4.126
1011.000	0.052	4.126
1011.200	0.052	4.126
1011.400	0.052	4.126
1011.600	0.053	4.126
1011.800	0.054	4.126
1012.000	0.052	4.126
1012.200	0.052	4.126
1012.400	0.052	4.126
1012.600	0.052	4.126
1012.800	0.051	4.126
1013.000	0.052	4.126
1013.200	0.051	4.126
1013.400	0.052	4.126
1013.600	0.052	4.126
1013.800	0.050	4.126
1014.000	0.052	4.126
1014.200	0.053	4.126
1014.400	0.053	4.126
1014.600	0.053	4.126
1014.800	0.053	4.126
1015.000	0.052	4.126
1015.200	0.052	4.126
1015.400	0.051	4.126
1015.600	0.052	4.126
1015.800	0.053	4.126
1016.000	0.052	4.126
1016.200	0.052	4.126
1016.400	0.052	4.126
1016.600	0.055	4.126
1016.800	0.052	4.126
1017.000	0.052	4.126
1017.200	0.054	4.126
1017.400	0.052	4.126
1017.600	0.051	4.126
1017.800	0.053	4.126
1018.000	0.052	4.126
1018.200	0.053	4.126
1018.400	0.052	4.126
1018.600	0.053	4.126
1018.800	0.051	4.126
1019.000	0.050	4.126
1019.200	0.050	4.126
1019.400	0.052	4.126
1019.600	0.052	4.126
1019.800	0.051	4.126
1020.000	0.050	4.126
1020.200	0.049	4.126
1020.400	0.052	4.126
1020.600	0.051	4.126
1020.800	0.051	4.126
1021.000	0.051	4.126
1021.200	0.051	4.126
1021.400	0.052	4.126
1021.600	0.051	4.126
1021.800	0.051	4.126
1022.000	0.051	4.126
1022.200	0.051	4.126
1022.400	0.052	4.126
1022.600	0.050	4.126
1022.800	0.050	4.126
1023.000	0.051	4.126
1023.200	0.051	4.126
1023.400	0.053	4.126
1023.600	0.051	4.126
1023.800	0.053	4.126
1024.000	0.053	4.126
1024.200	0.052	4.126
1024.400	0.052	4.126
1024.600	0.054	4.126
1024.800	0.053	4.126
1025.000	0.052	4.126
1025.200	0.052	4.126
1025.400	0.052	4.126
1025.600	0.052	4.126
1025.800	0.051	4.126
1026.000	0.051	4.126
1026.200	0.053	4.126
1026.400	0.052	4.126
1026.600	0.050	4.126
1026.800	0.051	4.126
1027.000	0.049	4.126
1027.200	0.051	4.126
1027.400	0.051	4.126
1027.600	0.051	4.126
1027.800	0.052	4.126
1028.000	0.050	4.126
1028.200	0.051	4.126
1028.400	0.050	4.126
1028.600	0.051	4.126
1028.800	0.052	4.126
1029.000	0.052	4.126
1029.200	0.053	4.126
1029.400	0.053	4.126
1029.600	0.054	4.126
1029.800	0.054	4.126
1030.000	0.053	4.126
1030.200	0.053	4.126
1030.400	0.052	4.126
1030.600	0.054	4.126
1030.800	0.052	4.126
1031.000	0.053	4.126
1031.200	0.051	4.126
1031.400	0.052	4.126
1031.600	0.052	4.126
1031.800	0.052	4.126
1032.000	0.052	4.126
1032.200	0.051	4.126
1032.400	0.052	4.126
1032.600	0.051	4.126
1032.800	0.051	4.126
1033.000	0.051	4.126
1033.200	0.052	4.126
1033.400	0.049	4.126
1033.600	0.051	4.126
1033.800	0.051	4.126
1034.000	0.052	4.126
1034.200	0.052	4.126
1034.400	0.053	4.126
1034.600	0.051	4.126
1034.800	0.051	4.126
1035.000	0.051	4.126
1035.200	0.052	4.126
1035.400	0.052	4.126
1035.600	0.051	4.126
1035.800	0.052	4.126
1036.000	0.052	4.126
1036.200	0.053	4.126
1036.400	0.051	4.126
1036.600	0.051	4.126
1036.800	0.049	4.126
1037.000	0.049	4.126
1037.200	0.051	4.126
1037.400	0.049	4.126
1037.600	0.049	4.126
1037.800	0.051	4.126
1038.000	0.051	4.126
1038.200	0.052	4.126
1038.400	0.052	4.126
1038.600	0.052	4.126
1038.800	0.051	4.126
1039.000	0.049	4.126
1039.200	0.050	4.126
1039.400	0.049	4.126
1039.600	0.050	4.126
1039.800	0.051	4.126
1040.000	0.051	4.126
1040.200	0.051	4.126
1040.400	0.052	4.126
1040.600	0.052	4.126
1040.800	0.052	4.126
1041.000	0.050	4.126
1041.200	0.051	4.126
1041.400	0.050	4.126
1041.600	0.050	4.126
1041.800	0.050	4.126
1042.000	0.051	4.126
1042.200	0.050	4.126
1042.400	0.051	4.126
1042.600	0.050	4.126
1042.800	0.052	4.126
1043.000	0.051	4.126
1043.200	0.050	4.126
1043.400	0.051	4.126
1043.600	0.052	4.126
1043.800	0.052	4.126
1044.000	0.051	4.126
1044.200	0.050	4.126
1044.400	0.051	4.126
1044.600	0.051	4.126
1044.800	0.050	4.126
1045.000	0.051	4.126
1045.200	0.052	4.126
1045.400	0.052	4.126
1045.600	0.051	4.126
1045.800	0.050	4.126
1046.000	0.052	4.126
1046.200	0.053	4.126
1046.400	0.051	4.126
1046.600	0.049	4.126
1046.800	0.051	4.126
1047.000	0.050	4.126
1047.200	0.051	4.126
1047.400	0.050	4.126
1047.600	0.054	4.126
1047.800	0.052	4.126
1048.000	0.053	4.126
1048.200	0.054	4.126
1048.400	0.053	4.126
1048.600	0.053	4.126
1048.800	0.051	4.126
1049.000	0.050	4.126
1049.200	0.052	4.126
1049.400	0.051	4.126
1049.600	0.052	4.126
1049.800	0.054	4.126
1050.000	0.052	4.126
1050.200	0.052	4.126
1050.400	0.051	4.126
1050.600	0.052	4.126
1050.800	0.053	4.126
1051.000	0.052	4.126
1051.200	0.054	4.126
1051.400	0.054	4.126
1051.600	0.053	4.126
1051.800	0.053	4.126
1052.000	0.053	4.126
1052.200	0.053	4.126
1052.400	0.053	4.126
1052.600	0.054	4.126
1052.800	0.052	4.126
1053.000	0.052	4.126
1053.200	0.053	4.126
1053.400	0.051	4.126
1053.600	0.053	4.126
1053.800	0.053	4.126
1054.000	0.053	4.126
1054.200	0.052	4.126
1054.400	0.052	4.126
1054.600	0.052	4.126
1054.800	0.052	4.126
1055.000	0.051	4.126
1055.200	0.051	4.126
1055.400	0.052	4.126
1055.600	0.052	4.126
1055.800	0.054	4.126
1056.000	0.053	4.126
1056.200	0.052	4.126
1056.400	0.053	4.126
1056.600	0.050	4.126
1056.800	0.052	4.126
1057.000	0.050	4.126
1057.200	0.052	4.126
1057.400	0.053	4.126
1057.600	0.051	4.126
1057.800	0.054	4.126
1058.000	0.053	4.126
1058.200	0.053	4.126
1058.400	0.051	4.126
1058.600	0.053	4.126
1058.800	0.052	4.126
1059.000	0.053	4.126
1059.200	0.054	4.126
1059.400	0.051	4.126
1059.600	0.052	4.126
1059.800	0.050	4.126
1060.000	0.048	4.126
1060.200	0.051	4.126
1060.400	0.049	4.126
1060.600	0.051	4.126
1060.800	0.052	4.126
1061.000	0.050	4.126
1061.200	0.049	4.126
1061.400	0.049	4.126
1061.600	0.052	4.126
1061.800	0.050	4.126
1062.000	0.049	4.126
1062.200	0.051	4.126
1062.400	0.050	4.126
1062.600	0.050	4.126
1062.800	0.051	4.126
1063.000	0.053	4.126
1063.200	0.051	4.126
1063.400	0.051	4.126
1063.600	0.052	4.126
1063.800	0.052	4.126
1064.000	0.051	4.126
1064.200	0.052	4.126
1064.400	0.052	4.126
1064.600	0.051	4.126
1064.800	0.052	4.126
1065.000	0.052	4.126
1065.200	0.050	4.126
1065.400	0.052	4.126
1065.600	0.051	4.126
1065.800	0.051	4.126
1066.000	0.051	4.126
1066.200	0.053	4.126
1066.400	0.051	4.126
1066.600	0.050	4.126
1066.800	0.052	4.126
1067.000	0.052	4.126
1067.200	0.051	4.126
1067.400	0.050	4.126
1067.600	0.050	4.126
1067.800	0.053	4.126
1068.000	0.050	4.126
1068.200	0.051	4.126
1068.400	0.052	4.126
1068.600	0.052	4.126
1068.800	0.050	4.126
1069.000	0.052	4.126
1069.200	0.051	4.126
1069.400	0.052	4.126
1069.600	0.050	4.126
1069.800	0.050	4.126
1070.000	0.051	4.126
1070.200	0.051	4.126
1070.400	0.051	4.126
1070.600	0.050	4.126
1070.800	0.051	4.126
1071.000	0.051	4.126
1071.200	0.050	4.126
1071.400	0.051	4.126
1071.600	0.051	4.126
1071.800	0.052	4.126
1072.000	0.053	4.126
1072.200	0.053	4.126
1072.400	0.052	4.126
1072.600	0.051	4.126
1072.800	0.051	4.126
1073.000	0.051	4.126
1073.200	0.051	4.126
1073.400	0.049	4.126
1073.600	0.051	4.126
1073.800	0.051	4.126
1074.000	0.051	4.126
1074.200	0.051	4.126
1074.400	0.049	4.126
1074.600	0.051	4.126
1074.800	0.051	4.126
1075.000	0.053	4.126
1075.200	0.054	4.126
1075.400	0.054	4.126
1075.600	0.053	4.126
1075.800	0.051	4.126
1076.000	0.051	4.126
1076.200	0.053	4.126
1076.400	0.053	4.126
1076.600	0.051	4.126
1076.800	0.052	4.126
1077.000	0.053	4.126
1077.200	0.054	4.126
1077.400	0.053	4.126
1077.600	0.053	4.126
1077.800	0.053	4.126
1078.000	0.052	4.126
1078.200	0.050	4.126
1078.400	0.051	4.126
1078.600	0.053	4.126
1078.800	0.052	4.126
1079.000	0.052	4.126
1079.200	0.051	4.126
1079.400	0.054	4.126
1079.600	0.053	4.126
1079.800	0.054	4.126
1080.000	0.053	4.126
1080.200	0.053	4.126
1080.400	0.052	4.126
1080.600	0.053	4.126
1080.800	0.053	4.126
1081.000	0.052	4.126
1081.200	0.052	4.126
1081.400	0.052	4.126
1081.600	0.053	4.126
1081.800	0.051	4.126
1082.000	0.051	4.126
1082.200	0.052	4.126
1082.400	0.051	4.126
1082.600	0.051	4.126
1082.800	0.053	4.126
1083.000	0.051	4.126
1083.200	0.051	4.126
1083.400	0.050	4.126
1083.600	0.053	4.126
1083.800	0.051	4.126
1084.000	0.051	4.126
1084.200	0.051	4.126
1084.400	0.053	4.126
1084.600	0.051	4.126
1084.800	0.051	4.126
1085.000	0.051	4.126
1085.200	0.051	4.126
1085.400	0.053	4.126
1085.600	0.051	4.126
1085.800	0.052	4.126
1086.000	0.052	4.126
1086.200	0.051	4.126
1086.400	0.051	4.126
1086.600	0.054	4.126
1086.800	0.052	4.126
1087.000	0.052	4.126
1087.200	0.051	4.126
1087.400	0.053	4.126
1087.600	0.053	4.126
1087.800	0.051	4.126
1088.000	0.049	4.126
1088.200	0.052	4.126
1088.400	0.051	4.126
1088.600	0.051	4.126
1088.800	0.052	4.126
1089.000	0.051	4.126
1089.200	0.052	4.126
1089.400	0.052	4.126
1089.600	0.052	4.126
1089.800	0.050	4.126
1090.000	0.052	4.126
1090.200	0.051	4.126
1090.400	0.053	4.126
1090.600	0.052	4.126
1090.800	0.052	4.126
1091.000	0.052	4.126
1091.200	0.053	4.126
1091.400	0.053	4.126
1091.600	0.053	4.126
1091.800	0.053	4.126
1092.000	0.053	4.126
1092.200	0.054	4.126
1092.400	0.052	4.126
1092.600	0.052	4.126
1092.800	0.053	4.126
1093.000	0.052	4.126
1093.200	0.052	4.126
1093.400	0.052	4.126
1093.600	0.051	4.126
1093.800	0.050	4.126
1094.000	0.051	4.126
1094.200	0.051	4.126
1094.400	0.050	4.126
1094.600	0.052	4.126
1094.800	0.050	4.126
1095.000	0.052	4.126
1095.200	0.053	4.126
1095.400	0.052	4.126
1095.600	0.051	4.126
1095.800	0.051	4.126
1096.000	0.053	4.126
1096.200	0.053	4.126
1096.400	0.050	4.126
1096.600	0.050	4.126
1096.800	0.052	4.126
1097.000	0.052	4.126
1097.200	0.052	4.126
1097.400	0.052	4.126
1097.600	0.053	4.126
1097.800	0.052	4.126
1098.000	0.052	4.126
1098.200	0.051	4.126
1098.400	0.054	4.126
1098.600	0.053	4.126
1098.800	0.053	4.126
1099.000	0.051	4.126
1099.200	0.052	4.126
1099.400	0.051	4.126
1099.600	0.052	4.126
1099.800	0.051	4.126
1100.000	0.051	4.126
1100.200	0.052	4.126
1100.400	0.051	4.126
1100.600	0.051	4.126
1100.800	0.050	4.126
1101.000	0.052	4.126
1101.200	0.050	4.126
1101.400	0.050	4.126
1101.600	0.052	4.126
1101.800	0.051	4.126
1102.000	0.051	4.126
1102.200	0.049	4.126
1102.400	0.051	4.126
1102.600	0.049	4.126
1102.800	0.051	4.126
1103.000	0.049	4.126
1103.200	0.051	4.126
1103.400	0.052	4.126
1103.600	0.050	4.126
1103.800	0.052	4.126
1104.000	0.051	4.126
1104.200	0.052	4.126
1104.400	0.051	4.126
1104.600	0.052	4.126
1104.800	0.052	4.126
1105.000	0.051	4.126
1105.200	0.051	4.126
1105.400	0.050	4.126
1105.600	0.050	4.126
1105.800	0.052	4.126
1106.000	0.050	4.126
1106.200	0.051	4.126
1106.400	0.052	4.126
1106.600	0.050	4.126
1106.800	0.052	4.126
1107.000	0.053	4.126
1107.200	0.052	4.126
1107.400	0.052	4.126
1107.600	0.053	4.126
1107.800	0.051	4.126
1108.000	0.052	4.126
1108.200	0.051	4.126
1108.400	0.051	4.126
1108.600	0.053	4.126
1108.800	0.052	4.126
1109.000	0.051	4.126
1109.200	0.052	4.126
1109.400	0.051	4.126
1109.600	0.050	4.126
1109.800	0.051	4.126
1110.000	0.052	4.126
1110.200	0.051	4.126
1110.400	0.052	4.126
1110.600	0.052	4.126
1110.800	0.051	4.126
1111.000	0.050	4.126
1111.200	0.052	4.126
1111.400	0.051	4.126
1111.600	0.051	4.126
1111.800	0.051	4.126
1112.000	0.052	4.126
1112.200	0.052	4.126
1112.400	0.051	4.126
1112.600	0.053	4.126
1112.800	0.054	4.126
1113.000	0.052	4.126
1113.200	0.053	4.126
1113.400	0.053	4.126
1113.600	0.054	4.126
1113.800	0.053	4.126
1114.000	0.053	4.126
1114.200	0.053	4.126
1114.400	0.052	4.126
1114.600	0.052	4.126
1114.800	0.051	4.126
1115.000	0.054	4.126
1115.200	0.055	4.126
1115.400	0.054	4.126
1115.600	0.054	4.126
1115.800	0.053	4.126
1116.000	0.054	4.126
1116.200	0.053	4.126
1116.400	0.053	4.126
1116.600	0.054	4.126
1116.800	0.054	4.126
1117.000	0.053	4.126
1117.200	0.053	4.126
1117.400	0.051	4.126
1117.600	0.053	4.126
1117.800	0.053	4.126
1118.000	0.054	4.126
1118.200	0.052	4.126
1118.400	0.053	4.126
1118.600	0.053	4.126
1118.800	0.053	4.126
1119.000	0.054	4.126
1119.200	0.052	4.126
1119.400	0.054	4.126
1119.600	0.052	4.126
1119.800	0.053	4.126
1120.000	0.055	4.126
1120.200	0.054	4.126
1120.400	0.052	4.126
1120.600	0.054	4.126
1120.800	0.054	4.126
1121.000	0.053	4.126
1121.200	0.054	4.126
1121.400	0.054	4.126
1121.600	0.054	4.126
1121.800	0.054	4.126
1122.000	0.054	4.126
1122.200	0.055	4.126
1122.400	0.055	4.126
1122.600	0.053	4.126
1122.800	0.054	4.126
1123.000	0.054	4.126
1123.200	0.053	4.126
1123.400	0.054	4.126
1123.600	0.056	4.126
1123.800	0.053	4.126
1124.000	0.054	4.126
1124.200	0.054	4.126
1124.400	0.054	4.126
1124.600	0.056	4.126
1124.800	0.053	4.126
1125.000	0.053	4.126
1125.200	0.055	4.126
1125.400	0.052	4.126
1125.600	0.054	4.126
1125.800	0.054	4.126
1126.000	0.053	4.126
1126.200	0.053	4.126
1126.400	0.053	4.126
1126.600	0.052	4.126
1126.800	0.053	4.126
1127.000	0.053	4.126
1127.200	0.053	4.126
1127.400	0.053	4.126
1127.600	0.054	4.126
1127.800	0.055	4.126
1128.000	0.051	4.126
1128.200	0.055	4.126
1128.400	0.054	4.126
1128.600	0.053	4.126
1128.800	0.053	4.126
1129.000	0.053	4.126
1129.200	0.054	4.126
1129.400	0.054	4.126
1129.600	0.054	4.126
1129.800	0.055	4.126
1130.000	0.053	4.126
1130.200	0.053	4.126
1130.400	0.054	4.126
1130.600	0.054	4.126
1130.800	0.053	4.126
1131.000	0.055	4.126
1131.200	0.052	4.126
1131.400	0.054	4.126
1131.600	0.056	4.126
1131.800	0.055	4.126
1132.000	0.054	4.126
1132.200	0.053	4.126
1132.400	0.055	4.126
1132.600	0.051	4.126
1132.800	0.052	4.126
1133.000	0.050	4.126
1133.200	0.053	4.126
1133.400	0.053	4.126
1133.600	0.053	4.126
1133.800	0.053	4.126
1134.000	0.052	4.126
1134.200	0.053	4.126
1134.400	0.055	4.126
1134.600	0.052	4.126
1134.800	0.054	4.126
1135.000	0.053	4.126
1135.200	0.053	4.126
1135.400	0.053	4.126
1135.600	0.054	4.126
1135.800	0.053	4.126
1136.000	0.053	4.126
1136.200	0.052	4.126
1136.400	0.052	4.126
1136.600	0.053	4.126
1136.800	0.055	4.126
1137.000	0.055	4.126
1137.200	0.054	4.126
1137.400	0.052	4.126
1137.600	0.052	4.126
1137.800	0.051	4.125
1138.000	0.054	4.126
1138.200	0.054	4.126
1138.400	0.054	4.126
1138.600	0.054	4.126
1138.800	0.055	4.126
1139.000	0.051	4.126
1139.200	0.052	4.126
1139.400	0.053	4.126
1139.600	0.053	4.126
1139.800	0.052	4.126
1140.000	0.054	4.126
1140.200	0.054	4.126
1140.400	0.053	4.126
1140.600	0.053	4.126
1140.800	0.054	4.126
1141.000	0.053	4.126
1141.200	0.053	4.126
1141.400	0.053	4.126
1141.600	0.052	4.126
1141.800	0.052	4.126
1142.000	0.054	4.126
1142.200	0.052	4.126
1142.400	0.053	4.126
1142.600	0.053	4.126
1142.800	0.053	4.126
1143.000	0.052	4.126
1143.200	0.053	4.126
1143.400	0.053	4.126
1143.600	0.053	4.126
1143.800	0.053	4.126
1144.000	0.052	4.126
1144.200	0.051	4.126
1144.400	0.053	4.126
1144.600	0.053	4.126
1144.800	0.055	4.126
1145.000	0.052	4.126
1145.200	0.054	4.126
1145.400	0.052	4.126
1145.600	0.053	4.126
1145.800	0.053	4.126
1146.000	0.053	4.126
1146.200	0.052	4.126
1146.400	0.052	4.126
1146.600	0.053	4.126
1146.800	0.054	4.126
1147.000	0.053	4.126
1147.200	0.053	4.126
1147.400	0.051	4.126
1147.600	0.050	4.126
1147.800	0.053	4.126
1148.000	0.054	4.126
1148.200	0.051	4.126
1148.400	0.052	4.126
1148.600	0.053	4.126
1148.800	0.052	4.126
1149.000	0.051	4.126
1149.200	0.054	4.126
1149.400	0.054	4.126
1149.600	0.055	4.126
1149.800	0.053	4.126
1150.000	0.053	4.126
1150.200	0.053	4.126
1150.400	0.053	4.126
1150.600	0.051	4.126
1150.800	0.052	4.126
1151.000	0.056	4.126
1151.200	0.054	4.126
1151.400	0.054	4.126
1151.600	0.053	4.126
1151.800	0.053	4.126
1152.000	0.054	4.126
1152.200	0.054	4.126
1152.400	0.056	4.126
1152.600	0.055	4.126
1152.800	0.053	4.126
1153.000	0.053	4.126
1153.200	0.054	4.126
1153.400	0.056	4.126
1153.600	0.055	4.126
1153.800	0.053	4.126
1154.000	0.052	4.126
1154.200	0.053	4.126
1154.400	0.056	4.126
1154.600	0.055	4.126
1154.800	0.052	4.126
1155.000	0.053	4.126
1155.200	0.052	4.126
1155.400	0.052	4.126
1155.600	0.052	4.126
1155.800	0.052	4.126
1156.000	0.053	4.126
1156.200	0.055	4.126
1156.400	0.053	4.126
1156.600	0.053	4.126
1156.800	0.051	4.126
1157.000	0.050	4.126
1157.200	0.052	4.126
1157.400	0.051	4.126
1157.600	0.052	4.126
1157.800	0.052	4.126
1158.000	0.051	4.126
1158.200	0.054	4.126
1158.400	0.052	4.126
1158.600	0.055	4.126
1158.800	0.053	4.126
1159.000	0.053	4.126
1159.200	0.053	4.126
1159.400	0.052	4.126
1159.600	0.051	4.126
1159.800	0.053	4.126
1160.000	0.053	4.126
1160.200	0.053	4.126
1160.400	0.051	4.126
1160.600	0.052	4.126
1160.800	0.052	4.126
1161.000	0.054	4.126
1161.200	0.052	4.126
1161.400	0.052	4.126
1161.600	0.051	4.126
1161.800	0.051	4.126
1162.000	0.051	4.126
1162.200	0.051	4.126
1162.400	0.052	4.126
1162.600	0.050	4.126
1162.800	0.052	4.126
1163.000	0.052	4.126
1163.200	0.052	4.126
1163.400	0.053	4.126
1163.600	0.051	4.126
1163.800	0.054	4.126
1164.000	0.053	4.126
1164.200	0.053	4.126
1164.400	0.052	4.126
1164.600	0.053	4.126
1164.800	0.049	4.125
1165.000	0.052	4.126
1165.200	0.053	4.126
1165.400	0.052	4.126
1165.600	0.053	4.126
1165.800	0.052	4.126
1166.000	0.052	4.126
1166.200	0.052	4.126
1166.400	0.052	4.126
1166.600	0.052	4.126
1166.800	0.054	4.126
1167.000	0.053	4.126
1167.200	0.050	4.126
1167.400	0.052	4.126
1167.600	0.051	4.126
1167.800	0.052	4.126
1168.000	0.051	4.126
1168.200	0.050	4.126
1168.400	0.051	4.126
1168.600	0.050	4.125
1168.800	0.050	4.126
1169.000	0.050	4.126
1169.200	0.049	4.126
1169.400	0.050	4.126
1169.600	0.049	4.126
1169.800	0.050	4.126
1170.000	0.051	4.126
1170.200	0.050	4.126
1170.400	0.049	4.126
1170.600	0.051	4.126
1170.800	0.050	4.126
1171.000	0.051	4.126
1171.200	0.051	4.126
1171.400	0.050	4.126
1171.600	0.049	4.126
1171.800	0.049	4.126
1172.000	0.049	4.126
1172.200	0.049	4.126
1172.400	0.050	4.126
1172.600	0.050	4.126
1172.800	0.050	4.126
1173.000	0.050	4.126
1173.200	0.050	4.126
1173.400	0.049	4.126
1173.600	0.049	4.125
1173.800	0.052	4.125
1174.000	0.051	4.125
1174.200	0.051	4.125
1174.400	0.051	4.126
1174.600	0.053	4.126
1174.800	0.051	4.126
1175.000	0.050	4.125
1175.200	0.050	4.126
1175.400	0.050	4.125
1175.600	0.050	4.125
1175.800	0.049	4.125
1176.000	0.048	4.125
1176.200	0.054	4.126
1176.400	0.051	4.126
1176.600	0.050	4.125
1176.800	0.052	4.126
1177.000	0.048	4.125
1177.200	0.049	4.125
1177.400	0.048	4.125
1177.600	0.048	4.125
1177.800	0.050	4.125
1178.000	0.051	4.125
1178.200	0.050	4.126
1178.400	0.050	4.125
1178.600	0.052	4.126
1178.800	0.051	4.126
1179.000	0.052	4.125
1179.200	0.051	4.125
1179.400	0.050	4.125
1179.600	0.052	4.126
1179.800	0.051	4.126
1180.000	0.051	4.126
1180.200	0.051	4.126
1180.400	0.050	4.125
1180.600	0.050	4.125
1180.800	0.049	4.125
1181.000	0.048	4.125
1181.200	0.049	4.125
1181.400	0.049	4.125
1181.600	0.048	4.125
1181.800	0.050	4.125
1182.000	0.047	4.125
1182.200	0.049	4.125
1182.400	0.049	4.125
1182.600	0.049	4.125
1182.800	0.050	4.125
1183.000	0.048	4.125
1183.200	0.050	4.125
1183.400	0.049	4.125
1183.600	0.048	4.125
1183.800	0.050	4.125
1184.000	0.049	4.125
1184.200	0.049	4.125
1184.400	0.048	4.125
1184.600	0.051	4.125
1184.800	0.050	4.125
1185.000	0.052	4.125
1185.200	0.048	4.125
1185.400	0.051	4.125
1185.600	0.048	4.125
1185.800	0.051	4.125
1186.000	0.051	4.125
1186.200	0.049	4.125
1186.400	0.048	4.125
1186.600	0.049	4.125
1186.800	0.051	4.125
1187.000	0.051	4.125
1187.200	0.049	4.125
1187.400	0.048	4.125
1187.600	0.051	4.125
1187.800	0.046	4.125
1188.000	0.048	4.125
1188.200	0.049	4.125
1188.400	0.047	4.125
1188.600	0.048	4.125
1188.800	0.049	4.125
1189.000	0.049	4.125
1189.200	0.048	4.125
1189.400	0.047	4.125
1189.600	0.051	4.125
1189.800	0.047	4.125
1190.000	0.048	4.125
1190.200	0.049	4.125
1190.400	0.049	4.125
1190.600	0.048	4.125
1190.800	0.048	4.125
1191.000	0.048	4.125
1191.200	0.050	4.125
1191.400	0.049	4.125
1191.600	0.050	4.125
1191.800	0.048	4.125
1192.000	0.048	4.125
1192.200	0.049	4.125
1192.400	0.050	4.125
1192.600	0.051	4.125
1192.800	0.049	4.125
1193.000	0.048	4.125
1193.200	0.049	4.125
1193.400	0.048	4.125
1193.600	0.050	4.125
1193.800	0.048	4.125
1194.000	0.048	4.125
1194.200	0.050	4.125
1194.400	0.052	4.125
1194.600	0.050	4.125
1194.800	0.052	4.125
1195.000	0.049	4.125
1195.200	0.051	4.125
1195.400	0.050	4.125
1195.600	0.049	4.125
1195.800	0.050	4.125
1196.000	0.050	4.125
1196.200	0.050	4.125
1196.400	0.049	4.125
1196.600	0.049	4.125
1196.800	0.050	4.125
1197.000	0.050	4.125
1197.200	0.051	4.125
1197.400	0.050	4.125
1197.600	0.051	4.125
1197.800	0.049	4.125
1198.000	0.051	4.125
1198.200	0.051	4.125
1198.400	0.051	4.125
1198.600	0.050	4.125
1198.800	0.049	4.125
1199.000	0.049	4.125
1199.200	0.049	4.125
1199.400	0.050	4.125
1199.600	0.050	4.125
1199.800	0.051	4.125
1200.000	0.050	4.125
1200.200	0.050	4.125
1200.400	0.050	4.125
1200.600	0.051	4.125
1200.800	0.050	4.125
1201.000	0.049	4.125
1201.200	0.050	4.125
1201.400	0.050	4.125
1201.600	0.052	4.125
1201.800	0.050	4.125
1202.000	0.052	4.125
1202.200	0.052	4.125
1202.400	0.050	4.125
1202.600	0.051	4.125
1202.800	0.050	4.125
1203.000	0.051	4.125
1203.200	0.051	4.125
1203.400	0.054	4.125
1203.600	0.053	4.125
1203.800	0.054	4.125
1204.000	0.052	4.125
1204.200	0.053	4.126
1204.400	0.052	4.125
1204.600	0.052	4.125
1204.800	0.052	4.125
1205.000	0.052	4.125
1205.200	0.051	4.125
1205.400	0.051	4.125
1205.600	0.051	4.125
1205.800	0.052	4.125
1206.000	0.051	4.125
1206.200	0.051	4.125
1206.400	0.051	4.125
1206.600	0.051	4.125
1206.800	0.053	4.125
1207.000	0.051	4.125
1207.200	0.050	4.125
1207.400	0.051	4.125
1207.600	0.051	4.125
1207.800	0.052	4.125
1208.000	0.053	4.125
1208.200	0.050	4.125
1208.400	0.053	4.125
1208.600	0.050	4.125
1208.800	0.051	4.125
1209.000	0.053	4.125
1209.200	0.052	4.125
1209.400	0.051	4.125
1209.600	0.052	4.125
1209.800	0.051	4.125
1210.000	0.052	4.125
1210.200	0.051	4.125
1210.400	0.051	4.125
1210.600	0.049	4.125
1210.800	0.050	4.125
1211.000	0.051	4.125
1211.200	0.050	4.125
1211.400	0.049	4.125
1211.600	0.052	4.125
1211.800	0.053	4.125
1212.000	0.053	4.125
1212.200	0.051	4.125
1212.400	0.051	4.125
1212.600	0.052	4.125
1212.800	0.053	4.125
1213.000	0.053	4.125
1213.200	0.052	4.126
1213.400	0.051	4.125
1213.600	0.049	4.125
1213.800	0.051	4.125
1214.000	0.052	4.125
1214.200	0.049	4.125
1214.400	0.051	4.125
1214.600	0.052	4.125
1214.800	0.050	4.125
1215.000	0.053	4.125
1215.200	0.049	4.125
1215.400	0.052	4.125
1215.600	0.047	4.125
1215.800	0.048	4.125
1216.000	0.050	4.125
1216.200	0.049	4.125
1216.400	0.051	4.125
1216.600	0.050	4.125
1216.800	0.050	4.125
1217.000	0.049	4.125
1217.200	0.050	4.125
1217.400	0.051	4.125
1217.600	0.050	4.125
1217.800	0.049	4.125
1218.000	0.050	4.125
1218.200	0.049	4.125
1218.400	0.048	4.125
1218.600	0.049	4.125
1218.800	0.049	4.125
1219.000	0.049	4.125
1219.200	0.049	4.125
1219.400	0.051	4.125
1219.600	0.049	4.125
1219.800	0.050	4.125
1220.000	0.048	4.125
1220.200	0.048	4.125
1220.400	0.049	4.125
1220.600	0.050	4.125
1220.800	0.049	4.125
1221.000	0.050	4.125
1221.200	0.049	4.125
1221.400	0.051	4.125
1221.600	0.050	4.125
1221.800	0.051	4.125
1222.000	0.051	4.125
1222.200	0.050	4.125
1222.400	0.051	4.125
1222.600	0.052	4.125
1222.800	0.054	4.125
1223.000	0.050	4.125
1223.200	0.051	4.125
1223.400	0.053	4.125
1223.600	0.053	4.125
1223.800	0.051	4.125
1224.000	0.054	4.125
1224.200	0.051	4.125
1224.400	0.052	4.125
1224.600	0.052	4.125
1224.800	0.050	4.125
1225.000	0.049	4.125
1225.200	0.051	4.125
1225.400	0.050	4.125
1225.600	0.051	4.125
1225.800	0.051	4.125
1226.000	0.051	4.125
1226.200	0.049	4.125
1226.400	0.050	4.125
1226.600	0.049	4.125
1226.800	0.054	4.126
1227.000	0.049	4.125
1227.200	0.051	4.125
1227.400	0.051	4.125
1227.600	0.051	4.125
1227.800	0.051	4.125
1228.000	0.052	4.125
1228.200	0.052	4.125
1228.400	0.051	4.125
1228.600	0.052	4.125
1228.800	0.050	4.125
1229.000	0.054	4.125
1229.200	0.052	4.125
1229.400	0.051	4.125
1229.600	0.052	4.125
1229.800	0.052	4.125
1230.000	0.052	4.125
1230.200	0.052	4.125
1230.400	0.053	4.125
1230.600	0.053	4.125
1230.800	0.053	4.125
1231.000	0.053	4.125
1231.200	0.052	4.125
1231.400	0.052	4.125
1231.600	0.052	4.125
1231.800	0.050	4.125
1232.000	0.052	4.125
1232.200	0.051	4.125
1232.400	0.053	4.125
1232.600	0.052	4.125
1232.800	0.051	4.125
1233.000	0.050	4.125
1233.200	0.051	4.125
1233.400	0.051	4.125
1233.600	0.052	4.125
1233.800	0.050	4.125
1234.000	0.051	4.125
1234.200	0.051	4.125
1234.400	0.050	4.125
1234.600	0.049	4.125
1234.800	0.051	4.125
1235.000	0.051	4.125
1235.200	0.051	4.125
1235.400	0.052	4.125
1235.600	0.051	4.125
1235.800	0.052	4.125
1236.000	0.050	4.125
1236.200	0.052	4.125
1236.400	0.053	4.125
1236.600	0.054	4.125
1236.800	0.050	4.125
1237.000	0.051	4.125
1237.200	0.052	4.125
1237.400	0.052	4.125
1237.600	0.053	4.125
1237.800	0.052	4.125
1238.000	0.052	4.125
1238.200	0.051	4.125
1238.400	0.052	4.125
1238.600	0.052	4.125
1238.800	0.053	4.125
1239.000	0.051	4.125
1239.200	0.050	4.125
1239.400	0.052	4.125
1239.600	0.051	4.125
1239.800	0.052	4.125
1240.000	0.052	4.125
1240.200	0.051	4.125
1240.400	0.052	4.125
1240.600	0.053	4.125
1240.800	0.051	4.125
1241.000	0.052	4.125
1241.200	0.051	4.125
1241.400	0.052	4.125
1241.600	0.053	4.125
1241.800	0.052	4.125
1242.000	0.051	4.125
1242.200	0.051	4.125
1242.400	0.051	4.125
1242.600	0.053	4.125
1242.800	0.053	4.125
1243.000	0.051	4.125
1243.200	0.053	4.125
1243.400	0.052	4.125
1243.600	0.053	4.125
1243.800	0.052	4.125
1244.000	0.052	4.125
1244.200	0.050	4.125
1244.400	0.051	4.125
1244.600	0.051	4.125
1244.800	0.051	4.125
1245.000	0.051	4.125
1245.200	0.052	4.125
1245.400	0.053	4.125
1245.600	0.053	4.125
1245.800	0.051	4.125
1246.000	0.053	4.125
1246.200	0.051	4.125
1246.400	0.052	4.125
1246.600	0.052	4.125
1246.800	0.054	4.125
1247.000	0.053	4.125
1247.200	0.051	4.125
1247.400	0.053	4.125
1247.600	0.051	4.125
1247.800	0.051	4.125
1248.000	0.053	4.125
1248.200	0.051	4.125
1248.400	0.052	4.125
1248.600	0.051	4.125
1248.800	0.054	4.125
1249.000	0.051	4.125
1249.200	0.052	4.125
1249.400	0.051	4.125
1249.600	0.052	4.125
1249.800	0.051	4.125
1250.000	0.052	4.125
1250.200	0.051	4.125
1250.400	0.051	4.125
1250.600	0.052	4.125
1250.800	0.051	4.125
1251.000	0.052	4.125
1251.200	0.051	4.125
1251.400	0.051	4.125
1251.600	0.050	4.125
1251.800	0.051	4.125
1252.000	0.050	4.125
1252.200	0.051	4.125
1252.400	0.051	4.125
1252.600	0.050	4.125
1252.800	0.052	4.125
1253.000	0.051	4.125
1253.200	0.052	4.125
1253.400	0.053	4.125
1253.600	0.051	4.125
1253.800	0.050	4.125
1254.000	0.051	4.125
1254.200	0.051	4.125
1254.400	0.051	4.125
1254.600	0.051	4.125
1254.800	0.050	4.125
1255.000	0.051	4.125
1255.200	0.052	4.125
1255.400	0.052	4.125
1255.600	0.052	4.125
1255.800	0.051	4.125
1256.000	0.051	4.125
1256.200	0.051	4.125
1256.400	0.051	4.125
1256.600	0.051	4.125
1256.800	0.052	4.125
1257.000	0.054	4.125
1257.200	0.052	4.125
1257.400	0.053	4.125
1257.600	0.052	4.125
1257.800	0.053	4.125
1258.000	0.053	4.125
1258.200	0.054	4.125
1258.400	0.053	4.125
1258.600	0.052	4.125
1258.800	0.053	4.125
1259.000	0.052	4.125
1259.200	0.051	4.125
1259.400	0.050	4.125
1259.600	0.052	4.125
1259.800	0.052	4.125
1260.000	0.052	4.125
1260.200	0.054	4.125
1260.400	0.053	4.125
1260.600	0.053	4.125
1260.800	0.051	4.125
1261.000	0.049	4.125
1261.200	0.051	4.125
1261.400	0.052	4.125
1261.600	0.052	4.125
1261.800	0.051	4.125
1262.000	0.051	4.125
1262.200	0.051	4.125
1262.400	0.051	4.125
1262.600	0.051	4.125
1262.800	0.052	4.125
1263.000	0.051	4.125
1263.200	0.052	4.125
1263.400	0.051	4.125
1263.600	0.053	4.125
1263.800	0.053	4.125
1264.000	0.053	4.125
1264.200	0.052	4.125
1264.400	0.051	4.125
1264.600	0.051	4.125
1264.800	0.053	4.125
1265.000	0.052	4.125
1265.200	0.054	4.125
1265.400	0.052	4.125
1265.600	0.052	4.125
1265.800	0.054	4.125
1266.000	0.053	4.125
1266.200	0.052	4.125
1266.400	0.051	4.125
1266.600	0.051	4.125
1266.800	0.051	4.125
1267.000	0.051	4.125
1267.200	0.050	4.125
1267.400	0.051	4.125
1267.600	0.051	4.125
1267.800	0.050	4.125
1268.000	0.049	4.125
1268.200	0.053	4.125
1268.400	0.051	4.125
1268.600	0.050	4.125
1268.800	0.051	4.125
1269.000	0.051	4.125
1269.200	0.051	4.125
1269.400	0.050	4.125
1269.600	0.050	4.125
1269.800	0.052	4.125
1270.000	0.052	4.125
1270.200	0.052	4.125
1270.400	0.052	4.125
1270.600	0.051	4.125
1270.800	0.052	4.125
1271.000	0.051	4.125
1271.200	0.051	4.125
1271.400	0.052	4.125
1271.600	0.052	4.125
1271.800	0.051	4.125
1272.000	0.051	4.125
1272.200	0.053	4.125
1272.400	0.051	4.125
1272.600	0.051	4.125
1272.800	0.051	4.125
1273.000	0.050	4.125
1273.200	0.052	4.125
1273.400	0.052	4.125
1273.600	0.051	4.125
1273.800	0.053	4.125
1274.000	0.053	4.125
1274.200	0.051	4.125
1274.400	0.051	4.125
1274.600	0.053	4.125
1274.800	0.051	4.125
1275.000	0.052	4.125
1275.200	0.051	4.125
1275.400	0.052	4.125
1275.600	0.053	4.125
1275.800	0.053	4.125
1276.000	0.050	4.125
1276.200	0.052	4.125
1276.400	0.051	4.125
1276.600	0.052	4.125
1276.800	0.053	4.125
1277.000	0.053	4.125
1277.200	0.053	4.125
1277.400	0.052	4.125
1277.600	0.051	4.125
1277.800	0.052	4.125
1278.000	0.054	4.125
1278.200	0.051	4.125
1278.400	0.052	4.125
1278.600	0.051	4.125
1278.800	0.051	4.125
1279.000	0.052	4.125
1279.200	0.052	4.125
1279.400	0.050	4.125
1279.600	0.051	4.125
1279.800	0.049	4.125
1280.000	0.050	4.125
1280.200	0.051	4.125
1280.400	0.051	4.125
1280.600	0.051	4.125
1280.800	0.052	4.125
1281.000	0.052	4.125
1281.200	0.052	4.125
1281.400	0.051	4.125
1281.600	0.051	4.125
1281.800	0.051	4.125
1282.000	0.050	4.125
1282.200	0.051	4.125
1282.400	0.052	4.125
1282.600	0.054	4.125
1282.800	0.051	4.125
1283.000	0.053	4.125
1283.200	0.051	4.125
1283.400	0.050	4.125
1283.600	0.051	4.125
1283.800	0.051	4.125
1284.000	0.051	4.125
1284.200	0.050	4.125
1284.400	0.052	4.125
1284.600	0.050	4.125
1284.800	0.051	4.125
1285.000	0.049	4.125
1285.200	0.051	4.125
1285.400	0.053	4.125
1285.600	0.052	4.125
1285.800	0.051	4.125
1286.000	0.051	4.125
1286.200	0.051	4.125
1286.400	0.050	4.125
1286.600	0.050	4.125
1286.800	0.052	4.125
1287.000	0.050	4.125
1287.200	0.052	4.125
1287.400	0.051	4.125
1287.600	0.051	4.125
1287.800	0.051	4.125
1288.000	0.049	4.125
1288.200	0.050	4.125
1288.400	0.050	4.125
1288.600	0.051	4.125
1288.800	0.052	4.125
1289.000	0.052	4.125
1289.200	0.051	4.125
1289.400	0.051	4.125
1289.600	0.050	4.125
1289.800	0.050	4.125
1290.000	0.050	4.125
1290.200	0.051	4.125
1290.400	0.051	4.125
1290.600	0.052	4.125
1290.800	0.050	4.125
1291.000	0.051	4.125
1291.200	0.050	4.125
1291.400	0.050	4.125
1291.600	0.049	4.125
1291.800	0.050	4.125
1292.000	0.047	4.125
1292.200	0.050	4.125
1292.400	0.047	4.125
1292.600	0.052	4.125
1292.800	0.050	4.125
1293.000	0.050	4.125
1293.200	0.049	4.125
1293.400	0.050	4.125
1293.600	0.048	4.125
1293.800	0.050	4.125
1294.000	0.050	4.125
1294.200	0.049	4.125
1294.400	0.047	4.125
1294.600	0.049	4.125
1294.800	0.048	4.125
1295.000	0.049	4.125
1295.200	0.047	4.125
1295.400	0.048	4.125
1295.600	0.050	4.125
1295.800	0.049	4.125
1296.000	0.049	4.125
1296.200	0.050	4.125
1296.400	0.053	4.125
1296.600	0.052	4.125
1296.800	0.052	4.125
1297.000	0.049	4.125
1297.200	0.052	4.125
1297.400	0.050	4.125
1297.600	0.050	4.125
1297.800	0.051	4.125
1298.000	0.052	4.125
1298.200	0.052	4.125
1298.400	0.051	4.125
1298.600	0.053	4.125
1298.800	0.053	4.125
1299.000	0.052	4.125
1299.200	0.052	4.125
1299.400	0.052	4.125
1299.600	0.052	4.125
1299.800	0.052	4.125
1300.000	0.053	4.125
1300.200	0.051	4.125
1300.400	0.051	4.125
1300.600	0.050	4.125
1300.800	0.052	4.125
1301.000	0.052	4.125
1301.200	0.050	4.125
1301.400	0.050	4.125
1301.600	0.052	4.125
1301.800	0.053	4.125
1302.000	0.051	4.125
1302.200	0.054	4.125
1302.400	0.054	4.125
1302.600	0.052	4.125
1302.800	0.054	4.125
1303.000	0.052	4.125
1303.200	0.051	4.125
1303.400	0.052	4.125
1303.600	0.052	4.125
1303.800	0.052	4.125
1304.000	0.050	4.125
1304.200	0.052	4.125
1304.400	0.053	4.125
1304.600	0.051	4.125
1304.800	0.052	4.125
1305.000	0.049	4.125
1305.200	0.050	4.125
1305.400	0.051	4.125
1305.600	0.050	4.125
1305.800	0.050	4.125
1306.000	0.052	4.125
1306.200	0.051	4.125
1306.400	0.053	4.125
1306.600	0.050	4.125
1306.800	0.052	4.125
1307.000	0.051	4.125
1307.200	0.051	4.125
1307.400	0.051	4.125
1307.600	0.052	4.125
1307.800	0.052	4.125
1308.000	0.053	4.125
1308.200	0.053	4.125
1308.400	0.052	4.125
1308.600	0.052	4.125
1308.800	0.053	4.125
1309.000	0.054	4.125
1309.200	0.052	4.125
1309.400	0.052	4.125
1309.600	0.052	4.125
1309.800	0.051	4.125
1310.000	0.053	4.125
1310.200	0.055	4.125
1310.400	0.053	4.125
1310.600	0.052	4.125
1310.800	0.053	4.125
1311.000	0.050	4.125
1311.200	0.052	4.125
1311.400	0.053	4.125
1311.600	0.053	4.125
1311.800	0.050	4.125
1312.000	0.052	4.125
1312.200	0.053	4.125
1312.400	0.051	4.125
1312.600	0.051	4.125
1312.800	0.054	4.125
1313.000	0.050	4.125
1313.200	0.051	4.125
1313.400	0.053	4.125
1313.600	0.052	4.125
1313.800	0.054	4.125
1314.000	0.053	4.125
1314.200	0.051	4.125
1314.400	0.053	4.125
1314.600	0.052	4.125
1314.800	0.054	4.125
1315.000	0.054	4.125
1315.200	0.053	4.125
1315.400	0.053	4.125
1315.600	0.054	4.125
1315.800	0.054	4.125
1316.000	0.054	4.125
1316.200	0.052	4.125
1316.400	0.054	4.125
1316.600	0.051	4.125
1316.800	0.052	4.125
1317.000	0.052	4.125
1317.200	0.052	4.125
1317.400	0.054	4.125
1317.600	0.049	4.125
1317.800	0.052	4.125
1318.000	0.050	4.125
1318.200	0.051	4.125
1318.400	0.052	4.125
1318.600	0.052	4.125
1318.800	0.051	4.125
1319.000	0.052	4.125
1319.200	0.051	4.125
1319.400	0.052	4.125
1319.600	0.049	4.125
1319.800	0.052	4.125
1320.000	0.052	4.125
1320.200	0.052	4.125
1320.400	0.052	4.125
1320.600	0.050	4.125
1320.800	0.050	4.125
1321.000	0.050	4.125
1321.200	0.051	4.125
1321.400	0.052	4.125
1321.600	0.051	4.125
1321.800	0.052	4.125
1322.000	0.051	4.125
1322.200	0.052	4.125
1322.400	0.051	4.125
1322.600	0.052	4.125
1322.800	0.051	4.125
1323.000	0.053	4.125
1323.200	0.050	4.125
1323.400	0.051	4.125
1323.600	0.051	4.125
1323.800	0.053	4.125
1324.000	0.052	4.125
1324.200	0.050	4.125
1324.400	0.052	4.125
1324.600	0.051	4.125
1324.800	0.053	4.125
1325.000	0.052	4.125
1325.200	0.053	4.125
1325.400	0.051	4.125
1325.600	0.050	4.125
1325.800	0.053	4.125
1326.000	0.051	4.125
1326.200	0.051	4.125
1326.400	0.052	4.125
1326.600	0.052	4.125
1326.800	0.051	4.125
1327.000	0.051	4.125
1327.200	0.051	4.125
1327.400	0.052	4.125
1327.600	0.053	4.125
1327.800	0.053	4.125
1328.000	0.052	4.125
1328.200	0.052	4.125
1328.400	0.053	4.125
1328.600	0.052	4.125
1328.800	0.054	4.125
1329.000	0.051	4.125
1329.200	0.052	4.125
1329.400	0.054	4.125
1329.600	0.052	4.125
1329.800	0.050	4.125
1330.000	0.052	4.125
1330.200	0.052	4.125
1330.400	0.052	4.125
1330.600	0.052	4.125
1330.800	0.055	4.125
1331.000	0.052	4.125
1331.200	0.053	4.125
1331.400	0.052	4.125
1331.600	0.054	4.125
1331.800	0.051	4.125
1332.000	0.050	4.125
1332.200	0.051	4.125
1332.400	0.050	4.125
1332.600	0.050	4.125
1332.800	0.050	4.125
1333.000	0.053	4.125
1333.200	0.052	4.125
1333.400	0.052	4.125
1333.600	0.051	4.125
1333.800	0.051	4.125
1334.000	0.052	4.125
1334.200	0.052	4.125
1334.400	0.053	4.125
1334.600	0.052	4.125
1334.800	0.053	4.125
1335.000	0.052	4.125
1335.200	0.051	4.125
1335.400	0.052	4.125
1335.600	0.052	4.125
1335.800	0.052	4.125
1336.000	0.051	4.125
1336.200	0.052	4.125
1336.400	0.050	4.125
1336.600	0.052	4.125
1336.800	0.051	4.125
1337.000	0.052	4.125
1337.200	0.053	4.125
1337.400	0.052	4.125
1337.600	0.051	4.125
1337.800	0.051	4.125
1338.000	0.051	4.125
1338.200	0.051	4.125
1338.400	0.050	4.125
1338.600	0.051	4.125
1338.800	0.050	4.125
1339.000	0.050	4.125
1339.200	0.050	4.125
1339.400	0.051	4.125
1339.600	0.050	4.125
1339.800	0.052	4.125
1340.000	0.051	4.125
1340.200	0.050	4.125
1340.400	0.051	4.125
1340.600	0.050	4.125
1340.800	0.051	4.125
1341.000	0.050	4.125
1341.200	0.048	4.125
1341.400	0.051	4.125
1341.600	0.050	4.125
1341.800	0.050	4.125
1342.000	0.050	4.125
1342.200	0.048	4.125
1342.400	0.050	4.125
1342.600	0.048	4.125
1342.800	0.050	4.125
1343.000	0.050	4.125
1343.200	0.049	4.125
1343.400	0.049	4.125
1343.600	0.049	4.125
1343.800	0.049	4.125
1344.000	0.049	4.125
1344.200	0.049	4.125
1344.400	0.049	4.125
1344.600	0.050	4.125
1344.800	0.048	4.125
1345.000	0.050	4.125
1345.200	0.049	4.125
1345.400	0.049	4.125
1345.600	0.047	4.125
1345.800	0.049	4.125
1346.000	0.049	4.125
1346.200	0.048	4.125
1346.400	0.049	4.125
1346.600	0.048	4.125
1346.800	0.048	4.125
1347.000	0.048	4.125
1347.200	0.050	4.125
1347.400	0.050	4.125
1347.600	0.047	4.125
1347.800	0.049	4.125
1348.000	0.050	4.125
1348.200	0.050	4.125
1348.400	0.049	4.125
1348.600	0.048	4.125
1348.800	0.048	4.125
1349.000	0.048	4.125
1349.200	0.048	4.125
1349.400	0.048	4.125
1349.600	0.049	4.125
1349.800	0.048	4.125
1350.000	0.049	4.125
1350.200	0.049	4.125
1350.400	0.048	4.125
1350.600	0.048	4.125
1350.800	0.049	4.125
1351.000	0.050	4.125
1351.200	0.047	4.125
1351.400	0.047	4.125
1351.600	0.049	4.125
1351.800	0.049	4.125
1352.000	0.049	4.125
1352.200	0.048	4.125
1352.400	0.049	4.125
1352.600	0.049	4.125
1352.800	0.050	4.125
1353.000	0.048	4.125
1353.200	0.049	4.125
1353.400	0.049	4.125
1353.600	0.047	4.125
1353.800	0.049	4.125
1354.000	0.049	4.125
1354.200	0.050	4.125
1354.400	0.048	4.125
1354.600	0.050	4.125
1354.800	0.049	4.125
1355.000	0.049	4.125
1355.200	0.049	4.125
1355.400	0.047	4.125
1355.600	0.048	4.125
1355.800	0.049	4.125
1356.000	0.049	4.125
1356.200	0.048	4.125
1356.400	0.050	4.125
1356.600	0.049	4.125
1356.800	0.049	4.125
1357.000	0.047	4.125
1357.200	0.049	4.125
1357.400	0.050	4.125
1357.600	0.051	4.125
1357.800	0.049	4.125
1358.000	0.048	4.125
1358.200	0.048	4.125
1358.400	0.049	4.125
1358.600	0.050	4.125
1358.800	0.051	4.125
1359.000	0.050	4.125
1359.200	0.049	4.125
1359.400	0.049	4.125
1359.600	0.050	4.125
1359.800	0.048	4.125
1360.000	0.046	4.125
1360.200	0.048	4.125
1360.400	0.048	4.125
1360.600	0.048	4.125
1360.800	0.050	4.125
1361.000	0.049	4.125
1361.200	0.048	4.125
1361.400	0.049	4.125
1361.600	0.049	4.125
1361.800	0.050	4.125
1362.000	0.048	4.125
1362.200	0.047	4.125
1362.400	0.049	4.125
1362.600	0.047	4.125
1362.800	0.047	4.125
1363.000	0.046	4.125
1363.200	0.048	4.125
1363.400	0.048	4.125
1363.600	0.048	4.125
1363.800	0.048	4.125
1364.000	0.049	4.125
1364.200	0.050	4.125
1364.400	0.051	4.125
1364.600	0.049	4.125
1364.800	0.050	4.125
1365.000	0.049	4.125
1365.200	0.049	4.125
1365.400	0.049	4.125
1365.600	0.049	4.125
1365.800	0.047	4.125
1366.000	0.051	4.125
1366.200	0.050	4.125
1366.400	0.050	4.125
1366.600	0.050	4.125
1366.800	0.051	4.125
1367.000	0.050	4.125
1367.200	0.051	4.125
1367.400	0.050	4.125
1367.600	0.050	4.125
1367.800	0.048	4.125
1368.000	0.048	4.125
1368.200	0.048	4.125
1368.400	0.049	4.125
1368.600	0.049	4.125
1368.800	0.048	4.125
1369.000	0.051	4.125
1369.200	0.049	4.125
1369.400	0.050	4.125
1369.600	0.049	4.125
1369.800	0.050	4.125
1370.000	0.049	4.125
1370.200	0.050	4.125
1370.400	0.049	4.125
1370.600	0.050	4.125
1370.800	0.049	4.125
1371.000	0.048	4.125
1371.200	0.047	4.125
1371.400	0.049	4.125
1371.600	0.048	4.125
1371.800	0.047	4.125
1372.000	0.048	4.125
1372.200	0.048	4.125
1372.400	0.048	4.125
1372.600	0.049	4.125
1372.800	0.047	4.125
1373.000	0.048	4.125
1373.200	0.049	4.125
1373.400	0.047	4.125
1373.600	0.046	4.125
1373.800	0.050	4.125
1374.000	0.050	4.125
1374.200	0.049	4.125
1374.400	0.050	4.125
1374.600	0.049	4.125
1374.800	0.049	4.125
1375.000	0.049	4.125
1375.200	0.050	4.125
1375.400	0.050	4.125
1375.600	0.049	4.125
1375.800	0.051	4.125
1376.000	0.049	4.125
1376.200	0.049	4.125
1376.400	0.050	4.125
1376.600	0.049	4.125
1376.800	0.050	4.125
1377.000	0.050	4.125
1377.200	0.048	4.125
1377.400	0.048	4.125
1377.600	0.049	4.125
1377.800	0.050	4.125
1378.000	0.049	4.125
1378.200	0.051	4.125
1378.400	0.048	4.125
1378.600	0.049	4.125
1378.800	0.049	4.125
1379.000	0.049	4.125
1379.200	0.047	4.125
1379.400	0.049	4.125
1379.600	0.048	4.125
1379.800	0.050	4.125
1380.000	0.049	4.125
1380.200	0.049	4.125
1380.400	0.048	4.125
1380.600	0.048	4.125
1380.800	0.050	4.125
1381.000	0.051	4.125
1381.200	0.049	4.125
1381.400	0.048	4.125
1381.600	0.049	4.125
1381.800	0.049	4.125
1382.000	0.049	4.125
1382.200	0.048	4.125
1382.400	0.051	4.125
1382.600	0.050	4.125
1382.800	0.049	4.125
1383.000	0.050	4.125
1383.200	0.050	4.125
1383.400	0.049	4.125
1383.600	0.050	4.125
1383.800	0.049	4.125
1384.000	0.050	4.125
1384.200	0.050	4.125
1384.400	0.050	4.125
1384.600	0.049	4.125
1384.800	0.050	4.125
1385.000	0.051	4.125
1385.200	0.050	4.125
1385.400	0.050	4.125
1385.600	0.050	4.125
1385.800	0.052	4.125
1386.000	0.050	4.125
1386.200	0.052	4.125
1386.400	0.050	4.125
1386.600	0.050	4.125
1386.800	0.049	4.125
1387.000	0.048	4.125
1387.200	0.048	4.125
1387.400	0.048	4.125
1387.600	0.050	4.125
1387.800	0.050	4.125
1388.000	0.050	4.125
1388.200	0.047	4.125
1388.400	0.050	4.125
1388.600	0.047	4.125
1388.800	0.047	4.125
1389.000	0.049	4.125
1389.200	0.050	4.125
1389.400	0.049	4.125
1389.600	0.050	4.125
1389.800	0.050	4.125
1390.000	0.052	4.125
1390.200	0.052	4.125
1390.400	0.050	4.125
1390.600	0.050	4.125
1390.800	0.050	4.125
1391.000	0.051	4.125
1391.200	0.050	4.125
1391.400	0.048	4.125
1391.600	0.050	4.125
1391.800	0.049	4.125
1392.000	0.050	4.125
1392.200	0.051	4.125
1392.400	0.051	4.125
1392.600	0.049	4.125
1392.800	0.052	4.125
1393.000	0.048	4.125
1393.200	0.050	4.125
1393.400	0.049	4.125
1393.600	0.051	4.125
1393.800	0.050	4.125
1394.000	0.050	4.125
1394.200	0.049	4.125
1394.400	0.049	4.125
1394.600	0.051	4.125
1394.800	0.049	4.125
1395.000	0.049	4.125
1395.200	0.050	4.125
1395.400	0.051	4.125
1395.600	0.050	4.125
1395.800	0.050	4.125
1396.000	0.050	4.125
1396.200	0.050	4.125
1396.400	0.050	4.125
1396.600	0.052	4.125
1396.800	0.050	4.125
1397.000	0.053	4.125
1397.200	0.050	4.125
1397.400	0.051	4.125
1397.600	0.050	4.125
1397.800	0.052	4.125
1398.000	0.051	4.125
1398.200	0.050	4.125
1398.400	0.049	4.125
1398.600	0.049	4.125
1398.800	0.049	4.125
1399.000	0.050	4.125
1399.200	0.049	4.125
1399.400	0.050	4.125
1399.600	0.049	4.125
1399.800	0.049	4.125
1400.000	0.051	4.125
1400.200	0.051	4.125
1400.400	0.051	4.125
1400.600	0.051	4.125
1400.800	0.050	4.125
1401.000	0.051	4.125
1401.200	0.051	4.125
1401.400	0.053	4.125
1401.600	0.051	4.125
1401.800	0.052	4.125
1402.000	0.051	4.125
1402.200	0.052	4.125
1402.400	0.051	4.125
1402.600	0.052	4.125
1402.800	0.050	4.125
1403.000	0.050	4.125
1403.200	0.050	4.125
1403.400	0.053	4.125
1403.600	0.052	4.125
1403.800	0.051	4.125
1404.000	0.051	4.125
1404.200	0.050	4.125
1404.400	0.051	4.125
1404.600	0.053	4.125
1404.800	0.052	4.125
1405.000	0.051	4.125
1405.200	0.052	4.125
1405.400	0.050	4.125
1405.600	0.051	4.125
1405.800	0.050	4.125
1406.000	0.049	4.125
1406.200	0.049	4.125
1406.400	0.049	4.125
1406.600	0.050	4.125
1406.800	0.051	4.125
1407.000	0.052	4.125
1407.200	0.051	4.125
1407.400	0.051	4.125
1407.600	0.050	4.125
1407.800	0.048	4.125
1408.000	0.050	4.125
1408.200	0.049	4.125
1408.400	0.048	4.125
1408.600	0.050	4.125
1408.800	0.050	4.125
1409.000	0.050	4.125
1409.200	0.051	4.125
1409.400	0.048	4.125
1409.600	0.049	4.125
1409.800	0.050	4.125
1410.000	0.049	4.125
1410.200	0.050	4.125
1410.400	0.051	4.125
1410.600	0.051	4.125
1410.800	0.050	4.125
1411.000	0.050	4.125
1411.200	0.049	4.125
1411.400	0.051	4.125
1411.600	0.052	4.125
1411.800	0.053	4.125
1412.000	0.050	4.125
1412.200	0.050	4.125
1412.400	0.050	4.125
1412.600	0.050	4.125
1412.800	0.050	4.125
1413.000	0.051	4.125
1413.200	0.052	4.125
1413.400	0.050	4.125
1413.600	0.051	4.125
1413.800	0.052	4.125
1414.000	0.051	4.125
1414.200	0.051	4.125
1414.400	0.052	4.125
1414.600	0.050	4.125
1414.800	0.050	4.125
1415.000	0.051	4.125
1415.200	0.049	4.125
1415.400	0.051	4.125
1415.600	0.050	4.125
1415.800	0.050	4.125
1416.000	0.051	4.125
1416.200	0.051	4.125
1416.400	0.050	4.125
1416.600	0.051	4.125
1416.800	0.050	4.125
1417.000	0.051	4.125
1417.200	0.050	4.125
1417.400	0.051	4.125
1417.600	0.051	4.125
1417.800	0.051	4.125
1418.000	0.051	4.125
1418.200	0.049	4.125
1418.400	0.050	4.125
1418.600	0.051	4.125
1418.800	0.049	4.125
1419.000	0.051	4.125
1419.200	0.051	4.125
1419.400	0.049	4.125
1419.600	0.051	4.125
1419.800	0.051	4.125
1420.000	0.051	4.125
1420.200	0.051	4.125
1420.400	0.052	4.125
1420.600	0.051	4.125
1420.800	0.051	4.125
1421.000	0.051	4.125
1421.200	0.050	4.125
1421.400	0.053	4.125
1421.600	0.051	4.125
1421.800	0.051	4.125
1422.000	0.052	4.125
1422.200	0.049	4.125
1422.400	0.051	4.125
1422.600	0.051	4.125
1422.800	0.052	4.125
1423.000	0.052	4.125
1423.200	0.052	4.125
1423.400	0.053	4.125
1423.600	0.051	4.125
1423.800	0.051	4.125
1424.000	0.051	4.125
1424.200	0.053	4.125
1424.400	0.053	4.125
1424.600	0.049	4.125
1424.800	0.051	4.125
1425.000	0.052	4.125
1425.200	0.051	4.125
1425.400	0.053	4.125
1425.600	0.050	4.125
1425.800	0.053	4.125
1426.000	0.053	4.125
1426.200	0.054	4.125
1426.400	0.052	4.125
1426.600	0.052	4.125
1426.800	0.053	4.125
1427.000	0.052	4.125
1427.200	0.050	4.125
1427.400	0.052	4.125
1427.600	0.052	4.125
1427.800	0.050	4.125
1428.000	0.052	4.125
1428.200	0.053	4.125
1428.400	0.050	4.125
1428.600	0.052	4.125
1428.800	0.051	4.125
1429.000	0.052	4.125
1429.200	0.052	4.125
1429.400	0.053	4.125
1429.600	0.052	4.125
1429.800	0.054	4.125
1430.000	0.056	4.125
1430.200	0.054	4.125
1430.400	0.054	4.125
1430.600	0.054	4.125
1430.800	0.053	4.125
1431.000	0.052	4.125
1431.200	0.052	4.125
1431.400	0.052	4.125
1431.600	0.053	4.125
1431.800	0.053	4.125
1432.000	0.053	4.125
1432.200	0.054	4.125
1432.400	0.053	4.125
1432.600	0.051	4.125
1432.800	0.052	4.125
1433.000	0.053	4.125
1433.200	0.051	4.125
1433.400	0.053	4.125
1433.600	0.054	4.125
1433.800	0.052	4.125
1434.000	0.052	4.125
1434.200	0.049	4.125
1434.400	0.050	4.125
1434.600	0.052	4.125
1434.800	0.053	4.125
1435.000	0.052	4.125
1435.200	0.050	4.125
1435.400	0.051	4.125
1435.600	0.052	4.125
1435.800	0.052	4.125
1436.000	0.053	4.125
1436.200	0.052	4.125
1436.400	0.051	4.125
1436.600	0.052	4.125
1436.800	0.052	4.125
1437.000	0.051	4.125
1437.200	0.053	4.125
1437.400	0.053	4.125
1437.600	0.053	4.125
1437.800	0.053	4.125
1438.000	0.053	4.125
1438.200	0.051	4.125
1438.400	0.051	4.125
1438.600	0.052	4.125
1438.800	0.054	4.125
1439.000	0.053	4.125
1439.200	0.053	4.125
1439.400	0.053	4.125
1439.600	0.051	4.125
1439.800	0.053	4.125
1440.000	0.054	4.125
1440.200	0.054	4.125
1440.400	0.053	4.125
1440.600	0.051	4.125
1440.800	0.053	4.125
1441.000	0.053	4.125
1441.200	0.052	4.125
1441.400	0.050	4.125
1441.600	0.054	4.125
1441.800	0.051	4.125
1442.000	0.052	4.125
1442.200	0.051	4.125
1442.400	0.049	4.125
1442.600	0.051	4.125
1442.800	0.051	4.125
1443.000	0.051	4.125
1443.200	0.052	4.125
1443.400	0.052	4.125
1443.600	0.050	4.125
1443.800	0.051	4.125
1444.000	0.053	4.125
1444.200	0.052	4.125
1444.400	0.052	4.125
1444.600	0.053	4.125
1444.800	0.054	4.125
1445.000	0.053	4.125
1445.200	0.052	4.125
1445.400	0.052	4.125
1445.600	0.053	4.125
1445.800	0.052	4.125
1446.000	0.054	4.125
1446.200	0.052	4.125
1446.400	0.051	4.125
1446.600	0.053	4.125
1446.800	0.053	4.125
1447.000	0.053	4.125
1447.200	0.053	4.125
1447.400	0.053	4.125
1447.600	0.051	4.125
1447.800	0.051	4.125
1448.000	0.054	4.125
1448.200	0.053	4.125
1448.400	0.052	4.125
1448.600	0.051	4.125
1448.800	0.052	4.125
1449.000	0.052	4.125
1449.200	0.050	4.125
1449.400	0.051	4.125
1449.600	0.049	4.125
1449.800	0.050	4.125
1450.000	0.051	4.125
1450.200	0.049	4.125
1450.400	0.052	4.125
1450.600	0.051	4.125
1450.800	0.050	4.125
1451.000	0.051	4.125
1451.200	0.053	4.125
1451.400	0.049	4.125
1451.600	0.051	4.125
1451.800	0.053	4.125
1452.000	0.051	4.125
1452.200	0.051	4.125
1452.400	0.052	4.125
1452.600	0.050	4.125
1452.800	0.052	4.125
1453.000	0.053	4.125
1453.200	0.052	4.125
1453.400	0.053	4.125
1453.600	0.051	4.125
1453.800	0.050	4.125
1454.000	0.053	4.125
1454.200	0.051	4.125
1454.400	0.052	4.125
1454.600	0.053	4.125
1454.800	0.053	4.125
1455.000	0.051	4.125
1455.200	0.052	4.125
1455.400	0.055	4.125
1455.600	0.055	4.125
1455.800	0.052	4.125
1456.000	0.051	4.125
1456.200	0.053	4.125
1456.400	0.052	4.125
1456.600	0.050	4.125
1456.800	0.049	4.125
1457.000	0.051	4.125
1457.200	0.051	4.125
1457.400	0.054	4.125
1457.600	0.052	4.125
1457.800	0.054	4.125
1458.000	0.054	4.125
1458.200	0.053	4.125
1458.400	0.055	4.125
1458.600	0.053	4.125
1458.800	0.052	4.125
1459.000	0.053	4.125
1459.200	0.052	4.125
1459.400	0.052	4.125
1459.600	0.053	4.125
1459.800	0.053	4.125
1460.000	0.053	4.125
1460.200	0.053	4.125
1460.400	0.051	4.125
1460.600	0.055	4.125
1460.800	0.052	4.125
1461.000	0.052	4.125
1461.200	0.052	4.125
1461.400	0.051	4.125
1461.600	0.051	4.125
1461.800	0.052	4.125
1462.000	0.052	4.125
1462.200	0.052	4.125
1462.400	0.052	4.125
1462.600	0.053	4.125
1462.800	0.053	4.125
1463.000	0.053	4.125
1463.200	0.052	4.125
1463.400	0.051	4.125
1463.600	0.053	4.125
1463.800	0.053	4.125
1464.000	0.051	4.125
1464.200	0.053	4.125
1464.400	0.052	4.125
1464.600	0.054	4.125
1464.800	0.052	4.125
1465.000	0.053	4.125
1465.200	0.052	4.125
1465.400	0.052	4.125
1465.600	0.052	4.125
1465.800	0.051	4.125
1466.000	0.049	4.125
1466.200	0.052	4.125
1466.400	0.051	4.125
1466.600	0.050	4.125
1466.800	0.052	4.125
1467.000	0.052	4.125
1467.200	0.049	4.125
1467.400	0.052	4.125
1467.600	0.050	4.125
1467.800	0.049	4.125
1468.000	0.050	4.125
1468.200	0.051	4.125
1468.400	0.049	4.125
1468.600	0.051	4.125
1468.800	0.050	4.125
1469.000	0.051	4.125
1469.200	0.051	4.125
1469.400	0.049	4.125
1469.600	0.051	4.125
1469.800	0.049	4.125
1470.000	0.050	4.125
1470.200	0.049	4.125
1470.400	0.050	4.125
1470.600	0.051	4.125
1470.800	0.051	4.125
1471.000	0.052	4.125
1471.200	0.052	4.125
1471.400	0.050	4.125
1471.600	0.051	4.125
1471.800	0.050	4.125
1472.000	0.050	4.125
1472.200	0.052	4.125
1472.400	0.051	4.125
1472.600	0.051	4.125
1472.800	0.051	4.125
1473.000	0.051	4.125
1473.200	0.050	4.125
1473.400	0.050	4.125
1473.600	0.051	4.125
1473.800	0.051	4.125
1474.000	0.051	4.125
1474.200	0.051	4.125
1474.400	0.050	4.125
1474.600	0.054	4.125
1474.800	0.051	4.125
1475.000	0.050	4.125
1475.200	0.051	4.125
1475.400	0.050	4.125
1475.600	0.052	4.125
1475.800	0.052	4.125
1476.000	0.051	4.125
1476.200	0.052	4.125
1476.400	0.051	4.125
1476.600	0.052	4.125
1476.800	0.052	4.125
1477.000	0.052	4.125
1477.200	0.052	4.125
1477.400	0.052	4.125
1477.600	0.049	4.125
1477.800	0.053	4.125
1478.000	0.051	4.125
1478.200	0.053	4.125
1478.400	0.053	4.125
1478.600	0.052	4.125
1478.800	0.052	4.125
1479.000	0.051	4.125
1479.200	0.053	4.125
1479.400	0.053	4.125
1479.600	0.053	4.125
1479.800	0.053	4.125
1480.000	0.053	4.125
1480.200	0.052	4.125
1480.400	0.052	4.125
1480.600	0.051	4.125
1480.800	0.052	4.125
1481.000	0.051	4.125
1481.200	0.052	4.125
1481.400	0.052	4.125
1481.600	0.051	4.125
1481.800	0.050	4.125
1482.000	0.049	4.125
1482.200	0.054	4.125
1482.400	0.052	4.125
1482.600	0.052	4.125
1482.800	0.051	4.125
1483.000	0.051	4.125
1483.200	0.051	4.125
1483.400	0.051	4.125
1483.600	0.051	4.125
1483.800	0.052	4.125
1484.000	0.052	4.125
1484.200	0.049	4.125
1484.400	0.051	4.125
1484.600	0.049	4.125
1484.800	0.050	4.125
1485.000	0.051	4.125
1485.200	0.051	4.125
1485.400	0.052	4.125
1485.600	0.050	4.125
1485.800	0.050	4.125
1486.000	0.052	4.125
1486.200	0.052	4.125
1486.400	0.053	4.125
1486.600	0.052	4.125
1486.800	0.051	4.125
1487.000	0.051	4.125
1487.200	0.053	4.125
1487.400	0.053	4.125
1487.600	0.051	4.125
1487.800	0.054	4.125
1488.000	0.054	4.125
1488.200	0.053	4.125
1488.400	0.053	4.125
1488.600	0.052	4.125
1488.800	0.051	4.125
1489.000	0.051	4.125
1489.200	0.050	4.125
1489.400	0.051	4.125
1489.600	0.051	4.125
1489.800	0.053	4.125
1490.000	0.052	4.125
1490.200	0.051	4.125
1490.400	0.052	4.125
1490.600	0.053	4.125
1490.800	0.054	4.125
1491.000	0.052	4.125
1491.200	0.052	4.125
1491.400	0.051	4.125
1491.600	0.051	4.125
1491.800	0.052	4.125
1492.000	0.051	4.125
1492.200	0.051	4.125
1492.400	0.052	4.125
1492.600	0.051	4.125
1492.800	0.051	4.125
1493.000	0.050	4.125
1493.200	0.052	4.125
1493.400	0.051	4.125
1493.600	0.050	4.125
1493.800	0.052	4.125
1494.000	0.051	4.125
1494.200	0.052	4.125
1494.400	0.052	4.125
1494.600	0.050	4.125
1494.800	0.049	4.125
1495.000	0.049	4.125
1495.200	0.051	4.125
1495.400	0.053	4.125
1495.600	0.052	4.125
1495.800	0.053	4.125
1496.000	0.052	4.125
1496.200	0.052	4.125
1496.400	0.051	4.125
1496.600	0.052	4.125
1496.800	0.052	4.125
1497.000	0.052	4.125
1497.200	0.052	4.125
1497.400	0.051	4.125
1497.600	0.051	4.125
1497.800	0.052	4.125
1498.000	0.051	4.125
1498.200	0.053	4.125
1498.400	0.051	4.125
1498.600	0.050	4.125
1498.800	0.052	4.125
1499.000	0.050	4.125
1499.200	0.050	4.125
1499.400	0.050	4.125
1499.600	0.052	4.125
1499.800	0.050	4.125
1500.000	0.049	4.125
1500.200	0.050	4.125
1500.400	0.051	4.125
1500.600	0.051	4.125
1500.800	0.050	4.125
1501.000	0.051	4.125
1501.200	0.048	4.125
1501.400	0.048	4.125
1501.600	0.049	4.125
1501.800	0.049	4.125
1502.000	0.048	4.125
1502.200	0.048	4.125
1502.400	0.051	4.125
1502.600	0.048	4.125
1502.800	0.047	4.125
1503.000	0.050	4.125
1503.200	0.049	4.125
1503.400	0.049	4.125
1503.600	0.050	4.125
1503.800	0.049	4.125
1504.000	0.050	4.125
1504.200	0.052	4.125
1504.400	0.050	4.125
1504.600	0.049	4.125
1504.800	0.050	4.125
1505.000	0.049	4.125
1505.200	0.048	4.125
1505.400	0.052	4.125
1505.600	0.049	4.125
1505.800	0.050	4.125
1506.000	0.051	4.125
1506.200	0.051	4.125
1506.400	0.050	4.125
1506.600	0.050	4.125
1506.800	0.047	4.125
1507.000	0.049	4.125
1507.200	0.051	4.125
1507.400	0.051	4.125
1507.600	0.048	4.125
1507.800	0.050	4.125
1508.000	0.047	4.125
1508.200	0.049	4.125
1508.400	0.046	4.125
1508.600	0.047	4.125
1508.800	0.047	4.125
1509.000	0.050	4.125
1509.200	0.049	4.125
1509.400	0.051	4.125
1509.600	0.048	4.125
1509.800	0.045	4.125
1510.000	0.046	4.125
1510.200	0.047	4.125
1510.400	0.047	4.125
1510.600	0.047	4.125
1510.800	0.048	4.125
1511.000	0.047	4.125
1511.200	0.049	4.125
1511.400	0.046	4.125
1511.600	0.046	4.125
1511.800	0.048	4.125
1512.000	0.047	4.125
1512.200	0.048	4.125
1512.400	0.047	4.125
1512.600	0.044	4.125
1512.800	0.048	4.125
1513.000	0.048	4.125
1513.200	0.048	4.125
1513.400	0.050	4.125
1513.600	0.048	4.125
1513.800	0.048	4.125
1514.000	0.049	4.125
1514.200	0.047	4.125
1514.400	0.047	4.125
1514.600	0.049	4.125
1514.800	0.049	4.125
1515.000	0.048	4.125
1515.200	0.049	4.125
1515.400	0.049	4.125
1515.600	0.049	4.125
1515.800	0.047	4.125
1516.000	0.048	4.125
1516.200	0.048	4.125
1516.400	0.048	4.125
1516.600	0.050	4.125
1516.800	0.049	4.125
1517.000	0.049	4.125
1517.200	0.049	4.125
1517.400	0.048	4.125
1517.600	0.047	4.125
1517.800	0.050	4.125
1518.000	0.049	4.125
1518.200	0.048	4.125
1518.400	0.049	4.125
1518.600	0.050	4.125
1518.800	0.049	4.125
1519.000	0.048	4.125
1519.200	0.049	4.125
1519.400	0.048	4.125
1519.600	0.049	4.125
1519.800	0.050	4.125
1520.000	0.048	4.125
1520.200	0.049	4.125
1520.400	0.049	4.125
1520.600	0.049	4.125
1520.800	0.048	4.125
1521.000	0.049	4.125
1521.200	0.049	4.125
1521.400	0.048	4.125
1521.600	0.048	4.125
1521.800	0.048	4.125
1522.000	0.048	4.125
1522.200	0.048	4.125
1522.400	0.048	4.125
1522.600	0.049	4.125
1522.800	0.048	4.125
1523.000	0.049	4.125
1523.200	0.050	4.125
1523.400	0.050	4.125
1523.600	0.049	4.125
1523.800	0.048	4.125
1524.000	0.050	4.125
1524.200	0.048	4.125
1524.400	0.048	4.125
1524.600	0.046	4.125
1524.800	0.048	4.125
1525.000	0.048	4.125
1525.200	0.047	4.125
1525.400	0.048	4.125
1525.600	0.050	4.125
1525.800	0.049	4.125
1526.000	0.050	4.125
1526.200	0.049	4.125
1526.400	0.048	4.125
1526.600	0.047	4.125
1526.800	0.050	4.125
1527.000	0.051	4.125
1527.200	0.050	4.125
1527.400	0.049	4.125
1527.600	0.048	4.125
1527.800	0.048	4.125
1528.000	0.050	4.125
1528.200	0.047	4.125
1528.400	0.051	4.125
1528.600	0.050	4.125
1528.800	0.049	4.125
1529.000	0.048	4.125
1529.200	0.048	4.125
1529.400	0.048	4.125
1529.600	0.049	4.125
1529.800	0.047	4.125
1530.000	0.049	4.125
1530.200	0.048	4.125
1530.400	0.048	4.125
1530.600	0.047	4.125
1530.800	0.049	4.125
1531.000	0.050	4.125
1531.200	0.050	4.125
1531.400	0.048	4.125
1531.600	0.048	4.125
1531.800	0.048	4.125
1532.000	0.047	4.125
1532.200	0.047	4.125
1532.400	0.047	4.125
1532.600	0.049	4.125
1532.800	0.048	4.125
1533.000	0.049	4.125
1533.200	0.050	4.125
1533.400	0.049	4.125
1533.600	0.048	4.125
1533.800	0.050	4.125
1534.000	0.051	4.125
1534.200	0.048	4.125
1534.400	0.048	4.125
1534.600	0.049	4.125
1534.800	0.049	4.125
1535.000	0.049	4.125
1535.200	0.049	4.125
1535.400	0.049	4.125
1535.600	0.050	4.125
1535.800	0.049	4.125
1536.000	0.050	4.125
1536.200	0.050	4.125
1536.400	0.050	4.125
1536.600	0.049	4.125
1536.800	0.049	4.125
1537.000	0.048	4.125
1537.200	0.048	4.125
1537.400	0.050	4.125
1537.600	0.048	4.125
1537.800	0.049	4.125
1538.000	0.051	4.125
1538.200	0.048	4.125
1538.400	0.048	4.125
1538.600	0.048	4.125
1538.800	0.048	4.125
1539.000	0.048	4.125
1539.200	0.048	4.125
1539.400	0.047	4.125
1539.600	0.046	4.125
1539.800	0.048	4.125
1540.000	0.048	4.125
1540.200	0.048	4.125
1540.400	0.047	4.125
1540.600	0.048	4.125
1540.800	0.048	4.125
1541.000	0.048	4.125
1541.200	0.046	4.125
1541.400	0.049	4.125
1541.600	0.049	4.125
1541.800	0.049	4.125
1542.000	0.051	4.125
1542.200	0.050	4.125
1542.400	0.048	4.125
1542.600	0.049	4.125
1542.800	0.048	4.125
1543.000	0.050	4.125
1543.200	0.048	4.125
1543.400	0.049	4.125
1543.600	0.050	4.125
1543.800	0.049	4.125
1544.000	0.048	4.125
1544.200	0.048	4.125
1544.400	0.050	4.125
1544.600	0.048	4.125
1544.800	0.048	4.125
1545.000	0.047	4.125
1545.200	0.046	4.125
1545.400	0.049	4.125
1545.600	0.050	4.125
1545.800	0.051	4.125
1546.000	0.050	4.125
1546.200	0.049	4.125
1546.400	0.048	4.125
1546.600	0.049	4.125
1546.800	0.050	4.125
1547.000	0.050	4.125
1547.200	0.051	4.125
1547.400	0.050	4.125
1547.600	0.052	4.125
1547.800	0.049	4.125
1548.000	0.050	4.125
1548.200	0.050	4.125
1548.400	0.049	4.125
1548.600	0.049	4.125
1548.800	0.051	4.125
1549.000	0.048	4.125
1549.200	0.049	4.125
1549.400	0.049	4.125
1549.600	0.050	4.125
1549.800	0.048	4.125
1550.000	0.049	4.125
1550.200	0.050	4.125
1550.400	0.048	4.125
1550.600	0.049	4.125
1550.800	0.050	4.125
1551.000	0.048	4.125
1551.200	0.049	4.125
1551.400	0.048	4.125
1551.600	0.049	4.125
1551.800	0.048	4.125
1552.000	0.049	4.125
1552.200	0.048	4.125
1552.400	0.048	4.125
1552.600	0.050	4.125
1552.800	0.050	4.125
1553.000	0.047	4.125
1553.200	0.050	4.125
1553.400	0.050	4.125
1553.600	0.050	4.125
1553.800	0.050	4.125
1554.000	0.051	4.125
1554.200	0.050	4.125
1554.400	0.050	4.125
1554.600	0.051	4.125
1554.800	0.050	4.125
1555.000	0.048	4.125
1555.200	0.049	4.125
1555.400	0.052	4.125
1555.600	0.050	4.125
1555.800	0.051	4.125
1556.000	0.049	4.125
1556.200	0.050	4.125
1556.400	0.050	4.125
1556.600	0.048	4.125
1556.800	0.051	4.125
1557.000	0.051	4.125
1557.200	0.052	4.125
1557.400	0.052	4.125
1557.600	0.054	4.125
1557.800	0.052	4.125
1558.000	0.050	4.125
1558.200	0.050	4.125
1558.400	0.050	4.125
1558.600	0.050	4.125
1558.800	0.051	4.125
1559.000	0.050	4.125
1559.200	0.050	4.125
1559.400	0.051	4.125
1559.600	0.052	4.125
1559.800	0.052	4.125
1560.000	0.050	4.125
1560.200	0.050	4.125
1560.400	0.048	4.125
1560.600	0.050	4.125
1560.800	0.052	4.125
1561.000	0.052	4.125
1561.200	0.051	4.125
1561.400	0.051	4.125
1561.600	0.050	4.125
1561.800	0.050	4.125
1562.000	0.051	4.125
1562.200	0.050	4.125
1562.400	0.049	4.125
1562.600	0.050	4.125
1562.800	0.051	4.125
1563.000	0.051	4.125
1563.200	0.050	4.125
1563.400	0.051	4.125
1563.600	0.049	4.125
1563.800	0.050	4.125
1564.000	0.050	4.125
1564.200	0.050	4.125
1564.400	0.051	4.125
1564.600	0.051	4.125
1564.800	0.052	4.125
1565.000	0.051	4.125
1565.200	0.051	4.125
1565.400	0.052	4.125
1565.600	0.051	4.125
1565.800	0.052	4.125
1566.000	0.053	4.125
1566.200	0.053	4.125
1566.400	0.053	4.125
1566.600	0.052	4.125
1566.800	0.052	4.125
1567.000	0.051	4.125
1567.200	0.051	4.125
1567.400	0.051	4.125
1567.600	0.050	4.125
1567.800	0.052	4.125
1568.000	0.051	4.125
1568.200	0.052	4.125
1568.400	0.049	4.125
1568.600	0.050	4.125
1568.800	0.051	4.125
1569.000	0.050	4.125
1569.200	0.051	4.125
1569.400	0.050	4.125
1569.600	0.051	4.125
1569.800	0.049	4.125
1570.000	0.050	4.125
1570.200	0.052	4.125
1570.400	0.051	4.125
1570.600	0.050	4.125
1570.800	0.051	4.125
1571.000	0.049	4.125
1571.200	0.049	4.125
1571.400	0.050	4.125
1571.600	0.052	4.125
1571.800	0.051	4.125
1572.000	0.051	4.125
1572.200	0.049	4.125
1572.400	0.051	4.125
1572.600	0.052	4.125
1572.800	0.051	4.125
1573.000	0.049	4.125
1573.200	0.050	4.125
1573.400	0.050	4.125
1573.600	0.049	4.125
1573.800	0.050	4.125
1574.000	0.049	4.125
1574.200	0.050	4.125
1574.400	0.050	4.125
1574.600	0.048	4.125
1574.800	0.049	4.125
1575.000	0.049	4.125
1575.200	0.050	4.125
1575.400	0.051	4.125
1575.600	0.050	4.125
1575.800	0.050	4.125
1576.000	0.050	4.125
1576.200	0.048	4.125
1576.400	0.050	4.125
1576.600	0.050	4.125
1576.800	0.050	4.125
1577.000	0.051	4.125
1577.200	0.049	4.125
1577.400	0.049	4.125
1577.600	0.049	4.125
1577.800	0.050	4.125
1578.000	0.048	4.125
1578.200	0.047	4.125
1578.400	0.050	4.125
1578.600	0.050	4.125
1578.800	0.049	4.125
1579.000	0.049	4.125
1579.200	0.049	4.125
1579.400	0.049	4.125
1579.600	0.050	4.125
1579.800	0.049	4.125
1580.000	0.050	4.125
1580.200	0.050	4.125
1580.400	0.050	4.125
1580.600	0.051	4.125
1580.800	0.049	4.125
1581.000	0.050	4.125
1581.200	0.049	4.125
1581.400	0.049	4.125
1581.600	0.048	4.125
1581.800	0.051	4.125
1582.000	0.049	4.125
1582.200	0.048	4.125
1582.400	0.047	4.125
1582.600	0.049	4.125
1582.800	0.049	4.125
1583.000	0.049	4.125
1583.200	0.049	4.125
1583.400	0.048	4.125
1583.600	0.049	4.125
1583.800	0.048	4.125
1584.000	0.048	4.125
1584.200	0.048	4.125
1584.400	0.049	4.125
1584.600	0.050	4.125
1584.800	0.050	4.125
1585.000	0.048	4.125
1585.200	0.049	4.125
1585.400	0.051	4.125
1585.600	0.051	4.125
1585.800	0.052	4.125
1586.000	0.050	4.125
1586.200	0.049	4.125
1586.400	0.049	4.125
1586.600	0.049	4.125
1586.800	0.050	4.125
1587.000	0.050	4.125
1587.200	0.048	4.125
1587.400	0.049	4.125
1587.600	0.052	4.125
1587.800	0.050	4.125
1588.000	0.050	4.125
1588.200	0.049	4.125
1588.400	0.046	4.125
1588.600	0.048	4.125
1588.800	0.048	4.125
1589.000	0.047	4.125
1589.200	0.050	4.125
1589.400	0.048	4.125
1589.600	0.047	4.125
1589.800	0.050	4.125
1590.000	0.046	4.125
1590.200	0.050	4.125
1590.400	0.048	4.125
1590.600	0.049	4.125
1590.800	0.050	4.125
1591.000	0.051	4.125
1591.200	0.050	4.125
1591.400	0.052	4.125
1591.600	0.051	4.125
1591.800	0.051	4.125
1592.000	0.049	4.125
1592.200	0.049	4.125
1592.400	0.050	4.125
1592.600	0.049	4.125
1592.800	0.051	4.125
1593.000	0.050	4.125
1593.200	0.051	4.125
1593.400	0.049	4.125
1593.600	0.050	4.125
1593.800	0.050	4.125
1594.000	0.050	4.125
1594.200	0.050	4.125
1594.400	0.049	4.125
1594.600	0.051	4.125
1594.800	0.050	4.125
1595.000	0.049	4.125
1595.200	0.051	4.125
1595.400	0.050	4.125
1595.600	0.048	4.125
1595.800	0.048	4.125
1596.000	0.047	4.125
1596.200	0.047	4.125
1596.400	0.048	4.125
1596.600	0.048	4.125
1596.800	0.050	4.125
1597.000	0.050	4.125
1597.200	0.049	4.125
1597.400	0.050	4.125
1597.600	0.050	4.125
1597.800	0.050	4.125
1598.000	0.053	4.125
1598.200	0.052	4.125
1598.400	0.051	4.125
1598.600	0.050	4.125
1598.800	0.050	4.125
1599.000	0.050	4.125
1599.200	0.051	4.125
1599.400	0.052	4.125
1599.600	0.051	4.125
1599.800	0.052	4.125
1600.000	0.050	4.125
1600.200	0.050	4.125
1600.400	0.050	4.125
1600.600	0.050	4.125
1600.800	0.049	4.125
1601.000	0.049	4.125
1601.200	0.049	4.125
1601.400	0.050	4.125
1601.600	0.049	4.125
1601.800	0.050	4.125
1602.000	0.047	4.125
1602.200	0.049	4.125
1602.400	0.050	4.125
1602.600	0.049	4.125
1602.800	0.050	4.125
1603.000	0.049	4.125
1603.200	0.048	4.125
1603.400	0.050	4.125
1603.600	0.048	4.125
1603.800	0.049	4.125
1604.000	0.050	4.125
1604.200	0.050	4.125
1604.400	0.051	4.125
1604.600	0.051	4.125
1604.800	0.050	4.125
1605.000	0.050	4.125
1605.200	0.050	4.125
1605.400	0.049	4.125
1605.600	0.049	4.125
1605.800	0.051	4.125
1606.000	0.049	4.125
1606.200	0.049	4.125
1606.400	0.048	4.125
1606.600	0.048	4.125
1606.800	0.048	4.125
1607.000	0.049	4.125
1607.200	0.048	4.125
1607.400	0.048	4.125
1607.600	0.046	4.125
1607.800	0.048	4.125
1608.000	0.049	4.125
1608.200	0.049	4.125
1608.400	0.048	4.125
1608.600	0.050	4.125
1608.800	0.048	4.125
1609.000	0.046	4.125
1609.200	0.050	4.125
1609.400	0.049	4.125
1609.600	0.048	4.125
1609.800	0.048	4.125
1610.000	0.049	4.125
1610.200	0.048	4.125
1610.400	0.050	4.125
1610.600	0.049	4.125
1610.800	0.050	4.125
1611.000	0.050	4.125
1611.200	0.052	4.125
1611.400	0.050	4.125
1611.600	0.052	4.125
1611.800	0.050	4.125
1612.000	0.050	4.125
1612.200	0.051	4.125
1612.400	0.052	4.125
1612.600	0.051	4.125
1612.800	0.050	4.125
1613.000	0.048	4.125
1613.200	0.049	4.125
1613.400	0.050	4.125
1613.600	0.049	4.125
1613.800	0.050	4.125
1614.000	0.046	4.125
1614.200	0.051	4.125
1614.400	0.050	4.125
1614.600	0.048	4.125
1614.800	0.049	4.125
1615.000	0.051	4.125
1615.200	0.048	4.125
1615.400	0.048	4.125
1615.600	0.048	4.125
1615.800	0.049	4.125
1616.000	0.049	4.125
1616.200	0.049	4.125
1616.400	0.047	4.125
1616.600	0.048	4.125
1616.800	0.049	4.125
1617.000	0.051	4.125
1617.200	0.049	4.125
1617.400	0.049	4.125
1617.600	0.049	4.125
1617.800	0.050	4.125
1618.000	0.050	4.125
1618.200	0.052	4.125
1618.400	0.050	4.125
1618.600	0.049	4.125
1618.800	0.049	4.125
1619.000	0.050	4.125
1619.200	0.050	4.125
1619.400	0.051	4.125
1619.600	0.050	4.125
1619.800	0.051	4.125
1620.000	0.049	4.125
1620.200	0.049	4.125
1620.400	0.050	4.125
1620.600	0.050	4.125
1620.800	0.047	4.125
1621.000	0.050	4.125
1621.200	0.050	4.125
1621.400	0.049	4.125
1621.600	0.051	4.125
1621.800	0.047	4.125
1622.000	0.049	4.125
1622.200	0.047	4.125
1622.400	0.050	4.125
1622.600	0.050	4.125
1622.800	0.049	4.125
1623.000	0.050	4.125
1623.200	0.048	4.125
1623.400	0.047	4.125
1623.600	0.048	4.125
1623.800	0.049	4.125
1624.000	0.047	4.125
1624.200	0.047	4.125
1624.400	0.050	4.125
1624.600	0.047	4.125
1624.800	0.048	4.125
1625.000	0.049	4.125
1625.200	0.048	4.125
1625.400	0.048	4.125
1625.600	0.049	4.125
1625.800	0.050	4.125
1626.000	0.051	4.125
1626.200	0.050	4.125
1626.400	0.051	4.125
1626.600	0.049	4.125
1626.800	0.052	4.125
1627.000	0.049	4.125
1627.200	0.050	4.125
1627.400	0.050	4.125
1627.600	0.048	4.125
1627.800	0.050	4.125
1628.000	0.051	4.125
1628.200	0.051	4.125
1628.400	0.049	4.125
1628.600	0.050	4.125
1628.800	0.051	4.125
1629.000	0.048	4.125
1629.200	0.050	4.125
1629.400	0.050	4.125
1629.600	0.050	4.125
1629.800	0.050	4.125
1630.000	0.051	4.125
1630.200	0.050	4.125
1630.400	0.052	4.125
1630.600	0.048	4.125
1630.800	0.049	4.125
1631.000	0.051	4.125
1631.200	0.049	4.125
1631.400	0.051	4.125
1631.600	0.049	4.125
1631.800	0.050	4.125
1632.000	0.049	4.125
1632.200	0.049	4.125
1632.400	0.048	4.125
1632.600	0.049	4.125
1632.800	0.049	4.125
1633.000	0.049	4.125
1633.200	0.047	4.125
1633.400	0.050	4.125
1633.600	0.050	4.125
1633.800	0.051	4.125
1634.000	0.050	4.125
1634.200	0.050	4.125
1634.400	0.051	4.125
1634.600	0.050	4.125
1634.800	0.048	4.125
1635.000	0.050	4.125
1635.200	0.049	4.125
1635.400	0.049	4.125
1635.600	0.049	4.125
1635.800	0.051	4.125
1636.000	0.050	4.125
1636.200	0.051	4.125
1636.400	0.051	4.125
1636.600	0.049	4.125
1636.800	0.049	4.125
1637.000	0.049	4.125
1637.200	0.051	4.125
1637.400	0.051	4.125
1637.600	0.049	4.125
1637.800	0.048	4.125
1638.000	0.050	4.125
1638.200	0.047	4.125
1638.400	0.050	4.125
1638.600	0.050	4.125
1638.800	0.050	4.125
1639.000	0.049	4.125
1639.200	0.050	4.125
1639.400	0.049	4.125
1639.600	0.050	4.125
1639.800	0.048	4.125
1640.000	0.049	4.125
1640.200	0.049	4.125
1640.400	0.051	4.125
1640.600	0.049	4.125
1640.800	0.049	4.125
1641.000	0.051	4.125
1641.200	0.050	4.125
1641.400	0.049	4.125
1641.600	0.048	4.125
1641.800	0.049	4.125
1642.000	0.050	4.125
1642.200	0.050	4.125
1642.400	0.049	4.125
1642.600	0.047	4.125
1642.800	0.048	4.125
1643.000	0.047	4.125
1643.200	0.046	4.125
1643.400	0.048	4.125
1643.600	0.049	4.125
1643.800	0.049	4.125
1644.000	0.050	4.125
1644.200	0.049	4.125
1644.400	0.049	4.125
1644.600	0.048	4.125
1644.800	0.049	4.125
1645.000	0.049	4.125
1645.200	0.047	4.125
1645.400	0.049	4.125
1645.600	0.048	4.125
1645.800	0.050	4.125
1646.000	0.049	4.125
1646.200	0.049	4.125
1646.400	0.048	4.125
1646.600	0.049	4.125
1646.800	0.051	4.125
1647.000	0.049	4.125
1647.200	0.051	4.125
1647.400	0.050	4.125
1647.600	0.050	4.125
1647.800	0.049	4.125
1648.000	0.049	4.125
1648.200	0.048	4.125
1648.400	0.049	4.125
1648.600	0.050	4.125
1648.800	0.050	4.125
1649.000	0.051	4.125
1649.200	0.048	4.125
1649.400	0.049	4.125
1649.600	0.049	4.125
1649.800	0.049	4.125
1650.000	0.049	4.125
1650.200	0.049	4.125
1650.400	0.048	4.125
1650.600	0.050	4.125
1650.800	0.050	4.125
1651.000	0.050	4.125
1651.200	0.050	4.125
1651.400	0.051	4.125
1651.600	0.050	4.125
1651.800	0.050	4.125
1652.000	0.048	4.125
1652.200	0.050	4.125
1652.400	0.050	4.125
1652.600	0.050	4.125
1652.800	0.049	4.125
1653.000	0.049	4.125
1653.200	0.050	4.125
1653.400	0.050	4.125
1653.600	0.049	4.125
1653.800	0.049	4.125
1654.000	0.049	4.125
1654.200	0.050	4.125
1654.400	0.050	4.125
1654.600	0.048	4.125
1654.800	0.049	4.125
1655.000	0.048	4.125
1655.200	0.049	4.125
1655.400	0.049	4.125
1655.600	0.049	4.125
1655.800	0.051	4.125
1656.000	0.049	4.125
1656.200	0.049	4.125
1656.400	0.050	4.125
1656.600	0.049	4.125
1656.800	0.049	4.125
1657.000	0.050	4.125
1657.200	0.050	4.125
1657.400	0.049	4.125
1657.600	0.050	4.125
1657.800	0.051	4.125
1658.000	0.050	4.125
1658.200	0.050	4.125
1658.400	0.050	4.125
1658.600	0.049	4.125
1658.800	0.049	4.125
1659.000	0.049	4.125
1659.200	0.048	4.125
1659.400	0.047	4.125
1659.600	0.049	4.125
1659.800	0.048	4.125
1660.000	0.050	4.125
1660.200	0.049	4.125
1660.400	0.047	4.125
1660.600	0.048	4.125
1660.800	0.048	4.125
1661.000	0.049	4.125
1661.200	0.049	4.125
1661.400	0.050	4.125
1661.600	0.050	4.125
1661.800	0.050	4.125
1662.000	0.049	4.125
1662.200	0.047	4.125
1662.400	0.048	4.125
1662.600	0.048	4.125
1662.800	0.049	4.125
1663.000	0.048	4.125
1663.200	0.047	4.125
1663.400	0.049	4.125
1663.600	0.048	4.125
1663.800	0.047	4.125
1664.000	0.047	4.125
1664.200	0.047	4.125
1664.400	0.048	4.125
1664.600	0.049	4.125
1664.800	0.049	4.125
1665.000	0.048	4.125
1665.200	0.049	4.125
1665.400	0.049	4.125
1665.600	0.049	4.125
1665.800	0.047	4.125
1666.000	0.048	4.125
1666.200	0.046	4.125
1666.400	0.049	4.125
1666.600	0.050	4.125
1666.800	0.048	4.125
1667.000	0.048	4.125
1667.200	0.049	4.125
1667.400	0.049	4.125
1667.600	0.048	4.125
1667.800	0.048	4.125
1668.000	0.048	4.125
1668.200	0.049	4.125
1668.400	0.049	4.125
1668.600	0.049	4.125
1668.800	0.050	4.125
1669.000	0.049	4.125
1669.200	0.049	4.125
1669.400	0.050	4.125
1669.600	0.049	4.125
1669.800	0.050	4.125
1670.000	0.050	4.125
1670.200	0.048	4.125
1670.400	0.048	4.125
1670.600	0.049	4.125
1670.800	0.050	4.125
1671.000	0.050	4.125
1671.200	0.050	4.125
1671.400	0.048	4.125
1671.600	0.048	4.125
1671.800	0.049	4.125
1672.000	0.049	4.125
1672.200	0.049	4.125
1672.400	0.049	4.125
1672.600	0.050	4.125
1672.800	0.048	4.125
1673.000	0.048	4.125
1673.200	0.048	4.125
1673.400	0.050	4.125
1673.600	0.048	4.125
1673.800	0.049	4.125
1674.000	0.050	4.125
1674.200	0.048	4.125
1674.400	0.049	4.125
1674.600	0.048	4.125
1674.800	0.049	4.125
1675.000	0.048	4.125
1675.200	0.048	4.125
1675.400	0.048	4.125
1675.600	0.048	4.125
1675.800	0.046	4.125
1676.000	0.049	4.125
1676.200	0.048	4.125
1676.400	0.047	4.125
1676.600	0.047	4.125
1676.800	0.047	4.125
1677.000	0.047	4.125
1677.200	0.048	4.125
1677.400	0.049	4.125
1677.600	0.049	4.125
1677.800	0.048	4.125
1678.000	0.048	4.125
1678.200	0.049	4.125
1678.400	0.050	4.125
1678.600	0.048	4.125
1678.800	0.051	4.125
1679.000	0.049	4.125
1679.200	0.050	4.125
1679.400	0.049	4.125
1679.600	0.049	4.125
1679.800	0.049	4.125
1680.000	0.048	4.125
1680.200	0.049	4.125
1680.400	0.049	4.125
1680.600	0.049	4.125
1680.800	0.049	4.125
1681.000	0.048	4.125
1681.200	0.049	4.125
1681.400	0.050	4.125
1681.600	0.050	4.125
1681.800	0.049	4.125
1682.000	0.050	4.125
1682.200	0.049	4.125
1682.400	0.048	4.125
1682.600	0.049	4.125
1682.800	0.050	4.125
1683.000	0.048	4.125
1683.200	0.048	4.125
1683.400	0.049	4.125
1683.600	0.049	4.125
1683.800	0.049	4.125
1684.000	0.050	4.125
1684.200	0.049	4.125
1684.400	0.050	4.125
1684.600	0.050	4.125
1684.800	0.050	4.125
1685.000	0.050	4.125
1685.200	0.050	4.125
1685.400	0.049	4.125
1685.600	0.050	4.125
1685.800	0.048	4.125
1686.000	0.048	4.125
1686.200	0.049	4.125
1686.400	0.049	4.125
1686.600	0.049	4.125
1686.800	0.050	4.125
1687.000	0.050	4.125
1687.200	0.049	4.125
1687.400	0.048	4.125
1687.600	0.048	4.125
1687.800	0.050	4.125
1688.000	0.047	4.125
1688.200	0.047	4.125
1688.400	0.048	4.125
1688.600	0.049	4.125
1688.800	0.048	4.125
1689.000	0.048	4.125
1689.200	0.048	4.125
1689.400	0.047	4.125
1689.600	0.049	4.125
1689.800	0.047	4.125
1690.000	0.048	4.125
1690.200	0.048	4.125
1690.400	0.048	4.125
1690.600	0.049	4.125
1690.800	0.049	4.125
1691.000	0.050	4.125
1691.200	0.049	4.125
1691.400	0.049	4.125
1691.600	0.048	4.125
1691.800	0.050	4.125
1692.000	0.048	4.125
1692.200	0.048	4.125
1692.400	0.049	4.125
1692.600	0.049	4.125
1692.800	0.049	4.125
1693.000	0.049	4.125
1693.200	0.049	4.125
1693.400	0.047	4.125
1693.600	0.049	4.125
1693.800	0.049	4.125
1694.000	0.050	4.125
1694.200	0.048	4.125
1694.400	0.048	4.125
1694.600	0.048	4.125
1694.800	0.047	4.125
1695.000	0.049	4.125
1695.200	0.049	4.125
1695.400	0.048	4.125
1695.600	0.048	4.125
1695.800	0.046	4.125
1696.000	0.045	4.125
1696.200	0.048	4.125
1696.400	0.048	4.125
1696.600	0.049	4.125
1696.800	0.048	4.125
1697.000	0.049	4.125
1697.200	0.049	4.125
1697.400	0.049	4.125
1697.600	0.048	4.125
1697.800	0.048	4.125
1698.000	0.049	4.125
1698.200	0.049	4.125
1698.400	0.046	4.125
1698.600	0.048	4.125
1698.800	0.049	4.125
1699.000	0.048	4.125
1699.200	0.049	4.125
1699.400	0.049	4.125
1699.600	0.048	4.125
1699.800	0.050	4.125
1700.000	0.048	4.125
1700.200	0.048	4.125
1700.400	0.047	4.125
1700.600	0.049	4.125
1700.800	0.049	4.125
1701.000	0.049	4.125
1701.200	0.048	4.125
1701.400	0.048	4.125
1701.600	0.049	4.125
1701.800	0.049	4.125
1702.000	0.050	4.125
1702.200	0.050	4.125
1702.400	0.049	4.125
1702.600	0.049	4.125
1702.800	0.049	4.125
1703.000	0.050	4.125
1703.200	0.049	4.125
1703.400	0.049	4.125
1703.600	0.049	4.125
1703.800	0.050	4.125
1704.000	0.049	4.125
1704.200	0.049	4.125
1704.400	0.049	4.125
1704.600	0.050	4.125
1704.800	0.049	4.125
1705.000	0.050	4.125
1705.200	0.050	4.125
1705.400	0.049	4.125
1705.600	0.050	4.125
1705.800	0.050	4.125
1706.000	0.049	4.125
1706.200	0.047	4.125
1706.400	0.049	4.125
1706.600	0.049	4.125
1706.800	0.050	4.125
1707.000	0.050	4.125
1707.200	0.049	4.125
1707.400	0.050	4.125
1707.600	0.051	4.125
1707.800	0.049	4.125
1708.000	0.049	4.125
1708.200	0.049	4.125
1708.400	0.049	4.125
1708.600	0.049	4.125
1708.800	0.049	4.125
1709.000	0.051	4.125
1709.200	0.049	4.125
1709.400	0.050	4.125
1709.600	0.048	4.125
1709.800	0.049	4.125
1710.000	0.050	4.125
1710.200	0.049	4.125
1710.400	0.050	4.125
1710.600	0.050	4.125
1710.800	0.050	4.125
1711.000	0.049	4.125
1711.200	0.050	4.125
1711.400	0.049	4.125
1711.600	0.050	4.125
1711.800	0.050	4.125
1712.000	0.051	4.125
1712.200	0.051	4.125
1712.400	0.050	4.125
1712.600	0.050	4.125
1712.800	0.051	4.125
1713.000	0.048	4.125
1713.200	0.049	4.125
1713.400	0.049	4.125
1713.600	0.049	4.125
1713.800	0.050	4.125
1714.000	0.049	4.125
1714.200	0.049	4.125
1714.400	0.050	4.125
1714.600	0.050	4.125
1714.800	0.051	4.125
1715.000	0.050	4.125
1715.200	0.050	4.125
1715.400	0.050	4.125
1715.600	0.050	4.125
1715.800	0.050	4.125
1716.000	0.049	4.125
1716.200	0.050	4.125
1716.400	0.048	4.125
1716.600	0.048	4.125
1716.800	0.049	4.125
1717.000	0.048	4.125
1717.200	0.049	4.125
1717.400	0.049	4.125
1717.600	0.049	4.125
1717.800	0.049	4.125
1718.000	0.048	4.125
1718.200	0.048	4.125
1718.400	0.049	4.125
1718.600	0.050	4.125
1718.800	0.050	4.125
1719.000	0.050	4.125
1719.200	0.050	4.125
1719.400	0.050	4.125
1719.600	0.049	4.125
1719.800	0.050	4.125
1720.000	0.049	4.125
1720.200	0.048	4.125
1720.400	0.049	4.125
1720.600	0.051	4.125
1720.800	0.050	4.125
1721.000	0.048	4.125
1721.200	0.049	4.125
1721.400	0.050	4.125
1721.600	0.051	4.125
1721.800	0.049	4.125
1722.000	0.049	4.125
1722.200	0.049	4.125
1722.400	0.049	4.125
1722.600	0.049	4.125
1722.800	0.051	4.125
1723.000	0.050	4.125
1723.200	0.050	4.125
1723.400	0.050	4.125
1723.600	0.051	4.125
1723.800	0.050	4.125
1724.000	0.050	4.125
1724.200	0.051	4.125
1724.400	0.051	4.125
1724.600	0.050	4.125
1724.800	0.049	4.125
1725.000	0.049	4.125
1725.200	0.049	4.125
1725.400	0.048	4.125
1725.600	0.048	4.125
1725.800	0.050	4.125
1726.000	0.049	4.125
1726.200	0.048	4.125
1726.400	0.050	4.125
1726.600	0.050	4.125
1726.800	0.049	4.125
1727.000	0.050	4.125
1727.200	0.050	4.125
1727.400	0.050	4.125
1727.600	0.048	4.125
1727.800	0.051	4.125
1728.000	0.049	4.125
1728.200	0.049	4.125
1728.400	0.049	4.125
1728.600	0.049	4.125
1728.800	0.048	4.125
1729.000	0.049	4.125
1729.200	0.050	4.125
1729.400	0.051	4.125
1729.600	0.051	4.125
1729.800	0.050	4.125
1730.000	0.050	4.125
1730.200	0.049	4.125
1730.400	0.049	4.125
1730.600	0.048	4.125
1730.800	0.049	4.125
1731.000	0.049	4.125
1731.200	0.048	4.125
1731.400	0.048	4.125
1731.600	0.049	4.125
1731.800	0.050	4.125
1732.000	0.048	4.125
1732.200	0.047	4.125
1732.400	0.048	4.125
1732.600	0.048	4.125
1732.800	0.048	4.125
1733.000	0.050	4.125
1733.200	0.049	4.125
1733.400	0.051	4.125
1733.600	0.052	4.125
1733.800	0.049	4.125
1734.000	0.050	4.125
1734.200	0.049	4.125
1734.400	0.050	4.125
1734.600	0.049	4.125
1734.800	0.051	4.125
1735.000	0.050	4.125
1735.200	0.048	4.125
1735.400	0.051	4.125
1735.600	0.050	4.125
1735.800	0.050	4.125
1736.000	0.048	4.125
1736.200	0.049	4.125
1736.400	0.048	4.125
1736.600	0.050	4.125
1736.800	0.051	4.125
1737.000	0.049	4.125
1737.200	0.049	4.125
1737.400	0.050	4.125
1737.600	0.051	4.125
1737.800	0.049	4.125
1738.000	0.050	4.125
1738.200	0.051	4.125
1738.400	0.051	4.125
1738.600	0.049	4.125
1738.800	0.050	4.125
1739.000	0.050	4.125
1739.200	0.051	4.125
1739.400	0.052	4.125
1739.600	0.050	4.125
1739.800	0.050	4.125
1740.000	0.050	4.125
1740.200	0.051	4.125
1740.400	0.049	4.125
1740.600	0.049	4.125
1740.800	0.051	4.125
1741.000	0.049	4.125
1741.200	0.051	4.125
1741.400	0.050	4.125
1741.600	0.049	4.125
1741.800	0.051	4.125
1742.000	0.049	4.125
1742.200	0.048	4.125
1742.400	0.050	4.125
1742.600	0.049	4.125
1742.800	0.048	4.125
1743.000	0.050	4.125
1743.200	0.050	4.125
1743.400	0.049	4.125
1743.600	0.051	4.125
1743.800	0.049	4.125
1744.000	0.049	4.125
1744.200	0.048	4.125
1744.400	0.050	4.125
1744.600	0.050	4.125
1744.800	0.047	4.125
1745.000	0.049	4.125
1745.200	0.050	4.125
1745.400	0.049	4.125
1745.600	0.050	4.125
1745.800	0.049	4.125
1746.000	0.049	4.125
1746.200	0.050	4.125
1746.400	0.050	4.125
1746.600	0.052	4.125
1746.800	0.051	4.125
1747.000	0.051	4.125
1747.200	0.051	4.125
1747.400	0.051	4.125
1747.600	0.050	4.125
1747.800	0.050	4.125
1748.000	0.051	4.125
1748.200	0.051	4.125
1748.400	0.050	4.125
1748.600	0.052	4.125
1748.800	0.051	4.125
1749.000	0.051	4.125
1749.200	0.052	4.125
1749.400	0.051	4.125
1749.600	0.051	4.125
1749.800	0.053	4.125
1750.000	0.052	4.125
1750.200	0.052	4.125
1750.400	0.053	4.125
1750.600	0.053	4.125
1750.800	0.053	4.125
1751.000	0.052	4.125
1751.200	0.052	4.125
1751.400	0.052	4.125
1751.600	0.053	4.125
1751.800	0.052	4.125
1752.000	0.051	4.125
1752.200	0.051	4.125
1752.400	0.051	4.125
1752.600	0.051	4.125
1752.800	0.052	4.125
1753.000	0.051	4.125
1753.200	0.052	4.125
1753.400	0.052	4.125
1753.600	0.051	4.125
1753.800	0.053	4.125
1754.000	0.050	4.125
1754.200	0.050	4.125
1754.400	0.050	4.125
1754.600	0.050	4.125
1754.800	0.050	4.125
1755.000	0.050	4.125
1755.200	0.051	4.125
1755.400	0.050	4.125
1755.600	0.051	4.125
1755.800	0.049	4.125
1756.000	0.051	4.125
1756.200	0.052	4.125
1756.400	0.051	4.125
1756.600	0.052	4.125
1756.800	0.051	4.125
1757.000	0.052	4.125
1757.200	0.052	4.125
1757.400	0.053	4.125
1757.600	0.053	4.125
1757.800	0.052	4.125
1758.000	0.051	4.125
1758.200	0.051	4.125
1758.400	0.050	4.125
1758.600	0.049	4.125
1758.800	0.050	4.125
1759.000	0.051	4.125
1759.200	0.050	4.125
1759.400	0.051	4.125
1759.600	0.050	4.125
1759.800	0.049	4.125
1760.000	0.051	4.125
1760.200	0.051	4.125
1760.400	0.051	4.125
1760.600	0.051	4.125
1760.800	0.050	4.125
1761.000	0.049	4.125
1761.200	0.049	4.125
1761.400	0.051	4.125
1761.600	0.053	4.125
1761.800	0.050	4.125
1762.000	0.050	4.125
1762.200	0.051	4.125
1762.400	0.049	4.125
1762.600	0.050	4.125
1762.800	0.051	4.125
1763.000	0.052	4.125
1763.200	0.052	4.125
1763.400	0.050	4.125
1763.600	0.051	4.125
1763.800	0.054	4.125
1764.000	0.051	4.125
1764.200	0.052	4.125
1764.400	0.053	4.125
1764.600	0.053	4.125
1764.800	0.052	4.125
1765.000	0.051	4.125
1765.200	0.053	4.125
1765.400	0.051	4.125
1765.600	0.052	4.125
1765.800	0.050	4.125
1766.000	0.052	4.125
1766.200	0.051	4.125
1766.400	0.053	4.125
1766.600	0.052	4.125
1766.800	0.052	4.125
1767.000	0.053	4.125
1767.200	0.052	4.125
1767.400	0.051	4.125
1767.600	0.052	4.125
1767.800	0.052	4.125
1768.000	0.051	4.125
1768.200	0.052	4.125
1768.400	0.052	4.125
1768.600	0.053	4.125
1768.800	0.051	4.125
1769.000	0.051	4.125
1769.200	0.050	4.125
1769.400	0.050	4.125
1769.600	0.050	4.125
1769.800	0.052	4.125
1770.000	0.053	4.125
1770.200	0.053	4.125
1770.400	0.053	4.125
1770.600	0.051	4.125
1770.800	0.050	4.125
1771.000	0.052	4.125
1771.200	0.050	4.125
1771.400	0.051	4.125
1771.600	0.050	4.125
1771.800	0.051	4.125
1772.000	0.051	4.125
1772.200	0.052	4.125
1772.400	0.051	4.125
1772.600	0.052	4.125
1772.800	0.052	4.125
1773.000	0.053	4.125
1773.200	0.052	4.125
1773.400	0.050	4.125
1773.600	0.049	4.125
1773.800	0.051	4.125
1774.000	0.050	4.125
1774.200	0.052	4.125
1774.400	0.051	4.125
1774.600	0.050	4.125
1774.800	0.049	4.125
1775.000	0.052	4.125
1775.200	0.051	4.125
1775.400	0.054	4.125
1775.600	0.051	4.125
1775.800	0.051	4.125
1776.000	0.050	4.125
1776.200	0.052	4.125
1776.400	0.052	4.125
1776.600	0.052	4.125
1776.800	0.050	4.125
1777.000	0.052	4.125
1777.200	0.050	4.125
1777.400	0.054	4.125
1777.600	0.052	4.125
1777.800	0.052	4.125
1778.000	0.052	4.125
1778.200	0.052	4.125
1778.400	0.051	4.125
1778.600	0.053	4.125
1778.800	0.051	4.125
1779.000	0.054	4.125
1779.200	0.050	4.125
1779.400	0.051	4.125
1779.600	0.053	4.125
1779.800	0.051	4.125
1780.000	0.049	4.125
1780.200	0.052	4.125
1780.400	0.053	4.125
1780.600	0.053	4.125
1780.800	0.051	4.125
1781.000	0.051	4.125
1781.200	0.052	4.125
1781.400	0.052	4.125
1781.600	0.053	4.125
1781.800	0.053	4.125
1782.000	0.052	4.125
1782.200	0.055	4.125
1782.400	0.053	4.125
1782.600	0.053	4.125
1782.800	0.051	4.125
1783.000	0.052	4.125
1783.200	0.053	4.125
1783.400	0.051	4.125
1783.600	0.051	4.125
1783.800	0.051	4.125
1784.000	0.050	4.125
1784.200	0.051	4.125
1784.400	0.051	4.125
1784.600	0.049	4.125
1784.800	0.051	4.125
1785.000	0.052	4.125
1785.200	0.052	4.125
1785.400	0.051	4.125
1785.600	0.050	4.125
1785.800	0.050	4.125
1786.000	0.049	4.125
1786.200	0.051	4.125
1786.400	0.050	4.125
1786.600	0.049	4.125
1786.800	0.049	4.125
1787.000	0.050	4.125
1787.200	0.052	4.125
1787.400	0.048	4.125
1787.600	0.050	4.125
1787.800	0.051	4.125
1788.000	0.050	4.125
1788.200	0.051	4.125
1788.400	0.051	4.125
1788.600	0.052	4.125
1788.800	0.052	4.125
1789.000	0.051	4.125
1789.200	0.050	4.125
1789.400	0.051	4.125
1789.600	0.052	4.125
1789.800	0.050	4.125
1790.000	0.053	4.125
1790.200	0.052	4.125
1790.400	0.051	4.125
1790.600	0.051	4.125
1790.800	0.053	4.125
1791.000	0.050	4.125
1791.200	0.052	4.125
1791.400	0.052	4.125
1791.600	0.051	4.125
1791.800	0.051	4.125
1792.000	0.050	4.125
1792.200	0.051	4.125
1792.400	0.051	4.125
1792.600	0.051	4.125
1792.800	0.052	4.125
1793.000	0.052	4.125
1793.200	0.052	4.125
1793.400	0.052	4.125
1793.600	0.052	4.125
1793.800	0.051	4.125
1794.000	0.051	4.125
1794.200	0.052	4.125
1794.400	0.052	4.125
1794.600	0.050	4.125
1794.800	0.051	4.125
1795.000	0.053	4.125
1795.200	0.050	4.125
1795.400	0.052	4.125
1795.600	0.051	4.125
1795.800	0.051	4.125
1796.000	0.052	4.125
1796.200	0.052	4.125
1796.400	0.050	4.125
1796.600	0.052	4.125
1796.800	0.052	4.125
1797.000	0.052	4.125
1797.200	0.050	4.125
1797.400	0.049	4.125
1797.600	0.052	4.125
1797.800	0.051	4.125
1798.000	0.048	4.125
1798.200	0.051	4.125
1798.400	0.052	4.125
1798.600	0.051	4.125
1798.800	0.052	4.125
1799.000	0.051	4.125
1799.200	0.052	4.125
1799.400	0.051	4.125
1799.600	0.051	4.125
1799.800	0.049	4.125
1800.000	0.052	4.125
1800.200	0.053	4.125
1800.400	0.053	4.125
1800.600	0.052	4.125
1800.800	0.051	4.125
1801.000	0.052	4.125
1801.200	0.051	4.125
1801.400	0.051	4.125
1801.600	0.051	4.125
1801.800	0.053	4.125
1802.000	0.051	4.125
1802.200	0.052	4.125
1802.400	0.054	4.125
1802.600	0.054	4.125
1802.800	0.054	4.125
1803.000	0.052	4.125
1803.200	0.052	4.125
1803.400	0.053	4.125
1803.600	0.053	4.125
1803.800	0.053	4.125
1804.000	0.052	4.125
1804.200	0.052	4.125
1804.400	0.051	4.125
1804.600	0.054	4.125
1804.800	0.051	4.125
1805.000	0.052	4.125
1805.200	0.054	4.125
1805.400	0.052	4.125
1805.600	0.051	4.125
1805.800	0.051	4.125
1806.000	0.053	4.125
1806.200	0.050	4.125
1806.400	0.052	4.125
1806.600	0.053	4.125
1806.800	0.053	4.125
1807.000	0.053	4.125
1807.200	0.053	4.125
1807.400	0.052	4.125
1807.600	0.053	4.125
1807.800	0.050	4.125
1808.000	0.052	4.125
1808.200	0.048	4.125
1808.400	0.051	4.125
1808.600	0.050	4.125
1808.800	0.052	4.125
1809.000	0.053	4.125
1809.200	0.052	4.125
1809.400	0.051	4.125
1809.600	0.051	4.125
1809.800	0.052	4.125
1810.000	0.050	4.125
1810.200	0.051	4.125
1810.400	0.049	4.125
1810.600	0.050	4.125
1810.800	0.050	4.125
1811.000	0.050	4.125
1811.200	0.051	4.125
1811.400	0.051	4.125
1811.600	0.051	4.125
1811.800	0.051	4.125
1812.000	0.049	4.125
1812.200	0.052	4.125
1812.400	0.048	4.125
1812.600	0.051	4.125
1812.800	0.051	4.125
1813.000	0.048	4.125
1813.200	0.052	4.125
1813.400	0.051	4.125
1813.600	0.051	4.125
1813.800	0.050	4.125
1814.000	0.050	4.125
1814.200	0.051	4.125
1814.400	0.051	4.125
1814.600	0.051	4.125
1814.800	0.051	4.125
1815.000	0.050	4.125
1815.200	0.052	4.125
1815.400	0.051	4.125
1815.600	0.050	4.125
1815.800	0.050	4.125
1816.000	0.050	4.125
1816.200	0.051	4.125
1816.400	0.050	4.125
1816.600	0.051	4.125
1816.800	0.052	4.125
1817.000	0.049	4.125
1817.200	0.048	4.125
1817.400	0.053	4.125
1817.600	0.049	4.125
1817.800	0.051	4.125
1818.000	0.050	4.125
1818.200	0.051	4.125
1818.400	0.049	4.125
1818.600	0.048	4.125
1818.800	0.050	4.125
1819.000	0.053	4.125
1819.200	0.051	4.125
1819.400	0.050	4.125
1819.600	0.051	4.125
1819.800	0.050	4.125
1820.000	0.051	4.125
1820.200	0.051	4.125
1820.400	0.051	4.125
1820.600	0.051	4.125
1820.800	0.051	4.125
1821.000	0.050	4.125
1821.200	0.050	4.125
1821.400	0.048	4.125
1821.600	0.050	4.125
1821.800	0.048	4.125
1822.000	0.049	4.125
1822.200	0.050	4.125
1822.400	0.050	4.125
1822.600	0.049	4.125
1822.800	0.049	4.125
1823.000	0.048	4.125
1823.200	0.051	4.125
1823.400	0.051	4.125
1823.600	0.049	4.125
1823.800	0.049	4.125
1824.000	0.050	4.125
1824.200	0.051	4.125
1824.400	0.051	4.125
1824.600	0.052	4.125
1824.800	0.051	4.125
1825.000	0.051	4.125
1825.200	0.051	4.125
1825.400	0.051	4.125
1825.600	0.050	4.125
1825.800	0.050	4.125
1826.000	0.049	4.125
1826.200	0.051	4.125
1826.400	0.048	4.125
1826.600	0.050	4.125
1826.800	0.050	4.125
1827.000	0.052	4.125
1827.200	0.053	4.125
1827.400	0.050	4.125
1827.600	0.050	4.125
1827.800	0.048	4.125
1828.000	0.049	4.125
1828.200	0.052	4.125
1828.400	0.049	4.125
1828.600	0.050	4.125
1828.800	0.051	4.125
1829.000	0.051	4.125
1829.200	0.050	4.125
1829.400	0.050	4.125
1829.600	0.051	4.125
1829.800	0.051	4.125
1830.000	0.051	4.125
1830.200	0.051	4.125
1830.400	0.052	4.125
1830.600	0.050	4.125
1830.800	0.051	4.125
1831.000	0.050	4.125
1831.200	0.051	4.125
1831.400	0.051	4.125
1831.600	0.052	4.125
1831.800	0.051	4.125
1832.000	0.050	4.125
1832.200	0.052	4.125
1832.400	0.050	4.125
1832.600	0.050	4.125
1832.800	0.050	4.125
1833.000	0.049	4.125
1833.200	0.049	4.125
1833.400	0.051	4.125
1833.600	0.051	4.125
1833.800	0.049	4.125
1834.000	0.051	4.125
1834.200	0.051	4.125
1834.400	0.051	4.125
1834.600	0.048	4.125
1834.800	0.050	4.125
1835.000	0.052	4.125
1835.200	0.049	4.125
1835.400	0.049	4.125
1835.600	0.051	4.125
1835.800	0.051	4.125
1836.000	0.052	4.125
1836.200	0.050	4.125
1836.400	0.050	4.125
1836.600	0.051	4.125
1836.800	0.052	4.125
1837.000	0.050	4.125
1837.200	0.051	4.125
1837.400	0.050	4.125
1837.600	0.050	4.125
1837.800	0.051	4.125
1838.000	0.052	4.125
1838.200	0.051	4.125
1838.400	0.053	4.125
1838.600	0.053	4.125
1838.800	0.053	4.125
1839.000	0.052	4.125
1839.200	0.053	4.125
1839.400	0.050	4.125
1839.600	0.053	4.125
1839.800	0.052	4.125
1840.000	0.052	4.125
1840.200	0.053	4.125
1840.400	0.052	4.125
1840.600	0.053	4.125
1840.800	0.052	4.125
1841.000	0.051	4.125
1841.200	0.051	4.125
1841.400	0.051	4.125
1841.600	0.049	4.125
1841.800	0.051	4.125
1842.000	0.053	4.125
1842.200	0.053	4.125
1842.400	0.053	4.125
1842.600	0.053	4.125
1842.800	0.050	4.125
1843.000	0.052	4.125
1843.200	0.052	4.125
1843.400	0.051	4.125
1843.600	0.050	4.125
1843.800	0.051	4.125
1844.000	0.050	4.125
1844.200	0.052	4.125
1844.400	0.049	4.125
1844.600	0.052	4.125
1844.800	0.050	4.125
1845.000	0.052	4.125
1845.200	0.051	4.125
1845.400	0.051	4.125
1845.600	0.051	4.125
1845.800	0.050	4.125
1846.000	0.050	4.125
1846.200	0.050	4.125
1846.400	0.051	4.125
1846.600	0.050	4.125
1846.800	0.050	4.125
1847.000	0.052	4.125
1847.200	0.051	4.125
1847.400	0.050	4.125
1847.600	0.050	4.125
1847.800	0.051	4.125
1848.000	0.050	4.125
1848.200	0.050	4.125
1848.400	0.051	4.125
1848.600	0.051	4.125
1848.800	0.052	4.125
1849.000	0.051	4.125
1849.200	0.050	4.125
1849.400	0.051	4.125
1849.600	0.050	4.125
1849.800	0.051	4.125
1850.000	0.050	4.125
1850.200	0.051	4.125
1850.400	0.050	4.125
1850.600	0.049	4.125
1850.800	0.050	4.125
1851.000	0.050	4.125
1851.200	0.050	4.125
1851.400	0.047	4.125
1851.600	0.049	4.125
1851.800	0.050	4.125
1852.000	0.049	4.125
1852.200	0.051	4.125
1852.400	0.049	4.125
1852.600	0.050	4.125
1852.800	0.051	4.125
1853.000	0.051	4.125
1853.200	0.051	4.125
1853.400	0.050	4.125
1853.600	0.052	4.125
1853.800	0.050	4.125
1854.000	0.052	4.125
1854.200	0.049	4.125
1854.400	0.051	4.125
1854.600	0.051	4.125
1854.800	0.051	4.125
1855.000	0.051	4.125
1855.200	0.050	4.125
1855.400	0.050	4.125
1855.600	0.052	4.125
1855.800	0.049	4.125
1856.000	0.050	4.125
1856.200	0.049	4.125
1856.400	0.049	4.125
1856.600	0.050	4.125
1856.800	0.050	4.125
1857.000	0.051	4.125
1857.200	0.047	4.125
1857.400	0.048	4.125
1857.600	0.049	4.125
1857.800	0.049	4.125
1858.000	0.049	4.125
1858.200	0.050	4.125
1858.400	0.052	4.125
1858.600	0.050	4.125
1858.800	0.049	4.125
1859.000	0.049	4.125
1859.200	0.050	4.125
1859.400	0.049	4.125
1859.600	0.048	4.125
1859.800	0.049	4.125
1860.000	0.048	4.125
1860.200	0.048	4.125
1860.400	0.047	4.125
1860.600	0.048	4.125
1860.800	0.050	4.125
1861.000	0.048	4.125
1861.200	0.049	4.125
1861.400	0.048	4.125
1861.600	0.049	4.125
1861.800	0.049	4.125
1862.000	0.049	4.125
1862.200	0.050	4.125
1862.400	0.050	4.125
1862.600	0.049	4.125
1862.800	0.051	4.125
1863.000	0.048	4.125
1863.200	0.049	4.125
1863.400	0.049	4.125
1863.600	0.049	4.125
1863.800	0.050	4.125
1864.000	0.047	4.125
1864.200	0.049	4.125
1864.400	0.050	4.125
1864.600	0.048	4.125
1864.800	0.048	4.125
1865.000	0.051	4.125
1865.200	0.049	4.125
1865.400	0.049	4.125
1865.600	0.049	4.125
1865.800	0.048	4.125
1866.000	0.048	4.125
1866.200	0.049	4.125
1866.400	0.050	4.125
1866.600	0.052	4.125
1866.800	0.053	4.125
1867.000	0.051	4.125
1867.200	0.051	4.125
1867.400	0.051	4.125
1867.600	0.050	4.125
1867.800	0.050	4.125
1868.000	0.050	4.125
1868.200	0.051	4.125
1868.400	0.051	4.125
1868.600	0.050	4.125
1868.800	0.050	4.125
1869.000	0.051	4.125
1869.200	0.049	4.125
1869.400	0.049	4.125
1869.600	0.051	4.125
1869.800	0.049	4.125
1870.000	0.048	4.125
1870.200	0.050	4.125
1870.400	0.050	4.125
1870.600	0.050	4.125
1870.800	0.051	4.125
1871.000	0.053	4.125
1871.200	0.049	4.125
1871.400	0.050	4.125
1871.600	0.051	4.125
1871.800	0.049	4.125
1872.000	0.050	4.125
1872.200	0.051	4.125
1872.400	0.048	4.125
1872.600	0.047	4.125
1872.800	0.050	4.125
1873.000	0.050	4.125
1873.200	0.048	4.125
1873.400	0.050	4.125
1873.600	0.049	4.125
1873.800	0.050	4.125
1874.000	0.049	4.125
1874.200	0.050	4.125
1874.400	0.050	4.125
1874.600	0.047	4.125
1874.800	0.051	4.125
1875.000	0.051	4.125
1875.200	0.052	4.125
1875.400	0.052	4.125
1875.600	0.050	4.125
1875.800	0.050	4.125
1876.000	0.050	4.125
1876.200	0.050	4.125
1876.400	0.050	4.125
1876.600	0.049	4.125
1876.800	0.050	4.125
1877.000	0.050	4.125
1877.200	0.051	4.125
1877.400	0.050	4.125
1877.600	0.049	4.125
1877.800	0.051	4.125
1878.000	0.050	4.125
1878.200	0.051	4.125
1878.400	0.052	4.125
1878.600	0.051	4.125
1878.800	0.051	4.125
1879.000	0.051	4.125
1879.200	0.050	4.125
1879.400	0.050	4.125
1879.600	0.050	4.125
1879.800	0.049	4.125
1880.000	0.051	4.125
1880.200	0.051	4.125
1880.400	0.049	4.125
1880.600	0.050	4.125
1880.800	0.049	4.125
1881.000	0.051	4.125
1881.200	0.051	4.125
1881.400	0.050	4.125
1881.600	0.049	4.125
1881.800	0.048	4.125
1882.000	0.049	4.125
1882.200	0.048	4.125
1882.400	0.050	4.125
1882.600	0.050	4.125
1882.800	0.050	4.125
1883.000	0.050	4.125
1883.200	0.052	4.125
1883.400	0.049	4.125
1883.600	0.051	4.125
1883.800	0.051	4.125
1884.000	0.050	4.125
1884.200	0.051	4.125
1884.400	0.051	4.125
1884.600	0.050	4.125
1884.800	0.050	4.125
1885.000	0.051	4.125
1885.200	0.051	4.125
1885.400	0.050	4.125
1885.600	0.050	4.125
1885.800	0.049	4.125
1886.000	0.050	4.125
1886.200	0.050	4.125
1886.400	0.049	4.125
1886.600	0.048	4.125
1886.800	0.050	4.125
1887.000	0.049	4.125
1887.200	0.049	4.125
1887.400	0.051	4.125
1887.600	0.051	4.125
1887.800	0.050	4.125
1888.000	0.049	4.125
1888.200	0.050	4.125
1888.400	0.052	4.125
1888.600	0.049	4.125
1888.800	0.049	4.125
1889.000	0.050	4.125
1889.200	0.049	4.125
1889.400	0.051	4.125
1889.600	0.049	4.125
1889.800	0.049	4.125
1890.000	0.049	4.125
1890.200	0.051	4.125
1890.400	0.049	4.125
1890.600	0.049	4.125
1890.800	0.049	4.125
1891.000	0.049	4.125
1891.200	0.050	4.125
1891.400	0.050	4.125
1891.600	0.047	4.125
1891.800	0.050	4.125
1892.000	0.051	4.125
1892.200	0.050	4.125
1892.400	0.050	4.125
1892.600	0.049	4.125
1892.800	0.050	4.125
1893.000	0.050	4.125
1893.200	0.050	4.125
1893.400	0.050	4.125
1893.600	0.049	4.125
1893.800	0.048	4.125
1894.000	0.048	4.125
1894.200	0.049	4.125
1894.400	0.047	4.125
1894.600	0.048	4.125
1894.800	0.049	4.125
1895.000	0.049	4.125
1895.200	0.050	4.125
1895.400	0.049	4.125
1895.600	0.049	4.125
1895.800	0.050	4.125
1896.000	0.050	4.125
1896.200	0.049	4.125
1896.400	0.050	4.125
1896.600	0.049	4.125
1896.800	0.050	4.125
1897.000	0.051	4.125
1897.200	0.047	4.125
1897.400	0.049	4.125
1897.600	0.050	4.125
1897.800	0.049	4.125
1898.000	0.050	4.125
1898.200	0.051	4.125
1898.400	0.048	4.125
1898.600	0.049	4.125
1898.800	0.049	4.125
1899.000	0.049	4.125
1899.200	0.049	4.125
1899.400	0.051	4.125
1899.600	0.048	4.125
1899.800	0.050	4.125
1900.000	0.048	4.125
1900.200	0.048	4.125
1900.400	0.049	4.125
1900.600	0.049	4.125
1900.800	0.048	4.125
1901.000	0.048	4.125
1901.200	0.050	4.125
1901.400	0.051	4.125
1901.600	0.050	4.125
1901.800	0.050	4.125
1902.000	0.049	4.125
1902.200	0.051	4.125
1902.400	0.047	4.125
1902.600	0.050	4.125
1902.800	0.050	4.125
1903.000	0.049	4.125
1903.200	0.049	4.125
1903.400	0.048	4.125
1903.600	0.051	4.125
1903.800	0.050	4.125
1904.000	0.049	4.125
1904.200	0.049	4.125
1904.400	0.048	4.125
1904.600	0.050	4.125
1904.800	0.049	4.125
1905.000	0.049	4.125
1905.200	0.048	4.125
1905.400	0.049	4.125
1905.600	0.048	4.125
1905.800	0.049	4.125
1906.000	0.049	4.125
1906.200	0.048	4.125
1906.400	0.048	4.125
1906.600	0.049	4.125
1906.800	0.049	4.125
1907.000	0.048	4.125
1907.200	0.048	4.125
1907.400	0.048	4.125
1907.600	0.048	4.125
1907.800	0.050	4.125
1908.000	0.050	4.125
1908.200	0.048	4.125
1908.400	0.048	4.125
1908.600	0.049	4.125
1908.800	0.047	4.125
1909.000	0.050	4.125
1909.200	0.048	4.125
1909.400	0.049	4.125
1909.600	0.048	4.125
1909.800	0.048	4.125
1910.000	0.050	4.125
1910.200	0.050	4.125
1910.400	0.048	4.125
1910.600	0.048	4.125
1910.800	0.048	4.125
1911.000	0.049	4.125
1911.200	0.047	4.125
1911.400	0.047	4.125
1911.600	0.048	4.125
1911.800	0.051	4.125
1912.000	0.049	4.125
1912.200	0.050	4.125
1912.400	0.047	4.125
1912.600	0.050	4.125
1912.800	0.048	4.125
1913.000	0.048	4.125
1913.200	0.048	4.125
1913.400	0.047	4.125
1913.600	0.048	4.125
1913.800	0.048	4.125
1914.000	0.049	4.125
1914.200	0.047	4.125
1914.400	0.049	4.125
1914.600	0.047	4.125
1914.800	0.048	4.125
1915.000	0.048	4.125
1915.200	0.048	4.125
1915.400	0.047	4.125
1915.600	0.047	4.125
1915.800	0.048	4.125
1916.000	0.047	4.125
1916.200	0.047	4.125
1916.400	0.049	4.125
1916.600	0.047	4.125
1916.800	0.049	4.125
1917.000	0.048	4.125
1917.200	0.047	4.125
1917.400	0.049	4.125
1917.600	0.048	4.125
1917.800	0.050	4.125
1918.000	0.050	4.125
1918.200	0.046	4.125
1918.400	0.047	4.125
1918.600	0.047	4.125
1918.800	0.049	4.125
1919.000	0.049	4.125
1919.200	0.047	4.125
1919.400	0.049	4.125
1919.600	0.048	4.125
1919.800	0.048	4.125
1920.000	0.048	4.125
1920.200	0.047	4.125
1920.400	0.048	4.125
1920.600	0.048	4.125
1920.800	0.048	4.125
1921.000	0.047	4.125
1921.200	0.047	4.125
1921.400	0.048	4.125
1921.600	0.048	4.125
1921.800	0.050	4.125
1922.000	0.051	4.125
1922.200	0.050	4.125
1922.400	0.049	4.125
1922.600	0.049	4.125
1922.800	0.047	4.125
1923.000	0.049	4.125
1923.200	0.046	4.125
1923.400	0.049	4.125
1923.600	0.049	4.125
1923.800	0.048	4.125
1924.000	0.049	4.125
1924.200	0.047	4.125
1924.400	0.051	4.125
1924.600	0.048	4.125
1924.800	0.051	4.125
1925.000	0.049	4.125
1925.200	0.049	4.125
1925.400	0.049	4.125
1925.600	0.049	4.125
1925.800	0.049	4.125
1926.000	0.047	4.125
1926.200	0.046	4.125
1926.400	0.045	4.125
1926.600	0.048	4.125
1926.800	0.049	4.125
1927.000	0.052	4.125
1927.200	0.050	4.125
1927.400	0.049	4.125
1927.600	0.048	4.125
1927.800	0.049	4.125
1928.000	0.049	4.125
1928.200	0.050	4.125
1928.400	0.048	4.125
1928.600	0.049	4.125
1928.800	0.048	4.125
1929.000	0.047	4.125
1929.200	0.050	4.125
1929.400	0.050	4.125
1929.600	0.049	4.125
1929.800	0.048	4.125
1930.000	0.050	4.125
1930.200	0.049	4.125
1930.400	0.049	4.125
1930.600	0.048	4.125
1930.800	0.047	4.125
1931.000	0.049	4.125
1931.200	0.049	4.125
1931.400	0.049	4.125
1931.600	0.049	4.125
1931.800	0.048	4.125
1932.000	0.049	4.125
1932.200	0.049	4.125
1932.400	0.050	4.125
1932.600	0.048	4.125
1932.800	0.047	4.125
1933.000	0.048	4.125
1933.200	0.049	4.125
1933.400	0.048	4.125
1933.600	0.048	4.125
1933.800	0.049	4.125
1934.000	0.049	4.125
1934.200	0.047	4.125
1934.400	0.049	4.125
1934.600	0.047	4.125
1934.800	0.047	4.125
1935.000	0.049	4.125
1935.200	0.048	4.125
1935.400	0.048	4.125
1935.600	0.049	4.125
1935.800	0.049	4.125
1936.000	0.048	4.125
1936.200	0.049	4.125
1936.400	0.049	4.125
1936.600	0.048	4.125
1936.800	0.048	4.125
1937.000	0.047	4.125
1937.200	0.048	4.125
1937.400	0.047	4.125
1937.600	0.048	4.125
1937.800	0.047	4.125
1938.000	0.047	4.125
1938.200	0.046	4.125
1938.400	0.046	4.125
1938.600	0.048	4.125
1938.800	0.047	4.125
1939.000	0.046	4.125
1939.200	0.048	4.125
1939.400	0.047	4.125
1939.600	0.049	4.125
1939.800	0.048	4.125
1940.000	0.049	4.125
1940.200	0.048	4.125
1940.400	0.048	4.125
1940.600	0.045	4.125
1940.800	0.047	4.125
1941.000	0.049	4.125
1941.200	0.047	4.125
1941.400	0.047	4.125
1941.600	0.047	4.125
1941.800	0.048	4.125
1942.000	0.046	4.125
1942.200	0.049	4.125
1942.400	0.049	4.125
1942.600	0.048	4.125
1942.800	0.048	4.125
1943.000	0.048	4.125
1943.200	0.045	4.125
1943.400	0.048	4.125
1943.600	0.048	4.125
1943.800	0.047	4.125
1944.000	0.050	4.125
1944.200	0.051	4.125
1944.400	0.047	4.125
1944.600	0.046	4.125
1944.800	0.047	4.125
1945.000	0.047	4.125
1945.200	0.046	4.125
1945.400	0.048	4.125
1945.600	0.048	4.125
1945.800	0.048	4.125
1946.000	0.050	4.125
1946.200	0.049	4.125
1946.400	0.046	4.125
1946.600	0.047	4.125
1946.800	0.048	4.125
1947.000	0.048	4.125
1947.200	0.049	4.125
1947.400	0.047	4.125
1947.600	0.050	4.125
1947.800	0.048	4.125
1948.000	0.047	4.125
1948.200	0.048	4.125
1948.400	0.048	4.125
1948.600	0.049	4.125
1948.800	0.047	4.125
1949.000	0.051	4.125
1949.200	0.048	4.125
1949.400	0.050	4.125
1949.600	0.049	4.125
1949.800	0.049	4.125
1950.000	0.047	4.125
1950.200	0.048	4.125
1950.400	0.048	4.125
1950.600	0.050	4.125
1950.800	0.049	4.125
1951.000	0.047	4.125
1951.200	0.047	4.125
1951.400	0.050	4.125
1951.600	0.049	4.125
1951.800	0.048	4.125
1952.000	0.050	4.125
1952.200	0.049	4.125
1952.400	0.049	4.125
1952.600	0.051	4.125
1952.800	0.050	4.125
1953.000	0.049	4.125
1953.200	0.047	4.125
1953.400	0.050	4.125
1953.600	0.049	4.125
1953.800	0.046	4.125
1954.000	0.047	4.125
1954.200	0.050	4.125
1954.400	0.051	4.125
1954.600	0.048	4.125
1954.800	0.049	4.125
1955.000	0.049	4.125
1955.200	0.049	4.125
1955.400	0.046	4.125
1955.600	0.046	4.125
1955.800	0.046	4.125
1956.000	0.046	4.125
1956.200	0.048	4.125
1956.400	0.048	4.125
1956.600	0.047	4.125
1956.800	0.047	4.125
1957.000	0.049	4.125
1957.200	0.048	4.125
1957.400	0.048	4.125
1957.600	0.048	4.125
1957.800	0.049	4.125
1958.000	0.048	4.125
1958.200	0.048	4.125
1958.400	0.047	4.125
1958.600	0.047	4.125
1958.800	0.047	4.125
1959.000	0.049	4.125
1959.200	0.048	4.125
1959.400	0.047	4.125
1959.600	0.048	4.125
1959.800	0.046	4.125
1960.000	0.048	4.125
1960.200	0.048	4.125
1960.400	0.049	4.125
1960.600	0.047	4.125
1960.800	0.048	4.125
1961.000	0.047	4.125
1961.200	0.048	4.125
1961.400	0.049	4.125
1961.600	0.048	4.125
1961.800	0.049	4.125
1962.000	0.048	4.125
1962.200	0.048	4.125
1962.400	0.049	4.125
1962.600	0.048	4.125
1962.800	0.050	4.125
1963.000	0.049	4.125
1963.200	0.048	4.125
1963.400	0.047	4.125
1963.600	0.048	4.125
1963.800	0.047	4.125
1964.000	0.049	4.125
1964.200	0.047	4.125
1964.400	0.048	4.125
1964.600	0.047	4.125
1964.800	0.047	4.125
1965.000	0.047	4.125
1965.200	0.048	4.125
1965.400	0.048	4.125
1965.600	0.047	4.125
1965.800	0.047	4.125
1966.000	0.049	4.125
1966.200	0.048	4.125
1966.400	0.049	4.125
1966.600	0.048	4.125
1966.800	0.048	4.125
1967.000	0.048	4.125
1967.200	0.048	4.125
1967.400	0.048	4.125
1967.600	0.049	4.125
1967.800	0.047	4.125
1968.000	0.046	4.125
1968.200	0.049	4.125
1968.400	0.047	4.125
1968.600	0.049	4.125
1968.800	0.050	4.125
1969.000	0.048	4.125
1969.200	0.047	4.125
1969.400	0.049	4.125
1969.600	0.051	4.125
1969.800	0.048	4.125
1970.000	0.049	4.125
1970.200	0.048	4.125
1970.400	0.048	4.125
1970.600	0.050	4.125
1970.800	0.049	4.125
1971.000	0.049	4.125
1971.200	0.046	4.125
1971.400	0.049	4.125
1971.600	0.048	4.125
1971.800	0.049	4.125
1972.000	0.048	4.125
1972.200	0.047	4.125
1972.400	0.048	4.125
1972.600	0.047	4.125
1972.800	0.050	4.125
1973.000	0.050	4.125
1973.200	0.048	4.125
1973.400	0.049	4.125
1973.600	0.050	4.125
1973.800	0.049	4.125
1974.000	0.048	4.125
1974.200	0.049	4.125
1974.400	0.049	4.125
1974.600	0.048	4.125
1974.800	0.049	4.125
1975.000	0.049	4.125
1975.200	0.047	4.125
1975.400	0.048	4.125
1975.600	0.048	4.125
1975.800	0.048	4.125
1976.000	0.049	4.125
1976.200	0.049	4.125
1976.400	0.046	4.125
1976.600	0.050	4.125
1976.800	0.048	4.125
1977.000	0.048	4.125
1977.200	0.048	4.125
1977.400	0.049	4.125
1977.600	0.048	4.125
1977.800	0.048	4.125
1978.000	0.048	4.125
1978.200	0.049	4.125
1978.400	0.047	4.125
1978.600	0.047	4.125
1978.800	0.049	4.125
1979.000	0.047	4.125
1979.200	0.047	4.125
1979.400	0.049	4.125
1979.600	0.050	4.125
1979.800	0.048	4.125
1980.000	0.049	4.125
1980.200	0.050	4.125
1980.400	0.049	4.125
1980.600	0.050	4.125
1980.800	0.050	4.125
1981.000	0.049	4.125
1981.200	0.050	4.125
1981.400	0.051	4.125
1981.600	0.050	4.125
1981.800	0.049	4.125
1982.000	0.052	4.125
1982.200	0.050	4.125
1982.400	0.051	4.125
1982.600	0.050	4.125
1982.800	0.051	4.125
1983.000	0.049	4.125
1983.200	0.049	4.125
1983.400	0.050	4.125
1983.600	0.049	4.125
1983.800	0.047	4.125
1984.000	0.050	4.125
1984.200	0.048	4.125
1984.400	0.050	4.125
1984.600	0.048	4.125
1984.800	0.050	4.125
1985.000	0.049	4.125
1985.200	0.050	4.125
1985.400	0.048	4.125
1985.600	0.048	4.125
1985.800	0.047	4.125
1986.000	0.046	4.125
1986.200	0.047	4.125
1986.400	0.047	4.125
1986.600	0.047	4.125
1986.800	0.048	4.125
1987.000	0.050	4.125
1987.200	0.049	4.125
1987.400	0.047	4.125
1987.600	0.048	4.125
1987.800	0.047	4.125
1988.000	0.047	4.125
1988.200	0.050	4.125
1988.400	0.050	4.125
1988.600	0.048	4.125
1988.800	0.048	4.125
1989.000	0.045	4.125
1989.200	0.048	4.125
1989.400	0.048	4.125
1989.600	0.049	4.125
1989.800	0.049	4.125
1990.000	0.050	4.125
1990.200	0.047	4.125
1990.400	0.048	4.125
1990.600	0.049	4.125
1990.800	0.051	4.125
1991.000	0.050	4.125
1991.200	0.049	4.125
1991.400	0.048	4.125
1991.600	0.048	4.125
1991.800	0.046	4.125
1992.000	0.048	4.125
1992.200	0.049	4.125
1992.400	0.048	4.125
1992.600	0.049	4.125
1992.800	0.050	4.125
1993.000	0.050	4.125
1993.200	0.050	4.125
1993.400	0.049	4.125
1993.600	0.049	4.125
1993.800	0.049	4.125
1994.000	0.049	4.125
1994.200	0.049	4.125
1994.400	0.050	4.125
1994.600	0.045	4.125
1994.800	0.048	4.125
1995.000	0.046	4.125
1995.200	0.047	4.125
1995.400	0.049	4.125
1995.600	0.050	4.125
1995.800	0.049	4.125
1996.000	0.048	4.125
1996.200	0.050	4.125
1996.400	0.048	4.125
1996.600	0.048	4.125
1996.800	0.048	4.125
1997.000	0.049	4.125
1997.200	0.046	4.125
1997.400	0.048	4.125
1997.600	0.049	4.125
1997.800	0.049	4.125
1998.000	0.048	4.125
1998.200	0.049	4.125
1998.400	0.048	4.125
1998.600	0.049	4.125
1998.800	0.047	4.125
1999.000	0.049	4.125
1999.200	0.048	4.125
1999.400	0.049	4.125
1999.600	0.050	4.125
1999.800	0.048	4.125
2000.000	0.048	4.125
2000.200	0.050	4.125
2000.400	0.049	4.125
2000.600	0.048	4.125
2000.800	0.050	4.125
2001.000	0.049	4.125
2001.200	0.048	4.125
2001.400	0.049	4.125
2001.600	0.045	4.124
2001.800	0.047	4.125
2002.000	0.049	4.125
2002.200	0.047	4.125
2002.400	0.049	4.125
2002.600	0.050	4.125
2002.800	0.048	4.125
2003.000	0.050	4.125
2003.200	0.048	4.125
2003.400	0.048	4.125
2003.600	0.049	4.125
2003.800	0.050	4.125
2004.000	0.048	4.125
2004.200	0.049	4.125
2004.400	0.049	4.125
2004.600	0.049	4.125
2004.800	0.048	4.125
2005.000	0.048	4.125
2005.200	0.049	4.125
2005.400	0.048	4.125
2005.600	0.049	4.125
2005.800	0.048	4.125
2006.000	0.047	4.125
2006.200	0.048	4.125
2006.400	0.050	4.125
2006.600	0.048	4.125
2006.800	0.048	4.125
2007.000	0.047	4.125
2007.200	0.046	4.125
2007.400	0.047	4.125
2007.600	0.047	4.125
2007.800	0.049	4.125
2008.000	0.046	4.124
2008.200	0.048	4.125
2008.400	0.048	4.125
2008.600	0.046	4.125
2008.800	0.047	4.125
2009.000	0.048	4.125
2009.200	0.049	4.125
2009.400	0.047	4.125
2009.600	0.047	4.125
2009.800	0.045	4.124
2010.000	0.048	4.125
2010.200	0.047	4.125
2010.400	0.047	4.125
2010.600	0.048	4.125
2010.800	0.049	4.125
2011.000	0.049	4.125
2011.200	0.048	4.125
2011.400	0.048	4.125
2011.600	0.050	4.125
2011.800	0.048	4.125
2012.000	0.049	4.125
2012.200	0.048	4.125
2012.400	0.051	4.125
2012.600	0.049	4.125
2012.800	0.050	4.125
2013.000	0.049	4.125
2013.200	0.048	4.125
2013.400	0.048	4.125
2013.600	0.048	4.125
2013.800	0.049	4.125
2014.000	0.048	4.125
2014.200	0.048	4.125
2014.400	0.050	4.125
2014.600	0.049	4.125
2014.800	0.047	4.125
2015.000	0.049	4.125
2015.200	0.048	4.125
2015.400	0.049	4.125
2015.600	0.048	4.125
2015.800	0.048	4.125
2016.000	0.049	4.125
2016.200	0.050	4.125
2016.400	0.051	4.125
2016.600	0.051	4.125
2016.800	0.052	4.125
2017.000	0.048	4.125
2017.200	0.049	4.125
2017.400	0.049	4.125
2017.600	0.050	4.125
2017.800	0.048	4.125
2018.000	0.049	4.125
2018.200	0.048	4.125
2018.400	0.049	4.125
2018.600	0.047	4.125
2018.800	0.049	4.125
2019.000	0.048	4.125
2019.200	0.048	4.125
2019.400	0.050	4.125
2019.600	0.047	4.125
2019.800	0.048	4.125
2020.000	0.050	4.125
2020.200	0.049	4.125
2020.400	0.049	4.125
2020.600	0.048	4.125
2020.800	0.050	4.125
2021.000	0.049	4.125
2021.200	0.048	4.125
2021.400	0.049	4.125
2021.600	0.050	4.125
2021.800	0.050	4.125
2022.000	0.049	4.125
2022.200	0.049	4.125
2022.400	0.050	4.125
2022.600	0.050	4.125
2022.800	0.051	4.125
2023.000	0.049	4.125
2023.200	0.051	4.125
2023.400	0.050	4.125
2023.600	0.049	4.125
2023.800	0.050	4.125
2024.000	0.048	4.125
2024.200	0.049	4.125
2024.400	0.049	4.125
2024.600	0.049	4.125
2024.800	0.049	4.125
2025.000	0.051	4.125
2025.200	0.049	4.125
2025.400	0.049	4.125
2025.600	0.050	4.125
2025.800	0.049	4.125
2026.000	0.049	4.125
2026.200	0.050	4.125
2026.400	0.048	4.125
2026.600	0.049	4.125
2026.800	0.048	4.125
2027.000	0.049	4.125
2027.200	0.049	4.125
2027.400	0.049	4.125
2027.600	0.048	4.125
2027.800	0.048	4.125
2028.000	0.049	4.125
2028.200	0.049	4.125
2028.400	0.050	4.125
2028.600	0.050	4.125
2028.800	0.049	4.125
2029.000	0.050	4.125
2029.200	0.048	4.125
2029.400	0.049	4.125
2029.600	0.050	4.125
2029.800	0.048	4.125
2030.000	0.049	4.125
2030.200	0.048	4.125
2030.400	0.047	4.125
2030.600	0.048	4.125
2030.800	0.047	4.125
2031.000	0.049	4.125
2031.200	0.049	4.125
2031.400	0.049	4.125
2031.600	0.048	4.125
2031.800	0.048	4.125
2032.000	0.049	4.125
2032.200	0.048	4.125
2032.400	0.049	4.125
2032.600	0.050	4.125
2032.800	0.050	4.125
2033.000	0.049	4.125
2033.200	0.049	4.125
2033.400	0.050	4.125
2033.600	0.049	4.125
2033.800	0.049	4.125
2034.000	0.049	4.125
2034.200	0.048	4.125
2034.400	0.049	4.125
2034.600	0.048	4.125
2034.800	0.049	4.125
2035.000	0.048	4.125
2035.200	0.049	4.125
2035.400	0.048	4.125
2035.600	0.048	4.125
2035.800	0.050	4.125
2036.000	0.049	4.125
2036.200	0.050	4.125
2036.400	0.049	4.125
2036.600	0.050	4.125
2036.800	0.051	4.125
2037.000	0.050	4.125
2037.200	0.049	4.125
2037.400	0.049	4.125
2037.600	0.050	4.125
2037.800	0.051	4.125
2038.000	0.049	4.125
2038.200	0.050	4.125
2038.400	0.049	4.125
2038.600	0.050	4.125
2038.800	0.049	4.125
2039.000	0.048	4.125
2039.200	0.049	4.125
2039.400	0.051	4.125
2039.600	0.050	4.125
2039.800	0.048	4.125
2040.000	0.049	4.125
2040.200	0.048	4.125
2040.400	0.049	4.125
2040.600	0.050	4.125
2040.800	0.049	4.125
2041.000	0.048	4.125
2041.200	0.047	4.125
2041.400	0.049	4.125
2041.600	0.048	4.125
2041.800	0.049	4.125
2042.000	0.050	4.125
2042.200	0.048	4.125
2042.400	0.049	4.125
2042.600	0.049	4.125
2042.800	0.049	4.125
2043.000	0.050	4.125
2043.200	0.050	4.125
2043.400	0.048	4.125
2043.600	0.050	4.125
2043.800	0.050	4.125
2044.000	0.050	4.125
2044.200	0.049	4.125
2044.400	0.049	4.125
2044.600	0.048	4.125
2044.800	0.048	4.124
2045.000	0.047	4.125
2045.200	0.048	4.124
2045.400	0.048	4.125
2045.600	0.047	4.125
2045.800	0.048	4.125
2046.000	0.048	4.125
2046.200	0.048	4.125
2046.400	0.049	4.125
2046.600	0.048	4.125
2046.800	0.048	4.125
2047.000	0.049	4.125
2047.200	0.047	4.125
2047.400	0.047	4.125
2047.600	0.047	4.125
2047.800	0.047	4.125
2048.000	0.047	4.125
2048.200	0.047	4.125
2048.400	0.046	4.125
2048.600	0.047	4.125
2048.800	0.047	4.124
2049.000	0.046	4.125
2049.200	0.048	4.125
2049.400	0.049	4.125
2049.600	0.046	4.124
2049.800	0.049	4.125
2050.000	0.047	4.125
2050.200	0.048	4.125
2050.400	0.047	4.125
2050.600	0.049	4.124
2050.800	0.048	4.125
2051.000	0.048	4.125
2051.200	0.048	4.125
2051.400	0.046	4.124
2051.600	0.048	4.124
2051.800	0.048	4.125
2052.000	0.047	4.124
2052.200	0.047	4.124
2052.400	0.047	4.124
2052.600	0.048	4.125
2052.800	0.048	4.124
2053.000	0.047	4.125
2053.200	0.046	4.124
2053.400	0.046	4.124
2053.600	0.048	4.125
2053.800	0.046	4.124
2054.000	0.047	4.124
2054.200	0.048	4.125
2054.400	0.048	4.125
2054.600	0.047	4.125
2054.800	0.046	4.124
2055.000	0.047	4.125
2055.200	0.046	4.125
2055.400	0.048	4.125
2055.600	0.047	4.125
2055.800	0.047	4.125
2056.000	0.048	4.125
2056.200	0.048	4.125
2056.400	0.049	4.125
2056.600	0.050	4.125
2056.800	0.048	4.124
2057.000	0.048	4.125
2057.200	0.051	4.125
2057.400	0.048	4.125
2057.600	0.050	4.125
2057.800	0.047	4.125
2058.000	0.048	4.125
2058.200	0.047	4.125
2058.400	0.048	4.125
2058.600	0.049	4.125
2058.800	0.049	4.125
2059.000	0.050	4.125
