time /s	I /mA	E /V
0.200	209.680	3.815
0.400	209.934	3.815
0.600	209.948	3.816
0.800	209.951	3.816
1.000	209.957	3.816
1.200	209.959	3.816
1.400	209.960	3.816
1.600	209.961	3.816
1.800	209.961	3.816
2.000	209.960	3.816
2.200	209.960	3.816
2.400	209.961	3.816
2.600	209.963	3.816
2.800	209.961	3.816
3.000	209.963	3.816
3.200	209.963	3.816
3.400	209.963	3.816
3.600	209.963	3.816
3.800	209.964	3.816
4.000	209.962	3.816
4.200	209.964	3.816
4.400	209.963	3.816
4.600	209.964	3.816
4.800	209.965	3.816
5.000	209.964	3.816
5.200	209.963	3.816
5.400	209.963	3.816
5.600	209.965	3.816
5.800	209.966	3.817
6.000	209.965	3.817
6.200	209.964	3.817
6.400	209.965	3.817
6.600	209.965	3.817
6.800	209.965	3.817
7.000	209.965	3.817
7.200	209.966	3.817
7.400	209.966	3.817
7.600	209.966	3.817
7.800	209.967	3.817
8.000	209.965	3.817
8.200	209.964	3.817
8.400	209.965	3.817
8.600	209.963	3.817
8.800	209.963	3.817
9.000	209.965	3.817
9.200	209.965	3.817
9.400	209.966	3.817
9.600	209.965	3.817
9.800	209.965	3.817
10.000	209.966	3.817
10.200	209.964	3.817
10.400	209.966	3.817
10.600	209.967	3.817
10.800	209.968	3.817
11.000	209.966	3.817
11.200	209.966	3.817
11.400	209.966	3.817
11.600	209.966	3.817
11.800	209.966	3.817
12.000	209.966	3.817
12.200	209.967	3.817
12.400	209.966	3.817
12.600	209.964	3.817
12.800	209.964	3.817
13.000	209.965	3.817
13.200	209.965	3.817
13.400	209.966	3.817
13.600	209.966	3.817
13.800	209.966	3.817
14.000	209.964	3.817
14.200	209.965	3.817
14.400	209.964	3.817
14.600	209.964	3.817
14.800	209.963	3.817
15.000	209.962	3.817
15.200	209.965	3.817
15.400	209.965	3.817
15.600	209.965	3.817
15.800	209.967	3.817
16.000	209.966	3.818
16.200	209.967	3.818
16.400	209.965	3.818
16.600	209.965	3.818
16.800	209.967	3.818
17.000	209.967	3.818
17.200	209.966	3.818
17.400	209.965	3.818
17.600	209.966	3.818
17.800	209.965	3.818
18.000	209.964	3.818
18.200	209.965	3.818
18.400	209.966	3.818
18.600	209.964	3.818
18.800	209.965	3.818
19.000	209.966	3.818
19.200	209.966	3.818
19.400	209.967	3.818
19.600	209.967	3.818
19.800	209.965	3.818
20.000	209.967	3.818
20.200	209.965	3.818
20.400	209.967	3.818
20.600	209.967	3.818
20.800	209.967	3.818
21.000	209.965	3.818
21.200	209.965	3.818
21.400	209.964	3.818
21.600	209.965	3.818
21.800	209.964	3.818
22.000	209.965	3.818
22.200	209.965	3.818
22.400	209.966	3.818
22.600	209.964	3.818
22.800	209.964	3.818
23.000	209.965	3.818
23.200	209.963	3.818
23.400	209.964	3.818
23.600	209.966	3.818
23.800	209.965	3.818
24.000	209.965	3.818
24.200	209.966	3.818
24.400	209.967	3.818
24.600	209.966	3.818
24.800	209.966	3.818
25.000	209.967	3.818
25.200	209.965	3.818
25.400	209.966	3.818
25.600	209.966	3.818
25.800	209.965	3.818
26.000	209.965	3.818
26.200	209.964	3.818
26.400	209.966	3.818
26.600	209.965	3.818
26.800	209.966	3.818
27.000	209.964	3.818
27.200	209.965	3.818
27.400	209.966	3.819
27.600	209.968	3.819
27.800	209.964	3.819
28.000	209.966	3.819
28.200	209.965	3.819
28.400	209.965	3.819
28.600	209.967	3.819
28.800	209.969	3.819
29.000	209.966	3.819
29.200	209.967	3.819
29.400	209.965	3.819
29.600	209.965	3.819
29.800	209.966	3.819
30.000	209.966	3.819
30.200	209.966	3.819
30.400	209.966	3.819
30.600	209.967	3.819
30.800	209.967	3.819
31.000	209.966	3.819
31.200	209.966	3.819
31.400	209.964	3.819
31.600	209.966	3.819
31.800	209.966	3.819
32.000	209.966	3.819
32.200	209.966	3.819
32.400	209.966	3.819
32.600	209.965	3.819
32.800	209.965	3.819
33.000	209.964	3.819
33.200	209.967	3.819
33.400	209.967	3.819
33.600	209.966	3.819
33.800	209.966	3.819
34.000	209.966	3.819
34.200	209.967	3.819
34.400	209.965	3.819
34.600	209.965	3.819
34.800	209.964	3.819
35.000	209.965	3.819
35.200	209.965	3.819
35.400	209.966	3.819
35.600	209.967	3.819
35.800	209.964	3.819
36.000	209.964	3.819
36.200	209.966	3.819
36.400	209.967	3.819
36.600	209.966	3.819
36.800	209.965	3.819
37.000	209.967	3.819
37.200	209.964	3.819
37.400	209.964	3.819
37.600	209.966	3.819
37.800	209.966	3.819
38.000	209.965	3.819
38.200	209.964	3.819
38.400	209.965	3.819
38.600	209.965	3.819
38.800	209.966	3.819
39.000	209.966	3.819
39.200	209.965	3.819
39.400	209.964	3.819
39.600	209.965	3.820
39.800	209.965	3.819
40.000	209.966	3.820
40.200	209.966	3.820
40.400	209.966	3.820
40.600	209.967	3.820
40.800	209.966	3.820
41.000	209.964	3.820
41.200	209.964	3.820
41.400	209.964	3.820
41.600	209.964	3.820
41.800	209.965	3.820
42.000	209.964	3.820
42.200	209.964	3.820
42.400	209.964	3.820
42.600	209.962	3.820
42.800	209.963	3.820
43.000	209.964	3.820
43.200	209.964	3.820
43.400	209.965	3.820
43.600	209.965	3.820
43.800	209.965	3.820
44.000	209.967	3.820
44.200	209.966	3.820
44.400	209.965	3.820
44.600	209.967	3.820
44.800	209.966	3.820
45.000	209.965	3.820
45.200	209.966	3.820
45.400	209.966	3.820
45.600	209.967	3.820
45.800	209.967	3.820
46.000	209.967	3.820
46.200	209.967	3.820
46.400	209.968	3.820
46.600	209.967	3.820
46.800	209.967	3.820
47.000	209.967	3.820
47.200	209.967	3.820
47.400	209.968	3.820
47.600	209.966	3.820
47.800	209.968	3.820
48.000	209.968	3.820
48.200	209.968	3.820
48.400	209.967	3.820
48.600	209.969	3.820
48.800	209.967	3.820
49.000	209.968	3.820
49.200	209.969	3.820
49.400	209.968	3.820
49.600	209.967	3.820
49.800	209.968	3.820
50.000	209.970	3.820
50.200	209.968	3.820
50.400	209.967	3.820
50.600	209.968	3.820
50.800	209.969	3.820
51.000	209.968	3.820
51.200	209.969	3.820
51.400	209.969	3.820
51.600	209.968	3.820
51.800	209.968	3.820
52.000	209.969	3.820
52.200	209.968	3.820
52.400	209.967	3.820
52.600	209.969	3.820
52.800	209.966	3.820
53.000	209.966	3.820
53.200	209.967	3.820
53.400	209.967	3.820
53.600	209.966	3.820
53.800	209.967	3.820
54.000	209.968	3.820
54.200	209.967	3.820
54.400	209.969	3.820
54.600	209.967	3.820
54.800	209.967	3.821
55.000	209.967	3.821
55.200	209.968	3.821
55.400	209.969	3.821
55.600	209.969	3.821
55.800	209.970	3.821
56.000	209.968	3.821
56.200	209.968	3.821
56.400	209.969	3.821
56.600	209.969	3.821
56.800	209.968	3.821
57.000	209.970	3.821
57.200	209.969	3.821
57.400	209.968	3.821
57.600	209.967	3.821
57.800	209.969	3.821
58.000	209.969	3.821
58.200	209.968	3.821
58.400	209.968	3.821
58.600	209.969	3.821
58.800	209.970	3.821
59.000	209.970	3.821
59.200	209.971	3.821
59.400	209.969	3.821
59.600	209.968	3.821
59.800	209.970	3.821
60.000	209.970	3.821
60.200	209.969	3.821
60.400	209.969	3.821
60.600	209.969	3.821
60.800	209.970	3.821
61.000	209.970	3.821
61.200	209.969	3.821
61.400	209.969	3.821
61.600	209.967	3.821
61.800	209.969	3.821
62.000	209.970	3.821
62.200	209.969	3.821
62.400	209.968	3.821
62.600	209.969	3.821
62.800	209.968	3.821
63.000	209.968	3.821
63.200	209.969	3.821
63.400	209.968	3.821
63.600	209.968	3.821
63.800	209.967	3.821
64.000	209.968	3.821
64.200	209.969	3.821
64.400	209.969	3.821
64.600	209.969	3.821
64.800	209.968	3.821
65.000	209.968	3.821
65.200	209.967	3.821
65.400	209.968	3.821
65.600	209.970	3.821
65.800	209.969	3.821
66.000	209.970	3.821
66.200	209.969	3.821
66.400	209.968	3.821
66.600	209.968	3.821
66.800	209.970	3.821
67.000	209.970	3.821
67.200	209.969	3.821
67.400	209.969	3.821
67.600	209.970	3.821
67.800	209.969	3.821
68.000	209.970	3.821
68.200	209.970	3.821
68.400	209.968	3.821
68.600	209.971	3.821
68.800	209.970	3.821
69.000	209.969	3.821
69.200	209.971	3.821
69.400	209.970	3.821
69.600	209.970	3.821
69.800	209.970	3.821
70.000	209.968	3.821
70.200	209.967	3.821
70.400	209.969	3.821
70.600	209.968	3.821
70.800	209.969	3.821
71.000	209.970	3.821
71.200	209.969	3.821
71.400	209.968	3.821
71.600	209.969	3.821
71.800	209.969	3.821
72.000	209.969	3.821
72.200	209.967	3.821
72.400	209.969	3.822
72.600	209.969	3.822
72.800	209.969	3.821
73.000	209.969	3.822
73.200	209.969	3.822
73.400	209.969	3.822
73.600	209.969	3.822
73.800	209.967	3.822
74.000	209.967	3.822
74.200	209.968	3.822
74.400	209.969	3.822
74.600	209.969	3.822
74.800	209.968	3.822
75.000	209.968	3.822
75.200	209.969	3.822
75.400	209.970	3.822
75.600	209.970	3.822
75.800	209.969	3.822
76.000	209.968	3.822
76.200	209.969	3.822
76.400	209.967	3.822
76.600	209.968	3.822
76.800	209.968	3.822
77.000	209.968	3.822
77.200	209.967	3.822
77.400	209.968	3.822
77.600	209.967	3.822
77.800	209.968	3.822
78.000	209.967	3.822
78.200	209.966	3.822
78.400	209.968	3.822
78.600	209.966	3.822
78.800	209.966	3.822
79.000	209.966	3.822
79.200	209.967	3.822
79.400	209.967	3.822
79.600	209.966	3.822
79.800	209.967	3.822
80.000	209.967	3.822
80.200	209.965	3.822
80.400	209.968	3.822
80.600	209.969	3.822
80.800	209.968	3.822
81.000	209.968	3.822
81.200	209.969	3.822
81.400	209.969	3.822
81.600	209.967	3.822
81.800	209.969	3.822
82.000	209.968	3.822
82.200	209.969	3.822
82.400	209.968	3.822
82.600	209.967	3.822
82.800	209.968	3.822
83.000	209.967	3.822
83.200	209.969	3.822
83.400	209.968	3.822
83.600	209.969	3.822
83.800	209.968	3.822
84.000	209.969	3.822
84.200	209.968	3.822
84.400	209.967	3.822
84.600	209.968	3.822
84.800	209.969	3.822
85.000	209.968	3.822
85.200	209.968	3.822
85.400	209.968	3.822
85.600	209.968	3.822
85.800	209.967	3.822
86.000	209.969	3.822
86.200	209.968	3.822
86.400	209.968	3.822
86.600	209.967	3.822
86.800	209.968	3.822
87.000	209.968	3.822
87.200	209.968	3.822
87.400	209.967	3.822
87.600	209.969	3.822
87.800	209.968	3.822
88.000	209.968	3.822
88.200	209.968	3.822
88.400	209.967	3.822
88.600	209.968	3.822
88.800	209.969	3.822
89.000	209.969	3.822
89.200	209.969	3.822
89.400	209.968	3.822
89.600	209.969	3.822
89.800	209.968	3.822
90.000	209.967	3.822
90.200	209.966	3.822
90.400	209.969	3.822
90.600	209.968	3.822
90.800	209.968	3.822
91.000	209.969	3.822
91.200	209.968	3.822
91.400	209.970	3.822
91.600	209.969	3.822
91.800	209.968	3.822
92.000	209.968	3.822
92.200	209.969	3.822
92.400	209.967	3.822
92.600	209.966	3.822
92.800	209.969	3.822
93.000	209.968	3.822
93.200	209.968	3.822
93.400	209.968	3.823
93.600	209.968	3.822
93.800	209.969	3.823
94.000	209.969	3.823
94.200	209.968	3.823
94.400	209.967	3.823
94.600	209.968	3.823
94.800	209.968	3.823
95.000	209.968	3.823
95.200	209.967	3.823
95.400	209.967	3.823
95.600	209.967	3.823
95.800	209.966	3.823
96.000	209.966	3.823
96.200	209.967	3.823
96.400	209.968	3.823
96.600	209.965	3.823
96.800	209.965	3.823
97.000	209.967	3.823
97.200	209.966	3.823
97.400	209.966	3.823
97.600	209.968	3.823
97.800	209.966	3.823
98.000	209.964	3.823
98.200	209.967	3.823
98.400	209.968	3.823
98.600	209.968	3.823
98.800	209.967	3.823
99.000	209.967	3.823
99.200	209.966	3.823
99.400	209.965	3.823
99.600	209.965	3.823
99.800	209.966	3.823
100.000	209.966	3.823
100.200	209.965	3.823
100.400	209.967	3.823
100.600	209.966	3.823
100.800	209.965	3.823
101.000	209.967	3.823
101.200	209.966	3.823
101.400	209.965	3.823
101.600	209.966	3.823
101.800	209.967	3.823
102.000	209.967	3.823
102.200	209.967	3.823
102.400	209.967	3.823
102.600	209.966	3.823
102.800	209.967	3.823
103.000	209.967	3.823
103.200	209.966	3.823
103.400	209.965	3.823
103.600	209.964	3.823
103.800	209.963	3.823
104.000	209.966	3.823
104.200	209.966	3.823
104.400	209.966	3.823
104.600	209.965	3.823
104.800	209.964	3.823
105.000	209.965	3.823
105.200	209.965	3.823
105.400	209.965	3.823
105.600	209.965	3.823
105.800	209.964	3.823
106.000	209.963	3.823
106.200	209.965	3.823
106.400	209.966	3.823
106.600	209.965	3.823
106.800	209.966	3.823
107.000	209.966	3.823
107.200	209.965	3.823
107.400	209.964	3.823
107.600	209.966	3.823
107.800	209.966	3.823
108.000	209.965	3.823
108.200	209.964	3.823
108.400	209.965	3.823
108.600	209.964	3.823
108.800	209.966	3.823
109.000	209.965	3.823
109.200	209.966	3.823
109.400	209.966	3.823
109.600	209.967	3.823
109.800	209.965	3.823
110.000	209.965	3.823
110.200	209.964	3.823
110.400	209.965	3.823
110.600	209.965	3.823
110.800	209.967	3.823
111.000	209.966	3.823
111.200	209.966	3.823
111.400	209.965	3.823
111.600	209.965	3.823
111.800	209.966	3.823
112.000	209.966	3.823
112.200	209.965	3.823
112.400	209.967	3.823
112.600	209.967	3.823
112.800	209.966	3.823
113.000	209.964	3.823
113.200	209.966	3.823
113.400	209.965	3.823
113.600	209.966	3.823
113.800	209.965	3.823
114.000	209.965	3.823
114.200	209.966	3.823
114.400	209.965	3.823
114.600	209.968	3.823
114.800	209.966	3.823
115.000	209.967	3.823
115.200	209.966	3.823
115.400	209.964	3.823
115.600	209.966	3.823
115.800	209.966	3.823
116.000	209.965	3.823
116.200	209.966	3.823
116.400	209.966	3.823
116.600	209.964	3.823
116.800	209.965	3.823
117.000	209.965	3.823
117.200	209.965	3.823
117.400	209.966	3.823
117.600	209.965	3.823
117.800	209.965	3.823
118.000	209.966	3.823
118.200	209.964	3.823
118.400	209.965	3.823
118.600	209.966	3.823
118.800	209.965	3.823
119.000	209.965	3.824
119.200	209.965	3.824
119.400	209.965	3.823
119.600	209.963	3.823
119.800	209.965	3.824
120.000	209.966	3.824
120.200	209.966	3.824
120.400	209.966	3.824
120.600	209.964	3.824
120.800	209.965	3.824
121.000	209.966	3.824
121.200	209.966	3.824
121.400	209.966	3.824
121.600	209.965	3.824
121.800	209.966	3.824
122.000	209.965	3.824
122.200	209.966	3.824
122.400	209.967	3.824
122.600	209.966	3.824
122.800	209.966	3.824
123.000	209.966	3.824
123.200	209.965	3.824
123.400	209.967	3.824
123.600	209.967	3.824
123.800	209.967	3.824
124.000	209.966	3.824
124.200	209.963	3.824
124.400	209.966	3.824
124.600	209.966	3.824
124.800	209.967	3.824
125.000	209.968	3.824
125.200	209.967	3.824
125.400	209.966	3.824
125.600	209.966	3.824
125.800	209.967	3.824
126.000	209.966	3.824
126.200	209.966	3.824
126.400	209.967	3.824
126.600	209.966	3.824
126.800	209.965	3.824
127.000	209.966	3.824
127.200	209.966	3.824
127.400	209.966	3.824
127.600	209.965	3.824
127.800	209.965	3.824
128.000	209.966	3.824
128.200	209.966	3.824
128.400	209.964	3.824
128.600	209.964	3.824
128.800	209.965	3.824
129.000	209.966	3.824
129.200	209.965	3.824
129.400	209.966	3.824
129.600	209.965	3.824
129.800	209.967	3.824
130.000	209.964	3.824
130.200	209.967	3.824
130.400	209.965	3.824
130.600	209.966	3.824
130.800	209.967	3.824
131.000	209.968	3.824
131.200	209.967	3.824
131.400	209.968	3.824
131.600	209.967	3.824
131.800	209.967	3.824
132.000	209.967	3.824
132.200	209.966	3.824
132.400	209.967	3.824
132.600	209.966	3.824
132.800	209.966	3.824
133.000	209.965	3.824
133.200	209.965	3.824
133.400	209.965	3.824
133.600	209.966	3.824
133.800	209.965	3.824
134.000	209.964	3.824
134.200	209.964	3.824
134.400	209.967	3.824
134.600	209.966	3.824
134.800	209.968	3.824
135.000	209.966	3.824
135.200	209.965	3.824
135.400	209.964	3.824
135.600	209.966	3.824
135.800	209.966	3.824
136.000	209.965	3.824
136.200	209.965	3.824
136.400	209.965	3.824
136.600	209.966	3.824
136.800	209.967	3.824
137.000	209.967	3.824
137.200	209.966	3.824
137.400	209.964	3.824
137.600	209.964	3.824
137.800	209.965	3.824
138.000	209.965	3.824
138.200	209.964	3.824
138.400	209.964	3.824
138.600	209.964	3.824
138.800	209.966	3.824
139.000	209.967	3.824
139.200	209.964	3.824
139.400	209.965	3.824
139.600	209.966	3.824
139.800	209.965	3.824
140.000	209.965	3.824
140.200	209.965	3.824
140.400	209.964	3.824
140.600	209.964	3.824
140.800	209.965	3.824
141.000	209.965	3.824
141.200	209.965	3.824
141.400	209.967	3.824
141.600	209.965	3.824
141.800	209.966	3.824
142.000	209.967	3.824
142.200	209.966	3.824
142.400	209.965	3.824
142.600	209.965	3.824
142.800	209.965	3.824
143.000	209.967	3.824
143.200	209.965	3.824
143.400	209.967	3.824
143.600	209.965	3.824
143.800	209.966	3.824
144.000	209.967	3.824
144.200	209.968	3.824
144.400	209.968	3.824
144.600	209.966	3.824
144.800	209.966	3.824
145.000	209.965	3.824
145.200	209.966	3.824
145.400	209.966	3.824
145.600	209.967	3.824
145.800	209.968	3.824
146.000	209.967	3.825
146.200	209.966	3.824
146.400	209.967	3.825
146.600	209.967	3.825
146.800	209.966	3.825
147.000	209.967	3.825
147.200	209.966	3.825
147.400	209.967	3.825
147.600	209.966	3.825
147.800	209.966	3.825
148.000	209.967	3.825
148.200	209.965	3.825
148.400	209.966	3.825
148.600	209.967	3.825
148.800	209.966	3.825
149.000	209.966	3.825
149.200	209.967	3.825
149.400	209.967	3.825
149.600	209.968	3.825
149.800	209.967	3.825
150.000	209.967	3.825
150.200	209.967	3.825
150.400	209.969	3.825
150.600	209.967	3.825
150.800	209.969	3.825
151.000	209.968	3.825
151.200	209.967	3.825
151.400	209.968	3.825
151.600	209.968	3.825
151.800	209.968	3.825
152.000	209.968	3.825
152.200	209.968	3.825
152.400	209.967	3.825
152.600	209.969	3.825
152.800	209.967	3.825
153.000	209.968	3.825
153.200	209.966	3.825
153.400	209.968	3.825
153.600	209.965	3.825
153.800	209.969	3.825
154.000	209.969	3.825
154.200	209.967	3.825
154.400	209.969	3.825
154.600	209.968	3.825
154.800	209.968	3.825
155.000	209.967	3.825
155.200	209.967	3.825
155.400	209.967	3.825
155.600	209.966	3.825
155.800	209.966	3.825
156.000	209.968	3.825
156.200	209.967	3.825
156.400	209.969	3.825
156.600	209.969	3.825
156.800	209.969	3.825
157.000	209.969	3.825
157.200	209.970	3.825
157.400	209.968	3.825
157.600	209.968	3.825
157.800	209.968	3.825
158.000	209.969	3.825
158.200	209.969	3.825
158.400	209.969	3.825
158.600	209.968	3.825
158.800	209.967	3.825
159.000	209.968	3.825
159.200	209.966	3.825
159.400	209.968	3.825
159.600	209.969	3.825
159.800	209.968	3.825
160.000	209.969	3.825
160.200	209.968	3.825
160.400	209.969	3.825
160.600	209.971	3.825
160.800	209.970	3.825
161.000	209.969	3.825
161.200	209.970	3.825
161.400	209.969	3.825
161.600	209.968	3.825
161.800	209.969	3.825
162.000	209.969	3.825
162.200	209.968	3.825
162.400	209.969	3.825
162.600	209.969	3.825
162.800	209.969	3.825
163.000	209.969	3.825
163.200	209.970	3.825
163.400	209.970	3.825
163.600	209.968	3.825
163.800	209.970	3.825
164.000	209.969	3.825
164.200	209.971	3.825
164.400	209.969	3.825
164.600	209.970	3.825
164.800	209.970	3.825
165.000	209.970	3.825
165.200	209.968	3.825
165.400	209.970	3.825
165.600	209.970	3.825
165.800	209.969	3.825
166.000	209.971	3.825
166.200	209.972	3.825
166.400	209.971	3.825
166.600	209.970	3.825
166.800	209.971	3.825
167.000	209.968	3.825
167.200	209.969	3.825
167.400	209.969	3.825
167.600	209.970	3.825
167.800	209.970	3.825
168.000	209.970	3.825
168.200	209.969	3.825
168.400	209.968	3.825
168.600	209.971	3.826
168.800	209.970	3.825
169.000	209.970	3.826
169.200	209.971	3.825
169.400	209.970	3.825
169.600	209.970	3.826
169.800	209.970	3.826
170.000	209.971	3.826
170.200	209.970	3.826
170.400	209.971	3.826
170.600	209.970	3.826
170.800	209.971	3.826
171.000	209.971	3.826
171.200	209.971	3.826
171.400	209.970	3.826
171.600	209.970	3.826
171.800	209.970	3.826
172.000	209.969	3.826
172.200	209.969	3.826
172.400	209.969	3.826
172.600	209.970	3.826
172.800	209.970	3.826
173.000	209.969	3.826
173.200	209.969	3.826
173.400	209.970	3.826
173.600	209.969	3.826
173.800	209.971	3.826
174.000	209.971	3.826
174.200	209.970	3.826
174.400	209.970	3.826
174.600	209.969	3.826
174.800	209.969	3.826
175.000	209.971	3.826
175.200	209.970	3.826
175.400	209.970	3.826
175.600	209.971	3.826
175.800	209.969	3.826
176.000	209.970	3.826
176.200	209.970	3.826
176.400	209.971	3.826
176.600	209.970	3.826
176.800	209.971	3.826
177.000	209.971	3.826
177.200	209.970	3.826
177.400	209.970	3.826
177.600	209.971	3.826
177.800	209.972	3.826
178.000	209.971	3.826
178.200	209.971	3.826
178.400	209.970	3.826
178.600	209.972	3.826
178.800	209.972	3.826
179.000	209.969	3.826
179.200	209.970	3.826
179.400	209.972	3.826
179.600	209.971	3.826
179.800	209.970	3.826
180.000	209.971	3.826
180.200	209.971	3.826
180.400	209.969	3.826
180.600	209.970	3.826
180.800	209.972	3.826
181.000	209.970	3.826
181.200	209.970	3.826
181.400	209.970	3.826
181.600	209.971	3.826
181.800	209.971	3.826
182.000	209.970	3.826
182.200	209.968	3.826
182.400	209.972	3.826
182.600	209.970	3.826
182.800	209.972	3.826
183.000	209.971	3.826
183.200	209.972	3.826
183.400	209.970	3.826
183.600	209.972	3.826
183.800	209.971	3.826
184.000	209.972	3.826
184.200	209.972	3.826
184.400	209.971	3.826
184.600	209.972	3.826
184.800	209.972	3.826
185.000	209.970	3.826
185.200	209.971	3.826
185.400	209.971	3.826
185.600	209.971	3.826
185.800	209.970	3.826
186.000	209.971	3.826
186.200	209.971	3.826
186.400	209.971	3.826
186.600	209.971	3.826
186.800	209.973	3.826
187.000	209.972	3.826
187.200	209.972	3.826
187.400	209.971	3.826
187.600	209.970	3.826
187.800	209.970	3.826
188.000	209.971	3.826
188.200	209.972	3.826
188.400	209.971	3.826
188.600	209.972	3.826
188.800	209.971	3.826
189.000	209.971	3.826
189.200	209.970	3.826
189.400	209.972	3.826
189.600	209.970	3.826
189.800	209.971	3.826
190.000	209.971	3.826
190.200	209.970	3.826
190.400	209.970	3.826
190.600	209.969	3.826
190.800	209.972	3.826
191.000	209.970	3.826
191.200	209.971	3.826
191.400	209.968	3.826
191.600	209.971	3.826
191.800	209.971	3.826
192.000	209.969	3.826
192.200	209.972	3.826
192.400	209.971	3.826
192.600	209.971	3.826
192.800	209.970	3.826
193.000	209.970	3.826
193.200	209.970	3.826
193.400	209.970	3.826
193.600	209.971	3.826
193.800	209.969	3.826
194.000	209.971	3.826
194.200	209.972	3.826
194.400	209.971	3.826
194.600	209.971	3.826
194.800	209.972	3.826
195.000	209.970	3.826
195.200	209.969	3.826
195.400	209.970	3.827
195.600	209.971	3.827
195.800	209.972	3.826
196.000	209.970	3.826
196.200	209.970	3.826
196.400	209.970	3.827
196.600	209.970	3.827
196.800	209.971	3.827
197.000	209.971	3.827
197.200	209.970	3.827
197.400	209.971	3.827
197.600	209.969	3.827
197.800	209.971	3.827
198.000	209.970	3.827
198.200	209.971	3.827
198.400	209.970	3.827
198.600	209.969	3.827
198.800	209.970	3.827
199.000	209.970	3.827
199.200	209.970	3.827
199.400	209.970	3.827
199.600	209.970	3.827
199.800	209.969	3.827
200.000	209.969	3.827
200.200	209.969	3.827
200.400	209.968	3.827
200.600	209.968	3.827
200.800	209.969	3.827
201.000	209.970	3.827
201.200	209.969	3.827
201.400	209.970	3.827
201.600	209.970	3.827
201.800	209.970	3.827
202.000	209.970	3.827
202.200	209.970	3.827
202.400	209.969	3.827
202.600	209.970	3.827
202.800	209.970	3.827
203.000	209.972	3.827
203.200	209.971	3.827
203.400	209.971	3.827
203.600	209.972	3.827
203.800	209.972	3.827
204.000	209.971	3.827
204.200	209.972	3.827
204.400	209.972	3.827
204.600	209.972	3.827
204.800	209.972	3.827
205.000	209.971	3.827
205.200	209.972	3.827
205.400	209.972	3.827
205.600	209.971	3.827
205.800	209.970	3.827
206.000	209.971	3.827
206.200	209.971	3.827
206.400	209.971	3.827
206.600	209.971	3.827
206.800	209.972	3.827
207.000	209.971	3.827
207.200	209.969	3.827
207.400	209.970	3.827
207.600	209.970	3.827
207.800	209.969	3.827
208.000	209.970	3.827
208.200	209.970	3.827
208.400	209.971	3.827
208.600	209.969	3.827
208.800	209.970	3.827
209.000	209.968	3.827
209.200	209.969	3.827
209.400	209.970	3.827
209.600	209.970	3.827
209.800	209.969	3.827
210.000	209.970	3.827
210.200	209.969	3.827
210.400	209.970	3.827
210.600	209.969	3.827
210.800	209.970	3.827
211.000	209.970	3.827
211.200	209.969	3.827
211.400	209.970	3.827
211.600	209.970	3.827
211.800	209.971	3.827
212.000	209.970	3.827
212.200	209.971	3.827
212.400	209.970	3.827
212.600	209.970	3.827
212.800	209.970	3.827
213.000	209.970	3.827
213.200	209.970	3.827
213.400	209.970	3.827
213.600	209.970	3.827
213.800	209.969	3.827
214.000	209.971	3.827
214.200	209.969	3.827
214.400	209.970	3.827
214.600	209.969	3.827
214.800	209.969	3.827
215.000	209.969	3.827
215.200	209.970	3.827
215.400	209.969	3.827
215.600	209.968	3.827
215.800	209.970	3.827
216.000	209.970	3.827
216.200	209.971	3.827
216.400	209.972	3.827
216.600	209.972	3.827
216.800	209.971	3.827
217.000	209.970	3.827
217.200	209.970	3.827
217.400	209.970	3.827
217.600	209.970	3.827
217.800	209.971	3.827
218.000	209.970	3.827
218.200	209.970	3.827
218.400	209.971	3.827
218.600	209.971	3.827
218.800	209.970	3.827
219.000	209.970	3.827
219.200	209.971	3.827
219.400	209.970	3.827
219.600	209.971	3.827
219.800	209.972	3.827
220.000	209.969	3.827
220.200	209.970	3.827
220.400	209.971	3.827
220.600	209.971	3.827
220.800	209.970	3.827
221.000	209.971	3.827
221.200	209.968	3.827
221.400	209.969	3.827
221.600	209.970	3.827
221.800	209.970	3.827
222.000	209.971	3.827
222.200	209.970	3.827
222.400	209.969	3.827
222.600	209.971	3.827
222.800	209.970	3.827
223.000	209.970	3.827
223.200	209.969	3.827
223.400	209.970	3.827
223.600	209.971	3.827
223.800	209.971	3.827
224.000	209.972	3.827
224.200	209.971	3.827
224.400	209.970	3.827
224.600	209.971	3.827
224.800	209.968	3.827
225.000	209.971	3.827
225.200	209.970	3.827
225.400	209.972	3.827
225.600	209.971	3.827
225.800	209.971	3.827
226.000	209.970	3.827
226.200	209.971	3.827
226.400	209.971	3.827
226.600	209.972	3.827
226.800	209.969	3.827
227.000	209.970	3.827
227.200	209.971	3.827
227.400	209.972	3.828
227.600	209.972	3.828
227.800	209.971	3.828
228.000	209.971	3.828
228.200	209.970	3.828
228.400	209.971	3.828
228.600	209.969	3.828
228.800	209.970	3.828
229.000	209.969	3.828
229.200	209.970	3.828
229.400	209.970	3.828
229.600	209.970	3.828
229.800	209.970	3.828
230.000	209.971	3.828
230.200	209.971	3.828
230.400	209.970	3.828
230.600	209.970	3.828
230.800	209.969	3.828
231.000	209.969	3.828
231.200	209.970	3.828
231.400	209.971	3.828
231.600	209.972	3.828
231.800	209.970	3.828
232.000	209.971	3.828
232.200	209.972	3.828
232.400	209.971	3.828
232.600	209.971	3.828
232.800	209.972	3.828
233.000	209.973	3.828
233.200	209.973	3.828
233.400	209.970	3.828
233.600	209.971	3.828
233.800	209.970	3.828
234.000	209.969	3.828
234.200	209.972	3.828
234.400	209.973	3.828
234.600	209.972	3.828
234.800	209.971	3.828
235.000	209.972	3.828
235.200	209.971	3.828
235.400	209.970	3.828
235.600	209.971	3.828
235.800	209.972	3.828
236.000	209.972	3.828
236.200	209.971	3.828
236.400	209.972	3.828
236.600	209.970	3.828
236.800	209.970	3.828
237.000	209.969	3.828
237.200	209.972	3.828
237.400	209.972	3.828
237.600	209.973	3.828
237.800	209.971	3.828
238.000	209.971	3.828
238.200	209.971	3.828
238.400	209.970	3.828
238.600	209.971	3.828
238.800	209.971	3.828
239.000	209.971	3.828
239.200	209.971	3.828
239.400	209.971	3.828
239.600	209.970	3.828
239.800	209.970	3.828
240.000	209.969	3.828
240.200	209.969	3.828
240.400	209.970	3.828
240.600	209.972	3.828
240.800	209.970	3.828
241.000	209.971	3.828
241.200	209.969	3.828
241.400	209.970	3.828
241.600	209.969	3.828
241.800	209.970	3.828
242.000	209.970	3.828
242.200	209.970	3.828
242.400	209.970	3.828
242.600	209.971	3.828
242.800	209.968	3.828
243.000	209.971	3.828
243.200	209.970	3.828
243.400	209.971	3.828
243.600	209.971	3.828
243.800	209.971	3.828
244.000	209.972	3.828
244.200	209.970	3.828
244.400	209.971	3.828
244.600	209.970	3.828
244.800	209.970	3.828
245.000	209.972	3.828
245.200	209.970	3.828
245.400	209.970	3.828
245.600	209.970	3.828
245.800	209.971	3.828
246.000	209.971	3.828
246.200	209.971	3.828
246.400	209.970	3.828
246.600	209.971	3.828
246.800	209.970	3.828
247.000	209.971	3.828
247.200	209.970	3.828
247.400	209.970	3.828
247.600	209.969	3.828
247.800	209.969	3.828
248.000	209.972	3.828
248.200	209.970	3.828
248.400	209.970	3.828
248.600	209.971	3.828
248.800	209.972	3.828
249.000	209.969	3.828
249.200	209.971	3.828
249.400	209.970	3.828
249.600	209.970	3.828
249.800	209.970	3.828
250.000	209.971	3.828
250.200	209.972	3.828
250.400	209.970	3.828
250.600	209.971	3.828
250.800	209.970	3.828
251.000	209.970	3.828
251.200	209.971	3.828
251.400	209.968	3.828
251.600	209.969	3.828
251.800	209.970	3.828
252.000	209.971	3.828
252.200	209.971	3.828
252.400	209.970	3.828
252.600	209.971	3.828
252.800	209.970	3.828
253.000	209.970	3.828
253.200	209.971	3.828
253.400	209.973	3.828
253.600	209.972	3.828
253.800	209.972	3.828
254.000	209.971	3.828
254.200	209.971	3.828
254.400	209.972	3.828
254.600	209.971	3.828
254.800	209.970	3.828
255.000	209.972	3.828
255.200	209.969	3.828
255.400	209.969	3.828
255.600	209.970	3.828
255.800	209.969	3.828
256.000	209.971	3.828
256.200	209.970	3.828
256.400	209.970	3.828
256.600	209.969	3.828
256.800	209.969	3.828
257.000	209.970	3.828
257.200	209.970	3.828
257.400	209.970	3.828
257.600	209.968	3.828
257.800	209.970	3.828
258.000	209.968	3.828
258.200	209.969	3.828
258.400	209.970	3.828
258.600	209.970	3.828
258.800	209.969	3.828
259.000	209.969	3.828
259.200	209.970	3.828
259.400	209.971	3.828
259.600	209.969	3.828
259.800	209.969	3.828
260.000	209.969	3.828
260.200	209.970	3.828
260.400	209.970	3.829
260.600	209.970	3.828
260.800	209.972	3.828
261.000	209.971	3.829
261.200	209.970	3.829
261.400	209.971	3.829
261.600	209.972	3.829
261.800	209.971	3.829
262.000	209.972	3.829
262.200	209.970	3.829
262.400	209.969	3.829
262.600	209.970	3.829
262.800	209.969	3.829
263.000	209.970	3.829
263.200	209.970	3.829
263.400	209.971	3.829
263.600	209.971	3.829
263.800	209.971	3.829
264.000	209.970	3.829
264.200	209.971	3.829
264.400	209.971	3.829
264.600	209.973	3.829
264.800	209.969	3.829
265.000	209.969	3.829
265.200	209.971	3.829
265.400	209.971	3.829
265.600	209.970	3.829
265.800	209.971	3.829
266.000	209.971	3.829
266.200	209.970	3.829
266.400	209.970	3.829
266.600	209.970	3.829
266.800	209.970	3.829
267.000	209.971	3.829
267.200	209.971	3.829
267.400	209.970	3.829
267.600	209.970	3.829
267.800	209.971	3.829
268.000	209.970	3.829
268.200	209.972	3.829
268.400	209.971	3.829
268.600	209.971	3.829
268.800	209.971	3.829
269.000	209.971	3.829
269.200	209.971	3.829
269.400	209.970	3.829
269.600	209.970	3.829
269.800	209.972	3.829
270.000	209.972	3.829
270.200	209.971	3.829
270.400	209.973	3.829
270.600	209.972	3.829
270.800	209.971	3.829
271.000	209.972	3.829
271.200	209.970	3.829
271.400	209.971	3.829
271.600	209.970	3.829
271.800	209.971	3.829
272.000	209.971	3.829
272.200	209.971	3.829
272.400	209.971	3.829
272.600	209.970	3.829
272.800	209.970	3.829
273.000	209.971	3.829
273.200	209.970	3.829
273.400	209.971	3.829
273.600	209.970	3.829
273.800	209.971	3.829
274.000	209.971	3.829
274.200	209.972	3.829
274.400	209.971	3.829
274.600	209.971	3.829
274.800	209.973	3.829
275.000	209.972	3.829
275.200	209.971	3.829
275.400	209.972	3.829
275.600	209.971	3.829
275.800	209.972	3.829
276.000	209.971	3.829
276.200	209.971	3.829
276.400	209.971	3.829
276.600	209.972	3.829
276.800	209.973	3.829
277.000	209.971	3.829
277.200	209.971	3.829
277.400	209.973	3.829
277.600	209.971	3.829
277.800	209.971	3.829
278.000	209.972	3.829
278.200	209.973	3.829
278.400	209.974	3.829
278.600	209.974	3.829
278.800	209.973	3.829
279.000	209.973	3.829
279.200	209.972	3.829
279.400	209.973	3.829
279.600	209.972	3.829
279.800	209.973	3.829
280.000	209.973	3.829
280.200	209.972	3.829
280.400	209.972	3.829
280.600	209.972	3.829
280.800	209.972	3.829
281.000	209.971	3.829
281.200	209.973	3.829
281.400	209.972	3.829
281.600	209.971	3.829
281.800	209.972	3.829
282.000	209.973	3.829
282.200	209.971	3.829
282.400	209.971	3.829
282.600	209.973	3.829
282.800	209.971	3.829
283.000	209.972	3.829
283.200	209.971	3.829
283.400	209.972	3.829
283.600	209.972	3.829
283.800	209.971	3.829
284.000	209.972	3.829
284.200	209.971	3.829
284.400	209.970	3.829
284.600	209.971	3.829
284.800	209.970	3.829
285.000	209.972	3.829
285.200	209.973	3.829
285.400	209.973	3.829
285.600	209.972	3.829
285.800	209.973	3.829
286.000	209.973	3.829
286.200	209.973	3.829
286.400	209.972	3.829
286.600	209.973	3.829
286.800	209.973	3.829
287.000	209.972	3.829
287.200	209.972	3.829
287.400	209.972	3.829
287.600	209.972	3.829
287.800	209.973	3.829
288.000	209.971	3.829
288.200	209.972	3.829
288.400	209.972	3.829
288.600	209.972	3.829
288.800	209.973	3.829
289.000	209.974	3.829
289.200	209.973	3.829
289.400	209.971	3.829
289.600	209.971	3.829
289.800	209.973	3.829
290.000	209.971	3.829
290.200	209.971	3.829
290.400	209.971	3.829
290.600	209.971	3.829
290.800	209.972	3.829
291.000	209.972	3.829
291.200	209.973	3.829
291.400	209.973	3.829
291.600	209.972	3.829
291.800	209.971	3.829
292.000	209.972	3.829
292.200	209.972	3.829
292.400	209.972	3.829
292.600	209.972	3.829
292.800	209.971	3.829
293.000	209.971	3.829
293.200	209.971	3.829
293.400	209.971	3.829
293.600	209.971	3.829
293.800	209.972	3.829
294.000	209.972	3.829
294.200	209.972	3.829
294.400	209.971	3.829
294.600	209.970	3.829
294.800	209.972	3.829
295.000	209.972	3.829
295.200	209.973	3.829
295.400	209.971	3.829
295.600	209.972	3.829
295.800	209.974	3.829
296.000	209.972	3.829
296.200	209.971	3.829
296.400	209.973	3.829
296.600	209.971	3.829
296.800	209.972	3.829
297.000	209.972	3.829
297.200	209.974	3.829
297.400	209.974	3.829
297.600	209.973	3.830
297.800	209.973	3.829
298.000	209.972	3.829
298.200	209.972	3.829
298.400	209.971	3.830
298.600	209.972	3.830
298.800	209.974	3.830
299.000	209.973	3.830
299.200	209.975	3.830
299.400	209.973	3.830
299.600	209.974	3.830
299.800	209.974	3.830
300.000	209.974	3.830
300.200	209.975	3.830
300.400	209.973	3.830
300.600	209.974	3.830
300.800	209.974	3.830
301.000	209.974	3.830
301.200	209.972	3.830
301.400	209.976	3.830
301.600	209.972	3.830
301.800	209.973	3.830
302.000	209.973	3.830
302.200	209.974	3.830
302.400	209.971	3.830
302.600	209.972	3.830
302.800	209.973	3.830
303.000	209.973	3.830
303.200	209.972	3.830
303.400	209.973	3.830
303.600	209.971	3.830
303.800	209.972	3.830
304.000	209.972	3.830
304.200	209.974	3.830
304.400	209.973	3.830
304.600	209.973	3.830
304.800	209.971	3.830
305.000	209.972	3.830
305.200	209.971	3.830
305.400	209.971	3.830
305.600	209.973	3.830
305.800	209.972	3.830
306.000	209.970	3.830
306.200	209.971	3.830
306.400	209.973	3.830
306.600	209.972	3.830
306.800	209.973	3.830
307.000	209.971	3.830
307.200	209.972	3.830
307.400	209.972	3.830
307.600	209.971	3.830
307.800	209.973	3.830
308.000	209.972	3.830
308.200	209.974	3.830
308.400	209.973	3.830
308.600	209.972	3.830
308.800	209.972	3.830
309.000	209.971	3.830
309.200	209.972	3.830
309.400	209.971	3.830
309.600	209.972	3.830
309.800	209.970	3.830
310.000	209.970	3.830
310.200	209.973	3.830
310.400	209.973	3.830
310.600	209.972	3.830
310.800	209.972	3.830
311.000	209.973	3.830
311.200	209.972	3.830
311.400	209.972	3.830
311.600	209.972	3.830
311.800	209.972	3.830
312.000	209.972	3.830
312.200	209.973	3.830
312.400	209.973	3.830
312.600	209.972	3.830
312.800	209.975	3.830
313.000	209.973	3.830
313.200	209.974	3.830
313.400	209.971	3.830
313.600	209.973	3.830
313.800	209.973	3.830
314.000	209.971	3.830
314.200	209.972	3.830
314.400	209.972	3.830
314.600	209.972	3.830
314.800	209.973	3.830
315.000	209.971	3.830
315.200	209.971	3.830
315.400	209.970	3.830
315.600	209.971	3.830
315.800	209.972	3.830
316.000	209.972	3.830
316.200	209.972	3.830
316.400	209.972	3.830
316.600	209.973	3.830
316.800	209.974	3.830
317.000	209.971	3.830
317.200	209.972	3.830
317.400	209.973	3.830
317.600	209.972	3.830
317.800	209.972	3.830
318.000	209.971	3.830
318.200	209.971	3.830
318.400	209.971	3.830
318.600	209.971	3.830
318.800	209.972	3.830
319.000	209.972	3.830
319.200	209.971	3.830
319.400	209.971	3.830
319.600	209.971	3.830
319.800	209.972	3.830
320.000	209.973	3.830
320.200	209.971	3.830
320.400	209.971	3.830
320.600	209.973	3.830
320.800	209.970	3.830
321.000	209.971	3.830
321.200	209.972	3.830
321.400	209.972	3.830
321.600	209.971	3.830
321.800	209.972	3.830
322.000	209.972	3.830
322.200	209.971	3.830
322.400	209.971	3.830
322.600	209.972	3.830
322.800	209.972	3.830
323.000	209.972	3.830
323.200	209.971	3.830
323.400	209.972	3.830
323.600	209.970	3.830
323.800	209.971	3.830
324.000	209.972	3.830
324.200	209.972	3.830
324.400	209.972	3.830
324.600	209.971	3.830
324.800	209.972	3.830
325.000	209.972	3.830
325.200	209.972	3.830
325.400	209.973	3.830
325.600	209.973	3.830
325.800	209.974	3.830
326.000	209.972	3.830
326.200	209.974	3.830
326.400	209.973	3.830
326.600	209.973	3.830
326.800	209.972	3.830
327.000	209.971	3.830
327.200	209.974	3.830
327.400	209.970	3.830
327.600	209.970	3.830
327.800	209.971	3.830
328.000	209.971	3.830
328.200	209.971	3.830
328.400	209.970	3.830
328.600	209.971	3.830
328.800	209.972	3.830
329.000	209.972	3.830
329.200	209.971	3.830
329.400	209.970	3.830
329.600	209.971	3.830
329.800	209.969	3.830
330.000	209.971	3.830
330.200	209.972	3.830
330.400	209.973	3.830
330.600	209.972	3.830
330.800	209.972	3.830
331.000	209.972	3.830
331.200	209.972	3.830
331.400	209.972	3.830
331.600	209.973	3.830
331.800	209.974	3.830
332.000	209.973	3.830
332.200	209.972	3.830
332.400	209.973	3.830
332.600	209.973	3.830
332.800	209.971	3.830
333.000	209.974	3.830
333.200	209.973	3.830
333.400	209.975	3.830
333.600	209.973	3.830
333.800	209.973	3.830
334.000	209.972	3.830
334.200	209.972	3.830
334.400	209.972	3.830
334.600	209.973	3.830
334.800	209.972	3.830
335.000	209.974	3.830
335.200	209.974	3.830
335.400	209.973	3.830
335.600	209.971	3.831
335.800	209.973	3.831
336.000	209.972	3.830
336.200	209.974	3.830
336.400	209.973	3.830
336.600	209.975	3.830
336.800	209.974	3.831
337.000	209.974	3.831
337.200	209.975	3.831
337.400	209.975	3.831
337.600	209.976	3.831
337.800	209.975	3.830
338.000	209.974	3.831
338.200	209.974	3.831
338.400	209.975	3.831
338.600	209.975	3.831
338.800	209.975	3.831
339.000	209.972	3.831
339.200	209.975	3.831
339.400	209.973	3.831
339.600	209.975	3.831
339.800	209.976	3.831
340.000	209.974	3.831
340.200	209.975	3.831
340.400	209.973	3.831
340.600	209.976	3.831
340.800	209.975	3.831
341.000	209.974	3.831
341.200	209.976	3.831
341.400	209.975	3.831
341.600	209.974	3.831
341.800	209.976	3.831
342.000	209.974	3.831
342.200	209.973	3.831
342.400	209.974	3.831
342.600	209.974	3.831
342.800	209.973	3.831
343.000	209.974	3.831
343.200	209.974	3.831
343.400	209.973	3.831
343.600	209.973	3.831
343.800	209.973	3.831
344.000	209.972	3.831
344.200	209.973	3.831
344.400	209.971	3.831
344.600	209.971	3.831
344.800	209.972	3.831
345.000	209.973	3.831
345.200	209.971	3.831
345.400	209.971	3.831
345.600	209.971	3.831
345.800	209.971	3.831
346.000	209.972	3.831
346.200	209.972	3.831
346.400	209.973	3.831
346.600	209.973	3.831
346.800	209.973	3.831
347.000	209.974	3.831
347.200	209.971	3.831
347.400	209.974	3.831
347.600	209.971	3.831
347.800	209.973	3.831
348.000	209.972	3.831
348.200	209.973	3.831
348.400	209.972	3.831
348.600	209.972	3.831
348.800	209.973	3.831
349.000	209.972	3.831
349.200	209.971	3.831
349.400	209.972	3.831
349.600	209.971	3.831
349.800	209.970	3.831
350.000	209.972	3.831
350.200	209.972	3.831
350.400	209.970	3.831
350.600	209.972	3.831
350.800	209.971	3.831
351.000	209.971	3.831
351.200	209.971	3.831
351.400	209.971	3.831
351.600	209.972	3.831
351.800	209.973	3.831
352.000	209.973	3.831
352.200	209.971	3.831
352.400	209.971	3.831
352.600	209.973	3.831
352.800	209.972	3.831
353.000	209.971	3.831
353.200	209.971	3.831
353.400	209.970	3.831
353.600	209.970	3.831
353.800	209.970	3.831
354.000	209.972	3.831
354.200	209.971	3.831
354.400	209.970	3.831
354.600	209.971	3.831
354.800	209.972	3.831
355.000	209.972	3.831
355.200	209.972	3.831
355.400	209.972	3.831
355.600	209.971	3.831
355.800	209.973	3.831
356.000	209.971	3.831
356.200	209.971	3.831
356.400	209.971	3.831
356.600	209.971	3.831
356.800	209.971	3.831
357.000	209.972	3.831
357.200	209.974	3.831
357.400	209.972	3.831
357.600	209.972	3.831
357.800	209.972	3.831
358.000	209.972	3.831
358.200	209.972	3.831
358.400	209.972	3.831
358.600	209.973	3.831
358.800	209.972	3.831
359.000	209.970	3.831
359.200	209.972	3.831
359.400	209.971	3.831
359.600	209.972	3.831
359.800	209.972	3.831
360.000	209.973	3.831
360.200	209.971	3.831
360.400	209.972	3.831
360.600	209.972	3.831
360.800	209.971	3.831
361.000	209.971	3.831
361.200	209.973	3.831
361.400	209.971	3.831
361.600	209.971	3.831
361.800	209.973	3.831
362.000	209.973	3.831
362.200	209.972	3.831
362.400	209.973	3.831
362.600	209.972	3.831
362.800	209.971	3.831
363.000	209.972	3.831
363.200	209.970	3.831
363.400	209.971	3.831
363.600	209.971	3.831
363.800	209.971	3.831
364.000	209.969	3.831
364.200	209.970	3.831
364.400	209.971	3.831
364.600	209.970	3.831
364.800	209.970	3.831
365.000	209.971	3.831
365.200	209.972	3.831
365.400	209.973	3.831
365.600	209.970	3.831
365.800	209.971	3.831
366.000	209.971	3.831
366.200	209.971	3.831
366.400	209.972	3.831
366.600	209.971	3.831
366.800	209.972	3.831
367.000	209.972	3.831
367.200	209.973	3.831
367.400	209.974	3.831
367.600	209.971	3.831
367.800	209.970	3.831
368.000	209.971	3.831
368.200	209.971	3.831
368.400	209.971	3.831
368.600	209.971	3.831
368.800	209.970	3.831
369.000	209.970	3.831
369.200	209.970	3.831
369.400	209.971	3.831
369.600	209.972	3.831
369.800	209.971	3.831
370.000	209.970	3.831
370.200	209.970	3.831
370.400	209.970	3.831
370.600	209.972	3.831
370.800	209.971	3.831
371.000	209.971	3.831
371.200	209.972	3.831
371.400	209.971	3.831
371.600	209.972	3.831
371.800	209.972	3.831
372.000	209.972	3.831
372.200	209.971	3.831
372.400	209.972	3.831
372.600	209.970	3.831
372.800	209.972	3.831
373.000	209.972	3.831
373.200	209.972	3.831
373.400	209.973	3.831
373.600	209.971	3.831
373.800	209.971	3.831
374.000	209.972	3.831
374.200	209.972	3.831
374.400	209.972	3.831
374.600	209.971	3.831
374.800	209.971	3.831
375.000	209.971	3.831
375.200	209.972	3.831
375.400	209.972	3.831
375.600	209.971	3.831
375.800	209.972	3.831
376.000	209.972	3.831
376.200	209.972	3.831
376.400	209.973	3.832
376.600	209.973	3.832
376.800	209.972	3.832
377.000	209.972	3.832
377.200	209.971	3.832
377.400	209.971	3.832
377.600	209.970	3.832
377.800	209.971	3.832
378.000	209.973	3.832
378.200	209.972	3.832
378.400	209.971	3.832
378.600	209.971	3.832
378.800	209.972	3.832
379.000	209.973	3.832
379.200	209.974	3.832
379.400	209.972	3.832
379.600	209.972	3.832
379.800	209.974	3.832
380.000	209.972	3.832
380.200	209.972	3.832
380.400	209.973	3.832
380.600	209.972	3.832
380.800	209.973	3.832
381.000	209.973	3.832
381.200	209.973	3.832
381.400	209.972	3.832
381.600	209.971	3.832
381.800	209.969	3.832
382.000	209.972	3.832
382.200	209.973	3.832
382.400	209.973	3.832
382.600	209.973	3.832
382.800	209.972	3.832
383.000	209.972	3.832
383.200	209.974	3.832
383.400	209.972	3.832
383.600	209.974	3.832
383.800	209.972	3.832
384.000	209.973	3.832
384.200	209.971	3.832
384.400	209.972	3.832
384.600	209.971	3.832
384.800	209.970	3.832
385.000	209.971	3.832
385.200	209.972	3.832
385.400	209.972	3.832
385.600	209.973	3.832
385.800	209.972	3.832
386.000	209.973	3.832
386.200	209.973	3.832
386.400	209.971	3.832
386.600	209.972	3.832
386.800	209.973	3.832
387.000	209.972	3.832
387.200	209.971	3.832
387.400	209.973	3.832
387.600	209.972	3.832
387.800	209.971	3.832
388.000	209.972	3.832
388.200	209.973	3.832
388.400	209.972	3.832
388.600	209.971	3.832
388.800	209.973	3.832
389.000	209.971	3.832
389.200	209.972	3.832
389.400	209.972	3.832
389.600	209.973	3.832
389.800	209.974	3.832
390.000	209.973	3.832
390.200	209.974	3.832
390.400	209.973	3.832
390.600	209.975	3.832
390.800	209.973	3.832
391.000	209.973	3.832
391.200	209.973	3.832
391.400	209.972	3.832
391.600	209.971	3.832
391.800	209.972	3.832
392.000	209.972	3.832
392.200	209.974	3.832
392.400	209.972	3.832
392.600	209.972	3.832
392.800	209.973	3.832
393.000	209.971	3.832
393.200	209.974	3.832
393.400	209.972	3.832
393.600	209.972	3.832
393.800	209.972	3.832
394.000	209.972	3.832
394.200	209.972	3.832
394.400	209.972	3.832
394.600	209.973	3.832
394.800	209.972	3.832
395.000	209.973	3.832
395.200	209.972	3.832
395.400	209.972	3.832
395.600	209.972	3.832
395.800	209.972	3.832
396.000	209.972	3.832
396.200	209.973	3.832
396.400	209.971	3.832
396.600	209.971	3.832
396.800	209.971	3.832
397.000	209.971	3.832
397.200	209.971	3.832
397.400	209.973	3.832
397.600	209.973	3.832
397.800	209.974	3.832
398.000	209.973	3.832
398.200	209.971	3.832
398.400	209.972	3.832
398.600	209.973	3.832
398.800	209.972	3.832
399.000	209.973	3.832
399.200	209.971	3.832
399.400	209.972	3.832
399.600	209.972	3.832
399.800	209.972	3.832
400.000	209.970	3.832
400.200	209.972	3.832
400.400	209.972	3.832
400.600	209.971	3.832
400.800	209.970	3.832
401.000	209.971	3.832
401.200	209.971	3.832
401.400	209.970	3.832
401.600	209.971	3.832
401.800	209.972	3.832
402.000	209.971	3.832
402.200	209.971	3.832
402.400	209.972	3.832
402.600	209.972	3.832
402.800	209.970	3.832
403.000	209.971	3.832
403.200	209.970	3.832
403.400	209.972	3.832
403.600	209.972	3.832
403.800	209.971	3.832
404.000	209.972	3.832
404.200	209.972	3.832
404.400	209.971	3.832
404.600	209.972	3.832
404.800	209.971	3.832
405.000	209.971	3.832
405.200	209.971	3.832
405.400	209.971	3.832
405.600	209.973	3.832
405.800	209.973	3.832
406.000	209.971	3.832
406.200	209.972	3.832
406.400	209.971	3.832
406.600	209.974	3.832
406.800	209.972	3.832
407.000	209.974	3.832
407.200	209.972	3.832
407.400	209.971	3.832
407.600	209.972	3.832
407.800	209.974	3.832
408.000	209.973	3.832
408.200	209.974	3.832
408.400	209.972	3.832
408.600	209.973	3.832
408.800	209.973	3.832
409.000	209.973	3.832
409.200	209.974	3.832
409.400	209.974	3.832
409.600	209.973	3.832
409.800	209.974	3.832
410.000	209.973	3.832
410.200	209.974	3.832
410.400	209.973	3.832
410.600	209.974	3.832
410.800	209.974	3.832
411.000	209.973	3.832
411.200	209.973	3.832
411.400	209.973	3.832
411.600	209.974	3.832
411.800	209.972	3.832
412.000	209.972	3.832
412.200	209.972	3.832
412.400	209.972	3.832
412.600	209.971	3.832
412.800	209.973	3.832
413.000	209.972	3.832
413.200	209.973	3.833
413.400	209.973	3.832
413.600	209.973	3.832
413.800	209.974	3.832
414.000	209.973	3.832
414.200	209.975	3.832
414.400	209.976	3.832
414.600	209.975	3.833
414.800	209.975	3.832
415.000	209.972	3.832
415.200	209.973	3.832
415.400	209.973	3.832
415.600	209.974	3.833
415.800	209.973	3.832
416.000	209.973	3.832
416.200	209.974	3.833
416.400	209.973	3.832
416.600	209.974	3.833
416.800	209.974	3.833
417.000	209.974	3.833
417.200	209.972	3.833
417.400	209.973	3.832
417.600	209.974	3.833
417.800	209.975	3.833
418.000	209.974	3.833
418.200	209.973	3.833
418.400	209.974	3.833
418.600	209.973	3.833
418.800	209.973	3.833
419.000	209.973	3.833
419.200	209.974	3.833
419.400	209.974	3.833
419.600	209.974	3.833
419.800	209.974	3.833
420.000	209.973	3.833
420.200	209.975	3.833
420.400	209.975	3.833
420.600	209.974	3.833
420.800	209.974	3.833
421.000	209.973	3.833
421.200	209.974	3.833
421.400	209.975	3.833
421.600	209.973	3.833
421.800	209.973	3.833
422.000	209.974	3.833
422.200	209.974	3.833
422.400	209.973	3.833
422.600	209.975	3.833
422.800	209.974	3.833
423.000	209.974	3.833
423.200	209.973	3.833
423.400	209.974	3.833
423.600	209.975	3.833
423.800	209.974	3.833
424.000	209.976	3.833
424.200	209.974	3.833
424.400	209.975	3.833
424.600	209.974	3.833
424.800	209.974	3.833
425.000	209.974	3.833
425.200	209.975	3.833
425.400	209.975	3.833
425.600	209.975	3.833
425.800	209.975	3.833
426.000	209.975	3.833
426.200	209.974	3.833
426.400	209.974	3.833
426.600	209.974	3.833
426.800	209.974	3.833
427.000	209.972	3.833
427.200	209.974	3.833
427.400	209.973	3.833
427.600	209.973	3.833
427.800	209.974	3.833
428.000	209.973	3.833
428.200	209.972	3.833
428.400	209.973	3.833
428.600	209.975	3.833
428.800	209.975	3.833
429.000	209.974	3.833
429.200	209.972	3.833
429.400	209.973	3.833
429.600	209.975	3.833
429.800	209.974	3.833
430.000	209.975	3.833
430.200	209.973	3.833
430.400	209.974	3.833
430.600	209.974	3.833
430.800	209.973	3.833
431.000	209.975	3.833
431.200	209.975	3.833
431.400	209.973	3.833
431.600	209.972	3.833
431.800	209.974	3.833
432.000	209.974	3.833
432.200	209.974	3.833
432.400	209.973	3.833
432.600	209.972	3.833
432.800	209.974	3.833
433.000	209.974	3.833
433.200	209.975	3.833
433.400	209.974	3.833
433.600	209.975	3.833
433.800	209.975	3.833
434.000	209.975	3.833
434.200	209.975	3.833
434.400	209.974	3.833
434.600	209.975	3.833
434.800	209.974	3.833
435.000	209.975	3.833
435.200	209.974	3.833
435.400	209.972	3.833
435.600	209.974	3.833
435.800	209.973	3.833
436.000	209.976	3.833
436.200	209.975	3.833
436.400	209.973	3.833
436.600	209.973	3.833
436.800	209.974	3.833
437.000	209.974	3.833
437.200	209.973	3.833
437.400	209.973	3.833
437.600	209.974	3.833
437.800	209.975	3.833
438.000	209.976	3.833
438.200	209.975	3.833
438.400	209.975	3.833
438.600	209.974	3.833
438.800	209.976	3.833
439.000	209.975	3.833
439.200	209.975	3.833
439.400	209.974	3.833
439.600	209.975	3.833
439.800	209.973	3.833
440.000	209.973	3.833
440.200	209.975	3.833
440.400	209.975	3.833
440.600	209.976	3.833
440.800	209.976	3.833
441.000	209.973	3.833
441.200	209.976	3.833
441.400	209.976	3.833
441.600	209.976	3.833
441.800	209.976	3.833
442.000	209.975	3.833
442.200	209.976	3.833
442.400	209.975	3.833
442.600	209.975	3.833
442.800	209.974	3.833
443.000	209.973	3.833
443.200	209.974	3.833
443.400	209.974	3.833
443.600	209.975	3.833
443.800	209.973	3.833
444.000	209.974	3.833
444.200	209.974	3.833
444.400	209.975	3.833
444.600	209.975	3.833
444.800	209.974	3.833
445.000	209.975	3.833
445.200	209.976	3.833
445.400	209.975	3.833
445.600	209.976	3.833
445.800	209.975	3.833
446.000	209.974	3.833
446.200	209.975	3.833
446.400	209.975	3.833
446.600	209.974	3.833
446.800	209.974	3.833
447.000	209.974	3.833
447.200	209.973	3.833
447.400	209.972	3.833
447.600	209.973	3.833
447.800	209.975	3.833
448.000	209.973	3.833
448.200	209.973	3.833
448.400	209.973	3.833
448.600	209.974	3.833
448.800	209.973	3.833
449.000	209.973	3.833
449.200	209.975	3.833
449.400	209.975	3.833
449.600	209.976	3.833
449.800	209.976	3.833
450.000	209.976	3.833
450.200	209.975	3.833
450.400	209.976	3.833
450.600	209.975	3.833
450.800	209.974	3.833
451.000	209.975	3.833
451.200	209.975	3.833
451.400	209.973	3.833
451.600	209.973	3.833
451.800	209.975	3.833
452.000	209.975	3.833
452.200	209.974	3.833
452.400	209.974	3.833
452.600	209.974	3.833
452.800	209.975	3.833
453.000	209.976	3.833
453.200	209.977	3.833
453.400	209.977	3.833
453.600	209.975	3.834
453.800	209.973	3.833
454.000	209.974	3.834
454.200	209.973	3.833
454.400	209.974	3.834
454.600	209.976	3.833
454.800	209.976	3.833
455.000	209.976	3.833
455.200	209.975	3.834
455.400	209.975	3.834
455.600	209.977	3.834
455.800	209.976	3.834
456.000	209.977	3.834
456.200	209.976	3.834
456.400	209.976	3.834
456.600	209.976	3.834
456.800	209.977	3.834
457.000	209.976	3.834
457.200	209.977	3.834
457.400	209.977	3.834
457.600	209.977	3.834
457.800	209.975	3.834
458.000	209.975	3.834
458.200	209.975	3.834
458.400	209.976	3.834
458.600	209.976	3.834
458.800	209.975	3.834
459.000	209.976	3.834
459.200	209.977	3.834
459.400	209.976	3.834
459.600	209.974	3.834
459.800	209.974	3.834
460.000	209.974	3.834
460.200	209.975	3.834
460.400	209.977	3.834
460.600	209.974	3.834
460.800	209.975	3.834
461.000	209.974	3.834
461.200	209.976	3.834
461.400	209.976	3.834
461.600	209.975	3.834
461.800	209.975	3.834
462.000	209.975	3.834
462.200	209.974	3.834
462.400	209.974	3.834
462.600	209.975	3.834
462.800	209.976	3.834
463.000	209.976	3.834
463.200	209.975	3.834
463.400	209.974	3.834
463.600	209.975	3.834
463.800	209.975	3.834
464.000	209.975	3.834
464.200	209.974	3.834
464.400	209.975	3.834
464.600	209.976	3.834
464.800	209.975	3.834
465.000	209.976	3.834
465.200	209.974	3.834
465.400	209.974	3.834
465.600	209.973	3.834
465.800	209.975	3.834
466.000	209.975	3.834
466.200	209.974	3.834
466.400	209.974	3.834
466.600	209.974	3.834
466.800	209.975	3.834
467.000	209.974	3.834
467.200	209.974	3.834
467.400	209.974	3.834
467.600	209.974	3.834
467.800	209.974	3.834
468.000	209.973	3.834
468.200	209.973	3.834
468.400	209.973	3.834
468.600	209.975	3.834
468.800	209.976	3.834
469.000	209.976	3.834
469.200	209.976	3.834
469.400	209.975	3.834
469.600	209.975	3.834
469.800	209.973	3.834
470.000	209.976	3.834
470.200	209.975	3.834
470.400	209.975	3.834
470.600	209.975	3.834
470.800	209.975	3.834
471.000	209.973	3.834
471.200	209.975	3.834
471.400	209.974	3.834
471.600	209.973	3.834
471.800	209.974	3.834
472.000	209.975	3.834
472.200	209.975	3.834
472.400	209.975	3.834
472.600	209.975	3.834
472.800	209.974	3.834
473.000	209.974	3.834
473.200	209.974	3.834
473.400	209.974	3.834
473.600	209.973	3.834
473.800	209.975	3.834
474.000	209.973	3.834
474.200	209.974	3.834
474.400	209.975	3.834
474.600	209.975	3.834
474.800	209.975	3.834
475.000	209.974	3.834
475.200	209.974	3.834
475.400	209.974	3.834
475.600	209.974	3.834
475.800	209.975	3.834
476.000	209.976	3.834
476.200	209.976	3.834
476.400	209.977	3.834
476.600	209.976	3.834
476.800	209.976	3.834
477.000	209.977	3.834
477.200	209.975	3.834
477.400	209.975	3.834
477.600	209.974	3.834
477.800	209.975	3.834
478.000	209.976	3.834
478.200	209.977	3.834
478.400	209.975	3.834
478.600	209.975	3.834
478.800	209.975	3.834
479.000	209.975	3.834
479.200	209.976	3.834
479.400	209.975	3.834
479.600	209.973	3.834
479.800	209.975	3.834
480.000	209.975	3.834
480.200	209.977	3.834
480.400	209.976	3.834
480.600	209.976	3.834
480.800	209.974	3.834
481.000	209.975	3.834
481.200	209.975	3.834
481.400	209.974	3.834
481.600	209.975	3.834
481.800	209.975	3.834
482.000	209.974	3.834
482.200	209.976	3.834
482.400	209.975	3.834
482.600	209.975	3.834
482.800	209.976	3.834
483.000	209.977	3.834
483.200	209.975	3.834
483.400	209.975	3.834
483.600	209.976	3.834
483.800	209.976	3.834
484.000	209.975	3.834
484.200	209.975	3.834
484.400	209.975	3.834
484.600	209.975	3.834
484.800	209.975	3.834
485.000	209.974	3.834
485.200	209.975	3.834
485.400	209.975	3.834
485.600	209.976	3.834
485.800	209.975	3.834
486.000	209.976	3.834
486.200	209.974	3.834
486.400	209.975	3.834
486.600	209.975	3.834
486.800	209.975	3.834
487.000	209.974	3.834
487.200	209.974	3.834
487.400	209.975	3.834
487.600	209.974	3.834
487.800	209.973	3.834
488.000	209.975	3.834
488.200	209.976	3.834
488.400	209.974	3.834
488.600	209.974	3.834
488.800	209.974	3.834
489.000	209.976	3.834
489.200	209.973	3.834
489.400	209.976	3.834
489.600	209.973	3.834
489.800	209.974	3.834
490.000	209.973	3.834
490.200	209.973	3.834
490.400	209.976	3.834
490.600	209.974	3.834
490.800	209.976	3.834
491.000	209.975	3.834
491.200	209.975	3.835
491.400	209.973	3.834
491.600	209.974	3.834
491.800	209.973	3.834
492.000	209.975	3.835
492.200	209.974	3.834
492.400	209.972	3.834
492.600	209.972	3.835
492.800	209.974	3.834
493.000	209.974	3.834
493.200	209.975	3.835
493.400	209.973	3.835
493.600	209.974	3.835
493.800	209.973	3.835
494.000	209.974	3.835
494.200	209.972	3.835
494.400	209.974	3.834
494.600	209.974	3.835
494.800	209.972	3.834
495.000	209.972	3.835
495.200	209.971	3.835
495.400	209.973	3.835
495.600	209.971	3.835
495.800	209.970	3.835
496.000	209.972	3.835
496.200	209.973	3.835
496.400	209.973	3.835
496.600	209.971	3.835
496.800	209.972	3.835
497.000	209.974	3.835
497.200	209.972	3.835
497.400	209.974	3.835
497.600	209.973	3.835
497.800	209.972	3.835
498.000	209.972	3.835
498.200	209.972	3.835
498.400	209.973	3.835
498.600	209.973	3.835
498.800	209.974	3.835
499.000	209.971	3.835
499.200	209.973	3.835
499.400	209.973	3.835
499.600	209.973	3.835
499.800	209.974	3.835
500.000	209.974	3.835
500.200	209.972	3.835
500.400	209.973	3.835
500.600	209.972	3.835
500.800	209.974	3.835
501.000	209.973	3.835
501.200	209.973	3.835
501.400	209.973	3.835
501.600	209.973	3.835
501.800	209.973	3.835
502.000	209.972	3.835
502.200	209.973	3.835
502.400	209.973	3.835
502.600	209.973	3.835
502.800	209.972	3.835
503.000	209.972	3.835
503.200	209.973	3.835
503.400	209.974	3.835
503.600	209.972	3.835
503.800	209.973	3.835
504.000	209.973	3.835
504.200	209.973	3.835
504.400	209.973	3.835
504.600	209.974	3.835
504.800	209.974	3.835
505.000	209.974	3.835
505.200	209.974	3.835
505.400	209.975	3.835
505.600	209.974	3.835
505.800	209.974	3.835
506.000	209.974	3.835
506.200	209.975	3.835
506.400	209.973	3.835
506.600	209.973	3.835
506.800	209.972	3.835
507.000	209.972	3.835
507.200	209.975	3.835
507.400	209.973	3.835
507.600	209.974	3.835
507.800	209.975	3.835
508.000	209.973	3.835
508.200	209.973	3.835
508.400	209.973	3.835
508.600	209.974	3.835
508.800	209.973	3.835
509.000	209.973	3.835
509.200	209.972	3.835
509.400	209.974	3.835
509.600	209.975	3.835
509.800	209.975	3.835
510.000	209.972	3.835
510.200	209.974	3.835
510.400	209.974	3.835
510.600	209.975	3.835
510.800	209.977	3.835
511.000	209.976	3.835
511.200	209.975	3.835
511.400	209.975	3.835
511.600	209.974	3.835
511.800	209.975	3.835
512.000	209.975	3.835
512.200	209.976	3.835
512.400	209.976	3.835
512.600	209.975	3.835
512.800	209.975	3.835
513.000	209.973	3.835
513.200	209.975	3.835
513.400	209.975	3.835
513.600	209.975	3.835
513.800	209.975	3.835
514.000	209.975	3.835
514.200	209.976	3.835
514.400	209.975	3.835
514.600	209.976	3.835
514.800	209.975	3.835
515.000	209.977	3.835
515.200	209.978	3.835
515.400	209.976	3.835
515.600	209.976	3.835
515.800	209.976	3.835
516.000	209.974	3.835
516.200	209.976	3.835
516.400	209.975	3.835
516.600	209.974	3.835
516.800	209.976	3.835
517.000	209.975	3.835
517.200	209.975	3.835
517.400	209.974	3.835
517.600	209.973	3.835
517.800	209.974	3.835
518.000	209.975	3.835
518.200	209.973	3.835
518.400	209.975	3.835
518.600	209.974	3.835
518.800	209.975	3.835
519.000	209.974	3.835
519.200	209.974	3.835
519.400	209.974	3.835
519.600	209.973	3.835
519.800	209.975	3.835
520.000	209.974	3.835
520.200	209.973	3.835
520.400	209.974	3.835
520.600	209.973	3.835
520.800	209.973	3.835
521.000	209.974	3.835
521.200	209.973	3.835
521.400	209.973	3.835
521.600	209.973	3.835
521.800	209.973	3.835
522.000	209.973	3.835
522.200	209.973	3.835
522.400	209.974	3.835
522.600	209.973	3.835
522.800	209.975	3.835
523.000	209.974	3.835
523.200	209.975	3.835
523.400	209.973	3.835
523.600	209.972	3.835
523.800	209.972	3.835
524.000	209.973	3.835
524.200	209.973	3.835
524.400	209.973	3.835
524.600	209.973	3.835
524.800	209.974	3.835
525.000	209.973	3.835
525.200	209.973	3.835
525.400	209.973	3.835
525.600	209.972	3.835
525.800	209.973	3.835
526.000	209.974	3.835
526.200	209.972	3.835
526.400	209.974	3.835
526.600	209.974	3.835
526.800	209.972	3.835
527.000	209.974	3.835
527.200	209.972	3.835
527.400	209.974	3.835
527.600	209.973	3.835
527.800	209.974	3.835
528.000	209.975	3.835
528.200	209.972	3.835
528.400	209.974	3.835
528.600	209.973	3.835
528.800	209.975	3.835
529.000	209.973	3.835
529.200	209.974	3.835
529.400	209.974	3.835
529.600	209.974	3.835
529.800	209.975	3.835
530.000	209.976	3.835
530.200	209.974	3.835
530.400	209.974	3.835
530.600	209.975	3.835
530.800	209.973	3.835
531.000	209.974	3.835
531.200	209.973	3.835
531.400	209.974	3.835
531.600	209.975	3.835
531.800	209.974	3.835
532.000	209.975	3.835
532.200	209.974	3.836
532.400	209.976	3.835
532.600	209.975	3.835
532.800	209.974	3.835
533.000	209.974	3.835
533.200	209.974	3.835
533.400	209.976	3.836
533.600	209.974	3.835
533.800	209.974	3.835
534.000	209.975	3.836
534.200	209.974	3.836
534.400	209.975	3.836
534.600	209.973	3.836
534.800	209.974	3.836
535.000	209.974	3.836
535.200	209.974	3.836
535.400	209.973	3.835
535.600	209.976	3.836
535.800	209.974	3.836
536.000	209.975	3.836
536.200	209.973	3.836
536.400	209.973	3.836
536.600	209.973	3.836
536.800	209.973	3.836
537.000	209.973	3.835
537.200	209.971	3.836
537.400	209.972	3.836
537.600	209.974	3.836
537.800	209.973	3.836
538.000	209.973	3.836
538.200	209.972	3.836
538.400	209.973	3.836
538.600	209.972	3.836
538.800	209.972	3.836
539.000	209.971	3.836
539.200	209.973	3.836
539.400	209.972	3.836
539.600	209.973	3.836
539.800	209.974	3.836
540.000	209.974	3.836
540.200	209.975	3.836
540.400	209.974	3.836
540.600	209.974	3.836
540.800	209.975	3.836
541.000	209.975	3.836
541.200	209.975	3.836
541.400	209.976	3.836
541.600	209.974	3.836
541.800	209.975	3.836
542.000	209.975	3.836
542.200	209.973	3.836
542.400	209.973	3.836
542.600	209.974	3.836
542.800	209.975	3.836
543.000	209.974	3.836
543.200	209.972	3.836
543.400	209.975	3.836
543.600	209.975	3.836
543.800	209.975	3.836
544.000	209.975	3.836
544.200	209.976	3.836
544.400	209.976	3.836
544.600	209.976	3.836
544.800	209.976	3.836
545.000	209.976	3.836
545.200	209.974	3.836
545.400	209.976	3.836
545.600	209.975	3.836
545.800	209.974	3.836
546.000	209.974	3.836
546.200	209.975	3.836
546.400	209.976	3.836
546.600	209.976	3.836
546.800	209.976	3.836
547.000	209.974	3.836
547.200	209.974	3.836
547.400	209.975	3.836
547.600	209.976	3.836
547.800	209.975	3.836
548.000	209.975	3.836
548.200	209.975	3.836
548.400	209.975	3.836
548.600	209.976	3.836
548.800	209.976	3.836
549.000	209.976	3.836
549.200	209.975	3.836
549.400	209.975	3.836
549.600	209.977	3.836
549.800	209.976	3.836
550.000	209.975	3.836
550.200	209.976	3.836
550.400	209.976	3.836
550.600	209.975	3.836
550.800	209.976	3.836
551.000	209.978	3.836
551.200	209.976	3.836
551.400	209.976	3.836
551.600	209.976	3.836
551.800	209.974	3.836
552.000	209.977	3.836
552.200	209.975	3.836
552.400	209.975	3.836
552.600	209.975	3.836
552.800	209.975	3.836
553.000	209.976	3.836
553.200	209.974	3.836
553.400	209.974	3.836
553.600	209.976	3.836
553.800	209.976	3.836
554.000	209.975	3.836
554.200	209.976	3.836
554.400	209.976	3.836
554.600	209.974	3.836
554.800	209.974	3.836
555.000	209.976	3.836
555.200	209.976	3.836
555.400	209.975	3.836
555.600	209.976	3.836
555.800	209.977	3.836
556.000	209.974	3.836
556.200	209.974	3.836
556.400	209.974	3.836
556.600	209.977	3.836
556.800	209.973	3.836
557.000	209.975	3.836
557.200	209.974	3.836
557.400	209.978	3.836
557.600	209.975	3.836
557.800	209.976	3.836
558.000	209.976	3.836
558.200	209.976	3.836
558.400	209.976	3.836
558.600	209.976	3.836
558.800	209.976	3.836
559.000	209.976	3.836
559.200	209.976	3.836
559.400	209.976	3.836
559.600	209.975	3.836
559.800	209.975	3.836
560.000	209.975	3.836
560.200	209.975	3.836
560.400	209.976	3.836
560.600	209.976	3.836
560.800	209.976	3.836
561.000	209.976	3.836
561.200	209.976	3.836
561.400	209.975	3.836
561.600	209.976	3.836
561.800	209.975	3.836
562.000	209.977	3.836
562.200	209.976	3.836
562.400	209.976	3.836
562.600	209.977	3.836
562.800	209.977	3.836
563.000	209.977	3.836
563.200	209.977	3.836
563.400	209.975	3.836
563.600	209.975	3.836
563.800	209.976	3.836
564.000	209.976	3.836
564.200	209.974	3.836
564.400	209.975	3.836
564.600	209.974	3.836
564.800	209.976	3.836
565.000	209.975	3.836
565.200	209.974	3.836
565.400	209.975	3.836
565.600	209.975	3.836
565.800	209.975	3.836
566.000	209.975	3.836
566.200	209.975	3.836
566.400	209.976	3.836
566.600	209.976	3.836
566.800	209.974	3.836
567.000	209.974	3.836
567.200	209.975	3.836
567.400	209.974	3.836
567.600	209.974	3.836
567.800	209.974	3.836
568.000	209.973	3.836
568.200	209.974	3.836
568.400	209.975	3.836
568.600	209.975	3.836
568.800	209.974	3.836
569.000	209.973	3.836
569.200	209.975	3.836
569.400	209.975	3.836
569.600	209.975	3.836
569.800	209.974	3.836
570.000	209.975	3.836
570.200	209.975	3.836
570.400	209.975	3.836
570.600	209.974	3.836
570.800	209.973	3.836
571.000	209.974	3.836
571.200	209.974	3.836
571.400	209.975	3.836
571.600	209.976	3.836
571.800	209.975	3.836
572.000	209.975	3.836
572.200	209.974	3.836
572.400	209.975	3.836
572.600	209.976	3.836
572.800	209.975	3.836
573.000	209.974	3.836
573.200	209.974	3.836
573.400	209.974	3.836
573.600	209.975	3.836
573.800	209.975	3.836
574.000	209.974	3.836
574.200	209.976	3.836
574.400	209.974	3.836
574.600	209.973	3.836
574.800	209.973	3.836
575.000	209.972	3.836
575.200	209.974	3.836
575.400	209.974	3.836
575.600	209.974	3.836
575.800	209.974	3.836
576.000	209.975	3.836
576.200	209.975	3.836
576.400	209.975	3.836
576.600	209.975	3.836
576.800	209.975	3.836
577.000	209.974	3.836
577.200	209.974	3.836
577.400	209.976	3.837
577.600	209.976	3.836
577.800	209.975	3.837
578.000	209.976	3.836
578.200	209.976	3.836
578.400	209.976	3.837
578.600	209.976	3.837
578.800	209.976	3.837
579.000	209.977	3.837
579.200	209.976	3.837
579.400	209.977	3.837
579.600	209.977	3.837
579.800	209.977	3.837
580.000	209.977	3.837
580.200	209.976	3.837
580.400	209.977	3.837
580.600	209.976	3.837
580.800	209.977	3.837
581.000	209.976	3.837
581.200	209.976	3.837
581.400	209.977	3.837
581.600	209.977	3.837
581.800	209.977	3.837
582.000	209.978	3.837
582.200	209.977	3.837
582.400	209.976	3.837
582.600	209.976	3.837
582.800	209.977	3.837
583.000	209.977	3.837
583.200	209.977	3.837
583.400	209.977	3.837
583.600	209.976	3.837
583.800	209.976	3.837
584.000	209.979	3.837
584.200	209.979	3.837
584.400	209.977	3.837
584.600	209.978	3.837
584.800	209.977	3.837
585.000	209.978	3.837
585.200	209.976	3.837
585.400	209.977	3.837
585.600	209.976	3.837
585.800	209.977	3.837
586.000	209.977	3.837
586.200	209.977	3.837
586.400	209.976	3.837
586.600	209.976	3.837
586.800	209.980	3.837
587.000	209.979	3.837
587.200	209.978	3.837
587.400	209.976	3.837
587.600	209.978	3.837
587.800	209.976	3.837
588.000	209.977	3.837
588.200	209.977	3.837
588.400	209.977	3.837
588.600	209.977	3.837
588.800	209.977	3.837
589.000	209.975	3.837
589.200	209.977	3.837
589.400	209.975	3.837
589.600	209.977	3.837
589.800	209.978	3.837
590.000	209.976	3.837
590.200	209.978	3.837
590.400	209.976	3.837
590.600	209.977	3.837
590.800	209.978	3.837
591.000	209.978	3.837
591.200	209.976	3.837
591.400	209.976	3.837
591.600	209.976	3.837
591.800	209.978	3.837
592.000	209.978	3.837
592.200	209.976	3.837
592.400	209.978	3.837
592.600	209.978	3.837
592.800	209.977	3.837
593.000	209.976	3.837
593.200	209.977	3.837
593.400	209.976	3.837
593.600	209.976	3.837
593.800	209.976	3.837
594.000	209.978	3.837
594.200	209.976	3.837
594.400	209.977	3.837
594.600	209.977	3.837
594.800	209.976	3.837
595.000	209.977	3.837
595.200	209.977	3.837
595.400	209.977	3.837
595.600	209.977	3.837
595.800	209.977	3.837
596.000	209.979	3.837
596.200	209.977	3.837
596.400	209.977	3.837
596.600	209.978	3.837
596.800	209.977	3.837
597.000	209.978	3.837
597.200	209.977	3.837
597.400	209.978	3.837
597.600	209.977	3.837
597.800	209.976	3.837
598.000	209.975	3.837
598.200	209.977	3.837
598.400	209.979	3.837
598.600	209.979	3.837
598.800	209.977	3.837
599.000	209.977	3.837
599.200	209.978	3.837
599.400	209.978	3.837
599.600	209.977	3.837
599.800	209.978	3.837
600.000	209.977	3.837
600.200	209.978	3.837
600.400	209.977	3.837
600.600	209.976	3.837
600.800	209.978	3.837
601.000	209.978	3.837
601.200	209.978	3.837
601.400	209.979	3.837
601.600	209.977	3.837
601.800	209.979	3.837
602.000	209.978	3.837
602.200	209.978	3.837
602.400	209.977	3.837
602.600	209.978	3.837
602.800	209.978	3.837
603.000	209.978	3.837
603.200	209.977	3.837
603.400	209.977	3.837
603.600	209.978	3.837
603.800	209.978	3.837
604.000	209.977	3.837
604.200	209.978	3.837
604.400	209.978	3.837
604.600	209.977	3.837
604.800	209.979	3.837
605.000	209.978	3.837
605.200	209.978	3.837
605.400	209.977	3.837
605.600	209.978	3.837
605.800	209.977	3.837
606.000	209.977	3.837
606.200	209.979	3.837
606.400	209.976	3.837
606.600	209.978	3.837
606.800	209.978	3.837
607.000	209.976	3.837
607.200	209.977	3.837
607.400	209.977	3.837
607.600	209.978	3.837
607.800	209.977	3.837
608.000	209.978	3.837
608.200	209.977	3.837
608.400	209.977	3.837
608.600	209.977	3.837
608.800	209.979	3.837
609.000	209.976	3.837
609.200	209.977	3.837
609.400	209.975	3.837
609.600	209.976	3.837
609.800	209.976	3.837
610.000	209.977	3.837
610.200	209.975	3.837
610.400	209.977	3.837
610.600	209.976	3.837
610.800	209.977	3.837
611.000	209.976	3.837
611.200	209.975	3.837
611.400	209.975	3.837
611.600	209.976	3.837
611.800	209.975	3.837
612.000	209.976	3.837
612.200	209.975	3.837
612.400	209.976	3.837
612.600	209.977	3.837
612.800	209.976	3.837
613.000	209.977	3.837
613.200	209.978	3.837
613.400	209.977	3.837
613.600	209.977	3.837
613.800	209.977	3.837
614.000	209.976	3.837
614.200	209.976	3.837
614.400	209.978	3.837
614.600	209.978	3.837
614.800	209.976	3.837
615.000	209.975	3.837
615.200	209.977	3.837
615.400	209.976	3.837
615.600	209.978	3.837
615.800	209.976	3.837
616.000	209.976	3.837
616.200	209.978	3.837
616.400	209.978	3.837
616.600	209.977	3.837
616.800	209.976	3.837
617.000	209.976	3.837
617.200	209.975	3.837
617.400	209.975	3.837
617.600	209.976	3.837
617.800	209.975	3.837
618.000	209.977	3.837
618.200	209.976	3.837
618.400	209.977	3.837
618.600	209.978	3.837
618.800	209.976	3.837
619.000	209.976	3.837
619.200	209.977	3.837
619.400	209.977	3.837
619.600	209.975	3.837
619.800	209.977	3.837
620.000	209.976	3.837
620.200	209.974	3.837
620.400	209.975	3.837
620.600	209.976	3.837
620.800	209.977	3.837
621.000	209.978	3.837
621.200	209.978	3.837
621.400	209.977	3.837
621.600	209.977	3.837
621.800	209.976	3.837
622.000	209.976	3.837
622.200	209.974	3.837
622.400	209.976	3.838
622.600	209.976	3.837
622.800	209.976	3.838
623.000	209.975	3.837
623.200	209.974	3.837
623.400	209.976	3.838
623.600	209.978	3.838
623.800	209.976	3.838
624.000	209.978	3.838
624.200	209.977	3.838
624.400	209.975	3.838
624.600	209.975	3.838
624.800	209.976	3.838
625.000	209.976	3.838
625.200	209.977	3.838
625.400	209.976	3.838
625.600	209.975	3.838
625.800	209.976	3.838
626.000	209.976	3.838
626.200	209.974	3.838
626.400	209.976	3.838
626.600	209.975	3.838
626.800	209.977	3.838
627.000	209.975	3.838
627.200	209.977	3.838
627.400	209.977	3.838
627.600	209.977	3.838
627.800	209.978	3.838
628.000	209.976	3.838
628.200	209.976	3.838
628.400	209.976	3.838
628.600	209.974	3.838
628.800	209.976	3.838
629.000	209.976	3.838
629.200	209.975	3.838
629.400	209.977	3.838
629.600	209.975	3.838
629.800	209.975	3.838
630.000	209.978	3.838
630.200	209.977	3.838
630.400	209.977	3.838
630.600	209.977	3.838
630.800	209.975	3.838
631.000	209.977	3.838
631.200	209.979	3.838
631.400	209.977	3.838
631.600	209.977	3.838
631.800	209.977	3.838
632.000	209.976	3.838
632.200	209.977	3.838
632.400	209.976	3.838
632.600	209.978	3.838
632.800	209.978	3.838
633.000	209.977	3.838
633.200	209.977	3.838
633.400	209.979	3.838
633.600	209.978	3.838
633.800	209.980	3.838
634.000	209.979	3.838
634.200	209.978	3.838
634.400	209.979	3.838
634.600	209.978	3.838
634.800	209.978	3.838
635.000	209.978	3.838
635.200	209.977	3.838
635.400	209.977	3.838
635.600	209.977	3.838
635.800	209.977	3.838
636.000	209.977	3.838
636.200	209.977	3.838
636.400	209.976	3.838
636.600	209.977	3.838
636.800	209.976	3.838
637.000	209.977	3.838
637.200	209.976	3.838
637.400	209.976	3.838
637.600	209.977	3.838
637.800	209.978	3.838
638.000	209.975	3.838
638.200	209.977	3.838
638.400	209.975	3.838
638.600	209.976	3.838
638.800	209.975	3.838
639.000	209.976	3.838
639.200	209.975	3.838
639.400	209.975	3.838
639.600	209.976	3.838
639.800	209.977	3.838
640.000	209.975	3.838
640.200	209.977	3.838
640.400	209.975	3.838
640.600	209.976	3.838
640.800	209.976	3.838
641.000	209.977	3.838
641.200	209.978	3.838
641.400	209.977	3.838
641.600	209.977	3.838
641.800	209.975	3.838
642.000	209.976	3.838
642.200	209.976	3.838
642.400	209.978	3.838
642.600	209.975	3.838
642.800	209.976	3.838
643.000	209.977	3.838
643.200	209.976	3.838
643.400	209.977	3.838
643.600	209.976	3.838
643.800	209.976	3.838
644.000	209.977	3.838
644.200	209.976	3.838
644.400	209.977	3.838
644.600	209.975	3.838
644.800	209.977	3.838
645.000	209.976	3.838
645.200	209.975	3.838
645.400	209.977	3.838
645.600	209.977	3.838
645.800	209.976	3.838
646.000	209.976	3.838
646.200	209.977	3.838
646.400	209.976	3.838
646.600	209.974	3.838
646.800	209.976	3.838
647.000	209.976	3.838
647.200	209.974	3.838
647.400	209.974	3.838
647.600	209.974	3.838
647.800	209.974	3.838
648.000	209.974	3.838
648.200	209.974	3.838
648.400	209.973	3.838
648.600	209.975	3.838
648.800	209.974	3.838
649.000	209.973	3.838
649.200	209.975	3.838
649.400	209.975	3.838
649.600	209.974	3.838
649.800	209.974	3.838
650.000	209.973	3.838
650.200	209.974	3.838
650.400	209.974	3.838
650.600	209.975	3.838
650.800	209.976	3.838
651.000	209.976	3.838
651.200	209.975	3.838
651.400	209.976	3.838
651.600	209.975	3.838
651.800	209.974	3.838
652.000	209.975	3.838
652.200	209.975	3.838
652.400	209.974	3.838
652.600	209.974	3.838
652.800	209.976	3.838
653.000	209.974	3.838
653.200	209.973	3.838
653.400	209.974	3.838
653.600	209.974	3.838
653.800	209.975	3.838
654.000	209.976	3.838
654.200	209.975	3.838
654.400	209.975	3.838
654.600	209.974	3.838
654.800	209.974	3.838
655.000	209.974	3.838
655.200	209.974	3.838
655.400	209.976	3.838
655.600	209.974	3.838
655.800	209.973	3.838
656.000	209.973	3.838
656.200	209.975	3.838
656.400	209.972	3.838
656.600	209.972	3.838
656.800	209.972	3.838
657.000	209.972	3.838
657.200	209.973	3.838
657.400	209.972	3.838
657.600	209.974	3.838
657.800	209.973	3.838
658.000	209.973	3.838
658.200	209.974	3.838
658.400	209.974	3.838
658.600	209.972	3.838
658.800	209.972	3.838
659.000	209.974	3.838
659.200	209.972	3.838
659.400	209.973	3.838
659.600	209.973	3.838
659.800	209.973	3.838
660.000	209.974	3.838
660.200	209.974	3.838
660.400	209.973	3.838
660.600	209.975	3.838
660.800	209.975	3.838
661.000	209.973	3.838
661.200	209.973	3.838
661.400	209.974	3.838
661.600	209.974	3.838
661.800	209.975	3.838
662.000	209.974	3.838
662.200	209.974	3.838
662.400	209.974	3.838
662.600	209.974	3.838
662.800	209.973	3.838
663.000	209.972	3.838
663.200	209.973	3.838
663.400	209.973	3.838
663.600	209.973	3.838
663.800	209.974	3.838
664.000	209.974	3.838
664.200	209.973	3.838
664.400	209.974	3.838
664.600	209.975	3.838
664.800	209.972	3.838
665.000	209.974	3.838
665.200	209.972	3.838
665.400	209.975	3.838
665.600	209.974	3.838
665.800	209.973	3.838
666.000	209.973	3.838
666.200	209.973	3.838
666.400	209.973	3.838
666.600	209.974	3.838
666.800	209.974	3.838
667.000	209.974	3.838
667.200	209.976	3.838
667.400	209.975	3.838
667.600	209.974	3.838
667.800	209.974	3.838
668.000	209.974	3.838
668.200	209.974	3.838
668.400	209.973	3.838
668.600	209.972	3.838
668.800	209.974	3.838
669.000	209.973	3.838
669.200	209.974	3.838
669.400	209.972	3.838
669.600	209.973	3.838
669.800	209.974	3.839
670.000	209.974	3.839
670.200	209.975	3.839
670.400	209.974	3.839
670.600	209.975	3.838
670.800	209.975	3.839
671.000	209.973	3.839
671.200	209.975	3.839
671.400	209.973	3.838
671.600	209.974	3.839
671.800	209.974	3.839
672.000	209.974	3.839
672.200	209.974	3.839
672.400	209.973	3.839
672.600	209.973	3.839
672.800	209.974	3.839
673.000	209.975	3.839
673.200	209.974	3.839
673.400	209.974	3.839
673.600	209.974	3.839
673.800	209.974	3.839
674.000	209.975	3.839
674.200	209.974	3.839
674.400	209.973	3.839
674.600	209.974	3.839
674.800	209.975	3.839
675.000	209.975	3.839
675.200	209.975	3.839
675.400	209.975	3.839
675.600	209.975	3.839
675.800	209.975	3.839
676.000	209.976	3.839
676.200	209.975	3.839
676.400	209.975	3.839
676.600	209.975	3.839
676.800	209.974	3.839
677.000	209.975	3.839
677.200	209.974	3.839
677.400	209.976	3.839
677.600	209.975	3.839
677.800	209.975	3.839
678.000	209.975	3.839
678.200	209.975	3.839
678.400	209.975	3.839
678.600	209.973	3.839
678.800	209.974	3.839
679.000	209.975	3.839
679.200	209.975	3.839
679.400	209.973	3.839
679.600	209.974	3.839
679.800	209.974	3.839
680.000	209.974	3.839
680.200	209.974	3.839
680.400	209.974	3.839
680.600	209.975	3.839
680.800	209.975	3.839
681.000	209.974	3.839
681.200	209.975	3.839
681.400	209.976	3.839
681.600	209.974	3.839
681.800	209.975	3.839
682.000	209.975	3.839
682.200	209.974	3.839
682.400	209.974	3.839
682.600	209.974	3.839
682.800	209.976	3.839
683.000	209.974	3.839
683.200	209.974	3.839
683.400	209.976	3.839
683.600	209.973	3.839
683.800	209.974	3.839
684.000	209.973	3.839
684.200	209.973	3.839
684.400	209.975	3.839
684.600	209.976	3.839
684.800	209.975	3.839
685.000	209.975	3.839
685.200	209.974	3.839
685.400	209.975	3.839
685.600	209.974	3.839
685.800	209.975	3.839
686.000	209.976	3.839
686.200	209.973	3.839
686.400	209.974	3.839
686.600	209.974	3.839
686.800	209.974	3.839
687.000	209.976	3.839
687.200	209.975	3.839
687.400	209.975	3.839
687.600	209.976	3.839
687.800	209.975	3.839
688.000	209.975	3.839
688.200	209.975	3.839
688.400	209.976	3.839
688.600	209.974	3.839
688.800	209.976	3.839
689.000	209.975	3.839
689.200	209.977	3.839
689.400	209.975	3.839
689.600	209.976	3.839
689.800	209.975	3.839
690.000	209.975	3.839
690.200	209.976	3.839
690.400	209.977	3.839
690.600	209.976	3.839
690.800	209.976	3.839
691.000	209.975	3.839
691.200	209.977	3.839
691.400	209.977	3.839
691.600	209.976	3.839
691.800	209.974	3.839
692.000	209.976	3.839
692.200	209.973	3.839
692.400	209.974	3.839
692.600	209.975	3.839
692.800	209.975	3.839
693.000	209.976	3.839
693.200	209.977	3.839
693.400	209.974	3.839
693.600	209.974	3.839
693.800	209.975	3.839
694.000	209.974	3.839
694.200	209.974	3.839
694.400	209.974	3.839
694.600	209.977	3.839
694.800	209.975	3.839
695.000	209.975	3.839
695.200	209.975	3.839
695.400	209.976	3.839
695.600	209.976	3.839
695.800	209.976	3.839
696.000	209.975	3.839
696.200	209.973	3.839
696.400	209.974	3.839
696.600	209.973	3.839
696.800	209.972	3.839
697.000	209.975	3.839
697.200	209.973	3.839
697.400	209.974	3.839
697.600	209.974	3.839
697.800	209.975	3.839
698.000	209.974	3.839
698.200	209.975	3.839
698.400	209.975	3.839
698.600	209.976	3.839
698.800	209.975	3.839
699.000	209.974	3.839
699.200	209.975	3.839
699.400	209.976	3.839
699.600	209.976	3.839
699.800	209.976	3.839
700.000	209.978	3.839
700.200	209.976	3.839
700.400	209.975	3.839
700.600	209.976	3.839
700.800	209.976	3.839
701.000	209.976	3.839
701.200	209.975	3.839
701.400	209.976	3.839
701.600	209.975	3.839
701.800	209.976	3.839
702.000	209.976	3.839
702.200	209.976	3.839
702.400	209.977	3.839
702.600	209.977	3.839
702.800	209.975	3.839
703.000	209.976	3.839
703.200	209.976	3.839
703.400	209.977	3.839
703.600	209.976	3.839
703.800	209.976	3.839
704.000	209.976	3.839
704.200	209.976	3.839
704.400	209.977	3.839
704.600	209.977	3.839
704.800	209.976	3.839
705.000	209.976	3.839
705.200	209.974	3.839
705.400	209.975	3.839
705.600	209.976	3.839
705.800	209.977	3.839
706.000	209.976	3.839
706.200	209.977	3.839
706.400	209.975	3.839
706.600	209.975	3.839
706.800	209.977	3.839
707.000	209.976	3.839
707.200	209.976	3.839
707.400	209.975	3.839
707.600	209.976	3.839
707.800	209.976	3.839
708.000	209.975	3.839
708.200	209.976	3.839
708.400	209.975	3.839
708.600	209.976	3.839
708.800	209.977	3.839
709.000	209.976	3.839
709.200	209.977	3.839
709.400	209.978	3.839
709.600	209.977	3.839
709.800	209.977	3.839
710.000	209.978	3.839
710.200	209.977	3.839
710.400	209.977	3.839
710.600	209.975	3.839
710.800	209.976	3.839
711.000	209.973	3.839
711.200	209.974	3.839
711.400	209.974	3.839
711.600	209.975	3.839
711.800	209.976	3.839
712.000	209.975	3.839
712.200	209.975	3.839
712.400	209.976	3.839
712.600	209.976	3.839
712.800	209.973	3.839
713.000	209.974	3.839
713.200	209.975	3.839
713.400	209.973	3.839
713.600	209.974	3.839
713.800	209.974	3.839
714.000	209.973	3.839
714.200	209.974	3.840
714.400	209.975	3.840
714.600	209.974	3.840
714.800	209.973	3.840
715.000	209.973	3.839
715.200	209.973	3.839
715.400	209.973	3.840
715.600	209.974	3.840
715.800	209.973	3.840
716.000	209.974	3.840
716.200	209.973	3.840
716.400	209.975	3.840
716.600	209.973	3.840
716.800	209.975	3.840
717.000	209.975	3.840
717.200	209.973	3.840
717.400	209.973	3.840
717.600	209.975	3.840
717.800	209.974	3.840
718.000	209.973	3.840
718.200	209.974	3.840
718.400	209.973	3.840
718.600	209.973	3.840
718.800	209.974	3.840
719.000	209.973	3.840
719.200	209.973	3.840
719.400	209.974	3.840
719.600	209.975	3.840
719.800	209.974	3.840
720.000	209.977	3.840
720.200	209.976	3.840
720.400	209.975	3.840
720.600	209.975	3.840
720.800	209.974	3.840
721.000	209.975	3.840
721.200	209.976	3.840
721.400	209.975	3.840
721.600	209.975	3.840
721.800	209.976	3.840
722.000	209.975	3.840
722.200	209.974	3.840
722.400	209.975	3.840
722.600	209.974	3.840
722.800	209.975	3.840
723.000	209.976	3.840
723.200	209.975	3.840
723.400	209.976	3.840
723.600	209.976	3.840
723.800	209.975	3.840
724.000	209.974	3.840
724.200	209.975	3.840
724.400	209.975	3.840
724.600	209.974	3.840
724.800	209.974	3.840
725.000	209.973	3.840
725.200	209.977	3.840
725.400	209.974	3.840
725.600	209.975	3.840
725.800	209.973	3.840
726.000	209.975	3.840
726.200	209.973	3.840
726.400	209.973	3.840
726.600	209.974	3.840
726.800	209.973	3.840
727.000	209.974	3.840
727.200	209.975	3.840
727.400	209.974	3.840
727.600	209.975	3.840
727.800	209.974	3.840
728.000	209.974	3.840
728.200	209.974	3.840
728.400	209.974	3.840
728.600	209.973	3.840
728.800	209.972	3.840
729.000	209.973	3.840
729.200	209.974	3.840
729.400	209.975	3.840
729.600	209.973	3.840
729.800	209.974	3.840
730.000	209.974	3.840
730.200	209.975	3.840
730.400	209.976	3.840
730.600	209.976	3.840
730.800	209.976	3.840
731.000	209.976	3.840
731.200	209.976	3.840
731.400	209.976	3.840
731.600	209.975	3.840
731.800	209.976	3.840
732.000	209.976	3.840
732.200	209.976	3.840
732.400	209.974	3.840
732.600	209.975	3.840
732.800	209.975	3.840
733.000	209.975	3.840
733.200	209.976	3.840
733.400	209.976	3.840
733.600	209.977	3.840
733.800	209.977	3.840
734.000	209.976	3.840
734.200	209.977	3.840
734.400	209.977	3.840
734.600	209.977	3.840
734.800	209.976	3.840
735.000	209.975	3.840
735.200	209.978	3.840
735.400	209.976	3.840
735.600	209.975	3.840
735.800	209.976	3.840
736.000	209.977	3.840
736.200	209.977	3.840
736.400	209.976	3.840
736.600	209.977	3.840
736.800	209.975	3.840
737.000	209.975	3.840
737.200	209.976	3.840
737.400	209.975	3.840
737.600	209.975	3.840
737.800	209.973	3.840
738.000	209.975	3.840
738.200	209.973	3.840
738.400	209.976	3.840
738.600	209.975	3.840
738.800	209.976	3.840
739.000	209.977	3.840
739.200	209.975	3.840
739.400	209.977	3.840
739.600	209.976	3.840
739.800	209.976	3.840
740.000	209.976	3.840
740.200	209.975	3.840
740.400	209.977	3.840
740.600	209.977	3.840
740.800	209.974	3.840
741.000	209.974	3.840
741.200	209.977	3.840
741.400	209.974	3.840
741.600	209.976	3.840
741.800	209.974	3.840
742.000	209.975	3.840
742.200	209.976	3.840
742.400	209.977	3.840
742.600	209.977	3.840
742.800	209.976	3.840
743.000	209.977	3.840
743.200	209.976	3.840
743.400	209.976	3.840
743.600	209.977	3.840
743.800	209.974	3.840
744.000	209.975	3.840
744.200	209.976	3.840
744.400	209.976	3.840
744.600	209.977	3.840
744.800	209.977	3.840
745.000	209.975	3.840
745.200	209.975	3.840
745.400	209.976	3.840
745.600	209.976	3.840
745.800	209.975	3.840
746.000	209.973	3.840
746.200	209.974	3.840
746.400	209.975	3.840
746.600	209.977	3.840
746.800	209.976	3.840
747.000	209.975	3.840
747.200	209.977	3.840
747.400	209.978	3.840
747.600	209.976	3.840
747.800	209.977	3.840
748.000	209.978	3.840
748.200	209.976	3.840
748.400	209.977	3.840
748.600	209.978	3.840
748.800	209.976	3.840
749.000	209.977	3.840
749.200	209.976	3.840
749.400	209.976	3.840
749.600	209.977	3.840
749.800	209.977	3.840
750.000	209.975	3.840
750.200	209.975	3.840
750.400	209.978	3.840
750.600	209.977	3.840
750.800	209.976	3.840
751.000	209.978	3.840
751.200	209.976	3.840
751.400	209.976	3.840
751.600	209.978	3.840
751.800	209.977	3.840
752.000	209.977	3.840
752.200	209.974	3.840
752.400	209.976	3.840
752.600	209.975	3.840
752.800	209.976	3.840
753.000	209.977	3.840
753.200	209.976	3.840
753.400	209.977	3.840
753.600	209.975	3.840
753.800	209.973	3.840
754.000	209.974	3.840
754.200	209.975	3.840
754.400	209.975	3.840
754.600	209.974	3.840
754.800	209.975	3.840
755.000	209.975	3.840
755.200	209.975	3.840
755.400	209.974	3.840
755.600	209.975	3.840
755.800	209.975	3.840
756.000	209.974	3.840
756.200	209.974	3.840
756.400	209.973	3.840
756.600	209.974	3.840
756.800	209.975	3.840
757.000	209.974	3.840
757.200	209.974	3.840
757.400	209.975	3.840
757.600	209.973	3.840
757.800	209.974	3.840
758.000	209.975	3.840
758.200	209.974	3.840
758.400	209.973	3.840
758.600	209.974	3.840
758.800	209.974	3.840
759.000	209.973	3.840
759.200	209.971	3.840
759.400	209.973	3.840
759.600	209.972	3.840
759.800	209.973	3.840
760.000	209.972	3.840
760.200	209.973	3.840
760.400	209.974	3.840
760.600	209.974	3.840
760.800	209.973	3.840
761.000	209.971	3.840
761.200	209.973	3.840
761.400	209.975	3.840
761.600	209.974	3.840
761.800	209.974	3.840
762.000	209.972	3.840
762.200	209.974	3.840
762.400	209.974	3.840
762.600	209.975	3.840
762.800	209.977	3.840
763.000	209.974	3.840
763.200	209.974	3.840
763.400	209.974	3.841
763.600	209.974	3.840
763.800	209.975	3.841
764.000	209.973	3.840
764.200	209.975	3.841
764.400	209.974	3.841
764.600	209.975	3.841
764.800	209.974	3.841
765.000	209.973	3.841
765.200	209.974	3.841
765.400	209.974	3.841
765.600	209.974	3.841
765.800	209.974	3.841
766.000	209.974	3.841
766.200	209.976	3.841
766.400	209.975	3.841
766.600	209.974	3.841
766.800	209.975	3.841
767.000	209.973	3.841
767.200	209.975	3.841
767.400	209.974	3.841
767.600	209.972	3.841
767.800	209.973	3.841
768.000	209.974	3.841
768.200	209.973	3.841
768.400	209.974	3.841
768.600	209.975	3.841
768.800	209.974	3.841
769.000	209.973	3.841
769.200	209.973	3.841
769.400	209.973	3.841
769.600	209.975	3.841
769.800	209.974	3.841
770.000	209.974	3.841
770.200	209.973	3.841
770.400	209.972	3.841
770.600	209.972	3.841
770.800	209.971	3.841
771.000	209.971	3.841
771.200	209.972	3.841
771.400	209.972	3.841
771.600	209.971	3.841
771.800	209.971	3.841
772.000	209.973	3.841
772.200	209.972	3.841
772.400	209.972	3.841
772.600	209.971	3.841
772.800	209.970	3.841
773.000	209.972	3.841
773.200	209.972	3.841
773.400	209.974	3.841
773.600	209.971	3.841
773.800	209.972	3.841
774.000	209.973	3.841
774.200	209.974	3.841
774.400	209.973	3.841
774.600	209.972	3.841
774.800	209.973	3.841
775.000	209.973	3.841
775.200	209.973	3.841
775.400	209.975	3.841
775.600	209.973	3.841
775.800	209.971	3.841
776.000	209.972	3.841
776.200	209.972	3.841
776.400	209.973	3.841
776.600	209.974	3.841
776.800	209.973	3.841
777.000	209.974	3.841
777.200	209.972	3.841
777.400	209.973	3.841
777.600	209.974	3.841
777.800	209.973	3.841
778.000	209.973	3.841
778.200	209.972	3.841
778.400	209.973	3.841
778.600	209.974	3.841
778.800	209.974	3.841
779.000	209.972	3.841
779.200	209.975	3.841
779.400	209.973	3.841
779.600	209.973	3.841
779.800	209.974	3.841
780.000	209.971	3.841
780.200	209.972	3.841
780.400	209.971	3.841
780.600	209.972	3.841
780.800	209.972	3.841
781.000	209.972	3.841
781.200	209.972	3.841
781.400	209.973	3.841
781.600	209.973	3.841
781.800	209.974	3.841
782.000	209.973	3.841
782.200	209.972	3.841
782.400	209.972	3.841
782.600	209.972	3.841
782.800	209.971	3.841
783.000	209.972	3.841
783.200	209.970	3.841
783.400	209.972	3.841
783.600	209.970	3.841
783.800	209.970	3.841
784.000	209.972	3.841
784.200	209.972	3.841
784.400	209.972	3.841
784.600	209.971	3.841
784.800	209.973	3.841
785.000	209.971	3.841
785.200	209.972	3.841
785.400	209.971	3.841
785.600	209.973	3.841
785.800	209.971	3.841
786.000	209.973	3.841
786.200	209.972	3.841
786.400	209.970	3.841
786.600	209.972	3.841
786.800	209.972	3.841
787.000	209.972	3.841
787.200	209.971	3.841
787.400	209.970	3.841
787.600	209.973	3.841
787.800	209.972	3.841
788.000	209.971	3.841
788.200	209.972	3.841
788.400	209.973	3.841
788.600	209.973	3.841
788.800	209.973	3.841
789.000	209.972	3.841
789.200	209.973	3.841
789.400	209.973	3.841
789.600	209.973	3.841
789.800	209.973	3.841
790.000	209.973	3.841
790.200	209.973	3.841
790.400	209.972	3.841
790.600	209.972	3.841
790.800	209.973	3.841
791.000	209.973	3.841
791.200	209.974	3.841
791.400	209.972	3.841
791.600	209.974	3.841
791.800	209.974	3.841
792.000	209.972	3.841
792.200	209.971	3.841
792.400	209.973	3.841
792.600	209.972	3.841
792.800	209.972	3.841
793.000	209.972	3.841
793.200	209.972	3.841
793.400	209.972	3.841
793.600	209.971	3.841
793.800	209.972	3.841
794.000	209.971	3.841
794.200	209.970	3.841
794.400	209.971	3.841
794.600	209.970	3.841
794.800	209.972	3.841
795.000	209.971	3.841
795.200	209.971	3.841
795.400	209.972	3.841
795.600	209.972	3.841
795.800	209.973	3.841
796.000	209.969	3.841
796.200	209.971	3.841
796.400	209.970	3.841
796.600	209.970	3.841
796.800	209.972	3.841
797.000	209.970	3.841
797.200	209.970	3.841
797.400	209.971	3.841
797.600	209.971	3.841
797.800	209.971	3.841
798.000	209.970	3.841
798.200	209.970	3.841
798.400	209.970	3.841
798.600	209.972	3.841
798.800	209.972	3.841
799.000	209.971	3.841
799.200	209.970	3.841
799.400	209.969	3.841
799.600	209.973	3.841
799.800	209.971	3.841
800.000	209.971	3.841
800.200	209.971	3.841
800.400	209.969	3.841
800.600	209.969	3.841
800.800	209.969	3.841
801.000	209.969	3.841
801.200	209.971	3.841
801.400	209.973	3.841
801.600	209.973	3.841
801.800	209.972	3.841
802.000	209.970	3.841
802.200	209.971	3.841
802.400	209.971	3.841
802.600	209.971	3.841
802.800	209.972	3.841
803.000	209.972	3.841
803.200	209.972	3.841
803.400	209.971	3.841
803.600	209.971	3.841
803.800	209.972	3.841
804.000	209.973	3.841
804.200	209.973	3.841
804.400	209.973	3.841
804.600	209.972	3.841
804.800	209.971	3.841
805.000	209.971	3.841
805.200	209.970	3.841
805.400	209.971	3.841
805.600	209.971	3.841
805.800	209.970	3.841
806.000	209.972	3.841
806.200	209.972	3.841
806.400	209.971	3.841
806.600	209.972	3.841
806.800	209.972	3.841
807.000	209.971	3.841
807.200	209.972	3.841
807.400	209.970	3.841
807.600	209.972	3.841
807.800	209.971	3.841
808.000	209.972	3.841
808.200	209.970	3.841
808.400	209.971	3.841
808.600	209.971	3.841
808.800	209.972	3.841
809.000	209.972	3.841
809.200	209.973	3.841
809.400	209.971	3.841
809.600	209.971	3.841
809.800	209.972	3.841
810.000	209.972	3.841
810.200	209.973	3.841
810.400	209.973	3.841
810.600	209.973	3.841
810.800	209.972	3.841
811.000	209.974	3.842
811.200	209.973	3.842
811.400	209.973	3.842
811.600	209.975	3.841
811.800	209.974	3.842
812.000	209.974	3.842
812.200	209.973	3.842
812.400	209.974	3.842
812.600	209.973	3.842
812.800	209.975	3.842
813.000	209.975	3.842
813.200	209.976	3.842
813.400	209.976	3.842
813.600	209.974	3.842
813.800	209.974	3.842
814.000	209.976	3.842
814.200	209.973	3.842
814.400	209.973	3.842
814.600	209.973	3.842
814.800	209.974	3.842
815.000	209.976	3.842
815.200	209.975	3.842
815.400	209.974	3.842
815.600	209.974	3.842
815.800	209.973	3.842
816.000	209.975	3.842
816.200	209.976	3.842
816.400	209.972	3.842
816.600	209.973	3.842
816.800	209.973	3.842
817.000	209.973	3.842
817.200	209.972	3.842
817.400	209.972	3.842
817.600	209.972	3.842
817.800	209.972	3.842
818.000	209.973	3.842
818.200	209.973	3.842
818.400	209.973	3.842
818.600	209.974	3.842
818.800	209.972	3.842
819.000	209.974	3.842
819.200	209.974	3.842
819.400	209.974	3.842
819.600	209.973	3.842
819.800	209.973	3.842
820.000	209.971	3.842
820.200	209.972	3.842
820.400	209.973	3.842
820.600	209.974	3.842
820.800	209.973	3.842
821.000	209.972	3.842
821.200	209.973	3.842
821.400	209.975	3.842
821.600	209.973	3.842
821.800	209.972	3.842
822.000	209.972	3.842
822.200	209.974	3.842
822.400	209.972	3.842
822.600	209.973	3.842
822.800	209.973	3.842
823.000	209.975	3.842
823.200	209.975	3.842
823.400	209.974	3.842
823.600	209.974	3.842
823.800	209.974	3.842
824.000	209.972	3.842
824.200	209.973	3.842
824.400	209.973	3.842
824.600	209.975	3.842
824.800	209.976	3.842
825.000	209.975	3.842
825.200	209.975	3.842
825.400	209.975	3.842
825.600	209.975	3.842
825.800	209.975	3.842
826.000	209.977	3.842
826.200	209.974	3.842
826.400	209.975	3.842
826.600	209.975	3.842
826.800	209.973	3.842
827.000	209.974	3.842
827.200	209.977	3.842
827.400	209.975	3.842
827.600	209.976	3.842
827.800	209.976	3.842
828.000	209.975	3.842
828.200	209.976	3.842
828.400	209.976	3.842
828.600	209.976	3.842
828.800	209.976	3.842
829.000	209.976	3.842
829.200	209.976	3.842
829.400	209.975	3.842
829.600	209.977	3.842
829.800	209.974	3.842
830.000	209.974	3.842
830.200	209.972	3.842
830.400	209.976	3.842
830.600	209.973	3.842
830.800	209.974	3.842
831.000	209.971	3.842
831.200	209.975	3.842
831.400	209.972	3.842
831.600	209.974	3.842
831.800	209.975	3.842
832.000	209.973	3.842
832.200	209.974	3.842
832.400	209.974	3.842
832.600	209.973	3.842
832.800	209.975	3.842
833.000	209.975	3.842
833.200	209.975	3.842
833.400	209.973	3.842
833.600	209.972	3.842
833.800	209.975	3.842
834.000	209.975	3.842
834.200	209.975	3.842
834.400	209.975	3.842
834.600	209.977	3.842
834.800	209.974	3.842
835.000	209.973	3.842
835.200	209.975	3.842
835.400	209.972	3.842
835.600	209.976	3.842
835.800	209.973	3.842
836.000	209.974	3.842
836.200	209.974	3.842
836.400	209.973	3.842
836.600	209.974	3.842
836.800	209.972	3.842
837.000	209.972	3.842
837.200	209.974	3.842
837.400	209.974	3.842
837.600	209.974	3.842
837.800	209.974	3.842
838.000	209.974	3.842
838.200	209.973	3.842
838.400	209.972	3.842
838.600	209.974	3.842
838.800	209.974	3.842
839.000	209.974	3.842
839.200	209.974	3.842
839.400	209.975	3.842
839.600	209.974	3.842
839.800	209.975	3.842
840.000	209.975	3.842
840.200	209.974	3.842
840.400	209.972	3.842
840.600	209.973	3.842
840.800	209.971	3.842
841.000	209.973	3.842
841.200	209.971	3.842
841.400	209.972	3.842
841.600	209.973	3.842
841.800	209.973	3.842
842.000	209.972	3.842
842.200	209.974	3.842
842.400	209.975	3.842
842.600	209.973	3.842
842.800	209.973	3.842
843.000	209.972	3.842
843.200	209.972	3.842
843.400	209.972	3.842
843.600	209.972	3.842
843.800	209.971	3.842
844.000	209.973	3.842
844.200	209.974	3.842
844.400	209.972	3.842
844.600	209.972	3.842
844.800	209.974	3.842
845.000	209.973	3.842
845.200	209.973	3.842
845.400	209.974	3.842
845.600	209.973	3.842
845.800	209.976	3.842
846.000	209.975	3.842
846.200	209.975	3.842
846.400	209.974	3.842
846.600	209.973	3.842
846.800	209.975	3.842
847.000	209.975	3.842
847.200	209.975	3.842
847.400	209.973	3.842
847.600	209.973	3.842
847.800	209.974	3.842
848.000	209.971	3.842
848.200	209.972	3.842
848.400	209.973	3.842
848.600	209.974	3.842
848.800	209.973	3.842
849.000	209.975	3.842
849.200	209.974	3.842
849.400	209.971	3.842
849.600	209.974	3.842
849.800	209.973	3.842
850.000	209.973	3.842
850.200	209.972	3.842
850.400	209.975	3.842
850.600	209.973	3.842
850.800	209.972	3.842
851.000	209.974	3.842
851.200	209.972	3.842
851.400	209.972	3.842
851.600	209.974	3.842
851.800	209.973	3.842
852.000	209.974	3.842
852.200	209.974	3.842
852.400	209.974	3.842
852.600	209.974	3.842
852.800	209.973	3.842
853.000	209.972	3.842
853.200	209.973	3.842
853.400	209.973	3.842
853.600	209.971	3.842
853.800	209.973	3.842
854.000	209.973	3.842
854.200	209.972	3.842
854.400	209.973	3.842
854.600	209.971	3.842
854.800	209.971	3.842
855.000	209.973	3.842
855.200	209.974	3.842
855.400	209.972	3.842
855.600	209.970	3.842
855.800	209.969	3.842
856.000	209.971	3.842
856.200	209.971	3.842
856.400	209.971	3.842
856.600	209.973	3.842
856.800	209.972	3.842
857.000	209.972	3.842
857.200	209.971	3.842
857.400	209.971	3.842
857.600	209.970	3.843
857.800	209.970	3.842
858.000	209.970	3.842
858.200	209.971	3.842
858.400	209.972	3.843
858.600	209.970	3.842
858.800	209.971	3.842
859.000	209.971	3.843
859.200	209.970	3.842
859.400	209.971	3.842
859.600	209.969	3.842
859.800	209.971	3.843
860.000	209.972	3.843
860.200	209.971	3.843
860.400	209.969	3.842
860.600	209.970	3.842
860.800	209.970	3.843
861.000	209.970	3.843
861.200	209.972	3.843
861.400	209.972	3.843
861.600	209.972	3.843
861.800	209.972	3.843
862.000	209.972	3.843
862.200	209.972	3.843
862.400	209.970	3.843
862.600	209.971	3.843
862.800	209.971	3.843
863.000	209.972	3.843
863.200	209.971	3.843
863.400	209.972	3.843
863.600	209.972	3.843
863.800	209.970	3.843
864.000	209.971	3.843
864.200	209.971	3.843
864.400	209.972	3.843
864.600	209.972	3.843
864.800	209.971	3.843
865.000	209.969	3.843
865.200	209.971	3.843
865.400	209.972	3.843
865.600	209.972	3.843
865.800	209.972	3.843
866.000	209.972	3.843
866.200	209.972	3.843
866.400	209.973	3.843
866.600	209.972	3.843
866.800	209.974	3.843
867.000	209.973	3.843
867.200	209.974	3.843
867.400	209.974	3.843
867.600	209.973	3.843
867.800	209.972	3.843
868.000	209.973	3.843
868.200	209.972	3.843
868.400	209.970	3.843
868.600	209.972	3.843
868.800	209.973	3.843
869.000	209.973	3.843
869.200	209.973	3.843
869.400	209.972	3.843
869.600	209.972	3.843
869.800	209.971	3.843
870.000	209.972	3.843
870.200	209.974	3.843
870.400	209.973	3.843
870.600	209.973	3.843
870.800	209.972	3.843
871.000	209.973	3.843
871.200	209.974	3.843
871.400	209.974	3.843
871.600	209.973	3.843
871.800	209.972	3.843
872.000	209.971	3.843
872.200	209.973	3.843
872.400	209.974	3.843
872.600	209.973	3.843
872.800	209.971	3.843
873.000	209.972	3.843
873.200	209.971	3.843
873.400	209.972	3.843
873.600	209.973	3.843
873.800	209.972	3.843
874.000	209.972	3.843
874.200	209.974	3.843
874.400	209.973	3.843
874.600	209.972	3.843
874.800	209.973	3.843
875.000	209.973	3.843
875.200	209.973	3.843
875.400	209.973	3.843
875.600	209.974	3.843
875.800	209.971	3.843
876.000	209.972	3.843
876.200	209.973	3.843
876.400	209.972	3.843
876.600	209.972	3.843
876.800	209.974	3.843
877.000	209.972	3.843
877.200	209.970	3.843
877.400	209.972	3.843
877.600	209.972	3.843
877.800	209.970	3.843
878.000	209.971	3.843
878.200	209.971	3.843
878.400	209.973	3.843
878.600	209.971	3.843
878.800	209.973	3.843
879.000	209.973	3.843
879.200	209.972	3.843
879.400	209.972	3.843
879.600	209.972	3.843
879.800	209.971	3.843
880.000	209.971	3.843
880.200	209.971	3.843
880.400	209.969	3.843
880.600	209.971	3.843
880.800	209.972	3.843
881.000	209.971	3.843
881.200	209.972	3.843
881.400	209.973	3.843
881.600	209.969	3.843
881.800	209.970	3.843
882.000	209.971	3.843
882.200	209.971	3.843
882.400	209.973	3.843
882.600	209.972	3.843
882.800	209.972	3.843
883.000	209.973	3.843
883.200	209.971	3.843
883.400	209.972	3.843
883.600	209.973	3.843
883.800	209.973	3.843
884.000	209.972	3.843
884.200	209.972	3.843
884.400	209.973	3.843
884.600	209.972	3.843
884.800	209.973	3.843
885.000	209.970	3.843
885.200	209.973	3.843
885.400	209.971	3.843
885.600	209.973	3.843
885.800	209.973	3.843
886.000	209.974	3.843
886.200	209.972	3.843
886.400	209.972	3.843
886.600	209.971	3.843
886.800	209.972	3.843
887.000	209.971	3.843
887.200	209.971	3.843
887.400	209.971	3.843
887.600	209.970	3.843
887.800	209.973	3.843
888.000	209.971	3.843
888.200	209.970	3.843
888.400	209.972	3.843
888.600	209.973	3.843
888.800	209.974	3.843
889.000	209.974	3.843
889.200	209.972	3.843
889.400	209.973	3.843
889.600	209.973	3.843
889.800	209.972	3.843
890.000	209.973	3.843
890.200	209.973	3.843
890.400	209.973	3.843
890.600	209.973	3.843
890.800	209.972	3.843
891.000	209.971	3.843
891.200	209.972	3.843
891.400	209.972	3.843
891.600	209.972	3.843
891.800	209.972	3.843
892.000	209.972	3.843
892.200	209.974	3.843
892.400	209.972	3.843
892.600	209.972	3.843
892.800	209.972	3.843
893.000	209.973	3.843
893.200	209.972	3.843
893.400	209.972	3.843
893.600	209.974	3.843
893.800	209.972	3.843
894.000	209.974	3.843
894.200	209.973	3.843
894.400	209.973	3.843
894.600	209.973	3.843
894.800	209.971	3.843
895.000	209.972	3.843
895.200	209.973	3.843
895.400	209.972	3.843
895.600	209.974	3.843
895.800	209.974	3.843
896.000	209.973	3.843
896.200	209.972	3.843
896.400	209.971	3.843
896.600	209.971	3.843
896.800	209.972	3.843
897.000	209.972	3.843
897.200	209.973	3.843
897.400	209.971	3.843
897.600	209.972	3.843
897.800	209.973	3.843
898.000	209.973	3.843
898.200	209.972	3.843
898.400	209.972	3.843
898.600	209.971	3.843
898.800	209.972	3.843
899.000	209.971	3.843
899.200	209.973	3.843
899.400	209.973	3.843
899.600	209.972	3.843
899.800	209.972	3.843
900.000	209.972	3.843
900.200	209.971	3.843
900.400	209.972	3.844
900.600	209.972	3.844
900.800	209.972	3.844
901.000	209.972	3.844
901.200	209.972	3.844
901.400	209.973	3.844
901.600	209.971	3.843
901.800	209.972	3.844
902.000	209.973	3.844
902.200	209.972	3.844
902.400	209.971	3.844
902.600	209.972	3.844
902.800	209.972	3.844
903.000	209.971	3.844
903.200	209.972	3.844
903.400	209.971	3.844
903.600	209.972	3.844
903.800	209.970	3.844
904.000	209.970	3.844
904.200	209.972	3.844
904.400	209.970	3.844
904.600	209.972	3.844
904.800	209.973	3.844
905.000	209.970	3.844
905.200	209.971	3.844
905.400	209.971	3.844
905.600	209.972	3.844
905.800	209.973	3.844
906.000	209.972	3.844
906.200	209.971	3.844
906.400	209.971	3.844
906.600	209.971	3.844
906.800	209.972	3.844
907.000	209.970	3.844
907.200	209.970	3.844
907.400	209.972	3.844
907.600	209.973	3.844
907.800	209.972	3.844
908.000	209.970	3.844
908.200	209.971	3.844
908.400	209.971	3.844
908.600	209.971	3.844
908.800	209.970	3.844
909.000	209.969	3.844
909.200	209.970	3.844
909.400	209.969	3.844
909.600	209.971	3.844
909.800	209.970	3.844
910.000	209.969	3.844
910.200	209.971	3.844
910.400	209.969	3.844
910.600	209.971	3.844
910.800	209.971	3.844
911.000	209.971	3.844
911.200	209.968	3.844
911.400	209.968	3.844
911.600	209.969	3.844
911.800	209.969	3.844
912.000	209.969	3.844
912.200	209.970	3.844
912.400	209.970	3.844
912.600	209.970	3.844
912.800	209.971	3.844
913.000	209.972	3.844
913.200	209.969	3.844
913.400	209.970	3.844
913.600	209.970	3.844
913.800	209.971	3.844
914.000	209.970	3.844
914.200	209.969	3.844
914.400	209.969	3.844
914.600	209.973	3.844
914.800	209.969	3.844
915.000	209.970	3.844
915.200	209.969	3.844
915.400	209.971	3.844
915.600	209.971	3.844
915.800	209.971	3.844
916.000	209.970	3.844
916.200	209.971	3.844
916.400	209.971	3.844
916.600	209.971	3.844
916.800	209.970	3.844
917.000	209.971	3.844
917.200	209.972	3.844
917.400	209.971	3.844
917.600	209.970	3.844
917.800	209.969	3.844
918.000	209.971	3.844
918.200	209.971	3.844
918.400	209.972	3.844
918.600	209.971	3.844
918.800	209.972	3.844
919.000	209.971	3.844
919.200	209.973	3.844
919.400	209.973	3.844
919.600	209.974	3.844
919.800	209.971	3.844
920.000	209.972	3.844
920.200	209.974	3.844
920.400	209.973	3.844
920.600	209.972	3.844
920.800	209.974	3.844
921.000	209.973	3.844
921.200	209.972	3.844
921.400	209.973	3.844
921.600	209.972	3.844
921.800	209.972	3.844
922.000	209.973	3.844
922.200	209.974	3.844
922.400	209.973	3.844
922.600	209.974	3.844
922.800	209.974	3.844
923.000	209.973	3.844
923.200	209.973	3.844
923.400	209.974	3.844
923.600	209.971	3.844
923.800	209.971	3.844
924.000	209.971	3.844
924.200	209.973	3.844
924.400	209.973	3.844
924.600	209.972	3.844
924.800	209.972	3.844
925.000	209.972	3.844
925.200	209.973	3.844
925.400	209.973	3.844
925.600	209.972	3.844
925.800	209.974	3.844
926.000	209.975	3.844
926.200	209.974	3.844
926.400	209.973	3.844
926.600	209.974	3.844
926.800	209.975	3.844
927.000	209.976	3.844
927.200	209.975	3.844
927.400	209.975	3.844
927.600	209.975	3.844
927.800	209.974	3.844
928.000	209.974	3.844
928.200	209.971	3.844
928.400	209.971	3.844
928.600	209.974	3.844
928.800	209.972	3.844
929.000	209.974	3.844
929.200	209.975	3.844
929.400	209.972	3.844
929.600	209.972	3.844
929.800	209.972	3.844
930.000	209.974	3.844
930.200	209.973	3.844
930.400	209.974	3.844
930.600	209.975	3.844
930.800	209.976	3.844
931.000	209.973	3.844
931.200	209.971	3.844
931.400	209.973	3.844
931.600	209.971	3.844
931.800	209.972	3.844
932.000	209.973	3.844
932.200	209.975	3.844
932.400	209.973	3.844
932.600	209.972	3.844
932.800	209.973	3.844
933.000	209.973	3.844
933.200	209.973	3.844
933.400	209.972	3.844
933.600	209.972	3.844
933.800	209.972	3.844
934.000	209.972	3.844
934.200	209.972	3.844
934.400	209.974	3.844
934.600	209.973	3.844
934.800	209.974	3.844
935.000	209.972	3.844
935.200	209.973	3.844
935.400	209.972	3.844
935.600	209.973	3.844
935.800	209.974	3.844
936.000	209.971	3.844
936.200	209.973	3.844
936.400	209.973	3.844
936.600	209.972	3.844
936.800	209.973	3.844
937.000	209.972	3.844
937.200	209.973	3.844
937.400	209.974	3.844
937.600	209.974	3.844
937.800	209.974	3.844
938.000	209.972	3.844
938.200	209.975	3.844
938.400	209.975	3.844
938.600	209.974	3.844
938.800	209.976	3.844
939.000	209.974	3.844
939.200	209.974	3.844
939.400	209.975	3.844
939.600	209.974	3.844
939.800	209.975	3.844
940.000	209.975	3.845
940.200	209.974	3.844
940.400	209.973	3.844
940.600	209.973	3.844
940.800	209.972	3.844
941.000	209.973	3.844
941.200	209.973	3.845
941.400	209.971	3.844
941.600	209.971	3.844
941.800	209.971	3.845
942.000	209.972	3.844
942.200	209.972	3.845
942.400	209.971	3.845
942.600	209.970	3.845
942.800	209.972	3.845
943.000	209.970	3.845
943.200	209.971	3.845
943.400	209.971	3.845
943.600	209.973	3.845
943.800	209.973	3.845
944.000	209.972	3.845
944.200	209.973	3.845
944.400	209.972	3.845
944.600	209.973	3.845
944.800	209.973	3.845
945.000	209.971	3.845
945.200	209.972	3.845
945.400	209.975	3.845
945.600	209.974	3.845
945.800	209.973	3.845
946.000	209.973	3.845
946.200	209.970	3.845
946.400	209.972	3.845
946.600	209.971	3.845
946.800	209.971	3.845
947.000	209.972	3.845
947.200	209.972	3.845
947.400	209.972	3.845
947.600	209.972	3.845
947.800	209.969	3.845
948.000	209.971	3.845
948.200	209.971	3.845
948.400	209.971	3.845
948.600	209.970	3.845
948.800	209.971	3.845
949.000	209.972	3.845
949.200	209.973	3.845
949.400	209.972	3.845
949.600	209.971	3.845
949.800	209.971	3.845
950.000	209.970	3.845
950.200	209.971	3.845
950.400	209.970	3.845
950.600	209.969	3.845
950.800	209.971	3.845
951.000	209.972	3.845
951.200	209.972	3.845
951.400	209.971	3.845
951.600	209.970	3.845
951.800	209.970	3.845
952.000	209.970	3.845
952.200	209.971	3.845
952.400	209.970	3.845
952.600	209.970	3.845
952.800	209.969	3.845
953.000	209.969	3.845
953.200	209.968	3.845
953.400	209.968	3.845
953.600	209.968	3.845
953.800	209.969	3.845
954.000	209.969	3.845
954.200	209.969	3.845
954.400	209.968	3.845
954.600	209.969	3.845
954.800	209.968	3.845
955.000	209.968	3.845
955.200	209.968	3.845
955.400	209.968	3.845
955.600	209.971	3.845
955.800	209.970	3.845
956.000	209.971	3.845
956.200	209.970	3.845
956.400	209.969	3.845
956.600	209.969	3.845
956.800	209.968	3.845
957.000	209.970	3.845
957.200	209.970	3.845
957.400	209.969	3.845
957.600	209.969	3.845
957.800	209.969	3.845
958.000	209.971	3.845
958.200	209.972	3.845
958.400	209.972	3.845
958.600	209.972	3.845
958.800	209.971	3.845
959.000	209.971	3.845
959.200	209.970	3.845
959.400	209.971	3.845
959.600	209.972	3.845
959.800	209.970	3.845
960.000	209.972	3.845
960.200	209.971	3.845
960.400	209.968	3.845
960.600	209.970	3.845
960.800	209.971	3.845
961.000	209.972	3.845
961.200	209.971	3.845
961.400	209.970	3.845
961.600	209.970	3.845
961.800	209.970	3.845
962.000	209.971	3.845
962.200	209.970	3.845
962.400	209.969	3.845
962.600	209.970	3.845
962.800	209.969	3.845
963.000	209.970	3.845
963.200	209.969	3.845
963.400	209.971	3.845
963.600	209.969	3.845
963.800	209.971	3.845
964.000	209.970	3.845
964.200	209.969	3.845
964.400	209.970	3.845
964.600	209.969	3.845
964.800	209.969	3.845
965.000	209.969	3.845
965.200	209.970	3.845
965.400	209.970	3.845
965.600	209.971	3.845
965.800	209.969	3.845
966.000	209.969	3.845
966.200	209.968	3.845
966.400	209.970	3.845
966.600	209.970	3.845
966.800	209.970	3.845
967.000	209.971	3.845
967.200	209.971	3.845
967.400	209.969	3.845
967.600	209.969	3.845
967.800	209.969	3.845
968.000	209.969	3.845
968.200	209.969	3.845
968.400	209.970	3.845
968.600	209.970	3.845
968.800	209.970	3.845
969.000	209.972	3.845
969.200	209.970	3.845
969.400	209.969	3.845
969.600	209.969	3.845
969.800	209.969	3.845
970.000	209.968	3.845
970.200	209.968	3.845
970.400	209.967	3.845
970.600	209.967	3.845
970.800	209.970	3.845
971.000	209.968	3.845
971.200	209.970	3.845
971.400	209.969	3.845
971.600	209.970	3.845
971.800	209.969	3.845
972.000	209.970	3.845
972.200	209.971	3.845
972.400	209.971	3.845
972.600	209.969	3.845
972.800	209.969	3.845
973.000	209.971	3.845
973.200	209.969	3.845
973.400	209.969	3.845
973.600	209.969	3.845
973.800	209.971	3.845
974.000	209.969	3.845
974.200	209.969	3.845
974.400	209.970	3.845
974.600	209.969	3.845
974.800	209.968	3.845
975.000	209.968	3.845
975.200	209.971	3.845
975.400	209.972	3.845
975.600	209.969	3.845
975.800	209.969	3.845
976.000	209.969	3.845
976.200	209.969	3.845
976.400	209.970	3.845
976.600	209.969	3.845
976.800	209.968	3.845
977.000	209.970	3.845
977.200	209.971	3.845
977.400	209.969	3.845
977.600	209.971	3.845
977.800	209.969	3.845
978.000	209.971	3.845
978.200	209.971	3.845
978.400	209.970	3.845
978.600	209.969	3.845
978.800	209.971	3.845
979.000	209.970	3.845
979.200	209.970	3.845
979.400	209.969	3.845
979.600	209.969	3.845
979.800	209.970	3.845
980.000	209.971	3.845
980.200	209.972	3.845
980.400	209.970	3.845
980.600	209.970	3.845
980.800	209.969	3.845
981.000	209.972	3.845
981.200	209.971	3.845
981.400	209.969	3.845
981.600	209.970	3.845
981.800	209.970	3.845
982.000	209.969	3.845
982.200	209.971	3.845
982.400	209.970	3.845
982.600	209.972	3.845
982.800	209.970	3.845
983.000	209.971	3.845
983.200	209.970	3.845
983.400	209.970	3.845
983.600	209.970	3.845
983.800	209.971	3.845
984.000	209.970	3.845
984.200	209.970	3.845
984.400	209.971	3.845
984.600	209.970	3.845
984.800	209.971	3.845
985.000	209.970	3.845
985.200	209.971	3.845
985.400	209.971	3.845
985.600	209.970	3.845
985.800	209.971	3.845
986.000	209.969	3.845
986.200	209.970	3.846
986.400	209.970	3.845
986.600	209.970	3.845
986.800	209.970	3.845
987.000	209.969	3.846
987.200	209.971	3.846
987.400	209.970	3.846
987.600	209.970	3.846
987.800	209.970	3.846
988.000	209.970	3.846
988.200	209.969	3.846
988.400	209.970	3.846
988.600	209.969	3.846
988.800	209.970	3.846
989.000	209.969	3.846
989.200	209.971	3.846
989.400	209.971	3.846
989.600	209.970	3.846
989.800	209.970	3.846
990.000	209.970	3.846
990.200	209.970	3.846
990.400	209.969	3.846
990.600	209.970	3.846
990.800	209.970	3.846
991.000	209.970	3.846
991.200	209.969	3.846
991.400	209.971	3.846
991.600	209.970	3.846
991.800	209.972	3.846
992.000	209.971	3.846
992.200	209.971	3.846
992.400	209.969	3.846
992.600	209.969	3.846
992.800	209.971	3.846
993.000	209.972	3.846
993.200	209.971	3.846
993.400	209.971	3.846
993.600	209.972	3.846
993.800	209.973	3.846
994.000	209.972	3.846
994.200	209.971	3.846
994.400	209.970	3.846
994.600	209.971	3.846
994.800	209.970	3.846
995.000	209.971	3.846
995.200	209.970	3.846
995.400	209.970	3.846
995.600	209.971	3.846
995.800	209.971	3.846
996.000	209.972	3.846
996.200	209.971	3.846
996.400	209.969	3.846
996.600	209.969	3.846
996.800	209.970	3.846
997.000	209.972	3.846
997.200	209.970	3.846
997.400	209.970	3.846
997.600	209.970	3.846
997.800	209.970	3.846
998.000	209.969	3.846
998.200	209.972	3.846
998.400	209.972	3.846
998.600	209.972	3.846
998.800	209.974	3.846
999.000	209.973	3.846
999.200	209.972	3.846
999.400	209.973	3.846
999.600	209.972	3.846
999.800	209.973	3.846
1000.000	209.973	3.846
1000.200	209.973	3.846
1000.400	209.971	3.846
1000.600	209.972	3.846
1000.800	209.972	3.846
1001.000	209.972	3.846
1001.200	209.973	3.846
1001.400	209.972	3.846
1001.600	209.971	3.846
1001.800	209.972	3.846
1002.000	209.971	3.846
1002.200	209.972	3.846
1002.400	209.973	3.846
1002.600	209.971	3.846
1002.800	209.971	3.846
1003.000	209.970	3.846
1003.200	209.971	3.846
1003.400	209.970	3.846
1003.600	209.971	3.846
1003.800	209.971	3.846
1004.000	209.972	3.846
1004.200	209.972	3.846
1004.400	209.971	3.846
1004.600	209.975	3.846
1004.800	209.972	3.846
1005.000	209.973	3.846
1005.200	209.972	3.846
1005.400	209.973	3.846
1005.600	209.972	3.846
1005.800	209.972	3.846
1006.000	209.972	3.846
1006.200	209.971	3.846
1006.400	209.972	3.846
1006.600	209.972	3.846
1006.800	209.973	3.846
1007.000	209.972	3.846
1007.200	209.971	3.846
1007.400	209.972	3.846
1007.600	209.972	3.846
1007.800	209.971	3.846
1008.000	209.970	3.846
1008.200	209.970	3.846
1008.400	209.972	3.846
1008.600	209.971	3.846
1008.800	209.972	3.846
1009.000	209.971	3.846
1009.200	209.971	3.846
1009.400	209.970	3.846
1009.600	209.970	3.846
1009.800	209.973	3.846
1010.000	209.972	3.846
1010.200	209.973	3.846
1010.400	209.972	3.846
1010.600	209.973	3.846
1010.800	209.973	3.846
1011.000	209.971	3.846
1011.200	209.973	3.846
1011.400	209.972	3.846
1011.600	209.972	3.846
1011.800	209.972	3.846
1012.000	209.972	3.846
1012.200	209.971	3.846
1012.400	209.970	3.846
1012.600	209.971	3.846
1012.800	209.970	3.846
1013.000	209.973	3.846
1013.200	209.972	3.846
1013.400	209.972	3.846
1013.600	209.972	3.846
1013.800	209.974	3.846
1014.000	209.973	3.846
1014.200	209.972	3.846
1014.400	209.973	3.846
1014.600	209.974	3.846
1014.800	209.973	3.846
1015.000	209.973	3.846
1015.200	209.973	3.846
1015.400	209.974	3.846
1015.600	209.972	3.846
1015.800	209.973	3.846
1016.000	209.972	3.846
1016.200	209.972	3.846
1016.400	209.971	3.846
1016.600	209.972	3.846
1016.800	209.972	3.846
1017.000	209.971	3.846
1017.200	209.972	3.846
1017.400	209.971	3.846
1017.600	209.971	3.846
1017.800	209.972	3.846
1018.000	209.972	3.846
1018.200	209.972	3.846
1018.400	209.973	3.846
1018.600	209.973	3.846
1018.800	209.973	3.846
1019.000	209.971	3.846
1019.200	209.971	3.846
1019.400	209.972	3.846
1019.600	209.973	3.846
1019.800	209.973	3.846
1020.000	209.971	3.846
1020.200	209.970	3.846
1020.400	209.971	3.846
1020.600	209.970	3.846
1020.800	209.971	3.846
1021.000	209.972	3.846
1021.200	209.972	3.846
1021.400	209.972	3.846
1021.600	209.971	3.846
1021.800	209.972	3.846
1022.000	209.971	3.846
1022.200	209.973	3.846
1022.400	209.973	3.846
1022.600	209.970	3.846
1022.800	209.970	3.846
1023.000	209.970	3.846
1023.200	209.970	3.846
1023.400	209.971	3.846
1023.600	209.972	3.846
1023.800	209.972	3.846
1024.000	209.969	3.846
1024.200	209.970	3.846
1024.400	209.970	3.846
1024.600	209.970	3.846
1024.800	209.973	3.846
1025.000	209.972	3.846
1025.200	209.972	3.846
1025.400	209.972	3.846
1025.600	209.972	3.846
1025.800	209.973	3.846
1026.000	209.971	3.846
1026.200	209.970	3.846
1026.400	209.970	3.846
1026.600	209.971	3.846
1026.800	209.971	3.846
1027.000	209.972	3.846
1027.200	209.973	3.846
1027.400	209.971	3.846
1027.600	209.971	3.846
1027.800	209.971	3.846
1028.000	209.973	3.846
1028.200	209.974	3.846
1028.400	209.971	3.846
1028.600	209.973	3.846
1028.800	209.972	3.847
1029.000	209.970	3.846
1029.200	209.971	3.847
1029.400	209.972	3.847
1029.600	209.972	3.846
1029.800	209.973	3.847
1030.000	209.971	3.846
1030.200	209.972	3.847
1030.400	209.973	3.847
1030.600	209.974	3.847
1030.800	209.972	3.847
1031.000	209.973	3.847
1031.200	209.972	3.847
1031.400	209.972	3.847
1031.600	209.973	3.847
1031.800	209.971	3.847
1032.000	209.972	3.847
1032.200	209.972	3.847
1032.400	209.972	3.847
1032.600	209.973	3.847
1032.800	209.971	3.847
1033.000	209.972	3.847
1033.200	209.972	3.847
1033.400	209.971	3.847
1033.600	209.972	3.847
1033.800	209.973	3.847
1034.000	209.972	3.847
1034.200	209.971	3.847
1034.400	209.974	3.847
1034.600	209.973	3.847
1034.800	209.972	3.847
1035.000	209.972	3.847
1035.200	209.972	3.847
1035.400	209.971	3.847
1035.600	209.971	3.847
1035.800	209.972	3.847
1036.000	209.971	3.847
1036.200	209.973	3.847
1036.400	209.971	3.847
1036.600	209.973	3.847
1036.800	209.971	3.847
1037.000	209.972	3.847
1037.200	209.971	3.847
1037.400	209.971	3.847
1037.600	209.971	3.847
1037.800	209.970	3.847
1038.000	209.970	3.847
1038.200	209.971	3.847
1038.400	209.971	3.847
1038.600	209.971	3.847
1038.800	209.972	3.847
1039.000	209.971	3.847
1039.200	209.970	3.847
1039.400	209.972	3.847
1039.600	209.971	3.847
1039.800	209.971	3.847
1040.000	209.973	3.847
1040.200	209.972	3.847
1040.400	209.972	3.847
1040.600	209.972	3.847
1040.800	209.971	3.847
1041.000	209.971	3.847
1041.200	209.970	3.847
1041.400	209.970	3.847
1041.600	209.971	3.847
1041.800	209.971	3.847
1042.000	209.972	3.847
1042.200	209.972	3.847
1042.400	209.971	3.847
1042.600	209.973	3.847
1042.800	209.973	3.847
1043.000	209.972	3.847
1043.200	209.973	3.847
1043.400	209.970	3.847
1043.600	209.971	3.847
1043.800	209.972	3.847
1044.000	209.972	3.847
1044.200	209.972	3.847
1044.400	209.972	3.847
1044.600	209.972	3.847
1044.800	209.972	3.847
1045.000	209.971	3.847
1045.200	209.973	3.847
1045.400	209.973	3.847
1045.600	209.972	3.847
1045.800	209.970	3.847
1046.000	209.972	3.847
1046.200	209.972	3.847
1046.400	209.973	3.847
1046.600	209.972	3.847
1046.800	209.971	3.847
1047.000	209.971	3.847
1047.200	209.972	3.847
1047.400	209.972	3.847
1047.600	209.969	3.847
1047.800	209.970	3.847
1048.000	209.968	3.847
1048.200	209.969	3.847
1048.400	209.972	3.847
1048.600	209.972	3.847
1048.800	209.971	3.847
1049.000	209.970	3.847
1049.200	209.970	3.847
1049.400	209.969	3.847
1049.600	209.967	3.847
1049.800	209.969	3.847
1050.000	209.969	3.847
1050.200	209.970	3.847
1050.400	209.971	3.847
1050.600	209.971	3.847
1050.800	209.972	3.847
1051.000	209.971	3.847
1051.200	209.972	3.847
1051.400	209.970	3.847
1051.600	209.971	3.847
1051.800	209.971	3.847
1052.000	209.970	3.847
1052.200	209.968	3.847
1052.400	209.970	3.847
1052.600	209.972	3.847
1052.800	209.970	3.847
1053.000	209.970	3.847
1053.200	209.971	3.847
1053.400	209.970	3.847
1053.600	209.970	3.847
1053.800	209.970	3.847
1054.000	209.971	3.847
1054.200	209.970	3.847
1054.400	209.970	3.847
1054.600	209.969	3.847
1054.800	209.969	3.847
1055.000	209.970	3.847
1055.200	209.969	3.847
1055.400	209.971	3.847
1055.600	209.971	3.847
1055.800	209.970	3.847
1056.000	209.969	3.847
1056.200	209.970	3.847
1056.400	209.971	3.847
1056.600	209.970	3.847
1056.800	209.969	3.847
1057.000	209.968	3.847
1057.200	209.970	3.847
1057.400	209.970	3.847
1057.600	209.968	3.847
1057.800	209.967	3.847
1058.000	209.969	3.847
1058.200	209.970	3.847
1058.400	209.969	3.847
1058.600	209.970	3.847
1058.800	209.969	3.847
1059.000	209.968	3.847
1059.200	209.969	3.847
1059.400	209.970	3.847
1059.600	209.971	3.847
1059.800	209.969	3.847
1060.000	209.970	3.847
1060.200	209.969	3.847
1060.400	209.967	3.847
1060.600	209.967	3.847
1060.800	209.969	3.847
1061.000	209.969	3.847
1061.200	209.970	3.847
1061.400	209.970	3.847
1061.600	209.971	3.847
1061.800	209.970	3.847
1062.000	209.970	3.847
1062.200	209.970	3.847
1062.400	209.969	3.847
1062.600	209.970	3.847
1062.800	209.971	3.847
1063.000	209.970	3.847
1063.200	209.970	3.847
1063.400	209.970	3.847
1063.600	209.970	3.847
1063.800	209.970	3.847
1064.000	209.971	3.847
1064.200	209.970	3.847
1064.400	209.969	3.847
1064.600	209.970	3.847
1064.800	209.973	3.847
1065.000	209.969	3.847
1065.200	209.968	3.847
1065.400	209.972	3.847
1065.600	209.972	3.847
1065.800	209.973	3.847
1066.000	209.971	3.847
1066.200	209.971	3.847
1066.400	209.970	3.847
1066.600	209.970	3.847
1066.800	209.969	3.847
1067.000	209.970	3.847
1067.200	209.970	3.847
1067.400	209.971	3.847
1067.600	209.971	3.847
1067.800	209.970	3.847
1068.000	209.968	3.847
1068.200	209.968	3.847
1068.400	209.967	3.847
1068.600	209.967	3.847
1068.800	209.969	3.847
1069.000	209.969	3.847
1069.200	209.970	3.847
1069.400	209.969	3.847
1069.600	209.969	3.847
1069.800	209.971	3.847
1070.000	209.971	3.847
1070.200	209.972	3.847
1070.400	209.970	3.847
1070.600	209.971	3.847
1070.800	209.970	3.847
1071.000	209.972	3.847
1071.200	209.972	3.847
1071.400	209.973	3.847
1071.600	209.971	3.847
1071.800	209.971	3.847
1072.000	209.970	3.847
1072.200	209.972	3.847
1072.400	209.971	3.847
1072.600	209.971	3.847
1072.800	209.971	3.847
1073.000	209.971	3.848
1073.200	209.970	3.848
1073.400	209.971	3.847
1073.600	209.971	3.847
1073.800	209.971	3.847
1074.000	209.970	3.848
1074.200	209.972	3.848
1074.400	209.971	3.848
1074.600	209.969	3.847
1074.800	209.971	3.848
1075.000	209.971	3.848
1075.200	209.970	3.848
1075.400	209.970	3.848
1075.600	209.972	3.848
1075.800	209.971	3.848
1076.000	209.971	3.848
1076.200	209.970	3.848
1076.400	209.971	3.848
1076.600	209.971	3.848
1076.800	209.972	3.848
1077.000	209.971	3.848
1077.200	209.970	3.848
1077.400	209.971	3.848
1077.600	209.970	3.848
1077.800	209.970	3.848
1078.000	209.971	3.848
1078.200	209.973	3.848
1078.400	209.973	3.848
1078.600	209.972	3.848
1078.800	209.970	3.848
1079.000	209.971	3.848
1079.200	209.969	3.848
1079.400	209.972	3.848
1079.600	209.971	3.848
1079.800	209.971	3.848
1080.000	209.971	3.848
1080.200	209.971	3.848
1080.400	209.972	3.848
1080.600	209.970	3.848
1080.800	209.971	3.848
1081.000	209.972	3.848
1081.200	209.970	3.848
1081.400	209.971	3.848
1081.600	209.969	3.848
1081.800	209.970	3.848
1082.000	209.971	3.848
1082.200	209.971	3.848
1082.400	209.971	3.848
1082.600	209.971	3.848
1082.800	209.969	3.848
1083.000	209.970	3.848
1083.200	209.971	3.848
1083.400	209.970	3.848
1083.600	209.970	3.848
1083.800	209.972	3.848
1084.000	209.972	3.848
1084.200	209.971	3.848
1084.400	209.973	3.848
1084.600	209.972	3.848
1084.800	209.971	3.848
1085.000	209.971	3.848
1085.200	209.971	3.848
1085.400	209.971	3.848
1085.600	209.970	3.848
1085.800	209.970	3.848
1086.000	209.971	3.848
1086.200	209.971	3.848
1086.400	209.971	3.848
1086.600	209.972	3.848
1086.800	209.972	3.848
1087.000	209.972	3.848
1087.200	209.973	3.848
1087.400	209.972	3.848
1087.600	209.972	3.848
1087.800	209.972	3.848
1088.000	209.970	3.848
1088.200	209.971	3.848
1088.400	209.970	3.848
1088.600	209.972	3.848
1088.800	209.969	3.848
1089.000	209.970	3.848
1089.200	209.969	3.848
1089.400	209.970	3.848
1089.600	209.970	3.848
1089.800	209.972	3.848
1090.000	209.970	3.848
1090.200	209.970	3.848
1090.400	209.970	3.848
1090.600	209.970	3.848
1090.800	209.970	3.848
1091.000	209.970	3.848
1091.200	209.969	3.848
1091.400	209.971	3.848
1091.600	209.971	3.848
1091.800	209.970	3.848
1092.000	209.969	3.848
1092.200	209.968	3.848
1092.400	209.969	3.848
1092.600	209.969	3.848
1092.800	209.968	3.848
1093.000	209.969	3.848
1093.200	209.968	3.848
1093.400	209.969	3.848
1093.600	209.969	3.848
1093.800	209.968	3.848
1094.000	209.969	3.848
1094.200	209.968	3.848
1094.400	209.969	3.848
1094.600	209.968	3.848
1094.800	209.968	3.848
1095.000	209.968	3.848
1095.200	209.967	3.848
1095.400	209.967	3.848
1095.600	209.968	3.848
1095.800	209.968	3.848
1096.000	209.967	3.848
1096.200	209.967	3.848
1096.400	209.968	3.848
1096.600	209.968	3.848
1096.800	209.968	3.848
1097.000	209.969	3.848
1097.200	209.969	3.848
1097.400	209.970	3.848
1097.600	209.969	3.848
1097.800	209.970	3.848
1098.000	209.969	3.848
1098.200	209.970	3.848
1098.400	209.971	3.848
1098.600	209.969	3.848
1098.800	209.968	3.848
1099.000	209.969	3.848
1099.200	209.968	3.848
1099.400	209.969	3.848
1099.600	209.969	3.848
1099.800	209.970	3.848
1100.000	209.969	3.848
1100.200	209.970	3.848
1100.400	209.970	3.848
1100.600	209.971	3.848
1100.800	209.971	3.848
1101.000	209.968	3.848
1101.200	209.969	3.848
1101.400	209.968	3.848
1101.600	209.967	3.848
1101.800	209.970	3.848
1102.000	209.969	3.848
1102.200	209.968	3.848
1102.400	209.968	3.848
1102.600	209.967	3.848
1102.800	209.968	3.848
1103.000	209.969	3.848
1103.200	209.969	3.848
1103.400	209.968	3.848
1103.600	209.968	3.848
1103.800	209.968	3.848
1104.000	209.968	3.848
1104.200	209.968	3.848
1104.400	209.968	3.848
1104.600	209.970	3.848
1104.800	209.971	3.848
1105.000	209.968	3.848
1105.200	209.969	3.848
1105.400	209.969	3.848
1105.600	209.968	3.848
1105.800	209.969	3.848
1106.000	209.970	3.848
1106.200	209.969	3.848
1106.400	209.970	3.848
1106.600	209.970	3.848
1106.800	209.969	3.848
1107.000	209.968	3.848
1107.200	209.967	3.848
1107.400	209.969	3.848
1107.600	209.969	3.848
1107.800	209.969	3.848
1108.000	209.967	3.848
1108.200	209.968	3.848
1108.400	209.968	3.848
1108.600	209.969	3.848
1108.800	209.969	3.848
1109.000	209.969	3.848
1109.200	209.969	3.848
1109.400	209.968	3.848
1109.600	209.969	3.848
1109.800	209.970	3.848
1110.000	209.971	3.848
1110.200	209.970	3.848
1110.400	209.970	3.848
1110.600	209.970	3.848
1110.800	209.967	3.848
1111.000	209.968	3.848
1111.200	209.966	3.848
1111.400	209.968	3.848
1111.600	209.967	3.848
1111.800	209.967	3.848
1112.000	209.969	3.848
1112.200	209.969	3.848
1112.400	209.969	3.848
1112.600	209.967	3.848
1112.800	209.968	3.848
1113.000	209.968	3.848
1113.200	209.969	3.848
1113.400	209.968	3.848
1113.600	209.970	3.848
1113.800	209.969	3.848
1114.000	209.970	3.848
1114.200	209.970	3.848
1114.400	209.969	3.848
1114.600	209.968	3.848
1114.800	209.970	3.848
1115.000	209.970	3.848
1115.200	209.970	3.848
1115.400	209.970	3.848
1115.600	209.970	3.848
1115.800	209.969	3.848
1116.000	209.970	3.848
1116.200	209.968	3.848
1116.400	209.968	3.848
1116.600	209.968	3.848
1116.800	209.969	3.848
1117.000	209.969	3.848
1117.200	209.969	3.848
1117.400	209.969	3.848
1117.600	209.969	3.848
1117.800	209.968	3.848
1118.000	209.969	3.848
1118.200	209.969	3.848
1118.400	209.969	3.848
1118.600	209.968	3.848
1118.800	209.969	3.848
1119.000	209.969	3.848
1119.200	209.967	3.848
1119.400	209.968	3.848
1119.600	209.967	3.848
1119.800	209.967	3.848
1120.000	209.968	3.848
1120.200	209.968	3.848
1120.400	209.968	3.848
1120.600	209.967	3.848
1120.800	209.969	3.848
1121.000	209.967	3.848
1121.200	209.968	3.848
1121.400	209.968	3.848
1121.600	209.968	3.848
1121.800	209.966	3.849
1122.000	209.968	3.848
1122.200	209.968	3.848
1122.400	209.967	3.848
1122.600	209.969	3.849
1122.800	209.966	3.849
1123.000	209.968	3.848
1123.200	209.968	3.849
1123.400	209.969	3.849
1123.600	209.969	3.849
1123.800	209.968	3.849
1124.000	209.969	3.848
1124.200	209.970	3.849
1124.400	209.970	3.849
1124.600	209.970	3.849
1124.800	209.971	3.849
1125.000	209.968	3.849
1125.200	209.969	3.849
1125.400	209.969	3.849
1125.600	209.970	3.849
1125.800	209.969	3.849
1126.000	209.969	3.849
1126.200	209.970	3.849
1126.400	209.968	3.849
1126.600	209.969	3.849
1126.800	209.969	3.849
1127.000	209.969	3.849
1127.200	209.968	3.849
1127.400	209.969	3.849
1127.600	209.970	3.849
1127.800	209.969	3.849
1128.000	209.968	3.849
1128.200	209.968	3.849
1128.400	209.968	3.849
1128.600	209.969	3.849
1128.800	209.970	3.849
1129.000	209.969	3.849
1129.200	209.969	3.849
1129.400	209.967	3.849
1129.600	209.971	3.849
1129.800	209.968	3.849
1130.000	209.971	3.849
1130.200	209.969	3.849
1130.400	209.970	3.849
1130.600	209.970	3.849
1130.800	209.969	3.849
1131.000	209.970	3.849
1131.200	209.969	3.849
1131.400	209.971	3.849
1131.600	209.970	3.849
1131.800	209.972	3.849
1132.000	209.970	3.849
1132.200	209.970	3.849
1132.400	209.971	3.849
1132.600	209.971	3.849
1132.800	209.972	3.849
1133.000	209.971	3.849
1133.200	209.971	3.849
1133.400	209.973	3.849
1133.600	209.972	3.849
1133.800	209.971	3.849
1134.000	209.969	3.849
1134.200	209.968	3.849
1134.400	209.969	3.849
1134.600	209.970	3.849
1134.800	209.970	3.849
1135.000	209.969	3.849
1135.200	209.970	3.849
1135.400	209.970	3.849
1135.600	209.970	3.849
1135.800	209.970	3.849
1136.000	209.971	3.849
1136.200	209.971	3.849
1136.400	209.971	3.849
1136.600	209.972	3.849
1136.800	209.972	3.849
1137.000	209.971	3.849
1137.200	209.970	3.849
1137.400	209.969	3.849
1137.600	209.969	3.849
1137.800	209.969	3.849
1138.000	209.969	3.849
1138.200	209.971	3.849
1138.400	209.971	3.849
1138.600	209.969	3.849
1138.800	209.969	3.849
1139.000	209.969	3.849
1139.200	209.968	3.849
1139.400	209.967	3.849
1139.600	209.970	3.849
1139.800	209.970	3.849
1140.000	209.968	3.849
1140.200	209.970	3.849
1140.400	209.970	3.849
1140.600	209.970	3.849
1140.800	209.970	3.849
1141.000	209.969	3.849
1141.200	209.969	3.849
1141.400	209.968	3.849
1141.600	209.971	3.849
1141.800	209.971	3.849
1142.000	209.970	3.849
1142.200	209.971	3.849
1142.400	209.971	3.849
1142.600	209.970	3.849
1142.800	209.970	3.849
1143.000	209.971	3.849
1143.200	209.972	3.849
1143.400	209.970	3.849
1143.600	209.970	3.849
1143.800	209.970	3.849
1144.000	209.969	3.849
1144.200	209.968	3.849
1144.400	209.968	3.849
1144.600	209.969	3.849
1144.800	209.968	3.849
1145.000	209.970	3.849
1145.200	209.967	3.849
1145.400	209.969	3.849
1145.600	209.967	3.849
1145.800	209.969	3.849
1146.000	209.968	3.849
1146.200	209.970	3.849
1146.400	209.970	3.849
1146.600	209.968	3.849
1146.800	209.968	3.849
1147.000	209.967	3.849
1147.200	209.969	3.849
1147.400	209.968	3.849
1147.600	209.968	3.849
1147.800	209.969	3.849
1148.000	209.969	3.849
1148.200	209.968	3.849
1148.400	209.967	3.849
1148.600	209.967	3.849
1148.800	209.967	3.849
1149.000	209.968	3.849
1149.200	209.968	3.849
1149.400	209.969	3.849
1149.600	209.967	3.849
1149.800	209.969	3.849
1150.000	209.967	3.849
1150.200	209.969	3.849
1150.400	209.969	3.849
1150.600	209.968	3.849
1150.800	209.968	3.849
1151.000	209.968	3.849
1151.200	209.969	3.849
1151.400	209.969	3.849
1151.600	209.968	3.849
1151.800	209.970	3.849
1152.000	209.969	3.849
1152.200	209.969	3.849
1152.400	209.968	3.849
1152.600	209.970	3.849
1152.800	209.968	3.849
1153.000	209.967	3.849
1153.200	209.968	3.849
1153.400	209.968	3.849
1153.600	209.967	3.849
1153.800	209.967	3.849
1154.000	209.969	3.849
1154.200	209.967	3.849
1154.400	209.970	3.849
1154.600	209.969	3.849
1154.800	209.971	3.849
1155.000	209.968	3.849
1155.200	209.969	3.849
1155.400	209.969	3.849
1155.600	209.968	3.849
1155.800	209.969	3.849
1156.000	209.968	3.849
1156.200	209.970	3.849
1156.400	209.967	3.849
1156.600	209.967	3.849
1156.800	209.969	3.849
1157.000	209.969	3.849
1157.200	209.968	3.849
1157.400	209.967	3.849
1157.600	209.966	3.849
1157.800	209.966	3.849
1158.000	209.968	3.849
1158.200	209.968	3.849
1158.400	209.967	3.849
1158.600	209.967	3.849
1158.800	209.967	3.849
1159.000	209.970	3.849
1159.200	209.968	3.849
1159.400	209.969	3.849
1159.600	209.970	3.849
1159.800	209.969	3.849
1160.000	209.967	3.849
1160.200	209.968	3.849
1160.400	209.969	3.849
1160.600	209.969	3.849
1160.800	209.968	3.849
1161.000	209.969	3.849
1161.200	209.968	3.849
1161.400	209.968	3.849
1161.600	209.966	3.849
1161.800	209.967	3.849
1162.000	209.968	3.849
1162.200	209.969	3.849
1162.400	209.969	3.849
1162.600	209.969	3.849
1162.800	209.967	3.849
1163.000	209.967	3.849
1163.200	209.967	3.849
1163.400	209.967	3.849
1163.600	209.969	3.849
1163.800	209.970	3.849
1164.000	209.970	3.849
1164.200	209.971	3.850
1164.400	209.971	3.849
1164.600	209.969	3.849
1164.800	209.969	3.849
1165.000	209.971	3.850
1165.200	209.970	3.850
1165.400	209.969	3.849
1165.600	209.970	3.850
1165.800	209.969	3.850
1166.000	209.969	3.850
1166.200	209.970	3.850
1166.400	209.969	3.850
1166.600	209.969	3.850
1166.800	209.969	3.850
1167.000	209.970	3.850
1167.200	209.968	3.850
1167.400	209.967	3.850
1167.600	209.970	3.850
1167.800	209.970	3.850
1168.000	209.970	3.850
1168.200	209.972	3.850
1168.400	209.969	3.850
1168.600	209.971	3.850
1168.800	209.971	3.850
1169.000	209.970	3.850
1169.200	209.970	3.850
1169.400	209.970	3.850
1169.600	209.970	3.850
1169.800	209.970	3.850
1170.000	209.970	3.850
1170.200	209.969	3.850
1170.400	209.969	3.850
1170.600	209.969	3.850
1170.800	209.970	3.850
1171.000	209.969	3.850
1171.200	209.968	3.850
1171.400	209.969	3.850
1171.600	209.970	3.850
1171.800	209.971	3.850
1172.000	209.968	3.850
1172.200	209.969	3.850
1172.400	209.967	3.850
1172.600	209.969	3.850
1172.800	209.970	3.850
1173.000	209.970	3.850
1173.200	209.970	3.850
1173.400	209.970	3.850
1173.600	209.972	3.850
1173.800	209.969	3.850
1174.000	209.969	3.850
1174.200	209.970	3.850
1174.400	209.968	3.850
1174.600	209.970	3.850
1174.800	209.969	3.850
1175.000	209.968	3.850
1175.200	209.967	3.850
1175.400	209.969	3.850
1175.600	209.969	3.850
1175.800	209.968	3.850
1176.000	209.969	3.850
1176.200	209.969	3.850
1176.400	209.967	3.850
1176.600	209.971	3.850
1176.800	209.969	3.850
1177.000	209.971	3.850
1177.200	209.969	3.850
1177.400	209.970	3.850
1177.600	209.968	3.850
1177.800	209.970	3.850
1178.000	209.970	3.850
1178.200	209.967	3.850
1178.400	209.969	3.850
1178.600	209.969	3.850
1178.800	209.969	3.850
1179.000	209.970	3.850
1179.200	209.970	3.850
1179.400	209.969	3.850
1179.600	209.969	3.850
1179.800	209.969	3.850
1180.000	209.970	3.850
1180.200	209.970	3.850
1180.400	209.969	3.850
1180.600	209.970	3.850
1180.800	209.969	3.850
1181.000	209.971	3.850
1181.200	209.970	3.850
1181.400	209.969	3.850
1181.600	209.970	3.850
1181.800	209.970	3.850
1182.000	209.969	3.850
1182.200	209.969	3.850
1182.400	209.968	3.850
1182.600	209.968	3.850
1182.800	209.972	3.850
1183.000	209.969	3.850
1183.200	209.969	3.850
1183.400	209.970	3.850
1183.600	209.970	3.850
1183.800	209.970	3.850
1184.000	209.969	3.850
1184.200	209.968	3.850
1184.400	209.968	3.850
1184.600	209.969	3.850
1184.800	209.969	3.850
1185.000	209.970	3.850
1185.200	209.970	3.850
1185.400	209.970	3.850
1185.600	209.970	3.850
1185.800	209.971	3.850
1186.000	209.970	3.850
1186.200	209.970	3.850
1186.400	209.969	3.850
1186.600	209.970	3.850
1186.800	209.970	3.850
1187.000	209.971	3.850
1187.200	209.971	3.850
1187.400	209.970	3.850
1187.600	209.970	3.850
1187.800	209.968	3.850
1188.000	209.969	3.850
1188.200	209.970	3.850
1188.400	209.970	3.850
1188.600	209.970	3.850
1188.800	209.970	3.850
1189.000	209.969	3.850
1189.200	209.968	3.850
1189.400	209.971	3.850
1189.600	209.972	3.850
1189.800	209.969	3.850
1190.000	209.970	3.850
1190.200	209.970	3.850
1190.400	209.970	3.850
1190.600	209.970	3.850
1190.800	209.968	3.850
1191.000	209.970	3.850
1191.200	209.970	3.850
1191.400	209.970	3.850
1191.600	209.971	3.850
1191.800	209.970	3.850
1192.000	209.971	3.850
1192.200	209.971	3.850
1192.400	209.972	3.850
1192.600	209.970	3.850
1192.800	209.971	3.850
1193.000	209.971	3.850
1193.200	209.971	3.850
1193.400	209.970	3.850
1193.600	209.971	3.850
1193.800	209.971	3.850
1194.000	209.971	3.850
1194.200	209.971	3.850
1194.400	209.971	3.850
1194.600	209.971	3.850
1194.800	209.969	3.850
1195.000	209.970	3.850
1195.200	209.970	3.850
1195.400	209.969	3.850
1195.600	209.970	3.850
1195.800	209.971	3.850
1196.000	209.970	3.850
1196.200	209.969	3.850
1196.400	209.972	3.850
1196.600	209.970	3.850
1196.800	209.968	3.850
1197.000	209.971	3.850
1197.200	209.970	3.850
1197.400	209.971	3.850
1197.600	209.970	3.850
1197.800	209.968	3.850
1198.000	209.967	3.850
1198.200	209.969	3.850
1198.400	209.969	3.850
1198.600	209.971	3.850
1198.800	209.970	3.850
1199.000	209.968	3.850
1199.200	209.968	3.850
1199.400	209.969	3.850
1199.600	209.971	3.850
1199.800	209.970	3.850
1200.000	209.970	3.850
1200.200	209.970	3.850
1200.400	209.970	3.850
1200.600	209.969	3.850
1200.800	209.969	3.850
1201.000	209.970	3.850
1201.200	209.971	3.850
1201.400	209.970	3.850
1201.600	209.971	3.850
1201.800	209.969	3.850
1202.000	209.972	3.850
1202.200	209.971	3.850
1202.400	209.971	3.850
1202.600	209.970	3.850
1202.800	209.971	3.850
1203.000	209.971	3.850
1203.200	209.969	3.850
1203.400	209.970	3.850
1203.600	209.971	3.850
1203.800	209.971	3.850
1204.000	209.970	3.850
1204.200	209.971	3.850
1204.400	209.971	3.850
1204.600	209.971	3.850
1204.800	209.972	3.850
1205.000	209.971	3.850
1205.200	209.971	3.850
1205.400	209.971	3.850
1205.600	209.970	3.850
1205.800	209.971	3.850
1206.000	209.971	3.850
1206.200	209.971	3.850
1206.400	209.970	3.850
1206.600	209.970	3.850
1206.800	209.970	3.851
1207.000	209.970	3.851
1207.200	209.971	3.851
1207.400	209.972	3.851
1207.600	209.972	3.851
1207.800	209.971	3.851
1208.000	209.971	3.851
1208.200	209.972	3.851
1208.400	209.971	3.851
1208.600	209.972	3.851
1208.800	209.971	3.851
1209.000	209.972	3.851
1209.200	209.971	3.851
1209.400	209.971	3.851
1209.600	209.971	3.851
1209.800	209.971	3.851
1210.000	209.972	3.851
1210.200	209.972	3.851
1210.400	209.972	3.851
1210.600	209.972	3.851
1210.800	209.971	3.851
1211.000	209.971	3.851
1211.200	209.972	3.851
1211.400	209.972	3.851
1211.600	209.972	3.851
1211.800	209.973	3.851
1212.000	209.972	3.851
1212.200	209.972	3.851
1212.400	209.973	3.851
1212.600	209.972	3.851
1212.800	209.973	3.851
1213.000	209.975	3.851
1213.200	209.973	3.851
1213.400	209.973	3.851
1213.600	209.973	3.851
1213.800	209.973	3.851
1214.000	209.974	3.851
1214.200	209.974	3.851
1214.400	209.973	3.851
1214.600	209.974	3.851
1214.800	209.974	3.851
1215.000	209.973	3.851
1215.200	209.976	3.851
1215.400	209.974	3.851
1215.600	209.973	3.851
1215.800	209.973	3.851
1216.000	209.974	3.851
1216.200	209.973	3.851
1216.400	209.973	3.851
1216.600	209.973	3.851
1216.800	209.973	3.851
1217.000	209.974	3.851
1217.200	209.973	3.851
1217.400	209.972	3.851
1217.600	209.972	3.851
1217.800	209.973	3.851
1218.000	209.971	3.851
1218.200	209.972	3.851
1218.400	209.972	3.851
1218.600	209.973	3.851
1218.800	209.972	3.851
1219.000	209.975	3.851
1219.200	209.972	3.851
1219.400	209.973	3.851
1219.600	209.974	3.851
1219.800	209.974	3.851
1220.000	209.972	3.851
1220.200	209.973	3.851
1220.400	209.974	3.851
1220.600	209.973	3.851
1220.800	209.973	3.851
1221.000	209.973	3.851
1221.200	209.974	3.851
1221.400	209.972	3.851
1221.600	209.973	3.851
1221.800	209.973	3.851
1222.000	209.974	3.851
1222.200	209.973	3.851
1222.400	209.973	3.851
1222.600	209.972	3.851
1222.800	209.972	3.851
1223.000	209.973	3.851
1223.200	209.972	3.851
1223.400	209.973	3.851
1223.600	209.973	3.851
1223.800	209.974	3.851
1224.000	209.973	3.851
1224.200	209.975	3.851
1224.400	209.974	3.851
1224.600	209.974	3.851
1224.800	209.974	3.851
1225.000	209.973	3.851
1225.200	209.974	3.851
1225.400	209.973	3.851
1225.600	209.974	3.851
1225.800	209.973	3.851
1226.000	209.973	3.851
1226.200	209.974	3.851
1226.400	209.974	3.851
1226.600	209.974	3.851
1226.800	209.973	3.851
1227.000	209.974	3.851
1227.200	209.972	3.851
1227.400	209.973	3.851
1227.600	209.973	3.851
1227.800	209.975	3.851
1228.000	209.975	3.851
1228.200	209.974	3.851
1228.400	209.975	3.851
1228.600	209.975	3.851
1228.800	209.975	3.851
1229.000	209.976	3.851
1229.200	209.974	3.851
1229.400	209.974	3.851
1229.600	209.973	3.851
1229.800	209.975	3.851
1230.000	209.976	3.851
1230.200	209.974	3.851
1230.400	209.975	3.851
1230.600	209.973	3.851
1230.800	209.974	3.851
1231.000	209.975	3.851
1231.200	209.975	3.851
1231.400	209.975	3.851
1231.600	209.976	3.851
1231.800	209.974	3.851
1232.000	209.976	3.851
1232.200	209.974	3.851
1232.400	209.975	3.851
1232.600	209.976	3.851
1232.800	209.976	3.851
1233.000	209.976	3.851
1233.200	209.975	3.851
1233.400	209.976	3.851
1233.600	209.975	3.851
1233.800	209.975	3.851
1234.000	209.976	3.851
1234.200	209.976	3.851
1234.400	209.976	3.851
1234.600	209.975	3.851
1234.800	209.974	3.851
1235.000	209.975	3.851
1235.200	209.974	3.851
1235.400	209.975	3.851
1235.600	209.974	3.851
1235.800	209.975	3.851
1236.000	209.973	3.851
1236.200	209.974	3.851
1236.400	209.973	3.851
1236.600	209.973	3.851
1236.800	209.974	3.851
1237.000	209.974	3.851
1237.200	209.973	3.851
1237.400	209.974	3.851
1237.600	209.974	3.851
1237.800	209.974	3.851
1238.000	209.973	3.851
1238.200	209.974	3.851
1238.400	209.974	3.851
1238.600	209.974	3.851
1238.800	209.974	3.851
1239.000	209.974	3.851
1239.200	209.974	3.851
1239.400	209.973	3.851
1239.600	209.972	3.851
1239.800	209.973	3.851
1240.000	209.974	3.851
1240.200	209.973	3.851
1240.400	209.973	3.851
1240.600	209.973	3.851
1240.800	209.975	3.851
1241.000	209.974	3.851
1241.200	209.973	3.851
1241.400	209.974	3.851
1241.600	209.973	3.851
1241.800	209.974	3.851
1242.000	209.974	3.851
1242.200	209.973	3.851
1242.400	209.973	3.851
1242.600	209.974	3.851
1242.800	209.974	3.851
1243.000	209.973	3.851
1243.200	209.974	3.851
1243.400	209.974	3.851
1243.600	209.976	3.851
1243.800	209.973	3.851
1244.000	209.972	3.851
1244.200	209.975	3.851
1244.400	209.975	3.851
1244.600	209.973	3.851
1244.800	209.975	3.851
1245.000	209.973	3.851
1245.200	209.974	3.851
1245.400	209.974	3.851
1245.600	209.974	3.851
1245.800	209.973	3.851
1246.000	209.973	3.851
1246.200	209.975	3.851
1246.400	209.973	3.851
1246.600	209.974	3.851
1246.800	209.974	3.851
1247.000	209.973	3.852
1247.200	209.973	3.851
1247.400	209.975	3.852
1247.600	209.974	3.852
1247.800	209.974	3.852
1248.000	209.974	3.852
1248.200	209.974	3.852
1248.400	209.974	3.852
1248.600	209.974	3.852
1248.800	209.975	3.852
1249.000	209.973	3.852
1249.200	209.975	3.852
1249.400	209.973	3.852
1249.600	209.974	3.852
1249.800	209.974	3.852
1250.000	209.974	3.852
1250.200	209.975	3.852
1250.400	209.972	3.852
1250.600	209.974	3.852
1250.800	209.976	3.852
1251.000	209.976	3.852
1251.200	209.973	3.852
1251.400	209.976	3.852
1251.600	209.975	3.852
1251.800	209.975	3.852
1252.000	209.975	3.852
1252.200	209.975	3.852
1252.400	209.974	3.852
1252.600	209.974	3.852
1252.800	209.975	3.852
1253.000	209.974	3.852
1253.200	209.973	3.852
1253.400	209.975	3.852
1253.600	209.975	3.852
1253.800	209.973	3.852
1254.000	209.972	3.852
1254.200	209.976	3.852
1254.400	209.974	3.852
1254.600	209.975	3.852
1254.800	209.974	3.852
1255.000	209.975	3.852
1255.200	209.975	3.852
1255.400	209.976	3.852
1255.600	209.974	3.852
1255.800	209.976	3.852
1256.000	209.974	3.852
1256.200	209.975	3.852
1256.400	209.977	3.852
1256.600	209.974	3.852
1256.800	209.974	3.852
1257.000	209.976	3.852
1257.200	209.977	3.852
1257.400	209.976	3.852
1257.600	209.977	3.852
1257.800	209.976	3.852
1258.000	209.976	3.852
1258.200	209.975	3.852
1258.400	209.975	3.852
1258.600	209.974	3.852
1258.800	209.977	3.852
1259.000	209.974	3.852
1259.200	209.973	3.852
1259.400	209.975	3.852
1259.600	209.973	3.852
1259.800	209.972	3.852
1260.000	209.974	3.852
1260.200	209.974	3.852
1260.400	209.972	3.852
1260.600	209.973	3.852
1260.800	209.974	3.852
1261.000	209.973	3.852
1261.200	209.972	3.852
1261.400	209.974	3.852
1261.600	209.975	3.852
1261.800	209.975	3.852
1262.000	209.976	3.852
1262.200	209.974	3.852
1262.400	209.975	3.852
1262.600	209.975	3.852
1262.800	209.975	3.852
1263.000	209.975	3.852
1263.200	209.975	3.852
1263.400	209.976	3.852
1263.600	209.976	3.852
1263.800	209.975	3.852
1264.000	209.973	3.852
1264.200	209.975	3.852
1264.400	209.977	3.852
1264.600	209.976	3.852
1264.800	209.976	3.852
1265.000	209.974	3.852
1265.200	209.974	3.852
1265.400	209.974	3.852
1265.600	209.973	3.852
1265.800	209.975	3.852
1266.000	209.972	3.852
1266.200	209.973	3.852
1266.400	209.973	3.852
1266.600	209.972	3.852
1266.800	209.973	3.852
1267.000	209.975	3.852
1267.200	209.974	3.852
1267.400	209.974	3.852
1267.600	209.975	3.852
1267.800	209.974	3.852
1268.000	209.973	3.852
1268.200	209.974	3.852
1268.400	209.974	3.852
1268.600	209.973	3.852
1268.800	209.974	3.852
1269.000	209.973	3.852
1269.200	209.972	3.852
1269.400	209.971	3.852
1269.600	209.973	3.852
1269.800	209.972	3.852
1270.000	209.972	3.852
1270.200	209.973	3.852
1270.400	209.972	3.852
1270.600	209.973	3.852
1270.800	209.973	3.852
1271.000	209.973	3.852
1271.200	209.973	3.852
1271.400	209.974	3.852
1271.600	209.973	3.852
1271.800	209.973	3.852
1272.000	209.974	3.852
1272.200	209.973	3.852
1272.400	209.973	3.852
1272.600	209.973	3.852
1272.800	209.975	3.852
1273.000	209.974	3.852
1273.200	209.975	3.852
1273.400	209.976	3.852
1273.600	209.975	3.852
1273.800	209.975	3.852
1274.000	209.974	3.852
1274.200	209.974	3.852
1274.400	209.973	3.852
1274.600	209.974	3.852
1274.800	209.973	3.852
1275.000	209.974	3.852
1275.200	209.974	3.852
1275.400	209.973	3.852
1275.600	209.974	3.852
1275.800	209.976	3.852
1276.000	209.974	3.852
1276.200	209.974	3.852
1276.400	209.973	3.852
1276.600	209.974	3.852
1276.800	209.973	3.852
1277.000	209.974	3.852
1277.200	209.975	3.852
1277.400	209.973	3.852
1277.600	209.972	3.852
1277.800	209.974	3.852
1278.000	209.973	3.852
1278.200	209.974	3.852
1278.400	209.974	3.852
1278.600	209.973	3.852
1278.800	209.976	3.852
1279.000	209.975	3.852
1279.200	209.973	3.852
1279.400	209.974	3.852
1279.600	209.974	3.852
1279.800	209.974	3.852
1280.000	209.973	3.852
1280.200	209.973	3.852
1280.400	209.973	3.852
1280.600	209.972	3.852
1280.800	209.974	3.852
1281.000	209.973	3.852
1281.200	209.973	3.852
1281.400	209.973	3.852
1281.600	209.974	3.852
1281.800	209.977	3.852
1282.000	209.976	3.852
1282.200	209.976	3.852
1282.400	209.974	3.852
1282.600	209.974	3.852
1282.800	209.973	3.852
1283.000	209.973	3.852
1283.200	209.974	3.852
1283.400	209.975	3.852
1283.600	209.973	3.852
1283.800	209.973	3.852
1284.000	209.973	3.852
1284.200	209.973	3.852
1284.400	209.973	3.852
1284.600	209.973	3.852
1284.800	209.975	3.852
1285.000	209.974	3.852
1285.200	209.973	3.852
1285.400	209.974	3.852
1285.600	209.974	3.852
1285.800	209.973	3.852
1286.000	209.974	3.852
1286.200	209.974	3.852
1286.400	209.973	3.852
1286.600	209.973	3.852
1286.800	209.973	3.852
1287.000	209.972	3.852
1287.200	209.973	3.852
1287.400	209.973	3.852
1287.600	209.975	3.852
1287.800	209.972	3.852
1288.000	209.972	3.852
1288.200	209.974	3.852
1288.400	209.973	3.852
1288.600	209.974	3.852
1288.800	209.973	3.852
1289.000	209.973	3.852
1289.200	209.975	3.852
1289.400	209.973	3.852
1289.600	209.973	3.852
1289.800	209.973	3.852
1290.000	209.974	3.852
1290.200	209.973	3.852
1290.400	209.975	3.852
1290.600	209.974	3.852
1290.800	209.974	3.852
1291.000	209.975	3.852
1291.200	209.974	3.852
1291.400	209.974	3.852
1291.600	209.974	3.852
1291.800	209.974	3.852
1292.000	209.976	3.853
1292.200	209.974	3.853
1292.400	209.976	3.853
1292.600	209.976	3.853
1292.800	209.975	3.852
1293.000	209.975	3.853
1293.200	209.973	3.852
1293.400	209.975	3.853
1293.600	209.975	3.853
1293.800	209.974	3.853
1294.000	209.974	3.853
1294.200	209.975	3.853
1294.400	209.975	3.853
1294.600	209.977	3.853
1294.800	209.975	3.853
1295.000	209.974	3.853
1295.200	209.975	3.853
1295.400	209.975	3.853
1295.600	209.973	3.853
1295.800	209.973	3.853
1296.000	209.974	3.853
1296.200	209.974	3.853
1296.400	209.974	3.853
1296.600	209.975	3.853
1296.800	209.974	3.853
1297.000	209.975	3.853
1297.200	209.974	3.853
1297.400	209.975	3.853
1297.600	209.975	3.853
1297.800	209.976	3.853
1298.000	209.976	3.853
1298.200	209.975	3.853
1298.400	209.975	3.853
1298.600	209.975	3.853
1298.800	209.974	3.853
1299.000	209.975	3.853
1299.200	209.976	3.853
1299.400	209.973	3.853
1299.600	209.974	3.853
1299.800	209.976	3.853
1300.000	209.976	3.853
1300.200	209.977	3.853
1300.400	209.975	3.853
1300.600	209.976	3.853
1300.800	209.976	3.853
1301.000	209.976	3.853
1301.200	209.975	3.853
1301.400	209.974	3.853
1301.600	209.974	3.853
1301.800	209.973	3.853
1302.000	209.974	3.853
1302.200	209.975	3.853
1302.400	209.974	3.853
1302.600	209.975	3.853
1302.800	209.975	3.853
1303.000	209.971	3.853
1303.200	209.976	3.853
1303.400	209.975	3.853
1303.600	209.973	3.853
1303.800	209.976	3.853
1304.000	209.975	3.853
1304.200	209.975	3.853
1304.400	209.975	3.853
1304.600	209.975	3.853
1304.800	209.974	3.853
1305.000	209.975	3.853
1305.200	209.972	3.853
1305.400	209.973	3.853
1305.600	209.976	3.853
1305.800	209.974	3.853
1306.000	209.974	3.853
1306.200	209.975	3.853
1306.400	209.975	3.853
1306.600	209.974	3.853
1306.800	209.974	3.853
1307.000	209.975	3.853
1307.200	209.973	3.853
1307.400	209.974	3.853
1307.600	209.974	3.853
1307.800	209.975	3.853
1308.000	209.974	3.853
1308.200	209.973	3.853
1308.400	209.975	3.853
1308.600	209.976	3.853
1308.800	209.975	3.853
1309.000	209.975	3.853
1309.200	209.976	3.853
1309.400	209.973	3.853
1309.600	209.976	3.853
1309.800	209.975	3.853
1310.000	209.977	3.853
1310.200	209.974	3.853
1310.400	209.974	3.853
1310.600	209.975	3.853
1310.800	209.977	3.853
1311.000	209.976	3.853
1311.200	209.975	3.853
1311.400	209.975	3.853
1311.600	209.975	3.853
1311.800	209.974	3.853
1312.000	209.974	3.853
1312.200	209.974	3.853
1312.400	209.973	3.853
1312.600	209.975	3.853
1312.800	209.974	3.853
1313.000	209.976	3.853
1313.200	209.975	3.853
1313.400	209.976	3.853
1313.600	209.977	3.853
1313.800	209.976	3.853
1314.000	209.976	3.853
1314.200	209.976	3.853
1314.400	209.976	3.853
1314.600	209.976	3.853
1314.800	209.976	3.853
1315.000	209.977	3.853
1315.200	209.978	3.853
1315.400	209.977	3.853
1315.600	209.978	3.853
1315.800	209.976	3.853
1316.000	209.978	3.853
1316.200	209.976	3.853
1316.400	209.977	3.853
1316.600	209.978	3.853
1316.800	209.975	3.853
1317.000	209.975	3.853
1317.200	209.978	3.853
1317.400	209.978	3.853
1317.600	209.977	3.853
1317.800	209.977	3.853
1318.000	209.979	3.853
1318.200	209.977	3.853
1318.400	209.978	3.853
1318.600	209.976	3.853
1318.800	209.978	3.853
1319.000	209.976	3.853
1319.200	209.975	3.853
1319.400	209.976	3.853
1319.600	209.974	3.853
1319.800	209.975	3.853
1320.000	209.977	3.853
1320.200	209.976	3.853
1320.400	209.977	3.853
1320.600	209.977	3.853
1320.800	209.975	3.853
1321.000	209.976	3.853
1321.200	209.976	3.853
1321.400	209.977	3.853
1321.600	209.976	3.853
1321.800	209.978	3.853
1322.000	209.977	3.853
1322.200	209.976	3.853
1322.400	209.977	3.853
1322.600	209.976	3.853
1322.800	209.977	3.853
1323.000	209.977	3.853
1323.200	209.975	3.853
1323.400	209.975	3.853
1323.600	209.976	3.853
1323.800	209.976	3.853
1324.000	209.976	3.853
1324.200	209.975	3.853
1324.400	209.976	3.853
1324.600	209.975	3.853
1324.800	209.975	3.853
1325.000	209.976	3.853
1325.200	209.976	3.853
1325.400	209.977	3.853
1325.600	209.976	3.853
1325.800	209.976	3.853
1326.000	209.975	3.853
1326.200	209.975	3.853
1326.400	209.974	3.853
1326.600	209.974	3.853
1326.800	209.977	3.853
1327.000	209.972	3.853
1327.200	209.976	3.853
1327.400	209.974	3.853
1327.600	209.975	3.853
1327.800	209.975	3.853
1328.000	209.974	3.853
1328.200	209.975	3.853
1328.400	209.972	3.853
1328.600	209.974	3.853
1328.800	209.974	3.853
1329.000	209.972	3.853
1329.200	209.974	3.853
1329.400	209.975	3.853
1329.600	209.975	3.853
1329.800	209.973	3.853
1330.000	209.974	3.853
1330.200	209.974	3.853
1330.400	209.974	3.853
1330.600	209.974	3.853
1330.800	209.974	3.853
1331.000	209.973	3.853
1331.200	209.973	3.853
1331.400	209.975	3.853
1331.600	209.974	3.853
1331.800	209.974	3.853
1332.000	209.973	3.853
1332.200	209.974	3.853
1332.400	209.974	3.853
1332.600	209.974	3.853
1332.800	209.976	3.853
1333.000	209.975	3.853
1333.200	209.975	3.853
1333.400	209.974	3.853
1333.600	209.974	3.853
1333.800	209.974	3.853
1334.000	209.975	3.853
1334.200	209.974	3.853
1334.400	209.975	3.853
1334.600	209.975	3.853
1334.800	209.975	3.853
1335.000	209.974	3.853
1335.200	209.975	3.853
1335.400	209.975	3.853
1335.600	209.976	3.853
1335.800	209.974	3.853
1336.000	209.973	3.853
1336.200	209.974	3.853
1336.400	209.973	3.853
1336.600	209.974	3.853
1336.800	209.974	3.853
1337.000	209.974	3.853
1337.200	209.975	3.853
1337.400	209.974	3.853
1337.600	209.975	3.853
1337.800	209.975	3.853
1338.000	209.975	3.853
1338.200	209.975	3.853
1338.400	209.975	3.853
1338.600	209.974	3.853
1338.800	209.974	3.853
1339.000	209.975	3.853
1339.200	209.974	3.853
1339.400	209.974	3.853
1339.600	209.973	3.853
1339.800	209.973	3.853
1340.000	209.973	3.853
1340.200	209.973	3.853
1340.400	209.972	3.853
1340.600	209.973	3.853
1340.800	209.972	3.853
1341.000	209.973	3.853
1341.200	209.975	3.854
1341.400	209.974	3.853
1341.600	209.974	3.854
1341.800	209.973	3.853
1342.000	209.973	3.853
1342.200	209.974	3.853
1342.400	209.974	3.854
1342.600	209.974	3.853
1342.800	209.974	3.854
1343.000	209.974	3.854
1343.200	209.975	3.854
1343.400	209.974	3.853
1343.600	209.973	3.854
1343.800	209.975	3.854
1344.000	209.973	3.853
1344.200	209.972	3.853
1344.400	209.974	3.854
1344.600	209.973	3.854
1344.800	209.972	3.854
1345.000	209.975	3.854
1345.200	209.972	3.854
1345.400	209.973	3.854
1345.600	209.973	3.854
1345.800	209.974	3.854
1346.000	209.975	3.854
1346.200	209.973	3.854
1346.400	209.974	3.854
1346.600	209.975	3.854
1346.800	209.971	3.854
1347.000	209.973	3.854
1347.200	209.975	3.854
1347.400	209.974	3.854
1347.600	209.977	3.854
1347.800	209.974	3.854
1348.000	209.974	3.854
1348.200	209.971	3.854
1348.400	209.973	3.854
1348.600	209.972	3.854
1348.800	209.974	3.854
1349.000	209.975	3.854
1349.200	209.974	3.854
1349.400	209.976	3.854
1349.600	209.974	3.854
1349.800	209.973	3.854
1350.000	209.973	3.854
1350.200	209.975	3.854
1350.400	209.974	3.854
1350.600	209.973	3.854
1350.800	209.973	3.854
1351.000	209.974	3.854
1351.200	209.972	3.854
1351.400	209.973	3.854
1351.600	209.974	3.854
1351.800	209.974	3.854
1352.000	209.975	3.854
1352.200	209.973	3.854
1352.400	209.974	3.854
1352.600	209.975	3.854
1352.800	209.973	3.854
1353.000	209.971	3.854
1353.200	209.973	3.854
1353.400	209.972	3.854
1353.600	209.971	3.854
1353.800	209.972	3.854
1354.000	209.972	3.854
1354.200	209.974	3.854
1354.400	209.974	3.854
1354.600	209.973	3.854
1354.800	209.973	3.854
1355.000	209.973	3.854
1355.200	209.974	3.854
1355.400	209.974	3.854
1355.600	209.975	3.854
1355.800	209.973	3.854
1356.000	209.974	3.854
1356.200	209.975	3.854
1356.400	209.975	3.854
1356.600	209.976	3.854
1356.800	209.975	3.854
1357.000	209.973	3.854
1357.200	209.976	3.854
1357.400	209.974	3.854
1357.600	209.974	3.854
1357.800	209.976	3.854
1358.000	209.977	3.854
1358.200	209.977	3.854
1358.400	209.976	3.854
1358.600	209.976	3.854
1358.800	209.976	3.854
1359.000	209.977	3.854
1359.200	209.977	3.854
1359.400	209.977	3.854
1359.600	209.977	3.854
1359.800	209.978	3.854
1360.000	209.978	3.854
1360.200	209.978	3.854
1360.400	209.977	3.854
1360.600	209.978	3.854
1360.800	209.977	3.854
1361.000	209.979	3.854
1361.200	209.978	3.854
1361.400	209.979	3.854
1361.600	209.979	3.854
1361.800	209.978	3.854
1362.000	209.977	3.854
1362.200	209.978	3.854
1362.400	209.976	3.854
1362.600	209.974	3.854
1362.800	209.978	3.854
1363.000	209.977	3.854
1363.200	209.976	3.854
1363.400	209.979	3.854
1363.600	209.978	3.854
1363.800	209.979	3.854
1364.000	209.978	3.854
1364.200	209.979	3.854
1364.400	209.979	3.854
1364.600	209.978	3.854
1364.800	209.979	3.854
1365.000	209.978	3.854
1365.200	209.979	3.854
1365.400	209.979	3.854
1365.600	209.979	3.854
1365.800	209.979	3.854
1366.000	209.978	3.854
1366.200	209.979	3.854
1366.400	209.978	3.854
1366.600	209.978	3.854
1366.800	209.979	3.854
1367.000	209.977	3.854
1367.200	209.978	3.854
1367.400	209.978	3.854
1367.600	209.979	3.854
1367.800	209.977	3.854
1368.000	209.979	3.854
1368.200	209.977	3.854
1368.400	209.978	3.854
1368.600	209.978	3.854
1368.800	209.979	3.854
1369.000	209.979	3.854
1369.200	209.977	3.854
1369.400	209.979	3.854
1369.600	209.980	3.854
1369.800	209.979	3.854
1370.000	209.978	3.854
1370.200	209.979	3.854
1370.400	209.979	3.854
1370.600	209.979	3.854
1370.800	209.976	3.854
1371.000	209.978	3.854
1371.200	209.977	3.854
1371.400	209.979	3.854
1371.600	209.977	3.854
1371.800	209.978	3.854
1372.000	209.978	3.854
1372.200	209.978	3.854
1372.400	209.978	3.854
1372.600	209.979	3.854
1372.800	209.978	3.854
1373.000	209.978	3.854
1373.200	209.977	3.854
1373.400	209.979	3.854
1373.600	209.978	3.854
1373.800	209.980	3.854
1374.000	209.978	3.854
1374.200	209.978	3.854
1374.400	209.978	3.854
1374.600	209.979	3.854
1374.800	209.977	3.854
1375.000	209.978	3.854
1375.200	209.979	3.854
1375.400	209.978	3.854
1375.600	209.977	3.854
1375.800	209.979	3.854
1376.000	209.978	3.854
1376.200	209.979	3.854
1376.400	209.979	3.854
1376.600	209.978	3.854
1376.800	209.977	3.854
1377.000	209.977	3.854
1377.200	209.978	3.854
1377.400	209.977	3.854
1377.600	209.977	3.854
1377.800	209.978	3.854
1378.000	209.977	3.854
1378.200	209.976	3.854
1378.400	209.978	3.854
1378.600	209.978	3.854
1378.800	209.977	3.854
1379.000	209.977	3.854
1379.200	209.977	3.854
1379.400	209.979	3.854
1379.600	209.977	3.854
1379.800	209.975	3.854
1380.000	209.977	3.854
1380.200	209.976	3.854
1380.400	209.974	3.854
1380.600	209.976	3.854
1380.800	209.975	3.854
1381.000	209.975	3.854
1381.200	209.976	3.854
1381.400	209.978	3.854
1381.600	209.978	3.854
1381.800	209.976	3.854
1382.000	209.976	3.854
1382.200	209.976	3.854
1382.400	209.976	3.854
1382.600	209.977	3.854
1382.800	209.975	3.854
1383.000	209.976	3.854
1383.200	209.975	3.854
1383.400	209.974	3.854
1383.600	209.977	3.854
1383.800	209.976	3.854
1384.000	209.975	3.854
1384.200	209.975	3.854
1384.400	209.975	3.854
1384.600	209.974	3.854
1384.800	209.974	3.854
1385.000	209.973	3.854
1385.200	209.972	3.854
1385.400	209.972	3.854
1385.600	209.974	3.854
1385.800	209.973	3.854
1386.000	209.973	3.854
1386.200	209.975	3.854
1386.400	209.975	3.854
1386.600	209.974	3.854
1386.800	209.974	3.854
1387.000	209.974	3.854
1387.200	209.976	3.854
1387.400	209.975	3.854
1387.600	209.974	3.854
1387.800	209.976	3.854
1388.000	209.975	3.854
1388.200	209.975	3.854
1388.400	209.975	3.854
1388.600	209.978	3.854
1388.800	209.975	3.854
1389.000	209.976	3.854
1389.200	209.975	3.854
1389.400	209.975	3.854
1389.600	209.976	3.854
1389.800	209.974	3.854
1390.000	209.974	3.854
1390.200	209.975	3.854
1390.400	209.974	3.854
1390.600	209.976	3.855
1390.800	209.977	3.855
1391.000	209.975	3.854
1391.200	209.976	3.854
1391.400	209.976	3.855
1391.600	209.975	3.855
1391.800	209.976	3.855
1392.000	209.975	3.854
1392.200	209.974	3.855
1392.400	209.976	3.855
1392.600	209.975	3.855
1392.800	209.975	3.855
1393.000	209.973	3.855
1393.200	209.974	3.855
1393.400	209.976	3.855
1393.600	209.973	3.855
1393.800	209.974	3.855
1394.000	209.973	3.855
1394.200	209.975	3.855
1394.400	209.973	3.855
1394.600	209.976	3.855
1394.800	209.976	3.855
1395.000	209.977	3.855
1395.200	209.976	3.855
1395.400	209.976	3.855
1395.600	209.973	3.855
1395.800	209.975	3.855
1396.000	209.976	3.855
1396.200	209.975	3.855
1396.400	209.974	3.855
1396.600	209.976	3.855
1396.800	209.977	3.855
1397.000	209.976	3.855
1397.200	209.974	3.855
1397.400	209.975	3.855
1397.600	209.974	3.855
1397.800	209.975	3.855
1398.000	209.974	3.855
1398.200	209.975	3.855
1398.400	209.972	3.855
1398.600	209.975	3.855
1398.800	209.973	3.855
1399.000	209.974	3.855
1399.200	209.975	3.855
1399.400	209.976	3.855
1399.600	209.975	3.855
1399.800	209.975	3.855
1400.000	209.974	3.855
1400.200	209.975	3.855
1400.400	209.975	3.855
1400.600	209.976	3.855
1400.800	209.975	3.855
1401.000	209.973	3.855
1401.200	209.975	3.855
1401.400	209.974	3.855
1401.600	209.974	3.855
1401.800	209.975	3.855
1402.000	209.975	3.855
1402.200	209.975	3.855
1402.400	209.975	3.855
1402.600	209.975	3.855
1402.800	209.975	3.855
1403.000	209.976	3.855
1403.200	209.974	3.855
1403.400	209.975	3.855
1403.600	209.971	3.855
1403.800	209.974	3.855
1404.000	209.976	3.855
1404.200	209.973	3.855
1404.400	209.973	3.855
1404.600	209.976	3.855
1404.800	209.975	3.855
1405.000	209.976	3.855
1405.200	209.975	3.855
1405.400	209.975	3.855
1405.600	209.975	3.855
1405.800	209.975	3.855
1406.000	209.975	3.855
1406.200	209.974	3.855
1406.400	209.975	3.855
1406.600	209.975	3.855
1406.800	209.976	3.855
1407.000	209.977	3.855
1407.200	209.977	3.855
1407.400	209.977	3.855
1407.600	209.977	3.855
1407.800	209.976	3.855
1408.000	209.976	3.855
1408.200	209.976	3.855
1408.400	209.976	3.855
1408.600	209.976	3.855
1408.800	209.976	3.855
1409.000	209.976	3.855
1409.200	209.976	3.855
1409.400	209.975	3.855
1409.600	209.974	3.855
1409.800	209.974	3.855
1410.000	209.974	3.855
1410.200	209.975	3.855
1410.400	209.976	3.855
1410.600	209.975	3.855
1410.800	209.976	3.855
1411.000	209.975	3.855
1411.200	209.976	3.855
1411.400	209.975	3.855
1411.600	209.973	3.855
1411.800	209.975	3.855
1412.000	209.975	3.855
1412.200	209.976	3.855
1412.400	209.974	3.855
1412.600	209.976	3.855
1412.800	209.975	3.855
1413.000	209.974	3.855
1413.200	209.975	3.855
1413.400	209.974	3.855
1413.600	209.974	3.855
1413.800	209.977	3.855
1414.000	209.974	3.855
1414.200	209.975	3.855
1414.400	209.974	3.855
1414.600	209.975	3.855
1414.800	209.975	3.855
1415.000	209.976	3.855
1415.200	209.975	3.855
1415.400	209.974	3.855
1415.600	209.975	3.855
1415.800	209.975	3.855
1416.000	209.974	3.855
1416.200	209.975	3.855
1416.400	209.975	3.855
1416.600	209.977	3.855
1416.800	209.977	3.855
1417.000	209.978	3.855
1417.200	209.976	3.855
1417.400	209.977	3.855
1417.600	209.977	3.855
1417.800	209.978	3.855
1418.000	209.978	3.855
1418.200	209.977	3.855
1418.400	209.978	3.855
1418.600	209.978	3.855
1418.800	209.977	3.855
1419.000	209.978	3.855
1419.200	209.977	3.855
1419.400	209.978	3.855
1419.600	209.979	3.855
1419.800	209.977	3.855
1420.000	209.977	3.855
1420.200	209.976	3.855
1420.400	209.977	3.855
1420.600	209.975	3.855
1420.800	209.979	3.855
1421.000	209.978	3.855
1421.200	209.976	3.855
1421.400	209.976	3.855
1421.600	209.975	3.855
1421.800	209.977	3.855
1422.000	209.976	3.855
1422.200	209.976	3.855
1422.400	209.975	3.855
1422.600	209.977	3.855
1422.800	209.976	3.855
1423.000	209.977	3.855
1423.200	209.975	3.855
1423.400	209.974	3.855
1423.600	209.973	3.855
1423.800	209.974	3.855
1424.000	209.974	3.855
1424.200	209.976	3.855
1424.400	209.975	3.855
1424.600	209.976	3.855
1424.800	209.975	3.855
1425.000	209.974	3.855
1425.200	209.975	3.855
1425.400	209.976	3.855
1425.600	209.975	3.855
1425.800	209.974	3.855
1426.000	209.974	3.855
1426.200	209.975	3.855
1426.400	209.976	3.855
1426.600	209.976	3.855
1426.800	209.977	3.855
1427.000	209.976	3.855
1427.200	209.975	3.855
1427.400	209.976	3.855
1427.600	209.976	3.855
1427.800	209.975	3.855
1428.000	209.977	3.855
1428.200	209.978	3.855
1428.400	209.978	3.855
1428.600	209.976	3.855
1428.800	209.976	3.855
1429.000	209.976	3.855
1429.200	209.976	3.855
1429.400	209.976	3.855
1429.600	209.978	3.855
1429.800	209.978	3.855
1430.000	209.977	3.855
1430.200	209.977	3.855
1430.400	209.977	3.855
1430.600	209.977	3.855
1430.800	209.977	3.855
1431.000	209.976	3.855
1431.200	209.977	3.855
1431.400	209.976	3.855
1431.600	209.975	3.855
1431.800	209.978	3.855
1432.000	209.976	3.855
1432.200	209.976	3.855
1432.400	209.977	3.855
1432.600	209.978	3.855
1432.800	209.978	3.855
1433.000	209.976	3.855
1433.200	209.978	3.855
1433.400	209.977	3.855
1433.600	209.977	3.855
1433.800	209.977	3.855
1434.000	209.978	3.855
1434.200	209.977	3.855
1434.400	209.978	3.855
1434.600	209.979	3.855
1434.800	209.980	3.855
1435.000	209.977	3.855
1435.200	209.979	3.855
1435.400	209.976	3.855
1435.600	209.976	3.855
1435.800	209.976	3.855
1436.000	209.976	3.855
1436.200	209.975	3.855
1436.400	209.979	3.855
1436.600	209.978	3.855
1436.800	209.978	3.855
1437.000	209.977	3.855
1437.200	209.977	3.855
1437.400	209.977	3.855
1437.600	209.977	3.855
1437.800	209.977	3.855
1438.000	209.977	3.855
1438.200	209.977	3.856
1438.400	209.976	3.856
1438.600	209.978	3.856
1438.800	209.978	3.856
1439.000	209.977	3.856
1439.200	209.976	3.856
1439.400	209.977	3.856
1439.600	209.975	3.856
1439.800	209.978	3.856
1440.000	209.976	3.856
1440.200	209.977	3.856
1440.400	209.978	3.856
1440.600	209.977	3.856
1440.800	209.978	3.856
1441.000	209.977	3.856
1441.200	209.978	3.856
1441.400	209.977	3.856
1441.600	209.979	3.856
1441.800	209.978	3.856
1442.000	209.979	3.856
1442.200	209.978	3.856
1442.400	209.978	3.856
1442.600	209.979	3.856
1442.800	209.978	3.856
1443.000	209.978	3.856
1443.200	209.978	3.856
1443.400	209.979	3.856
1443.600	209.979	3.856
1443.800	209.977	3.856
1444.000	209.977	3.856
1444.200	209.978	3.856
1444.400	209.977	3.856
1444.600	209.977	3.856
1444.800	209.976	3.856
1445.000	209.976	3.856
1445.200	209.977	3.856
1445.400	209.976	3.856
1445.600	209.979	3.856
1445.800	209.977	3.856
1446.000	209.976	3.856
1446.200	209.977	3.856
1446.400	209.975	3.856
1446.600	209.977	3.856
1446.800	209.976	3.856
1447.000	209.976	3.856
1447.200	209.976	3.856
1447.400	209.977	3.856
1447.600	209.976	3.856
1447.800	209.976	3.856
1448.000	209.978	3.856
1448.200	209.976	3.856
1448.400	209.978	3.856
1448.600	209.976	3.856
1448.800	209.976	3.856
1449.000	209.976	3.856
1449.200	209.976	3.856
1449.400	209.975	3.856
1449.600	209.975	3.856
1449.800	209.978	3.856
1450.000	209.978	3.856
1450.200	209.976	3.856
1450.400	209.976	3.856
1450.600	209.977	3.856
1450.800	209.977	3.856
1451.000	209.975	3.856
1451.200	209.976	3.856
1451.400	209.977	3.856
1451.600	209.976	3.856
1451.800	209.978	3.856
1452.000	209.976	3.856
1452.200	209.975	3.856
1452.400	209.977	3.856
1452.600	209.977	3.856
1452.800	209.977	3.856
1453.000	209.978	3.856
1453.200	209.978	3.856
1453.400	209.977	3.856
1453.600	209.979	3.856
1453.800	209.977	3.856
1454.000	209.978	3.856
1454.200	209.976	3.856
1454.400	209.976	3.856
1454.600	209.977	3.856
1454.800	209.975	3.856
1455.000	209.976	3.856
1455.200	209.976	3.856
1455.400	209.976	3.856
1455.600	209.976	3.856
1455.800	209.977	3.856
1456.000	209.975	3.856
1456.200	209.976	3.856
1456.400	209.975	3.856
1456.600	209.976	3.856
1456.800	209.975	3.856
1457.000	209.978	3.856
1457.200	209.979	3.856
1457.400	209.979	3.856
1457.600	209.978	3.856
1457.800	209.977	3.856
1458.000	209.976	3.856
1458.200	209.977	3.856
1458.400	209.976	3.856
1458.600	209.976	3.856
1458.800	209.977	3.856
1459.000	209.978	3.856
1459.200	209.980	3.856
1459.400	209.980	3.856
1459.600	209.979	3.856
1459.800	209.978	3.856
1460.000	209.978	3.856
1460.200	209.976	3.856
1460.400	209.979	3.856
1460.600	209.980	3.856
1460.800	209.978	3.856
1461.000	209.980	3.856
1461.200	209.979	3.856
1461.400	209.978	3.856
1461.600	209.980	3.856
1461.800	209.979	3.856
1462.000	209.980	3.856
1462.200	209.981	3.856
1462.400	209.979	3.856
1462.600	209.981	3.856
1462.800	209.979	3.856
1463.000	209.978	3.856
1463.200	209.978	3.856
1463.400	209.979	3.856
1463.600	209.977	3.856
1463.800	209.977	3.856
1464.000	209.976	3.856
1464.200	209.975	3.856
1464.400	209.979	3.856
1464.600	209.978	3.856
1464.800	209.978	3.856
1465.000	209.977	3.856
1465.200	209.979	3.856
1465.400	209.978	3.856
1465.600	209.977	3.856
1465.800	209.975	3.856
1466.000	209.976	3.856
1466.200	209.977	3.856
1466.400	209.979	3.856
1466.600	209.978	3.856
1466.800	209.979	3.856
1467.000	209.977	3.856
1467.200	209.978	3.856
1467.400	209.977	3.856
1467.600	209.977	3.856
1467.800	209.980	3.856
1468.000	209.980	3.856
1468.200	209.981	3.856
1468.400	209.979	3.856
1468.600	209.980	3.856
1468.800	209.980	3.856
1469.000	209.978	3.856
1469.200	209.978	3.856
1469.400	209.978	3.856
1469.600	209.977	3.856
1469.800	209.978	3.856
1470.000	209.978	3.856
1470.200	209.977	3.856
1470.400	209.976	3.856
1470.600	209.976	3.856
1470.800	209.978	3.856
1471.000	209.977	3.856
1471.200	209.977	3.856
1471.400	209.977	3.856
1471.600	209.977	3.856
1471.800	209.978	3.856
1472.000	209.978	3.856
1472.200	209.979	3.856
1472.400	209.978	3.856
1472.600	209.977	3.856
1472.800	209.977	3.856
1473.000	209.978	3.856
1473.200	209.978	3.856
1473.400	209.979	3.856
1473.600	209.979	3.856
1473.800	209.978	3.856
1474.000	209.976	3.856
1474.200	209.976	3.856
1474.400	209.978	3.856
1474.600	209.977	3.856
1474.800	209.977	3.856
1475.000	209.978	3.856
1475.200	209.977	3.856
1475.400	209.978	3.856
1475.600	209.977	3.856
1475.800	209.976	3.856
1476.000	209.977	3.856
1476.200	209.977	3.856
1476.400	209.976	3.856
1476.600	209.976	3.856
1476.800	209.977	3.856
1477.000	209.978	3.856
1477.200	209.977	3.856
1477.400	209.976	3.856
1477.600	209.975	3.856
1477.800	209.978	3.856
1478.000	209.976	3.856
1478.200	209.974	3.856
1478.400	209.975	3.856
1478.600	209.977	3.856
1478.800	209.975	3.856
1479.000	209.976	3.856
1479.200	209.976	3.856
1479.400	209.974	3.856
1479.600	209.976	3.856
1479.800	209.976	3.856
1480.000	209.977	3.856
1480.200	209.975	3.856
1480.400	209.976	3.856
1480.600	209.976	3.856
1480.800	209.976	3.856
1481.000	209.975	3.856
1481.200	209.976	3.856
1481.400	209.976	3.857
1481.600	209.975	3.856
1481.800	209.976	3.856
1482.000	209.978	3.856
1482.200	209.975	3.856
1482.400	209.975	3.857
1482.600	209.976	3.856
1482.800	209.976	3.856
1483.000	209.976	3.856
1483.200	209.977	3.857
1483.400	209.976	3.857
1483.600	209.975	3.857
1483.800	209.976	3.857
1484.000	209.975	3.857
1484.200	209.975	3.857
1484.400	209.975	3.857
1484.600	209.975	3.857
1484.800	209.976	3.857
1485.000	209.977	3.857
1485.200	209.977	3.857
1485.400	209.976	3.857
1485.600	209.977	3.857
1485.800	209.978	3.857
1486.000	209.978	3.857
1486.200	209.976	3.857
1486.400	209.977	3.857
1486.600	209.978	3.857
1486.800	209.978	3.857
1487.000	209.978	3.857
1487.200	209.980	3.857
1487.400	209.978	3.857
1487.600	209.979	3.857
1487.800	209.978	3.857
1488.000	209.978	3.857
1488.200	209.978	3.857
1488.400	209.979	3.857
1488.600	209.979	3.857
1488.800	209.978	3.857
1489.000	209.977	3.857
1489.200	209.979	3.857
1489.400	209.978	3.857
1489.600	209.977	3.857
1489.800	209.978	3.857
1490.000	209.978	3.857
1490.200	209.979	3.857
1490.400	209.978	3.857
1490.600	209.978	3.857
1490.800	209.978	3.857
1491.000	209.978	3.857
1491.200	209.980	3.857
1491.400	209.978	3.857
1491.600	209.979	3.857
1491.800	209.978	3.857
1492.000	209.979	3.857
1492.200	209.979	3.857
1492.400	209.977	3.857
1492.600	209.978	3.857
1492.800	209.976	3.857
1493.000	209.979	3.857
1493.200	209.978	3.857
1493.400	209.979	3.857
1493.600	209.978	3.857
1493.800	209.978	3.857
1494.000	209.978	3.857
1494.200	209.979	3.857
1494.400	209.979	3.857
1494.600	209.978	3.857
1494.800	209.980	3.857
1495.000	209.982	3.857
1495.200	209.980	3.857
1495.400	209.979	3.857
1495.600	209.979	3.857
1495.800	209.979	3.857
1496.000	209.979	3.857
1496.200	209.979	3.857
1496.400	209.980	3.857
1496.600	209.979	3.857
1496.800	209.978	3.857
1497.000	209.978	3.857
1497.200	209.979	3.857
1497.400	209.978	3.857
1497.600	209.978	3.857
1497.800	209.977	3.857
1498.000	209.979	3.857
1498.200	209.978	3.857
1498.400	209.979	3.857
1498.600	209.977	3.857
1498.800	209.977	3.857
1499.000	209.977	3.857
1499.200	209.979	3.857
1499.400	209.976	3.857
1499.600	209.977	3.857
1499.800	209.978	3.857
1500.000	209.978	3.857
1500.200	209.979	3.857
1500.400	209.978	3.857
1500.600	209.977	3.857
1500.800	209.978	3.857
1501.000	209.977	3.857
1501.200	209.979	3.857
1501.400	209.976	3.857
1501.600	209.976	3.857
1501.800	209.977	3.857
1502.000	209.977	3.857
1502.200	209.979	3.857
1502.400	209.977	3.857
1502.600	209.979	3.857
1502.800	209.977	3.857
1503.000	209.979	3.857
1503.200	209.979	3.857
1503.400	209.980	3.857
1503.600	209.978	3.857
1503.800	209.978	3.857
1504.000	209.980	3.857
1504.200	209.980	3.857
1504.400	209.977	3.857
1504.600	209.978	3.857
1504.800	209.978	3.857
1505.000	209.976	3.857
1505.200	209.976	3.857
1505.400	209.978	3.857
1505.600	209.976	3.857
1505.800	209.976	3.857
1506.000	209.976	3.857
1506.200	209.976	3.857
1506.400	209.977	3.857
1506.600	209.977	3.857
1506.800	209.977	3.857
1507.000	209.977	3.857
1507.200	209.976	3.857
1507.400	209.976	3.857
1507.600	209.977	3.857
1507.800	209.976	3.857
1508.000	209.979	3.857
1508.200	209.977	3.857
1508.400	209.977	3.857
1508.600	209.978	3.857
1508.800	209.977	3.857
1509.000	209.976	3.857
1509.200	209.978	3.857
1509.400	209.978	3.857
1509.600	209.977	3.857
1509.800	209.978	3.857
1510.000	209.978	3.857
1510.200	209.979	3.857
1510.400	209.978	3.857
1510.600	209.979	3.857
1510.800	209.980	3.857
1511.000	209.981	3.857
1511.200	209.979	3.857
1511.400	209.978	3.857
1511.600	209.978	3.857
1511.800	209.979	3.857
1512.000	209.980	3.857
1512.200	209.977	3.857
1512.400	209.977	3.857
1512.600	209.979	3.857
1512.800	209.977	3.857
1513.000	209.978	3.857
1513.200	209.978	3.857
1513.400	209.978	3.857
1513.600	209.978	3.857
1513.800	209.979	3.857
1514.000	209.978	3.857
1514.200	209.980	3.857
1514.400	209.980	3.857
1514.600	209.980	3.857
1514.800	209.978	3.857
1515.000	209.979	3.857
1515.200	209.977	3.857
1515.400	209.978	3.857
1515.600	209.978	3.857
1515.800	209.977	3.857
1516.000	209.978	3.857
1516.200	209.978	3.857
1516.400	209.978	3.857
1516.600	209.978	3.857
1516.800	209.978	3.857
1517.000	209.979	3.857
1517.200	209.978	3.857
1517.400	209.979	3.857
1517.600	209.977	3.857
1517.800	209.976	3.857
1518.000	209.977	3.857
1518.200	209.977	3.857
1518.400	209.978	3.857
1518.600	209.978	3.857
1518.800	209.977	3.857
1519.000	209.978	3.857
1519.200	209.980	3.857
1519.400	209.978	3.857
1519.600	209.978	3.857
1519.800	209.978	3.857
1520.000	209.980	3.857
1520.200	209.979	3.857
1520.400	209.977	3.857
1520.600	209.977	3.857
1520.800	209.977	3.857
1521.000	209.977	3.857
1521.200	209.978	3.857
1521.400	209.979	3.857
1521.600	209.979	3.857
1521.800	209.977	3.857
1522.000	209.976	3.857
1522.200	209.978	3.857
1522.400	209.977	3.857
1522.600	209.979	3.857
1522.800	209.979	3.857
1523.000	209.977	3.857
1523.200	209.979	3.857
1523.400	209.978	3.857
1523.600	209.979	3.857
1523.800	209.978	3.857
1524.000	209.978	3.857
1524.200	209.978	3.857
1524.400	209.978	3.857
1524.600	209.978	3.857
1524.800	209.979	3.857
1525.000	209.980	3.857
1525.200	209.978	3.857
1525.400	209.979	3.857
1525.600	209.978	3.857
1525.800	209.978	3.857
1526.000	209.978	3.857
1526.200	209.978	3.857
1526.400	209.978	3.857
1526.600	209.976	3.857
1526.800	209.978	3.857
1527.000	209.978	3.857
1527.200	209.976	3.857
1527.400	209.978	3.857
1527.600	209.979	3.857
1527.800	209.977	3.857
1528.000	209.979	3.857
1528.200	209.978	3.857
1528.400	209.976	3.857
1528.600	209.977	3.857
1528.800	209.979	3.857
1529.000	209.977	3.857
1529.200	209.979	3.858
1529.400	209.977	3.857
1529.600	209.978	3.858
1529.800	209.977	3.857
1530.000	209.978	3.857
1530.200	209.978	3.858
1530.400	209.979	3.858
1530.600	209.978	3.858
1530.800	209.977	3.858
1531.000	209.980	3.858
1531.200	209.978	3.858
1531.400	209.980	3.858
1531.600	209.979	3.858
1531.800	209.978	3.858
1532.000	209.976	3.858
1532.200	209.977	3.858
1532.400	209.977	3.858
1532.600	209.976	3.858
1532.800	209.978	3.858
1533.000	209.979	3.858
1533.200	209.978	3.858
1533.400	209.977	3.858
1533.600	209.976	3.858
1533.800	209.977	3.858
1534.000	209.978	3.858
1534.200	209.977	3.858
1534.400	209.977	3.858
1534.600	209.978	3.858
1534.800	209.977	3.858
1535.000	209.976	3.858
1535.200	209.978	3.858
1535.400	209.976	3.858
1535.600	209.976	3.858
1535.800	209.978	3.858
1536.000	209.979	3.858
1536.200	209.976	3.858
1536.400	209.977	3.858
1536.600	209.977	3.858
1536.800	209.976	3.858
1537.000	209.977	3.858
1537.200	209.978	3.858
1537.400	209.976	3.858
1537.600	209.977	3.858
1537.800	209.977	3.858
1538.000	209.976	3.858
1538.200	209.976	3.858
1538.400	209.977	3.858
1538.600	209.978	3.858
1538.800	209.978	3.858
1539.000	209.977	3.858
1539.200	209.979	3.858
1539.400	209.977	3.858
1539.600	209.976	3.858
1539.800	209.978	3.858
1540.000	209.977	3.858
1540.200	209.978	3.858
1540.400	209.976	3.858
1540.600	209.977	3.858
1540.800	209.977	3.858
1541.000	209.975	3.858
1541.200	209.975	3.858
1541.400	209.976	3.858
1541.600	209.975	3.858
1541.800	209.976	3.858
1542.000	209.976	3.858
1542.200	209.977	3.858
1542.400	209.975	3.858
1542.600	209.977	3.858
1542.800	209.976	3.858
1543.000	209.976	3.858
1543.200	209.976	3.858
1543.400	209.977	3.858
1543.600	209.976	3.858
1543.800	209.977	3.858
1544.000	209.977	3.858
1544.200	209.978	3.858
1544.400	209.977	3.858
1544.600	209.978	3.858
1544.800	209.976	3.858
1545.000	209.979	3.858
1545.200	209.976	3.858
1545.400	209.978	3.858
1545.600	209.978	3.858
1545.800	209.978	3.858
1546.000	209.980	3.858
1546.200	209.979	3.858
1546.400	209.980	3.858
1546.600	209.977	3.858
1546.800	209.977	3.858
1547.000	209.975	3.858
1547.200	209.978	3.858
1547.400	209.976	3.858
1547.600	209.977	3.858
1547.800	209.979	3.858
1548.000	209.977	3.858
1548.200	209.977	3.858
1548.400	209.979	3.858
1548.600	209.978	3.858
1548.800	209.978	3.858
1549.000	209.977	3.858
1549.200	209.978	3.858
1549.400	209.977	3.858
1549.600	209.980	3.858
1549.800	209.978	3.858
1550.000	209.978	3.858
1550.200	209.977	3.858
1550.400	209.977	3.858
1550.600	209.980	3.858
1550.800	209.978	3.858
1551.000	209.980	3.858
1551.200	209.978	3.858
1551.400	209.977	3.858
1551.600	209.978	3.858
1551.800	209.978	3.858
1552.000	209.978	3.858
1552.200	209.976	3.858
1552.400	209.976	3.858
1552.600	209.976	3.858
1552.800	209.975	3.858
1553.000	209.977	3.858
1553.200	209.977	3.858
1553.400	209.976	3.858
1553.600	209.977	3.858
1553.800	209.978	3.858
1554.000	209.977	3.858
1554.200	209.975	3.858
1554.400	209.977	3.858
1554.600	209.976	3.858
1554.800	209.975	3.858
1555.000	209.977	3.858
1555.200	209.979	3.858
1555.400	209.978	3.858
1555.600	209.976	3.858
1555.800	209.977	3.858
1556.000	209.975	3.858
1556.200	209.975	3.858
1556.400	209.976	3.858
1556.600	209.975	3.858
1556.800	209.976	3.858
1557.000	209.975	3.858
1557.200	209.976	3.858
1557.400	209.976	3.858
1557.600	209.975	3.858
1557.800	209.975	3.858
1558.000	209.975	3.858
1558.200	209.975	3.858
1558.400	209.975	3.858
1558.600	209.975	3.858
1558.800	209.974	3.858
1559.000	209.975	3.858
1559.200	209.976	3.858
1559.400	209.974	3.858
1559.600	209.973	3.858
1559.800	209.974	3.858
1560.000	209.974	3.858
1560.200	209.973	3.858
1560.400	209.975	3.858
1560.600	209.976	3.858
1560.800	209.975	3.858
1561.000	209.975	3.858
1561.200	209.974	3.858
1561.400	209.974	3.858
1561.600	209.976	3.858
1561.800	209.975	3.858
1562.000	209.975	3.858
1562.200	209.975	3.858
1562.400	209.977	3.858
1562.600	209.977	3.858
1562.800	209.975	3.858
1563.000	209.975	3.858
1563.200	209.977	3.858
1563.400	209.977	3.858
1563.600	209.976	3.858
1563.800	209.975	3.858
1564.000	209.975	3.858
1564.200	209.975	3.858
1564.400	209.974	3.858
1564.600	209.974	3.858
1564.800	209.974	3.858
1565.000	209.975	3.858
1565.200	209.975	3.858
1565.400	209.975	3.858
1565.600	209.973	3.858
1565.800	209.976	3.858
1566.000	209.976	3.858
1566.200	209.976	3.858
1566.400	209.976	3.858
1566.600	209.974	3.858
1566.800	209.975	3.858
1567.000	209.973	3.858
1567.200	209.975	3.858
1567.400	209.974	3.858
1567.600	209.973	3.858
1567.800	209.975	3.858
1568.000	209.975	3.858
1568.200	209.974	3.858
1568.400	209.975	3.858
1568.600	209.975	3.858
1568.800	209.976	3.858
1569.000	209.976	3.858
1569.200	209.978	3.858
1569.400	209.976	3.858
1569.600	209.976	3.858
1569.800	209.974	3.858
1570.000	209.974	3.858
1570.200	209.975	3.858
1570.400	209.976	3.858
1570.600	209.975	3.858
1570.800	209.976	3.858
1571.000	209.974	3.858
1571.200	209.975	3.858
1571.400	209.975	3.858
1571.600	209.977	3.858
1571.800	209.977	3.858
1572.000	209.976	3.858
1572.200	209.975	3.858
1572.400	209.975	3.858
1572.600	209.976	3.859
1572.800	209.976	3.858
1573.000	209.975	3.858
1573.200	209.974	3.858
1573.400	209.973	3.858
1573.600	209.974	3.858
1573.800	209.973	3.858
1574.000	209.974	3.858
1574.200	209.974	3.858
1574.400	209.975	3.859
1574.600	209.976	3.858
1574.800	209.976	3.859
1575.000	209.974	3.858
1575.200	209.977	3.859
1575.400	209.975	3.858
1575.600	209.976	3.858
1575.800	209.975	3.858
1576.000	209.975	3.858
1576.200	209.974	3.859
1576.400	209.975	3.858
1576.600	209.975	3.858
1576.800	209.974	3.859
1577.000	209.976	3.859
1577.200	209.975	3.859
1577.400	209.976	3.859
1577.600	209.975	3.859
1577.800	209.976	3.859
1578.000	209.976	3.859
1578.200	209.975	3.859
1578.400	209.974	3.859
1578.600	209.976	3.859
1578.800	209.974	3.859
1579.000	209.976	3.859
1579.200	209.976	3.859
1579.400	209.975	3.859
1579.600	209.974	3.859
1579.800	209.975	3.859
1580.000	209.974	3.859
1580.200	209.974	3.859
1580.400	209.974	3.859
1580.600	209.974	3.859
1580.800	209.973	3.859
1581.000	209.974	3.859
1581.200	209.974	3.859
1581.400	209.975	3.859
1581.600	209.974	3.859
1581.800	209.975	3.859
1582.000	209.975	3.859
1582.200	209.976	3.859
1582.400	209.975	3.859
1582.600	209.975	3.859
1582.800	209.975	3.859
1583.000	209.975	3.859
1583.200	209.973	3.859
1583.400	209.976	3.859
1583.600	209.974	3.859
1583.800	209.974	3.859
1584.000	209.975	3.859
1584.200	209.974	3.859
1584.400	209.975	3.859
1584.600	209.976	3.859
1584.800	209.976	3.859
1585.000	209.975	3.859
1585.200	209.975	3.859
1585.400	209.975	3.859
1585.600	209.974	3.859
1585.800	209.975	3.859
1586.000	209.974	3.859
1586.200	209.975	3.859
1586.400	209.973	3.859
1586.600	209.974	3.859
1586.800	209.975	3.859
1587.000	209.975	3.859
1587.200	209.975	3.859
1587.400	209.975	3.859
1587.600	209.975	3.859
1587.800	209.974	3.859
1588.000	209.975	3.859
1588.200	209.975	3.859
1588.400	209.976	3.859
1588.600	209.975	3.859
1588.800	209.974	3.859
1589.000	209.975	3.859
1589.200	209.976	3.859
1589.400	209.975	3.859
1589.600	209.975	3.859
1589.800	209.978	3.859
1590.000	209.973	3.859
1590.200	209.976	3.859
1590.400	209.976	3.859
1590.600	209.976	3.859
1590.800	209.975	3.859
1591.000	209.977	3.859
1591.200	209.976	3.859
1591.400	209.976	3.859
1591.600	209.977	3.859
1591.800	209.977	3.859
1592.000	209.975	3.859
1592.200	209.975	3.859
1592.400	209.976	3.859
1592.600	209.976	3.859
1592.800	209.976	3.859
1593.000	209.975	3.859
1593.200	209.975	3.859
1593.400	209.977	3.859
1593.600	209.976	3.859
1593.800	209.976	3.859
1594.000	209.976	3.859
1594.200	209.976	3.859
1594.400	209.975	3.859
1594.600	209.978	3.859
1594.800	209.978	3.859
1595.000	209.975	3.859
1595.200	209.977	3.859
1595.400	209.976	3.859
1595.600	209.976	3.859
1595.800	209.976	3.859
1596.000	209.978	3.859
1596.200	209.975	3.859
1596.400	209.977	3.859
1596.600	209.976	3.859
1596.800	209.977	3.859
1597.000	209.977	3.859
1597.200	209.977	3.859
1597.400	209.975	3.859
1597.600	209.976	3.859
1597.800	209.977	3.859
1598.000	209.977	3.859
1598.200	209.977	3.859
1598.400	209.976	3.859
1598.600	209.975	3.859
1598.800	209.975	3.859
1599.000	209.976	3.859
1599.200	209.976	3.859
1599.400	209.977	3.859
1599.600	209.976	3.859
1599.800	209.976	3.859
1600.000	209.975	3.859
1600.200	209.975	3.859
1600.400	209.976	3.859
1600.600	209.974	3.859
1600.800	209.976	3.859
1601.000	209.977	3.859
1601.200	209.976	3.859
1601.400	209.976	3.859
1601.600	209.975	3.859
1601.800	209.975	3.859
1602.000	209.976	3.859
1602.200	209.974	3.859
1602.400	209.977	3.859
1602.600	209.975	3.859
1602.800	209.976	3.859
1603.000	209.975	3.859
1603.200	209.974	3.859
1603.400	209.974	3.859
1603.600	209.974	3.859
1603.800	209.975	3.859
1604.000	209.973	3.859
1604.200	209.974	3.859
1604.400	209.975	3.859
1604.600	209.975	3.859
1604.800	209.974	3.859
1605.000	209.976	3.859
1605.200	209.974	3.859
1605.400	209.974	3.859
1605.600	209.975	3.859
1605.800	209.974	3.859
1606.000	209.973	3.859
1606.200	209.973	3.859
1606.400	209.974	3.859
1606.600	209.975	3.859
1606.800	209.975	3.859
1607.000	209.973	3.859
1607.200	209.975	3.859
1607.400	209.975	3.859
1607.600	209.974	3.859
1607.800	209.974	3.859
1608.000	209.974	3.859
1608.200	209.974	3.859
1608.400	209.975	3.859
1608.600	209.974	3.859
1608.800	209.974	3.859
1609.000	209.976	3.859
1609.200	209.974	3.859
1609.400	209.974	3.859
1609.600	209.975	3.859
1609.800	209.974	3.859
1610.000	209.973	3.859
1610.200	209.973	3.859
1610.400	209.976	3.859
1610.600	209.976	3.859
1610.800	209.975	3.859
1611.000	209.975	3.859
1611.200	209.974	3.859
1611.400	209.974	3.859
1611.600	209.975	3.859
1611.800	209.977	3.859
1612.000	209.975	3.859
1612.200	209.976	3.859
1612.400	209.975	3.859
1612.600	209.975	3.859
1612.800	209.975	3.859
1613.000	209.976	3.859
1613.200	209.975	3.859
1613.400	209.976	3.859
1613.600	209.977	3.859
1613.800	209.975	3.859
1614.000	209.975	3.859
1614.200	209.975	3.859
1614.400	209.976	3.859
1614.600	209.975	3.859
1614.800	209.976	3.859
1615.000	209.976	3.859
1615.200	209.975	3.859
1615.400	209.975	3.859
1615.600	209.973	3.859
1615.800	209.976	3.859
1616.000	209.976	3.859
1616.200	209.976	3.859
1616.400	209.975	3.859
1616.600	209.975	3.859
1616.800	209.977	3.859
1617.000	209.975	3.859
1617.200	209.976	3.859
1617.400	209.977	3.859
1617.600	209.974	3.859
1617.800	209.976	3.859
1618.000	209.976	3.859
1618.200	209.974	3.859
1618.400	209.975	3.859
1618.600	209.975	3.859
1618.800	209.973	3.859
1619.000	209.973	3.859
1619.200	209.973	3.859
1619.400	209.976	3.859
1619.600	209.974	3.859
1619.800	209.973	3.859
1620.000	209.973	3.859
1620.200	209.972	3.859
1620.400	209.975	3.859
1620.600	209.976	3.859
1620.800	209.973	3.859
1621.000	209.973	3.859
1621.200	209.973	3.859
1621.400	209.974	3.859
1621.600	209.976	3.859
1621.800	209.976	3.859
1622.000	209.976	3.859
1622.200	209.976	3.859
1622.400	209.976	3.859
1622.600	209.976	3.860
1622.800	209.974	3.860
1623.000	209.974	3.860
1623.200	209.976	3.859
1623.400	209.976	3.859
1623.600	209.974	3.859
1623.800	209.977	3.860
1624.000	209.975	3.860
1624.200	209.973	3.859
1624.400	209.972	3.859
1624.600	209.975	3.860
1624.800	209.975	3.860
1625.000	209.974	3.860
1625.200	209.975	3.860
1625.400	209.974	3.860
1625.600	209.974	3.860
1625.800	209.975	3.860
1626.000	209.974	3.860
1626.200	209.975	3.860
1626.400	209.975	3.860
1626.600	209.974	3.860
1626.800	209.976	3.860
1627.000	209.974	3.860
1627.200	209.975	3.860
1627.400	209.975	3.860
1627.600	209.974	3.860
1627.800	209.976	3.860
1628.000	209.976	3.860
1628.200	209.975	3.860
1628.400	209.978	3.860
1628.600	209.975	3.860
1628.800	209.976	3.860
1629.000	209.975	3.860
1629.200	209.976	3.860
1629.400	209.975	3.860
1629.600	209.976	3.860
1629.800	209.978	3.860
1630.000	209.975	3.860
1630.200	209.975	3.860
1630.400	209.976	3.860
1630.600	209.974	3.860
1630.800	209.976	3.860
1631.000	209.976	3.860
1631.200	209.976	3.860
1631.400	209.976	3.860
1631.600	209.977	3.860
1631.800	209.977	3.860
1632.000	209.977	3.860
1632.200	209.974	3.860
1632.400	209.974	3.860
1632.600	209.975	3.860
1632.800	209.974	3.860
1633.000	209.975	3.860
1633.200	209.975	3.860
1633.400	209.976	3.860
1633.600	209.975	3.860
1633.800	209.974	3.860
1634.000	209.974	3.860
1634.200	209.974	3.860
1634.400	209.974	3.860
1634.600	209.974	3.860
1634.800	209.974	3.860
1635.000	209.974	3.860
1635.200	209.974	3.860
1635.400	209.975	3.860
1635.600	209.973	3.860
1635.800	209.974	3.860
1636.000	209.974	3.860
1636.200	209.974	3.860
1636.400	209.973	3.860
1636.600	209.975	3.860
1636.800	209.975	3.860
1637.000	209.977	3.860
1637.200	209.975	3.860
1637.400	209.975	3.860
1637.600	209.973	3.860
1637.800	209.975	3.860
1638.000	209.976	3.860
1638.200	209.975	3.860
1638.400	209.972	3.860
1638.600	209.974	3.860
1638.800	209.975	3.860
1639.000	209.973	3.860
1639.200	209.973	3.860
1639.400	209.976	3.860
1639.600	209.974	3.860
1639.800	209.974	3.860
1640.000	209.974	3.860
1640.200	209.973	3.860
1640.400	209.974	3.860
1640.600	209.974	3.860
1640.800	209.973	3.860
1641.000	209.974	3.860
1641.200	209.974	3.860
1641.400	209.972	3.860
1641.600	209.974	3.860
1641.800	209.972	3.860
1642.000	209.974	3.860
1642.200	209.974	3.860
1642.400	209.973	3.860
1642.600	209.973	3.860
1642.800	209.972	3.860
1643.000	209.975	3.860
1643.200	209.974	3.860
1643.400	209.975	3.860
1643.600	209.974	3.860
1643.800	209.973	3.860
1644.000	209.974	3.860
1644.200	209.972	3.860
1644.400	209.973	3.860
1644.600	209.974	3.860
1644.800	209.973	3.860
1645.000	209.975	3.860
1645.200	209.974	3.860
1645.400	209.975	3.860
1645.600	209.975	3.860
1645.800	209.973	3.860
1646.000	209.975	3.860
1646.200	209.974	3.860
1646.400	209.973	3.860
1646.600	209.973	3.860
1646.800	209.972	3.860
1647.000	209.972	3.860
1647.200	209.973	3.860
1647.400	209.974	3.860
1647.600	209.973	3.860
1647.800	209.973	3.860
1648.000	209.974	3.860
1648.200	209.974	3.860
1648.400	209.974	3.860
1648.600	209.973	3.860
1648.800	209.973	3.860
1649.000	209.974	3.860
1649.200	209.974	3.860
1649.400	209.975	3.860
1649.600	209.975	3.860
1649.800	209.976	3.860
1650.000	209.972	3.860
1650.200	209.972	3.860
1650.400	209.973	3.860
1650.600	209.972	3.860
1650.800	209.974	3.860
1651.000	209.973	3.860
1651.200	209.973	3.860
1651.400	209.972	3.860
1651.600	209.974	3.860
1651.800	209.972	3.860
1652.000	209.972	3.860
1652.200	209.973	3.860
1652.400	209.973	3.860
1652.600	209.974	3.860
1652.800	209.973	3.860
1653.000	209.973	3.860
1653.200	209.973	3.860
1653.400	209.973	3.860
1653.600	209.973	3.860
1653.800	209.973	3.860
1654.000	209.973	3.860
1654.200	209.974	3.860
1654.400	209.975	3.860
1654.600	209.974	3.860
1654.800	209.974	3.860
1655.000	209.977	3.860
1655.200	209.976	3.860
1655.400	209.975	3.860
1655.600	209.975	3.860
1655.800	209.976	3.860
1656.000	209.974	3.860
1656.200	209.974	3.860
1656.400	209.975	3.860
1656.600	209.975	3.860
1656.800	209.975	3.860
1657.000	209.974	3.860
1657.200	209.975	3.860
1657.400	209.975	3.860
1657.600	209.975	3.860
1657.800	209.976	3.860
1658.000	209.975	3.860
1658.200	209.974	3.860
1658.400	209.975	3.860
1658.600	209.976	3.860
1658.800	209.976	3.860
1659.000	209.977	3.860
1659.200	209.976	3.860
1659.400	209.976	3.860
1659.600	209.976	3.860
1659.800	209.976	3.860
1660.000	209.975	3.860
1660.200	209.976	3.860
1660.400	209.976	3.860
1660.600	209.975	3.860
1660.800	209.976	3.860
1661.000	209.975	3.860
1661.200	209.974	3.860
1661.400	209.976	3.860
1661.600	209.976	3.860
1661.800	209.975	3.860
1662.000	209.974	3.860
1662.200	209.975	3.860
1662.400	209.975	3.860
1662.600	209.976	3.860
1662.800	209.976	3.860
1663.000	209.976	3.860
1663.200	209.977	3.860
1663.400	209.975	3.860
1663.600	209.974	3.860
1663.800	209.974	3.860
1664.000	209.975	3.860
1664.200	209.974	3.860
1664.400	209.976	3.860
1664.600	209.975	3.860
1664.800	209.975	3.860
1665.000	209.975	3.860
1665.200	209.975	3.860
1665.400	209.974	3.860
1665.600	209.975	3.860
1665.800	209.976	3.860
1666.000	209.974	3.860
1666.200	209.974	3.860
1666.400	209.976	3.860
1666.600	209.976	3.860
1666.800	209.974	3.860
1667.000	209.975	3.860
1667.200	209.974	3.860
1667.400	209.974	3.860
1667.600	209.974	3.860
1667.800	209.973	3.860
1668.000	209.974	3.860
1668.200	209.974	3.860
1668.400	209.973	3.860
1668.600	209.975	3.860
1668.800	209.976	3.860
1669.000	209.974	3.860
1669.200	209.974	3.860
1669.400	209.974	3.860
1669.600	209.974	3.860
1669.800	209.974	3.860
1670.000	209.975	3.860
1670.200	209.973	3.860
1670.400	209.974	3.860
1670.600	209.974	3.860
1670.800	209.976	3.861
1671.000	209.975	3.860
1671.200	209.975	3.861
1671.400	209.975	3.860
1671.600	209.976	3.861
1671.800	209.975	3.860
1672.000	209.975	3.860
1672.200	209.975	3.860
1672.400	209.976	3.860
1672.600	209.974	3.861
1672.800	209.974	3.860
1673.000	209.975	3.861
1673.200	209.974	3.861
1673.400	209.974	3.861
1673.600	209.974	3.861
1673.800	209.974	3.861
1674.000	209.973	3.861
1674.200	209.973	3.861
1674.400	209.974	3.861
1674.600	209.975	3.861
1674.800	209.974	3.861
1675.000	209.974	3.861
1675.200	209.973	3.861
1675.400	209.975	3.861
1675.600	209.974	3.861
1675.800	209.974	3.861
1676.000	209.974	3.861
1676.200	209.974	3.861
1676.400	209.973	3.861
1676.600	209.974	3.861
1676.800	209.972	3.861
1677.000	209.972	3.861
1677.200	209.974	3.861
1677.400	209.974	3.861
1677.600	209.973	3.861
1677.800	209.973	3.861
1678.000	209.973	3.861
1678.200	209.973	3.861
1678.400	209.972	3.861
1678.600	209.972	3.861
1678.800	209.972	3.861
1679.000	209.971	3.861
1679.200	209.972	3.861
1679.400	209.974	3.861
1679.600	209.975	3.861
1679.800	209.973	3.861
1680.000	209.973	3.861
1680.200	209.975	3.861
1680.400	209.972	3.861
1680.600	209.973	3.861
1680.800	209.973	3.861
1681.000	209.974	3.861
1681.200	209.974	3.861
1681.400	209.972	3.861
1681.600	209.974	3.861
1681.800	209.973	3.861
1682.000	209.972	3.861
1682.200	209.973	3.861
1682.400	209.975	3.861
1682.600	209.975	3.861
1682.800	209.974	3.861
1683.000	209.975	3.861
1683.200	209.974	3.861
1683.400	209.974	3.861
1683.600	209.974	3.861
1683.800	209.977	3.861
1684.000	209.976	3.861
1684.200	209.975	3.861
1684.400	209.975	3.861
1684.600	209.976	3.861
1684.800	209.976	3.861
1685.000	209.975	3.861
1685.200	209.976	3.861
1685.400	209.976	3.861
1685.600	209.976	3.861
1685.800	209.976	3.861
1686.000	209.974	3.861
1686.200	209.977	3.861
1686.400	209.976	3.861
1686.600	209.977	3.861
1686.800	209.976	3.861
1687.000	209.977	3.861
1687.200	209.975	3.861
1687.400	209.975	3.861
1687.600	209.975	3.861
1687.800	209.975	3.861
1688.000	209.976	3.861
1688.200	209.976	3.861
1688.400	209.975	3.861
1688.600	209.978	3.861
1688.800	209.976	3.861
1689.000	209.976	3.861
1689.200	209.977	3.861
1689.400	209.976	3.861
1689.600	209.976	3.861
1689.800	209.976	3.861
1690.000	209.976	3.861
1690.200	209.976	3.861
1690.400	209.977	3.861
1690.600	209.977	3.861
1690.800	209.976	3.861
1691.000	209.976	3.861
1691.200	209.976	3.861
1691.400	209.977	3.861
1691.600	209.978	3.861
1691.800	209.977	3.861
1692.000	209.977	3.861
1692.200	209.976	3.861
1692.400	209.978	3.861
1692.600	209.975	3.861
1692.800	209.976	3.861
1693.000	209.978	3.861
1693.200	209.976	3.861
1693.400	209.976	3.861
1693.600	209.976	3.861
1693.800	209.975	3.861
1694.000	209.976	3.861
1694.200	209.977	3.861
1694.400	209.975	3.861
1694.600	209.975	3.861
1694.800	209.977	3.861
1695.000	209.977	3.861
1695.200	209.978	3.861
1695.400	209.978	3.861
1695.600	209.976	3.861
1695.800	209.977	3.861
1696.000	209.978	3.861
1696.200	209.977	3.861
1696.400	209.977	3.861
1696.600	209.978	3.861
1696.800	209.978	3.861
1697.000	209.977	3.861
1697.200	209.978	3.861
1697.400	209.979	3.861
1697.600	209.976	3.861
1697.800	209.974	3.861
1698.000	209.977	3.861
1698.200	209.978	3.861
1698.400	209.978	3.861
1698.600	209.977	3.861
1698.800	209.979	3.861
1699.000	209.976	3.861
1699.200	209.979	3.861
1699.400	209.979	3.861
1699.600	209.977	3.861
1699.800	209.976	3.861
1700.000	209.978	3.861
1700.200	209.978	3.861
1700.400	209.977	3.861
1700.600	209.977	3.861
1700.800	209.978	3.861
1701.000	209.977	3.861
1701.200	209.977	3.861
1701.400	209.977	3.861
1701.600	209.977	3.861
1701.800	209.975	3.861
1702.000	209.977	3.861
1702.200	209.979	3.861
1702.400	209.977	3.861
1702.600	209.977	3.861
1702.800	209.976	3.861
1703.000	209.977	3.861
1703.200	209.977	3.861
1703.400	209.978	3.861
1703.600	209.977	3.861
1703.800	209.979	3.861
1704.000	209.978	3.861
1704.200	209.978	3.861
1704.400	209.977	3.861
1704.600	209.979	3.861
1704.800	209.979	3.861
1705.000	209.978	3.861
1705.200	209.977	3.861
1705.400	209.979	3.861
1705.600	209.979	3.861
1705.800	209.980	3.861
1706.000	209.980	3.861
1706.200	209.979	3.861
1706.400	209.979	3.861
1706.600	209.977	3.861
1706.800	209.978	3.861
1707.000	209.978	3.861
1707.200	209.978	3.861
1707.400	209.978	3.861
1707.600	209.977	3.861
1707.800	209.977	3.861
1708.000	209.977	3.861
1708.200	209.978	3.861
1708.400	209.977	3.861
1708.600	209.977	3.861
1708.800	209.976	3.861
1709.000	209.977	3.861
1709.200	209.977	3.861
1709.400	209.976	3.861
1709.600	209.976	3.861
1709.800	209.976	3.861
1710.000	209.977	3.861
1710.200	209.977	3.861
1710.400	209.977	3.861
1710.600	209.979	3.861
1710.800	209.978	3.861
1711.000	209.979	3.861
1711.200	209.978	3.861
1711.400	209.977	3.861
1711.600	209.978	3.861
1711.800	209.978	3.861
1712.000	209.979	3.861
1712.200	209.978	3.861
1712.400	209.978	3.861
1712.600	209.978	3.861
1712.800	209.976	3.861
1713.000	209.977	3.861
1713.200	209.979	3.861
1713.400	209.977	3.861
1713.600	209.978	3.861
1713.800	209.979	3.861
1714.000	209.977	3.861
1714.200	209.979	3.861
1714.400	209.976	3.861
1714.600	209.975	3.861
1714.800	209.977	3.861
1715.000	209.977	3.861
1715.200	209.978	3.861
1715.400	209.976	3.861
1715.600	209.977	3.861
1715.800	209.978	3.861
1716.000	209.978	3.861
1716.200	209.978	3.861
1716.400	209.979	3.861
1716.600	209.977	3.861
1716.800	209.977	3.861
1717.000	209.977	3.861
1717.200	209.977	3.862
1717.400	209.978	3.861
1717.600	209.979	3.862
1717.800	209.977	3.862
1718.000	209.978	3.862
1718.200	209.978	3.862
1718.400	209.978	3.862
1718.600	209.978	3.862
1718.800	209.978	3.862
1719.000	209.978	3.862
1719.200	209.978	3.862
1719.400	209.977	3.862
1719.600	209.976	3.862
1719.800	209.978	3.862
1720.000	209.977	3.862
1720.200	209.976	3.862
1720.400	209.977	3.862
1720.600	209.977	3.862
1720.800	209.977	3.862
1721.000	209.977	3.862
1721.200	209.977	3.862
1721.400	209.977	3.862
1721.600	209.976	3.862
1721.800	209.977	3.862
1722.000	209.978	3.862
1722.200	209.977	3.862
1722.400	209.978	3.862
1722.600	209.976	3.862
1722.800	209.976	3.862
1723.000	209.976	3.862
1723.200	209.976	3.862
1723.400	209.977	3.862
1723.600	209.977	3.862
1723.800	209.976	3.862
1724.000	209.979	3.862
1724.200	209.976	3.862
1724.400	209.978	3.862
1724.600	209.976	3.862
1724.800	209.979	3.862
1725.000	209.976	3.862
1725.200	209.978	3.862
1725.400	209.977	3.862
1725.600	209.978	3.862
1725.800	209.978	3.862
1726.000	209.977	3.862
1726.200	209.976	3.862
1726.400	209.977	3.862
1726.600	209.977	3.862
1726.800	209.977	3.862
1727.000	209.977	3.862
1727.200	209.978	3.862
1727.400	209.977	3.862
1727.600	209.977	3.862
1727.800	209.978	3.862
1728.000	209.975	3.862
1728.200	209.976	3.862
1728.400	209.977	3.862
1728.600	209.978	3.862
1728.800	209.977	3.862
1729.000	209.977	3.862
1729.200	209.976	3.862
1729.400	209.978	3.862
1729.600	209.977	3.862
1729.800	209.977	3.862
1730.000	209.978	3.862
1730.200	209.976	3.862
1730.400	209.976	3.862
1730.600	209.977	3.862
1730.800	209.978	3.862
1731.000	209.977	3.862
1731.200	209.977	3.862
1731.400	209.977	3.862
1731.600	209.975	3.862
1731.800	209.978	3.862
1732.000	209.977	3.862
1732.200	209.976	3.862
1732.400	209.977	3.862
1732.600	209.978	3.862
1732.800	209.978	3.862
1733.000	209.977	3.862
1733.200	209.976	3.862
1733.400	209.976	3.862
1733.600	209.976	3.862
1733.800	209.976	3.862
1734.000	209.975	3.862
1734.200	209.976	3.862
1734.400	209.975	3.862
1734.600	209.976	3.862
1734.800	209.975	3.862
1735.000	209.975	3.862
1735.200	209.974	3.862
1735.400	209.975	3.862
1735.600	209.975	3.862
1735.800	209.976	3.862
1736.000	209.976	3.862
1736.200	209.978	3.862
1736.400	209.979	3.862
1736.600	209.977	3.862
1736.800	209.976	3.862
1737.000	209.975	3.862
1737.200	209.977	3.862
1737.400	209.974	3.862
1737.600	209.975	3.862
1737.800	209.976	3.862
1738.000	209.975	3.862
1738.200	209.975	3.862
1738.400	209.974	3.862
1738.600	209.975	3.862
1738.800	209.977	3.862
1739.000	209.977	3.862
1739.200	209.977	3.862
1739.400	209.976	3.862
1739.600	209.976	3.862
1739.800	209.975	3.862
1740.000	209.977	3.862
1740.200	209.975	3.862
1740.400	209.976	3.862
1740.600	209.976	3.862
1740.800	209.973	3.862
1741.000	209.975	3.862
1741.200	209.976	3.862
1741.400	209.976	3.862
1741.600	209.978	3.862
1741.800	209.976	3.862
1742.000	209.975	3.862
1742.200	209.975	3.862
1742.400	209.975	3.862
1742.600	209.975	3.862
1742.800	209.975	3.862
1743.000	209.975	3.862
1743.200	209.976	3.862
1743.400	209.977	3.862
1743.600	209.974	3.862
1743.800	209.976	3.862
1744.000	209.972	3.862
1744.200	209.974	3.862
1744.400	209.975	3.862
1744.600	209.976	3.862
1744.800	209.978	3.862
1745.000	209.977	3.862
1745.200	209.977	3.862
1745.400	209.977	3.862
1745.600	209.975	3.862
1745.800	209.976	3.862
1746.000	209.976	3.862
1746.200	209.975	3.862
1746.400	209.976	3.862
1746.600	209.975	3.862
1746.800	209.974	3.862
1747.000	209.975	3.862
1747.200	209.976	3.862
1747.400	209.975	3.862
1747.600	209.975	3.862
1747.800	209.975	3.862
1748.000	209.976	3.862
1748.200	209.977	3.862
1748.400	209.975	3.862
1748.600	209.975	3.862
1748.800	209.974	3.862
1749.000	209.974	3.862
1749.200	209.974	3.862
1749.400	209.974	3.862
1749.600	209.976	3.862
1749.800	209.975	3.862
1750.000	209.973	3.862
1750.200	209.974	3.862
1750.400	209.976	3.862
1750.600	209.974	3.862
1750.800	209.973	3.862
1751.000	209.974	3.862
1751.200	209.974	3.862
1751.400	209.975	3.862
1751.600	209.974	3.862
1751.800	209.973	3.862
1752.000	209.971	3.862
1752.200	209.974	3.862
1752.400	209.976	3.862
1752.600	209.975	3.862
1752.800	209.975	3.862
1753.000	209.975	3.862
1753.200	209.972	3.862
1753.400	209.975	3.862
1753.600	209.973	3.862
1753.800	209.974	3.862
1754.000	209.975	3.862
1754.200	209.975	3.862
1754.400	209.975	3.862
1754.600	209.975	3.862
1754.800	209.974	3.862
1755.000	209.973	3.862
1755.200	209.973	3.862
1755.400	209.973	3.862
1755.600	209.974	3.862
1755.800	209.975	3.862
1756.000	209.975	3.862
1756.200	209.975	3.862
1756.400	209.973	3.862
1756.600	209.974	3.862
1756.800	209.976	3.862
1757.000	209.974	3.862
1757.200	209.975	3.862
1757.400	209.976	3.862
1757.600	209.974	3.862
1757.800	209.976	3.862
1758.000	209.976	3.862
1758.200	209.976	3.862
1758.400	209.975	3.862
1758.600	209.974	3.862
1758.800	209.975	3.862
1759.000	209.975	3.862
1759.200	209.976	3.862
1759.400	209.974	3.862
1759.600	209.976	3.862
1759.800	209.976	3.862
1760.000	209.976	3.862
1760.200	209.975	3.862
1760.400	209.976	3.862
1760.600	209.974	3.862
1760.800	209.974	3.862
1761.000	209.977	3.862
1761.200	209.973	3.862
1761.400	209.974	3.862
1761.600	209.974	3.862
1761.800	209.973	3.862
1762.000	209.974	3.862
1762.200	209.975	3.862
1762.400	209.974	3.862
1762.600	209.976	3.862
1762.800	209.975	3.862
1763.000	209.974	3.862
1763.200	209.974	3.862
1763.400	209.975	3.862
1763.600	209.976	3.862
1763.800	209.975	3.862
1764.000	209.973	3.862
1764.200	209.976	3.862
1764.400	209.973	3.862
1764.600	209.973	3.862
1764.800	209.975	3.862
1765.000	209.972	3.862
1765.200	209.974	3.862
1765.400	209.975	3.862
1765.600	209.974	3.862
1765.800	209.974	3.862
1766.000	209.975	3.862
1766.200	209.975	3.862
1766.400	209.973	3.862
1766.600	209.976	3.862
1766.800	209.975	3.862
1767.000	209.974	3.862
1767.200	209.976	3.862
1767.400	209.973	3.862
1767.600	209.973	3.862
1767.800	209.972	3.862
1768.000	209.974	3.862
1768.200	209.974	3.863
1768.400	209.974	3.862
1768.600	209.974	3.862
1768.800	209.974	3.862
1769.000	209.973	3.862
1769.200	209.975	3.862
1769.400	209.973	3.862
1769.600	209.975	3.863
1769.800	209.974	3.862
1770.000	209.973	3.862
1770.200	209.973	3.862
1770.400	209.974	3.862
1770.600	209.973	3.862
1770.800	209.972	3.862
1771.000	209.972	3.862
1771.200	209.972	3.862
1771.400	209.974	3.862
1771.600	209.976	3.863
1771.800	209.974	3.863
1772.000	209.975	3.863
1772.200	209.975	3.863
1772.400	209.974	3.863
1772.600	209.975	3.863
1772.800	209.975	3.863
1773.000	209.974	3.863
1773.200	209.975	3.863
1773.400	209.975	3.863
1773.600	209.977	3.863
1773.800	209.975	3.863
1774.000	209.976	3.863
1774.200	209.975	3.863
1774.400	209.973	3.863
1774.600	209.974	3.863
1774.800	209.973	3.863
1775.000	209.974	3.863
1775.200	209.975	3.863
1775.400	209.974	3.863
1775.600	209.974	3.863
1775.800	209.975	3.863
1776.000	209.975	3.863
1776.200	209.974	3.863
1776.400	209.975	3.863
1776.600	209.975	3.863
1776.800	209.975	3.863
1777.000	209.975	3.863
1777.200	209.973	3.863
1777.400	209.975	3.863
1777.600	209.974	3.863
1777.800	209.974	3.863
1778.000	209.974	3.863
1778.200	209.974	3.863
1778.400	209.973	3.863
1778.600	209.974	3.863
1778.800	209.975	3.863
1779.000	209.973	3.863
1779.200	209.975	3.863
1779.400	209.976	3.863
1779.600	209.974	3.863
1779.800	209.975	3.863
1780.000	209.973	3.863
1780.200	209.975	3.863
1780.400	209.974	3.863
1780.600	209.974	3.863
1780.800	209.974	3.863
1781.000	209.975	3.863
1781.200	209.975	3.863
1781.400	209.975	3.863
1781.600	209.973	3.863
1781.800	209.974	3.863
1782.000	209.973	3.863
1782.200	209.973	3.863
1782.400	209.974	3.863
1782.600	209.973	3.863
1782.800	209.973	3.863
1783.000	209.973	3.863
1783.200	209.974	3.863
1783.400	209.975	3.863
1783.600	209.974	3.863
1783.800	209.971	3.863
1784.000	209.973	3.863
1784.200	209.974	3.863
1784.400	209.972	3.863
1784.600	209.974	3.863
1784.800	209.973	3.863
1785.000	209.975	3.863
1785.200	209.974	3.863
1785.400	209.974	3.863
1785.600	209.974	3.863
1785.800	209.973	3.863
1786.000	209.973	3.863
1786.200	209.974	3.863
1786.400	209.972	3.863
1786.600	209.974	3.863
1786.800	209.975	3.863
1787.000	209.976	3.863
1787.200	209.974	3.863
1787.400	209.973	3.863
1787.600	209.974	3.863
1787.800	209.975	3.863
1788.000	209.973	3.863
1788.200	209.973	3.863
1788.400	209.974	3.863
1788.600	209.974	3.863
1788.800	209.973	3.863
1789.000	209.973	3.863
1789.200	209.975	3.863
1789.400	209.973	3.863
1789.600	209.974	3.863
1789.800	209.975	3.863
1790.000	209.975	3.863
1790.200	209.975	3.863
1790.400	209.973	3.863
1790.600	209.973	3.863
1790.800	209.975	3.863
1791.000	209.975	3.863
1791.200	209.975	3.863
1791.400	209.973	3.863
1791.600	209.974	3.863
1791.800	209.972	3.863
1792.000	209.973	3.863
1792.200	209.973	3.863
1792.400	209.971	3.863
1792.600	209.973	3.863
1792.800	209.972	3.863
1793.000	209.973	3.863
1793.200	209.972	3.863
1793.400	209.972	3.863
1793.600	209.973	3.863
1793.800	209.974	3.863
1794.000	209.975	3.863
1794.200	209.972	3.863
1794.400	209.974	3.863
1794.600	209.973	3.863
1794.800	209.972	3.863
1795.000	209.972	3.863
1795.200	209.972	3.863
1795.400	209.970	3.863
1795.600	209.970	3.863
1795.800	209.969	3.863
1796.000	209.971	3.863
1796.200	209.971	3.863
1796.400	209.970	3.863
1796.600	209.970	3.863
1796.800	209.971	3.863
1797.000	209.971	3.863
1797.200	209.971	3.863
1797.400	209.969	3.863
1797.600	209.969	3.863
1797.800	209.971	3.863
1798.000	209.970	3.863
1798.200	209.970	3.863
1798.400	209.970	3.863
1798.600	209.971	3.863
1798.800	209.973	3.863
1799.000	209.969	3.863
1799.200	209.971	3.863
1799.400	209.972	3.863
1799.600	209.971	3.863
1799.800	209.972	3.863
1800.000	209.970	3.863
1800.200	0.173	3.845
1800.400	0.102	3.845
1800.600	0.084	3.845
1800.800	0.077	3.844
1801.000	0.072	3.844
1801.200	0.067	3.844
1801.400	0.065	3.844
1801.600	0.065	3.844
1801.800	0.064	3.844
1802.000	0.066	3.844
1802.200	0.063	3.844
1802.400	0.061	3.844
1802.600	0.060	3.844
1802.800	0.062	3.844
1803.000	0.059	3.844
1803.200	0.059	3.844
1803.400	0.061	3.844
1803.600	0.058	3.844
1803.800	0.060	3.844
1804.000	0.059	3.844
1804.200	0.059	3.844
1804.400	0.059	3.844
1804.600	0.059	3.844
1804.800	0.059	3.844
1805.000	0.058	3.844
1805.200	0.057	3.844
1805.400	0.058	3.844
1805.600	0.057	3.844
1805.800	0.057	3.844
1806.000	0.056	3.844
1806.200	0.055	3.844
1806.400	0.055	3.844
1806.600	0.055	3.843
1806.800	0.056	3.843
1807.000	0.056	3.843
1807.200	0.056	3.843
1807.400	0.056	3.843
1807.600	0.053	3.843
1807.800	0.056	3.843
1808.000	0.056	3.843
1808.200	0.055	3.843
1808.400	0.055	3.843
1808.600	0.055	3.843
1808.800	0.055	3.843
1809.000	0.054	3.843
1809.200	0.055	3.843
1809.400	0.055	3.843
1809.600	0.056	3.843
1809.800	0.055	3.843
1810.000	0.056	3.843
1810.200	0.056	3.843
1810.400	0.055	3.843
1810.600	0.055	3.843
1810.800	0.055	3.843
1811.000	0.055	3.843
1811.200	0.056	3.843
1811.400	0.057	3.843
1811.600	0.053	3.843
1811.800	0.055	3.843
1812.000	0.054	3.843
1812.200	0.054	3.843
1812.400	0.055	3.843
1812.600	0.054	3.843
1812.800	0.055	3.843
1813.000	0.055	3.843
1813.200	0.056	3.843
1813.400	0.053	3.843
1813.600	0.055	3.843
1813.800	0.055	3.843
1814.000	0.053	3.843
1814.200	0.054	3.843
1814.400	0.054	3.843
1814.600	0.055	3.843
1814.800	0.055	3.843
1815.000	0.053	3.843
1815.200	0.055	3.843
1815.400	0.058	3.843
1815.600	0.055	3.843
1815.800	0.055	3.843
1816.000	0.055	3.843
1816.200	0.054	3.843
1816.400	0.054	3.843
1816.600	0.054	3.843
1816.800	0.052	3.843
1817.000	0.053	3.843
1817.200	0.055	3.843
1817.400	0.054	3.843
1817.600	0.054	3.843
1817.800	0.053	3.842
1818.000	0.055	3.843
1818.200	0.054	3.842
1818.400	0.054	3.842
1818.600	0.053	3.842
1818.800	0.054	3.842
1819.000	0.054	3.842
1819.200	0.054	3.842
1819.400	0.054	3.842
1819.600	0.056	3.842
1819.800	0.055	3.842
1820.000	0.055	3.842
1820.200	0.055	3.842
1820.400	0.054	3.842
1820.600	0.056	3.842
1820.800	0.055	3.842
1821.000	0.056	3.842
1821.200	0.054	3.842
1821.400	0.055	3.842
1821.600	0.054	3.842
1821.800	0.056	3.842
1822.000	0.056	3.842
1822.200	0.056	3.842
1822.400	0.056	3.842
1822.600	0.055	3.842
1822.800	0.056	3.842
1823.000	0.054	3.842
1823.200	0.053	3.842
1823.400	0.054	3.842
1823.600	0.053	3.842
1823.800	0.053	3.842
1824.000	0.054	3.842
1824.200	0.053	3.842
1824.400	0.054	3.842
1824.600	0.056	3.842
1824.800	0.054	3.842
1825.000	0.055	3.842
1825.200	0.055	3.842
1825.400	0.054	3.842
1825.600	0.055	3.842
1825.800	0.055	3.842
1826.000	0.055	3.842
1826.200	0.055	3.842
1826.400	0.055	3.842
1826.600	0.052	3.842
1826.800	0.054	3.842
1827.000	0.052	3.842
1827.200	0.055	3.842
1827.400	0.053	3.842
1827.600	0.053	3.842
1827.800	0.052	3.842
1828.000	0.055	3.842
1828.200	0.055	3.842
1828.400	0.055	3.842
1828.600	0.054	3.842
1828.800	0.052	3.842
1829.000	0.053	3.842
1829.200	0.053	3.842
1829.400	0.053	3.842
1829.600	0.054	3.842
1829.800	0.055	3.842
1830.000	0.054	3.842
1830.200	0.054	3.842
1830.400	0.055	3.842
1830.600	0.055	3.842
1830.800	0.055	3.842
1831.000	0.053	3.842
1831.200	0.051	3.842
1831.400	0.052	3.842
1831.600	0.053	3.842
1831.800	0.053	3.842
1832.000	0.053	3.842
1832.200	0.051	3.842
1832.400	0.053	3.842
1832.600	0.054	3.842
1832.800	0.054	3.842
1833.000	0.054	3.842
1833.200	0.052	3.842
1833.400	0.054	3.842
1833.600	0.056	3.842
1833.800	0.055	3.842
1834.000	0.053	3.842
1834.200	0.051	3.842
1834.400	0.055	3.842
1834.600	0.054	3.842
1834.800	0.054	3.842
1835.000	0.054	3.842
1835.200	0.055	3.842
1835.400	0.053	3.842
1835.600	0.053	3.842
1835.800	0.053	3.842
1836.000	0.055	3.842
1836.200	0.053	3.842
1836.400	0.052	3.842
1836.600	0.054	3.842
1836.800	0.053	3.842
1837.000	0.054	3.842
1837.200	0.054	3.842
1837.400	0.054	3.842
1837.600	0.054	3.842
1837.800	0.053	3.842
1838.000	0.057	3.842
1838.200	0.055	3.842
1838.400	0.055	3.842
1838.600	0.055	3.842
1838.800	0.054	3.842
1839.000	0.054	3.842
1839.200	0.053	3.842
1839.400	0.055	3.842
1839.600	0.053	3.842
1839.800	0.055	3.842
1840.000	0.055	3.842
1840.200	0.055	3.842
1840.400	0.053	3.842
1840.600	0.055	3.842
1840.800	0.055	3.842
1841.000	0.056	3.842
1841.200	0.055	3.842
1841.400	0.053	3.842
1841.600	0.054	3.842
1841.800	0.054	3.842
1842.000	0.056	3.842
1842.200	0.055	3.842
1842.400	0.056	3.842
1842.600	0.056	3.842
1842.800	0.055	3.842
1843.000	0.056	3.842
1843.200	0.056	3.842
1843.400	0.054	3.842
1843.600	0.057	3.842
1843.800	0.055	3.842
1844.000	0.054	3.842
1844.200	0.053	3.841
1844.400	0.054	3.841
1844.600	0.054	3.842
1844.800	0.055	3.841
1845.000	0.054	3.841
1845.200	0.053	3.841
1845.400	0.053	3.841
1845.600	0.054	3.841
1845.800	0.053	3.841
1846.000	0.054	3.841
1846.200	0.054	3.841
1846.400	0.054	3.841
1846.600	0.054	3.841
1846.800	0.053	3.841
1847.000	0.053	3.841
1847.200	0.053	3.841
1847.400	0.053	3.841
1847.600	0.054	3.841
1847.800	0.052	3.841
1848.000	0.052	3.841
1848.200	0.053	3.841
1848.400	0.053	3.841
1848.600	0.054	3.841
1848.800	0.054	3.841
1849.000	0.054	3.841
1849.200	0.052	3.841
1849.400	0.055	3.841
1849.600	0.053	3.841
1849.800	0.053	3.841
1850.000	0.054	3.841
1850.200	0.053	3.841
1850.400	0.055	3.841
1850.600	0.052	3.841
1850.800	0.054	3.841
1851.000	0.053	3.841
1851.200	0.055	3.841
1851.400	0.053	3.841
1851.600	0.055	3.841
1851.800	0.054	3.841
1852.000	0.054	3.841
1852.200	0.054	3.841
1852.400	0.054	3.841
1852.600	0.054	3.841
1852.800	0.053	3.841
1853.000	0.051	3.841
1853.200	0.052	3.841
1853.400	0.053	3.841
1853.600	0.053	3.841
1853.800	0.053	3.841
1854.000	0.053	3.841
1854.200	0.056	3.841
1854.400	0.056	3.841
1854.600	0.056	3.841
1854.800	0.053	3.841
1855.000	0.054	3.841
1855.200	0.055	3.841
1855.400	0.056	3.841
1855.600	0.056	3.841
1855.800	0.055	3.841
1856.000	0.056	3.841
1856.200	0.055	3.841
1856.400	0.056	3.841
1856.600	0.054	3.841
1856.800	0.055	3.841
1857.000	0.055	3.841
1857.200	0.055	3.841
1857.400	0.054	3.841
1857.600	0.054	3.841
1857.800	0.055	3.841
1858.000	0.056	3.841
1858.200	0.055	3.841
1858.400	0.056	3.841
1858.600	0.055	3.841
1858.800	0.054	3.841
1859.000	0.054	3.841
1859.200	0.054	3.841
1859.400	0.054	3.841
1859.600	0.055	3.841
1859.800	0.055	3.841
1860.000	0.056	3.841
1860.200	0.056	3.841
1860.400	0.055	3.841
1860.600	0.055	3.841
1860.800	0.055	3.841
1861.000	0.053	3.841
1861.200	0.054	3.841
1861.400	0.054	3.841
1861.600	0.055	3.841
1861.800	0.054	3.841
1862.000	0.055	3.841
1862.200	0.054	3.841
1862.400	0.056	3.841
1862.600	0.053	3.841
1862.800	0.055	3.841
1863.000	0.053	3.841
1863.200	0.052	3.841
1863.400	0.055	3.841
1863.600	0.054	3.841
1863.800	0.055	3.841
1864.000	0.053	3.841
1864.200	0.055	3.841
1864.400	0.055	3.841
1864.600	0.054	3.841
1864.800	0.055	3.841
1865.000	0.056	3.841
1865.200	0.055	3.841
1865.400	0.055	3.841
1865.600	0.056	3.841
1865.800	0.056	3.841
1866.000	0.055	3.841
1866.200	0.054	3.841
1866.400	0.054	3.841
1866.600	0.054	3.841
1866.800	0.054	3.841
1867.000	0.054	3.841
1867.200	0.055	3.841
1867.400	0.055	3.841
1867.600	0.055	3.841
1867.800	0.055	3.841
1868.000	0.056	3.841
1868.200	0.056	3.841
1868.400	0.057	3.841
1868.600	0.055	3.841
1868.800	0.055	3.841
1869.000	0.056	3.841
1869.200	0.055	3.841
1869.400	0.054	3.841
1869.600	0.055	3.841
1869.800	0.055	3.841
1870.000	0.054	3.841
1870.200	0.054	3.841
1870.400	0.054	3.841
1870.600	0.055	3.841
1870.800	0.055	3.841
1871.000	0.055	3.841
1871.200	0.055	3.841
1871.400	0.055	3.841
1871.600	0.055	3.841
1871.800	0.056	3.841
1872.000	0.054	3.841
1872.200	0.055	3.841
1872.400	0.056	3.841
1872.600	0.054	3.841
1872.800	0.053	3.841
1873.000	0.054	3.841
1873.200	0.054	3.841
1873.400	0.055	3.841
1873.600	0.055	3.841
1873.800	0.054	3.841
1874.000	0.055	3.841
1874.200	0.055	3.841
1874.400	0.056	3.841
1874.600	0.055	3.841
1874.800	0.054	3.841
1875.000	0.055	3.841
1875.200	0.055	3.841
1875.400	0.055	3.841
1875.600	0.055	3.841
1875.800	0.056	3.841
1876.000	0.054	3.841
1876.200	0.055	3.841
1876.400	0.055	3.841
1876.600	0.055	3.841
1876.800	0.054	3.841
1877.000	0.055	3.841
1877.200	0.055	3.841
1877.400	0.056	3.841
1877.600	0.055	3.841
1877.800	0.056	3.841
1878.000	0.055	3.841
1878.200	0.055	3.841
1878.400	0.056	3.841
1878.600	0.057	3.841
1878.800	0.056	3.841
1879.000	0.055	3.841
1879.200	0.055	3.841
1879.400	0.055	3.841
1879.600	0.055	3.841
1879.800	0.054	3.841
1880.000	0.055	3.841
1880.200	0.054	3.841
1880.400	0.055	3.841
1880.600	0.054	3.841
1880.800	0.055	3.841
1881.000	0.057	3.841
1881.200	0.055	3.841
1881.400	0.055	3.841
1881.600	0.054	3.841
1881.800	0.053	3.841
1882.000	0.055	3.841
1882.200	0.056	3.841
1882.400	0.056	3.841
1882.600	0.055	3.841
1882.800	0.055	3.841
1883.000	0.056	3.841
1883.200	0.054	3.841
1883.400	0.055	3.841
1883.600	0.054	3.841
1883.800	0.054	3.841
1884.000	0.056	3.841
1884.200	0.055	3.841
1884.400	0.056	3.841
1884.600	0.056	3.841
1884.800	0.054	3.841
1885.000	0.054	3.841
1885.200	0.056	3.841
1885.400	0.055	3.841
1885.600	0.056	3.841
1885.800	0.056	3.841
1886.000	0.056	3.841
1886.200	0.054	3.841
1886.400	0.054	3.841
1886.600	0.056	3.841
1886.800	0.054	3.841
1887.000	0.055	3.841
1887.200	0.055	3.841
1887.400	0.056	3.841
1887.600	0.054	3.841
1887.800	0.056	3.841
1888.000	0.058	3.841
1888.200	0.056	3.841
1888.400	0.055	3.841
1888.600	0.055	3.841
1888.800	0.055	3.841
1889.000	0.056	3.841
1889.200	0.056	3.841
1889.400	0.055	3.841
1889.600	0.054	3.841
1889.800	0.053	3.841
1890.000	0.053	3.841
1890.200	0.053	3.841
1890.400	0.054	3.841
1890.600	0.053	3.841
1890.800	0.055	3.841
1891.000	0.053	3.841
1891.200	0.056	3.841
1891.400	0.055	3.841
1891.600	0.055	3.841
1891.800	0.053	3.841
1892.000	0.055	3.841
1892.200	0.053	3.841
1892.400	0.053	3.841
1892.600	0.054	3.841
1892.800	0.053	3.841
1893.000	0.052	3.841
1893.200	0.055	3.841
1893.400	0.054	3.841
1893.600	0.053	3.841
1893.800	0.051	3.841
1894.000	0.055	3.841
1894.200	0.055	3.841
1894.400	0.053	3.841
1894.600	0.053	3.841
1894.800	0.057	3.841
1895.000	0.054	3.841
1895.200	0.056	3.841
1895.400	0.054	3.841
1895.600	0.055	3.841
1895.800	0.055	3.841
1896.000	0.054	3.841
1896.200	0.055	3.841
1896.400	0.055	3.841
1896.600	0.056	3.841
1896.800	0.055	3.841
1897.000	0.055	3.841
1897.200	0.054	3.841
1897.400	0.056	3.841
1897.600	0.056	3.841
1897.800	0.055	3.841
1898.000	0.055	3.841
1898.200	0.056	3.841
1898.400	0.055	3.841
1898.600	0.055	3.841
1898.800	0.055	3.841
1899.000	0.055	3.841
1899.200	0.054	3.841
1899.400	0.056	3.841
1899.600	0.056	3.841
1899.800	0.056	3.841
1900.000	0.055	3.841
1900.200	0.056	3.841
1900.400	0.055	3.841
1900.600	0.055	3.841
1900.800	0.057	3.841
1901.000	0.056	3.841
1901.200	0.057	3.841
1901.400	0.056	3.841
1901.600	0.055	3.841
1901.800	0.055	3.841
1902.000	0.055	3.841
1902.200	0.055	3.841
1902.400	0.055	3.841
1902.600	0.054	3.841
1902.800	0.053	3.841
1903.000	0.055	3.841
1903.200	0.054	3.841
1903.400	0.053	3.841
1903.600	0.053	3.841
1903.800	0.053	3.841
1904.000	0.054	3.841
1904.200	0.054	3.841
1904.400	0.052	3.841
1904.600	0.053	3.841
1904.800	0.055	3.841
1905.000	0.052	3.841
1905.200	0.055	3.841
1905.400	0.055	3.841
1905.600	0.054	3.841
1905.800	0.053	3.841
1906.000	0.053	3.841
1906.200	0.055	3.841
1906.400	0.054	3.841
1906.600	0.053	3.841
1906.800	0.053	3.841
1907.000	0.054	3.841
1907.200	0.054	3.841
1907.400	0.055	3.841
1907.600	0.055	3.841
1907.800	0.054	3.841
1908.000	0.054	3.841
1908.200	0.056	3.841
1908.400	0.056	3.841
1908.600	0.054	3.841
1908.800	0.054	3.840
1909.000	0.054	3.841
1909.200	0.054	3.840
1909.400	0.055	3.841
1909.600	0.055	3.840
1909.800	0.054	3.841
1910.000	0.054	3.840
1910.200	0.054	3.840
1910.400	0.053	3.841
1910.600	0.055	3.841
1910.800	0.055	3.841
1911.000	0.053	3.840
1911.200	0.054	3.840
1911.400	0.055	3.840
1911.600	0.054	3.840
1911.800	0.055	3.840
1912.000	0.055	3.840
1912.200	0.054	3.840
1912.400	0.053	3.840
1912.600	0.054	3.840
1912.800	0.054	3.840
1913.000	0.054	3.840
1913.200	0.053	3.840
1913.400	0.055	3.840
1913.600	0.055	3.840
1913.800	0.054	3.840
1914.000	0.056	3.840
1914.200	0.055	3.840
1914.400	0.053	3.840
1914.600	0.054	3.840
1914.800	0.053	3.840
1915.000	0.054	3.840
1915.200	0.054	3.840
1915.400	0.054	3.840
1915.600	0.052	3.840
1915.800	0.053	3.840
1916.000	0.054	3.840
1916.200	0.054	3.840
1916.400	0.054	3.840
1916.600	0.053	3.840
1916.800	0.053	3.840
1917.000	0.054	3.840
1917.200	0.053	3.840
1917.400	0.054	3.840
1917.600	0.054	3.840
1917.800	0.054	3.840
1918.000	0.054	3.840
1918.200	0.055	3.840
1918.400	0.053	3.840
1918.600	0.052	3.840
1918.800	0.054	3.840
1919.000	0.054	3.840
1919.200	0.054	3.840
1919.400	0.054	3.840
1919.600	0.054	3.840
1919.800	0.055	3.840
1920.000	0.056	3.840
1920.200	0.055	3.840
1920.400	0.056	3.840
1920.600	0.055	3.840
1920.800	0.056	3.840
1921.000	0.054	3.840
1921.200	0.054	3.840
1921.400	0.054	3.840
1921.600	0.055	3.840
1921.800	0.055	3.840
1922.000	0.055	3.840
1922.200	0.055	3.840
1922.400	0.053	3.840
1922.600	0.055	3.840
1922.800	0.054	3.840
1923.000	0.052	3.840
1923.200	0.053	3.840
1923.400	0.053	3.840
1923.600	0.054	3.840
1923.800	0.053	3.840
1924.000	0.055	3.840
1924.200	0.054	3.840
1924.400	0.052	3.840
1924.600	0.054	3.840
1924.800	0.054	3.840
1925.000	0.052	3.840
1925.200	0.051	3.840
1925.400	0.052	3.840
1925.600	0.054	3.840
1925.800	0.054	3.840
1926.000	0.051	3.840
1926.200	0.052	3.840
1926.400	0.055	3.840
1926.600	0.055	3.840
1926.800	0.053	3.840
1927.000	0.055	3.840
1927.200	0.054	3.840
1927.400	0.054	3.840
1927.600	0.054	3.840
1927.800	0.053	3.840
1928.000	0.054	3.840
1928.200	0.053	3.840
1928.400	0.054	3.840
1928.600	0.053	3.840
1928.800	0.054	3.840
1929.000	0.054	3.840
1929.200	0.054	3.840
1929.400	0.055	3.840
1929.600	0.053	3.840
1929.800	0.053	3.840
1930.000	0.055	3.840
1930.200	0.054	3.840
1930.400	0.053	3.840
1930.600	0.053	3.840
1930.800	0.053	3.840
1931.000	0.052	3.840
1931.200	0.053	3.840
1931.400	0.053	3.840
1931.600	0.053	3.840
1931.800	0.053	3.840
1932.000	0.054	3.840
1932.200	0.054	3.840
1932.400	0.053	3.840
1932.600	0.053	3.840
1932.800	0.054	3.840
1933.000	0.052	3.840
1933.200	0.052	3.840
1933.400	0.054	3.840
1933.600	0.051	3.840
1933.800	0.053	3.840
1934.000	0.054	3.840
1934.200	0.053	3.840
1934.400	0.052	3.840
1934.600	0.053	3.840
1934.800	0.053	3.840
1935.000	0.051	3.840
1935.200	0.052	3.840
1935.400	0.052	3.840
1935.600	0.051	3.840
1935.800	0.052	3.840
1936.000	0.053	3.840
1936.200	0.054	3.840
1936.400	0.053	3.840
1936.600	0.052	3.840
1936.800	0.054	3.840
1937.000	0.053	3.840
1937.200	0.052	3.840
1937.400	0.053	3.840
1937.600	0.054	3.840
1937.800	0.053	3.840
1938.000	0.053	3.840
1938.200	0.053	3.840
1938.400	0.054	3.840
1938.600	0.053	3.840
1938.800	0.054	3.840
1939.000	0.054	3.840
1939.200	0.055	3.840
1939.400	0.054	3.840
1939.600	0.053	3.840
1939.800	0.053	3.840
1940.000	0.053	3.840
1940.200	0.055	3.840
1940.400	0.054	3.840
1940.600	0.054	3.840
1940.800	0.053	3.840
1941.000	0.055	3.840
1941.200	0.055	3.840
1941.400	0.053	3.840
1941.600	0.054	3.840
1941.800	0.056	3.840
1942.000	0.053	3.840
1942.200	0.054	3.840
1942.400	0.054	3.840
1942.600	0.055	3.840
1942.800	0.055	3.840
1943.000	0.054	3.840
1943.200	0.054	3.840
1943.400	0.053	3.840
1943.600	0.055	3.840
1943.800	0.055	3.840
1944.000	0.056	3.840
1944.200	0.055	3.840
1944.400	0.055	3.840
1944.600	0.055	3.840
1944.800	0.055	3.840
1945.000	0.053	3.840
1945.200	0.053	3.840
1945.400	0.054	3.840
1945.600	0.054	3.840
1945.800	0.054	3.840
1946.000	0.055	3.840
1946.200	0.056	3.840
1946.400	0.055	3.840
1946.600	0.055	3.840
1946.800	0.056	3.840
1947.000	0.055	3.840
1947.200	0.054	3.840
1947.400	0.053	3.840
1947.600	0.055	3.840
1947.800	0.055	3.840
1948.000	0.054	3.840
1948.200	0.054	3.840
1948.400	0.053	3.840
1948.600	0.054	3.840
1948.800	0.053	3.840
1949.000	0.054	3.840
1949.200	0.054	3.840
1949.400	0.055	3.840
1949.600	0.054	3.840
1949.800	0.054	3.840
1950.000	0.054	3.840
1950.200	0.055	3.840
1950.400	0.054	3.840
1950.600	0.052	3.840
1950.800	0.052	3.840
1951.000	0.053	3.840
1951.200	0.054	3.840
1951.400	0.054	3.840
1951.600	0.052	3.840
1951.800	0.052	3.840
1952.000	0.054	3.840
1952.200	0.053	3.840
1952.400	0.053	3.840
1952.600	0.053	3.840
1952.800	0.051	3.840
1953.000	0.054	3.840
1953.200	0.053	3.840
1953.400	0.052	3.840
1953.600	0.053	3.840
1953.800	0.054	3.840
1954.000	0.055	3.840
1954.200	0.053	3.840
1954.400	0.053	3.840
1954.600	0.051	3.840
1954.800	0.053	3.840
1955.000	0.051	3.840
1955.200	0.052	3.840
1955.400	0.054	3.840
1955.600	0.054	3.840
1955.800	0.052	3.840
1956.000	0.053	3.840
1956.200	0.052	3.840
1956.400	0.052	3.840
1956.600	0.054	3.840
1956.800	0.053	3.840
1957.000	0.052	3.840
1957.200	0.053	3.840
1957.400	0.053	3.840
1957.600	0.054	3.840
1957.800	0.053	3.840
1958.000	0.055	3.840
1958.200	0.055	3.840
1958.400	0.054	3.840
1958.600	0.054	3.840
1958.800	0.055	3.840
1959.000	0.054	3.840
1959.200	0.054	3.840
1959.400	0.056	3.840
1959.600	0.054	3.840
1959.800	0.055	3.840
1960.000	0.055	3.840
1960.200	0.054	3.840
1960.400	0.055	3.840
1960.600	0.053	3.840
1960.800	0.053	3.840
1961.000	0.054	3.840
1961.200	0.054	3.840
1961.400	0.054	3.840
1961.600	0.052	3.840
1961.800	0.054	3.840
1962.000	0.052	3.840
1962.200	0.054	3.840
1962.400	0.052	3.840
1962.600	0.054	3.840
1962.800	0.054	3.840
1963.000	0.053	3.840
1963.200	0.054	3.840
1963.400	0.054	3.840
1963.600	0.056	3.840
1963.800	0.054	3.840
1964.000	0.055	3.840
1964.200	0.056	3.840
1964.400	0.054	3.840
1964.600	0.053	3.840
1964.800	0.053	3.840
1965.000	0.053	3.840
1965.200	0.053	3.840
1965.400	0.055	3.840
1965.600	0.053	3.840
1965.800	0.054	3.840
1966.000	0.055	3.840
1966.200	0.053	3.840
1966.400	0.053	3.840
1966.600	0.054	3.840
1966.800	0.054	3.840
1967.000	0.053	3.840
1967.200	0.056	3.840
1967.400	0.053	3.840
1967.600	0.053	3.840
1967.800	0.054	3.840
1968.000	0.053	3.840
1968.200	0.053	3.840
1968.400	0.052	3.840
1968.600	0.053	3.840
1968.800	0.053	3.840
1969.000	0.055	3.840
1969.200	0.053	3.840
1969.400	0.051	3.840
1969.600	0.053	3.840
1969.800	0.052	3.840
1970.000	0.054	3.840
1970.200	0.052	3.840
1970.400	0.053	3.840
1970.600	0.053	3.840
1970.800	0.054	3.840
1971.000	0.053	3.840
1971.200	0.052	3.840
1971.400	0.052	3.840
1971.600	0.054	3.840
1971.800	0.052	3.840
1972.000	0.050	3.840
1972.200	0.051	3.840
1972.400	0.051	3.840
1972.600	0.052	3.840
1972.800	0.051	3.840
1973.000	0.052	3.840
1973.200	0.052	3.840
1973.400	0.052	3.840
1973.600	0.053	3.840
1973.800	0.053	3.840
1974.000	0.053	3.840
1974.200	0.052	3.840
1974.400	0.051	3.840
1974.600	0.051	3.840
1974.800	0.053	3.840
1975.000	0.052	3.840
1975.200	0.053	3.840
1975.400	0.055	3.840
1975.600	0.052	3.840
1975.800	0.054	3.840
1976.000	0.053	3.840
1976.200	0.052	3.840
1976.400	0.054	3.840
1976.600	0.054	3.840
1976.800	0.053	3.840
1977.000	0.052	3.840
1977.200	0.051	3.840
1977.400	0.051	3.840
1977.600	0.054	3.840
1977.800	0.055	3.840
1978.000	0.055	3.840
1978.200	0.055	3.840
1978.400	0.053	3.840
1978.600	0.055	3.840
1978.800	0.054	3.840
1979.000	0.054	3.840
1979.200	0.051	3.840
1979.400	0.054	3.840
1979.600	0.053	3.840
1979.800	0.055	3.840
1980.000	0.054	3.840
1980.200	0.055	3.840
1980.400	0.054	3.840
1980.600	0.052	3.840
1980.800	0.054	3.840
1981.000	0.055	3.840
1981.200	0.054	3.840
1981.400	0.053	3.840
1981.600	0.053	3.840
1981.800	0.053	3.840
1982.000	0.053	3.840
1982.200	0.052	3.840
1982.400	0.054	3.840
1982.600	0.052	3.840
1982.800	0.053	3.840
1983.000	0.054	3.840
1983.200	0.052	3.840
1983.400	0.053	3.840
1983.600	0.053	3.840
1983.800	0.054	3.840
1984.000	0.053	3.840
1984.200	0.055	3.840
1984.400	0.053	3.840
1984.600	0.054	3.840
1984.800	0.054	3.840
1985.000	0.054	3.840
1985.200	0.055	3.840
1985.400	0.054	3.840
1985.600	0.055	3.840
1985.800	0.054	3.840
1986.000	0.053	3.840
1986.200	0.056	3.840
1986.400	0.055	3.840
1986.600	0.055	3.840
1986.800	0.054	3.840
1987.000	0.054	3.840
1987.200	0.054	3.840
1987.400	0.053	3.840
1987.600	0.055	3.840
1987.800	0.053	3.840
1988.000	0.053	3.840
1988.200	0.054	3.840
1988.400	0.053	3.840
1988.600	0.053	3.840
1988.800	0.054	3.840
1989.000	0.053	3.840
1989.200	0.055	3.840
1989.400	0.053	3.840
1989.600	0.053	3.840
1989.800	0.053	3.840
1990.000	0.054	3.840
1990.200	0.055	3.840
1990.400	0.054	3.840
1990.600	0.053	3.840
1990.800	0.052	3.840
1991.000	0.055	3.840
1991.200	0.055	3.840
1991.400	0.053	3.840
1991.600	0.055	3.840
1991.800	0.057	3.840
1992.000	0.054	3.840
1992.200	0.054	3.840
1992.400	0.054	3.840
1992.600	0.054	3.840
1992.800	0.054	3.840
1993.000	0.053	3.840
1993.200	0.053	3.840
1993.400	0.056	3.840
1993.600	0.053	3.840
1993.800	0.056	3.840
1994.000	0.053	3.840
1994.200	0.056	3.840
1994.400	0.053	3.840
1994.600	0.053	3.840
1994.800	0.055	3.840
1995.000	0.054	3.840
1995.200	0.053	3.840
1995.400	0.054	3.840
1995.600	0.054	3.840
1995.800	0.053	3.840
1996.000	0.053	3.840
1996.200	0.054	3.840
1996.400	0.051	3.840
1996.600	0.053	3.840
1996.800	0.054	3.840
1997.000	0.055	3.840
1997.200	0.055	3.840
1997.400	0.055	3.840
1997.600	0.056	3.840
1997.800	0.054	3.840
1998.000	0.056	3.840
1998.200	0.054	3.840
1998.400	0.055	3.840
1998.600	0.053	3.840
1998.800	0.053	3.840
1999.000	0.053	3.840
1999.200	0.053	3.840
1999.400	0.052	3.840
1999.600	0.053	3.840
1999.800	0.056	3.840
2000.000	0.055	3.840
2000.200	0.054	3.840
2000.400	0.054	3.840
2000.600	0.054	3.840
2000.800	0.054	3.840
2001.000	0.054	3.840
2001.200	0.055	3.840
2001.400	0.055	3.840
2001.600	0.055	3.840
2001.800	0.055	3.840
2002.000	0.053	3.840
2002.200	0.055	3.840
2002.400	0.054	3.840
2002.600	0.056	3.840
2002.800	0.054	3.840
2003.000	0.055	3.840
2003.200	0.056	3.840
2003.400	0.055	3.840
2003.600	0.055	3.840
2003.800	0.056	3.840
2004.000	0.053	3.840
2004.200	0.056	3.840
2004.400	0.056	3.840
2004.600	0.055	3.840
2004.800	0.052	3.840
2005.000	0.054	3.840
2005.200	0.053	3.840
2005.400	0.054	3.840
2005.600	0.054	3.840
2005.800	0.054	3.840
2006.000	0.053	3.840
2006.200	0.056	3.840
2006.400	0.056	3.840
2006.600	0.056	3.840
2006.800	0.053	3.840
2007.000	0.054	3.840
2007.200	0.055	3.840
2007.400	0.055	3.840
2007.600	0.054	3.840
2007.800	0.056	3.840
2008.000	0.057	3.840
2008.200	0.054	3.840
2008.400	0.055	3.840
2008.600	0.054	3.840
2008.800	0.052	3.840
2009.000	0.055	3.840
2009.200	0.053	3.840
2009.400	0.053	3.840
2009.600	0.053	3.840
2009.800	0.054	3.840
2010.000	0.054	3.840
2010.200	0.054	3.840
2010.400	0.053	3.840
2010.600	0.055	3.840
2010.800	0.054	3.840
2011.000	0.053	3.840
2011.200	0.053	3.840
2011.400	0.054	3.840
2011.600	0.053	3.840
2011.800	0.052	3.840
2012.000	0.054	3.840
2012.200	0.054	3.840
2012.400	0.054	3.840
2012.600	0.054	3.840
2012.800	0.056	3.840
2013.000	0.055	3.840
2013.200	0.056	3.840
2013.400	0.056	3.840
2013.600	0.054	3.840
2013.800	0.055	3.840
2014.000	0.054	3.840
2014.200	0.054	3.840
2014.400	0.055	3.840
2014.600	0.054	3.840
2014.800	0.054	3.840
2015.000	0.055	3.840
2015.200	0.055	3.840
2015.400	0.054	3.840
2015.600	0.053	3.840
2015.800	0.054	3.840
2016.000	0.054	3.840
2016.200	0.054	3.840
2016.400	0.052	3.840
2016.600	0.054	3.840
2016.800	0.055	3.840
2017.000	0.054	3.840
2017.200	0.054	3.840
2017.400	0.054	3.840
2017.600	0.054	3.840
2017.800	0.053	3.840
2018.000	0.054	3.840
2018.200	0.054	3.840
2018.400	0.055	3.840
2018.600	0.056	3.840
2018.800	0.055	3.840
2019.000	0.054	3.840
2019.200	0.054	3.840
2019.400	0.054	3.840
2019.600	0.053	3.840
2019.800	0.054	3.840
2020.000	0.055	3.840
2020.200	0.053	3.840
2020.400	0.054	3.840
2020.600	0.053	3.840
2020.800	0.057	3.840
2021.000	0.057	3.840
2021.200	0.057	3.840
2021.400	0.057	3.840
2021.600	0.055	3.840
2021.800	0.056	3.840
2022.000	0.056	3.840
2022.200	0.055	3.840
2022.400	0.055	3.840
2022.600	0.054	3.840
2022.800	0.052	3.840
2023.000	0.055	3.840
2023.200	0.056	3.840
2023.400	0.056	3.840
2023.600	0.054	3.840
2023.800	0.055	3.840
2024.000	0.055	3.840
2024.200	0.054	3.840
2024.400	0.054	3.840
2024.600	0.054	3.840
2024.800	0.055	3.840
2025.000	0.053	3.840
2025.200	0.053	3.840
2025.400	0.053	3.840
2025.600	0.054	3.840
2025.800	0.055	3.840
2026.000	0.054	3.840
2026.200	0.055	3.840
2026.400	0.055	3.840
2026.600	0.056	3.840
2026.800	0.057	3.840
2027.000	0.054	3.840
2027.200	0.055	3.840
2027.400	0.055	3.840
2027.600	0.055	3.840
2027.800	0.058	3.840
2028.000	0.056	3.840
2028.200	0.055	3.840
2028.400	0.055	3.840
2028.600	0.055	3.840
2028.800	0.055	3.840
2029.000	0.054	3.840
2029.200	0.054	3.840
2029.400	0.054	3.840
2029.600	0.054	3.840
2029.800	0.056	3.840
2030.000	0.055	3.840
2030.200	0.053	3.840
2030.400	0.056	3.840
2030.600	0.056	3.840
2030.800	0.055	3.840
2031.000	0.056	3.840
2031.200	0.057	3.840
2031.400	0.055	3.840
2031.600	0.055	3.840
2031.800	0.056	3.840
2032.000	0.054	3.840
2032.200	0.055	3.840
2032.400	0.055	3.840
2032.600	0.053	3.840
2032.800	0.053	3.840
2033.000	0.052	3.840
2033.200	0.055	3.840
2033.400	0.054	3.840
2033.600	0.055	3.840
2033.800	0.054	3.840
2034.000	0.053	3.840
2034.200	0.053	3.840
2034.400	0.054	3.840
2034.600	0.056	3.840
2034.800	0.055	3.840
2035.000	0.055	3.840
2035.200	0.054	3.840
2035.400	0.053	3.840
2035.600	0.055	3.840
2035.800	0.054	3.840
2036.000	0.056	3.840
2036.200	0.054	3.840
2036.400	0.054	3.840
2036.600	0.054	3.840
2036.800	0.053	3.840
2037.000	0.056	3.840
2037.200	0.055	3.840
2037.400	0.054	3.840
2037.600	0.055	3.840
2037.800	0.056	3.840
2038.000	0.056	3.840
2038.200	0.057	3.840
2038.400	0.056	3.840
2038.600	0.056	3.840
2038.800	0.057	3.840
2039.000	0.057	3.840
2039.200	0.053	3.840
2039.400	0.055	3.840
2039.600	0.055	3.840
2039.800	0.054	3.840
2040.000	0.054	3.840
2040.200	0.055	3.840
2040.400	0.055	3.840
2040.600	0.055	3.840
2040.800	0.055	3.840
2041.000	0.055	3.840
2041.200	0.054	3.840
2041.400	0.054	3.840
2041.600	0.054	3.840
2041.800	0.055	3.840
2042.000	0.053	3.840
2042.200	0.053	3.840
2042.400	0.053	3.840
2042.600	0.054	3.840
2042.800	0.055	3.840
2043.000	0.055	3.840
2043.200	0.053	3.840
2043.400	0.054	3.840
2043.600	0.053	3.840
2043.800	0.053	3.840
2044.000	0.054	3.840
2044.200	0.055	3.840
2044.400	0.053	3.840
2044.600	0.053	3.840
2044.800	0.054	3.840
2045.000	0.054	3.840
2045.200	0.054	3.840
2045.400	0.054	3.840
2045.600	0.053	3.840
2045.800	0.054	3.840
2046.000	0.053	3.840
2046.200	0.052	3.840
2046.400	0.052	3.840
2046.600	0.054	3.840
2046.800	0.052	3.840
2047.000	0.055	3.840
2047.200	0.052	3.840
2047.400	0.053	3.840
2047.600	0.054	3.840
2047.800	0.051	3.840
2048.000	0.052	3.840
2048.200	0.053	3.840
2048.400	0.053	3.840
2048.600	0.052	3.840
2048.800	0.054	3.840
2049.000	0.054	3.840
2049.200	0.054	3.840
2049.400	0.053	3.840
2049.600	0.051	3.840
2049.800	0.052	3.840
2050.000	0.053	3.840
2050.200	0.052	3.840
2050.400	0.053	3.840
2050.600	0.053	3.840
2050.800	0.052	3.840
2051.000	0.053	3.840
2051.200	0.052	3.840
2051.400	0.052	3.840
2051.600	0.052	3.840
2051.800	0.052	3.840
2052.000	0.052	3.840
2052.200	0.051	3.840
2052.400	0.050	3.840
2052.600	0.053	3.840
2052.800	0.053	3.840
2053.000	0.052	3.840
2053.200	0.053	3.840
2053.400	0.054	3.840
2053.600	0.051	3.840
2053.800	0.051	3.840
2054.000	0.053	3.840
2054.200	0.054	3.840
2054.400	0.052	3.840
2054.600	0.055	3.840
2054.800	0.054	3.840
2055.000	0.053	3.840
2055.200	0.052	3.840
2055.400	0.052	3.840
2055.600	0.052	3.840
2055.800	0.052	3.840
2056.000	0.052	3.840
2056.200	0.053	3.840
2056.400	0.055	3.840
2056.600	0.053	3.840
2056.800	0.054	3.840
2057.000	0.052	3.840
2057.200	0.053	3.840
2057.400	0.051	3.840
2057.600	0.053	3.840
2057.800	0.054	3.840
2058.000	0.052	3.840
2058.200	0.054	3.840
2058.400	0.052	3.840
2058.600	0.054	3.840
2058.800	0.054	3.840
2059.000	0.054	3.840
2059.200	0.054	3.840
2059.400	0.053	3.840
2059.600	0.054	3.840
2059.800	0.054	3.840
2060.000	0.053	3.840
2060.200	0.051	3.840
2060.400	0.054	3.840
2060.600	0.053	3.840
2060.800	0.053	3.840
2061.000	0.053	3.840
2061.200	0.051	3.840
2061.400	0.053	3.840
2061.600	0.054	3.840
2061.800	0.053	3.840
2062.000	0.054	3.840
2062.200	0.053	3.840
2062.400	0.054	3.840
2062.600	0.053	3.840
2062.800	0.054	3.840
2063.000	0.053	3.840
2063.200	0.053	3.840
2063.400	0.054	3.840
2063.600	0.052	3.840
2063.800	0.054	3.840
2064.000	0.055	3.840
2064.200	0.054	3.840
2064.400	0.053	3.840
2064.600	0.053	3.840
2064.800	0.054	3.840
2065.000	0.057	3.840
2065.200	0.053	3.840
2065.400	0.055	3.840
2065.600	0.053	3.840
2065.800	0.052	3.840
2066.000	0.053	3.840
2066.200	0.054	3.840
2066.400	0.055	3.840
2066.600	0.053	3.840
2066.800	0.054	3.840
2067.000	0.053	3.840
2067.200	0.054	3.840
2067.400	0.053	3.840
2067.600	0.054	3.840
2067.800	0.054	3.840
2068.000	0.053	3.840
2068.200	0.055	3.840
2068.400	0.055	3.840
2068.600	0.054	3.840
2068.800	0.054	3.840
2069.000	0.053	3.840
2069.200	0.053	3.840
2069.400	0.052	3.840
2069.600	0.054	3.840
2069.800	0.054	3.840
2070.000	0.054	3.840
2070.200	0.054	3.840
2070.400	0.053	3.840
2070.600	0.054	3.840
2070.800	0.055	3.840
2071.000	0.057	3.840
2071.200	0.054	3.840
2071.400	0.055	3.840
2071.600	0.054	3.840
2071.800	0.054	3.840
2072.000	0.054	3.840
2072.200	0.054	3.840
2072.400	0.054	3.840
2072.600	0.053	3.840
2072.800	0.052	3.840
2073.000	0.055	3.840
2073.200	0.056	3.840
2073.400	0.056	3.840
2073.600	0.055	3.840
2073.800	0.057	3.840
2074.000	0.055	3.840
2074.200	0.055	3.840
2074.400	0.054	3.840
2074.600	0.055	3.840
2074.800	0.054	3.840
2075.000	0.054	3.840
2075.200	0.054	3.840
2075.400	0.054	3.840
2075.600	0.053	3.840
2075.800	0.054	3.840
2076.000	0.053	3.840
2076.200	0.054	3.840
2076.400	0.054	3.840
2076.600	0.054	3.840
2076.800	0.054	3.840
2077.000	0.053	3.840
2077.200	0.054	3.840
2077.400	0.053	3.840
2077.600	0.054	3.840
2077.800	0.054	3.840
2078.000	0.054	3.840
2078.200	0.054	3.840
2078.400	0.053	3.840
2078.600	0.054	3.840
2078.800	0.054	3.840
2079.000	0.054	3.840
2079.200	0.054	3.840
2079.400	0.053	3.840
2079.600	0.055	3.840
2079.800	0.055	3.840
2080.000	0.055	3.840
2080.200	0.053	3.840
2080.400	0.053	3.840
2080.600	0.054	3.840
2080.800	0.053	3.840
2081.000	0.054	3.840
2081.200	0.053	3.840
2081.400	0.054	3.840
2081.600	0.056	3.840
2081.800	0.055	3.840
2082.000	0.056	3.840
2082.200	0.053	3.840
2082.400	0.055	3.840
2082.600	0.054	3.840
2082.800	0.054	3.840
2083.000	0.054	3.840
2083.200	0.055	3.840
2083.400	0.054	3.840
2083.600	0.056	3.840
2083.800	0.054	3.840
2084.000	0.056	3.840
2084.200	0.053	3.840
2084.400	0.056	3.840
2084.600	0.055	3.840
2084.800	0.055	3.840
2085.000	0.056	3.840
2085.200	0.056	3.840
2085.400	0.055	3.840
2085.600	0.054	3.840
2085.800	0.056	3.840
2086.000	0.054	3.840
2086.200	0.054	3.840
2086.400	0.055	3.840
2086.600	0.054	3.840
2086.800	0.054	3.840
2087.000	0.053	3.840
2087.200	0.055	3.840
2087.400	0.055	3.840
2087.600	0.054	3.840
2087.800	0.054	3.840
2088.000	0.055	3.840
2088.200	0.055	3.840
2088.400	0.053	3.840
2088.600	0.055	3.840
2088.800	0.055	3.840
2089.000	0.055	3.840
2089.200	0.053	3.840
2089.400	0.054	3.840
2089.600	0.055	3.840
2089.800	0.055	3.840
2090.000	0.056	3.840
2090.200	0.058	3.840
2090.400	0.056	3.840
2090.600	0.058	3.840
2090.800	0.057	3.840
2091.000	0.057	3.840
2091.200	0.056	3.840
2091.400	0.057	3.840
2091.600	0.056	3.840
2091.800	0.056	3.840
2092.000	0.056	3.840
2092.200	0.057	3.840
2092.400	0.058	3.840
2092.600	0.056	3.840
2092.800	0.056	3.840
2093.000	0.057	3.840
2093.200	0.056	3.840
2093.400	0.056	3.840
2093.600	0.056	3.840
2093.800	0.057	3.840
2094.000	0.056	3.840
2094.200	0.057	3.840
2094.400	0.055	3.840
2094.600	0.056	3.840
2094.800	0.054	3.840
2095.000	0.056	3.840
2095.200	0.057	3.840
2095.400	0.055	3.840
2095.600	0.057	3.840
2095.800	0.055	3.840
2096.000	0.054	3.840
2096.200	0.056	3.840
2096.400	0.054	3.840
2096.600	0.055	3.840
2096.800	0.054	3.840
2097.000	0.054	3.840
2097.200	0.056	3.840
2097.400	0.057	3.840
2097.600	0.055	3.839
2097.800	0.054	3.840
2098.000	0.056	3.840
2098.200	0.055	3.840
2098.400	0.054	3.840
2098.600	0.054	3.840
2098.800	0.051	3.840
2099.000	0.052	3.840
2099.200	0.054	3.840
2099.400	0.053	3.840
2099.600	0.054	3.840
2099.800	0.053	3.839
2100.000	0.052	3.840
2100.200	0.055	3.840
2100.400	0.052	3.840
2100.600	0.052	3.840
2100.800	0.054	3.840
2101.000	0.053	3.840
2101.200	0.052	3.839
2101.400	0.053	3.840
2101.600	0.053	3.840
2101.800	0.053	3.840
2102.000	0.055	3.840
2102.200	0.054	3.840
2102.400	0.054	3.839
2102.600	0.053	3.840
2102.800	0.056	3.840
2103.000	0.054	3.839
2103.200	0.055	3.840
2103.400	0.054	3.840
2103.600	0.054	3.839
2103.800	0.054	3.840
2104.000	0.053	3.840
2104.200	0.054	3.840
2104.400	0.053	3.840
2104.600	0.054	3.840
2104.800	0.055	3.840
2105.000	0.053	3.839
2105.200	0.055	3.840
2105.400	0.054	3.840
2105.600	0.054	3.840
2105.800	0.055	3.840
2106.000	0.054	3.840
2106.200	0.054	3.840
2106.400	0.054	3.840
2106.600	0.054	3.840
2106.800	0.055	3.840
2107.000	0.054	3.840
2107.200	0.054	3.840
2107.400	0.054	3.840
2107.600	0.055	3.840
2107.800	0.058	3.840
2108.000	0.055	3.840
2108.200	0.057	3.840
2108.400	0.055	3.840
2108.600	0.055	3.840
2108.800	0.056	3.840
2109.000	0.055	3.840
2109.200	0.054	3.840
2109.400	0.056	3.840
2109.600	0.056	3.840
2109.800	0.055	3.840
2110.000	0.055	3.840
2110.200	0.055	3.840
2110.400	0.055	3.840
2110.600	0.056	3.840
2110.800	0.055	3.840
2111.000	0.056	3.840
2111.200	0.055	3.840
2111.400	0.055	3.840
2111.600	0.057	3.840
2111.800	0.056	3.840
2112.000	0.056	3.840
2112.200	0.054	3.840
2112.400	0.054	3.839
2112.600	0.056	3.840
2112.800	0.055	3.840
2113.000	0.053	3.840
2113.200	0.054	3.840
2113.400	0.053	3.840
2113.600	0.054	3.840
2113.800	0.055	3.840
2114.000	0.053	3.840
2114.200	0.054	3.840
2114.400	0.054	3.840
2114.600	0.054	3.840
2114.800	0.055	3.840
2115.000	0.054	3.840
2115.200	0.055	3.840
2115.400	0.053	3.840
2115.600	0.056	3.840
2115.800	0.054	3.840
2116.000	0.055	3.840
2116.200	0.054	3.840
2116.400	0.056	3.840
2116.600	0.057	3.840
2116.800	0.056	3.840
2117.000	0.056	3.840
2117.200	0.055	3.840
2117.400	0.054	3.840
2117.600	0.055	3.840
2117.800	0.055	3.840
2118.000	0.056	3.840
2118.200	0.057	3.840
2118.400	0.057	3.840
2118.600	0.055	3.839
2118.800	0.054	3.840
2119.000	0.058	3.840
2119.200	0.056	3.840
2119.400	0.055	3.840
2119.600	0.056	3.840
2119.800	0.055	3.840
2120.000	0.054	3.840
2120.200	0.057	3.840
2120.400	0.055	3.840
2120.600	0.054	3.840
2120.800	0.053	3.840
2121.000	0.055	3.840
2121.200	0.056	3.840
2121.400	0.056	3.840
2121.600	0.056	3.840
2121.800	0.058	3.840
2122.000	0.057	3.840
2122.200	0.056	3.840
2122.400	0.058	3.840
2122.600	0.056	3.840
2122.800	0.056	3.840
2123.000	0.056	3.840
2123.200	0.055	3.840
2123.400	0.055	3.840
2123.600	0.056	3.840
2123.800	0.055	3.840
2124.000	0.058	3.840
2124.200	0.057	3.840
2124.400	0.056	3.840
2124.600	0.057	3.840
2124.800	0.056	3.840
2125.000	0.056	3.840
2125.200	0.055	3.840
2125.400	0.057	3.840
2125.600	0.056	3.840
2125.800	0.058	3.840
2126.000	0.057	3.840
2126.200	0.056	3.840
2126.400	0.056	3.840
2126.600	0.056	3.840
2126.800	0.057	3.840
2127.000	0.057	3.840
2127.200	0.056	3.840
2127.400	0.055	3.840
2127.600	0.055	3.840
2127.800	0.058	3.840
2128.000	0.057	3.840
2128.200	0.057	3.840
2128.400	0.056	3.840
2128.600	0.058	3.840
2128.800	0.056	3.840
2129.000	0.055	3.840
2129.200	0.058	3.840
2129.400	0.056	3.840
2129.600	0.056	3.840
2129.800	0.057	3.840
2130.000	0.058	3.840
2130.200	0.057	3.840
2130.400	0.059	3.840
2130.600	0.058	3.840
2130.800	0.059	3.840
2131.000	0.058	3.840
2131.200	0.059	3.840
2131.400	0.056	3.840
2131.600	0.057	3.840
2131.800	0.056	3.840
2132.000	0.057	3.840
2132.200	0.058	3.840
2132.400	0.057	3.840
2132.600	0.056	3.840
2132.800	0.056	3.840
2133.000	0.057	3.840
2133.200	0.057	3.840
2133.400	0.058	3.840
2133.600	0.057	3.840
2133.800	0.057	3.840
2134.000	0.057	3.840
2134.200	0.057	3.840
2134.400	0.057	3.840
2134.600	0.056	3.840
2134.800	0.056	3.840
2135.000	0.059	3.840
2135.200	0.057	3.840
2135.400	0.057	3.840
2135.600	0.058	3.840
2135.800	0.057	3.840
2136.000	0.056	3.840
2136.200	0.057	3.840
2136.400	0.056	3.840
2136.600	0.057	3.840
2136.800	0.057	3.840
2137.000	0.059	3.840
2137.200	0.058	3.840
2137.400	0.058	3.840
2137.600	0.058	3.840
2137.800	0.057	3.840
2138.000	0.058	3.840
2138.200	0.059	3.840
2138.400	0.058	3.840
2138.600	0.057	3.839
2138.800	0.059	3.840
2139.000	0.058	3.840
2139.200	0.059	3.840
2139.400	0.059	3.840
2139.600	0.057	3.840
2139.800	0.058	3.840
2140.000	0.059	3.840
2140.200	0.059	3.840
2140.400	0.060	3.840
2140.600	0.059	3.840
2140.800	0.059	3.840
2141.000	0.057	3.840
2141.200	0.059	3.840
2141.400	0.059	3.840
2141.600	0.056	3.840
2141.800	0.059	3.840
2142.000	0.058	3.840
2142.200	0.057	3.840
2142.400	0.058	3.840
2142.600	0.060	3.840
2142.800	0.057	3.840
2143.000	0.059	3.840
2143.200	0.057	3.840
2143.400	0.059	3.840
2143.600	0.059	3.840
2143.800	0.058	3.840
2144.000	0.058	3.840
2144.200	0.057	3.840
2144.400	0.058	3.840
2144.600	0.058	3.840
2144.800	0.057	3.840
2145.000	0.059	3.840
2145.200	0.058	3.840
2145.400	0.057	3.840
2145.600	0.057	3.840
2145.800	0.056	3.840
2146.000	0.056	3.840
2146.200	0.057	3.840
2146.400	0.057	3.840
2146.600	0.057	3.840
2146.800	0.055	3.840
2147.000	0.055	3.840
2147.200	0.056	3.840
2147.400	0.056	3.840
2147.600	0.056	3.839
2147.800	0.056	3.840
2148.000	0.056	3.840
2148.200	0.056	3.840
2148.400	0.056	3.840
2148.600	0.056	3.840
2148.800	0.053	3.840
2149.000	0.054	3.840
2149.200	0.055	3.840
2149.400	0.055	3.840
2149.600	0.057	3.840
2149.800	0.056	3.840
2150.000	0.058	3.840
2150.200	0.057	3.840
2150.400	0.058	3.840
2150.600	0.059	3.840
2150.800	0.057	3.840
2151.000	0.057	3.840
2151.200	0.057	3.840
2151.400	0.056	3.840
2151.600	0.057	3.840
2151.800	0.057	3.839
2152.000	0.058	3.840
2152.200	0.057	3.840
2152.400	0.056	3.840
2152.600	0.058	3.840
2152.800	0.056	3.840
2153.000	0.057	3.840
2153.200	0.057	3.840
2153.400	0.059	3.840
2153.600	0.057	3.840
2153.800	0.059	3.840
2154.000	0.058	3.839
2154.200	0.057	3.839
2154.400	0.056	3.840
2154.600	0.058	3.839
2154.800	0.058	3.840
2155.000	0.057	3.840
2155.200	0.056	3.840
2155.400	0.057	3.840
2155.600	0.058	3.840
2155.800	0.057	3.840
2156.000	0.057	3.840
2156.200	0.056	3.840
2156.400	0.057	3.839
2156.600	0.057	3.840
2156.800	0.057	3.840
2157.000	0.057	3.839
2157.200	0.059	3.840
2157.400	0.058	3.840
2157.600	0.057	3.840
2157.800	0.058	3.839
2158.000	0.059	3.840
2158.200	0.057	3.839
2158.400	0.056	3.840
2158.600	0.056	3.839
2158.800	0.058	3.840
2159.000	0.056	3.840
2159.200	0.058	3.840
2159.400	0.058	3.840
2159.600	0.057	3.840
2159.800	0.058	3.840
2160.000	0.056	3.840
2160.200	0.058	3.840
2160.400	0.056	3.839
2160.600	0.057	3.840
2160.800	0.056	3.840
2161.000	0.056	3.839
2161.200	0.058	3.839
2161.400	0.057	3.840
2161.600	0.057	3.839
2161.800	0.057	3.839
2162.000	0.056	3.840
2162.200	0.056	3.840
2162.400	0.057	3.839
2162.600	0.056	3.840
2162.800	0.058	3.839
2163.000	0.058	3.839
2163.200	0.057	3.839
2163.400	0.057	3.839
2163.600	0.056	3.839
2163.800	0.056	3.839
2164.000	0.057	3.840
2164.200	0.056	3.839
2164.400	0.056	3.840
2164.600	0.055	3.839
2164.800	0.056	3.839
2165.000	0.055	3.839
2165.200	0.056	3.839
2165.400	0.056	3.839
2165.600	0.057	3.839
2165.800	0.058	3.839
2166.000	0.056	3.840
2166.200	0.057	3.840
2166.400	0.058	3.839
2166.600	0.057	3.839
2166.800	0.058	3.839
2167.000	0.057	3.839
2167.200	0.055	3.839
2167.400	0.056	3.839
2167.600	0.055	3.839
2167.800	0.055	3.839
2168.000	0.055	3.839
2168.200	0.055	3.839
2168.400	0.055	3.839
2168.600	0.056	3.839
2168.800	0.055	3.839
2169.000	0.057	3.839
2169.200	0.056	3.839
2169.400	0.056	3.839
2169.600	0.056	3.839
2169.800	0.057	3.839
2170.000	0.056	3.839
2170.200	0.057	3.839
2170.400	0.057	3.839
2170.600	0.056	3.839
2170.800	0.056	3.839
2171.000	0.056	3.839
2171.200	0.054	3.839
2171.400	0.056	3.839
2171.600	0.055	3.839
2171.800	0.055	3.839
2172.000	0.054	3.839
2172.200	0.055	3.839
2172.400	0.056	3.840
2172.600	0.057	3.840
2172.800	0.056	3.839
2173.000	0.057	3.839
2173.200	0.058	3.839
2173.400	0.056	3.839
2173.600	0.056	3.839
2173.800	0.057	3.839
2174.000	0.056	3.839
2174.200	0.056	3.839
2174.400	0.057	3.839
2174.600	0.058	3.839
2174.800	0.056	3.839
2175.000	0.057	3.839
2175.200	0.056	3.839
2175.400	0.055	3.839
2175.600	0.057	3.839
2175.800	0.056	3.839
2176.000	0.057	3.839
2176.200	0.055	3.839
2176.400	0.056	3.839
2176.600	0.056	3.839
2176.800	0.056	3.839
2177.000	0.057	3.839
2177.200	0.057	3.839
2177.400	0.057	3.839
2177.600	0.058	3.839
2177.800	0.057	3.839
2178.000	0.057	3.839
2178.200	0.056	3.839
2178.400	0.057	3.839
2178.600	0.056	3.839
2178.800	0.057	3.839
2179.000	0.058	3.839
2179.200	0.057	3.839
2179.400	0.056	3.839
2179.600	0.054	3.839
2179.800	0.055	3.839
2180.000	0.057	3.839
2180.200	0.056	3.839
2180.400	0.058	3.839
2180.600	0.055	3.839
2180.800	0.057	3.839
2181.000	0.055	3.839
2181.200	0.056	3.839
2181.400	0.056	3.839
2181.600	0.056	3.839
2181.800	0.056	3.839
2182.000	0.055	3.839
2182.200	0.056	3.839
2182.400	0.055	3.839
2182.600	0.055	3.839
2182.800	0.055	3.839
2183.000	0.056	3.839
2183.200	0.054	3.839
2183.400	0.056	3.839
2183.600	0.055	3.839
2183.800	0.055	3.839
2184.000	0.055	3.839
2184.200	0.056	3.839
2184.400	0.057	3.839
2184.600	0.055	3.839
2184.800	0.057	3.839
2185.000	0.057	3.839
2185.200	0.055	3.839
2185.400	0.056	3.839
2185.600	0.055	3.839
2185.800	0.056	3.839
2186.000	0.052	3.839
2186.200	0.054	3.839
2186.400	0.056	3.839
2186.600	0.055	3.839
2186.800	0.055	3.839
2187.000	0.055	3.839
2187.200	0.054	3.839
2187.400	0.056	3.839
2187.600	0.057	3.839
2187.800	0.056	3.839
2188.000	0.055	3.839
2188.200	0.055	3.839
2188.400	0.056	3.839
2188.600	0.057	3.839
2188.800	0.057	3.839
2189.000	0.055	3.839
2189.200	0.056	3.839
2189.400	0.054	3.839
2189.600	0.054	3.839
2189.800	0.056	3.839
2190.000	0.058	3.839
2190.200	0.058	3.839
2190.400	0.056	3.839
2190.600	0.056	3.839
2190.800	0.056	3.839
2191.000	0.056	3.839
2191.200	0.056	3.839
2191.400	0.056	3.839
2191.600	0.056	3.839
2191.800	0.054	3.839
2192.000	0.056	3.839
2192.200	0.057	3.839
2192.400	0.057	3.839
2192.600	0.057	3.839
2192.800	0.057	3.839
2193.000	0.058	3.839
2193.200	0.056	3.839
2193.400	0.058	3.839
2193.600	0.058	3.839
2193.800	0.056	3.839
2194.000	0.057	3.839
2194.200	0.056	3.839
2194.400	0.057	3.839
2194.600	0.055	3.839
2194.800	0.057	3.839
2195.000	0.057	3.839
2195.200	0.057	3.839
2195.400	0.057	3.839
2195.600	0.057	3.839
2195.800	0.058	3.839
2196.000	0.058	3.839
2196.200	0.055	3.839
2196.400	0.057	3.839
2196.600	0.057	3.839
2196.800	0.057	3.839
2197.000	0.057	3.839
2197.200	0.057	3.839
2197.400	0.057	3.839
2197.600	0.058	3.839
2197.800	0.059	3.839
2198.000	0.058	3.839
2198.200	0.056	3.839
2198.400	0.057	3.839
2198.600	0.058	3.839
2198.800	0.058	3.839
2199.000	0.057	3.839
2199.200	0.058	3.839
2199.400	0.056	3.839
2199.600	0.058	3.839
2199.800	0.058	3.839
2200.000	0.058	3.839
2200.200	0.058	3.839
2200.400	0.059	3.839
2200.600	0.057	3.839
2200.800	0.058	3.839
2201.000	0.060	3.839
2201.200	0.059	3.839
2201.400	0.059	3.839
2201.600	0.060	3.839
2201.800	0.059	3.839
2202.000	0.058	3.839
2202.200	0.058	3.839
2202.400	0.058	3.839
2202.600	0.058	3.839
2202.800	0.058	3.839
2203.000	0.057	3.839
2203.200	0.057	3.839
2203.400	0.058	3.839
2203.600	0.058	3.839
2203.800	0.059	3.839
2204.000	0.059	3.839
2204.200	0.059	3.839
2204.400	0.058	3.839
2204.600	0.058	3.839
2204.800	0.058	3.839
2205.000	0.058	3.839
2205.200	0.058	3.839
2205.400	0.057	3.839
2205.600	0.059	3.839
2205.800	0.057	3.839
2206.000	0.058	3.839
2206.200	0.058	3.839
2206.400	0.059	3.839
2206.600	0.057	3.839
2206.800	0.057	3.839
2207.000	0.059	3.839
2207.200	0.058	3.839
2207.400	0.059	3.839
2207.600	0.057	3.839
2207.800	0.057	3.839
2208.000	0.057	3.839
2208.200	0.059	3.839
2208.400	0.059	3.839
2208.600	0.058	3.839
2208.800	0.057	3.839
2209.000	0.056	3.839
2209.200	0.055	3.839
2209.400	0.055	3.839
2209.600	0.058	3.839
2209.800	0.055	3.839
2210.000	0.056	3.839
2210.200	0.055	3.839
2210.400	0.056	3.839
2210.600	0.056	3.839
2210.800	0.056	3.839
2211.000	0.055	3.839
2211.200	0.056	3.839
2211.400	0.055	3.839
2211.600	0.057	3.839
2211.800	0.055	3.839
2212.000	0.056	3.839
2212.200	0.057	3.839
2212.400	0.056	3.839
2212.600	0.056	3.839
2212.800	0.057	3.839
2213.000	0.057	3.839
2213.200	0.055	3.839
2213.400	0.058	3.839
2213.600	0.057	3.839
2213.800	0.057	3.839
2214.000	0.058	3.839
2214.200	0.056	3.839
2214.400	0.057	3.839
2214.600	0.059	3.839
2214.800	0.057	3.839
2215.000	0.057	3.839
2215.200	0.057	3.839
2215.400	0.057	3.839
2215.600	0.057	3.839
2215.800	0.059	3.839
2216.000	0.058	3.839
2216.200	0.058	3.839
2216.400	0.057	3.839
2216.600	0.058	3.839
2216.800	0.058	3.839
2217.000	0.057	3.839
2217.200	0.057	3.839
2217.400	0.059	3.839
2217.600	0.060	3.839
2217.800	0.059	3.839
2218.000	0.056	3.839
2218.200	0.057	3.839
2218.400	0.058	3.839
2218.600	0.057	3.839
2218.800	0.057	3.839
2219.000	0.057	3.839
2219.200	0.057	3.839
2219.400	0.058	3.839
2219.600	0.059	3.839
2219.800	0.058	3.839
2220.000	0.059	3.839
2220.200	0.059	3.839
2220.400	0.058	3.839
2220.600	0.057	3.839
2220.800	0.057	3.839
2221.000	0.057	3.839
2221.200	0.058	3.839
2221.400	0.057	3.839
2221.600	0.058	3.839
2221.800	0.057	3.839
2222.000	0.057	3.839
2222.200	0.056	3.839
2222.400	0.057	3.839
2222.600	0.056	3.839
2222.800	0.056	3.839
2223.000	0.055	3.839
2223.200	0.058	3.839
2223.400	0.057	3.839
2223.600	0.057	3.839
2223.800	0.056	3.839
2224.000	0.057	3.839
2224.200	0.057	3.839
2224.400	0.057	3.839
2224.600	0.055	3.839
2224.800	0.056	3.839
2225.000	0.057	3.839
2225.200	0.058	3.839
2225.400	0.056	3.839
2225.600	0.055	3.839
2225.800	0.057	3.839
2226.000	0.057	3.839
2226.200	0.057	3.839
2226.400	0.057	3.839
2226.600	0.055	3.839
2226.800	0.056	3.839
2227.000	0.056	3.839
2227.200	0.059	3.839
2227.400	0.060	3.839
2227.600	0.058	3.839
2227.800	0.059	3.839
2228.000	0.060	3.839
2228.200	0.059	3.839
2228.400	0.059	3.839
2228.600	0.060	3.839
2228.800	0.060	3.839
2229.000	0.058	3.839
2229.200	0.060	3.839
2229.400	0.059	3.839
2229.600	0.060	3.839
2229.800	0.059	3.839
2230.000	0.060	3.839
2230.200	0.060	3.839
2230.400	0.061	3.839
2230.600	0.059	3.839
2230.800	0.061	3.839
2231.000	0.058	3.839
2231.200	0.059	3.839
2231.400	0.060	3.839
2231.600	0.060	3.839
2231.800	0.058	3.839
2232.000	0.060	3.839
2232.200	0.059	3.839
2232.400	0.059	3.839
2232.600	0.057	3.839
2232.800	0.059	3.839
2233.000	0.057	3.839
2233.200	0.060	3.839
2233.400	0.058	3.839
2233.600	0.058	3.839
2233.800	0.057	3.839
2234.000	0.057	3.839
2234.200	0.059	3.839
2234.400	0.058	3.839
2234.600	0.058	3.839
2234.800	0.057	3.839
2235.000	0.058	3.839
2235.200	0.058	3.839
2235.400	0.057	3.839
2235.600	0.056	3.839
2235.800	0.057	3.839
2236.000	0.058	3.839
2236.200	0.058	3.839
2236.400	0.057	3.839
2236.600	0.058	3.839
2236.800	0.058	3.839
2237.000	0.057	3.839
2237.200	0.057	3.839
2237.400	0.057	3.839
2237.600	0.057	3.839
2237.800	0.057	3.839
2238.000	0.058	3.839
2238.200	0.057	3.839
2238.400	0.058	3.839
2238.600	0.058	3.839
2238.800	0.057	3.839
2239.000	0.058	3.839
2239.200	0.057	3.839
2239.400	0.059	3.839
2239.600	0.059	3.839
2239.800	0.058	3.839
2240.000	0.057	3.839
2240.200	0.058	3.839
2240.400	0.059	3.839
2240.600	0.058	3.839
2240.800	0.059	3.839
2241.000	0.057	3.839
2241.200	0.058	3.839
2241.400	0.058	3.839
2241.600	0.059	3.839
2241.800	0.058	3.839
2242.000	0.059	3.839
2242.200	0.058	3.839
2242.400	0.059	3.839
2242.600	0.059	3.839
2242.800	0.058	3.839
2243.000	0.058	3.839
2243.200	0.057	3.839
2243.400	0.059	3.839
2243.600	0.058	3.839
2243.800	0.058	3.839
2244.000	0.058	3.839
2244.200	0.057	3.839
2244.400	0.057	3.839
2244.600	0.059	3.839
2244.800	0.058	3.839
2245.000	0.057	3.839
2245.200	0.057	3.839
2245.400	0.060	3.839
2245.600	0.057	3.839
2245.800	0.057	3.839
2246.000	0.057	3.839
2246.200	0.058	3.839
2246.400	0.056	3.839
2246.600	0.056	3.839
2246.800	0.056	3.839
2247.000	0.057	3.839
2247.200	0.057	3.839
2247.400	0.057	3.839
2247.600	0.057	3.839
2247.800	0.057	3.839
2248.000	0.058	3.839
2248.200	0.060	3.839
2248.400	0.059	3.839
2248.600	0.059	3.839
2248.800	0.058	3.839
2249.000	0.058	3.839
2249.200	0.058	3.839
2249.400	0.056	3.839
2249.600	0.058	3.839
2249.800	0.059	3.839
2250.000	0.057	3.839
2250.200	0.058	3.839
2250.400	0.057	3.839
2250.600	0.059	3.839
2250.800	0.059	3.839
2251.000	0.058	3.839
2251.200	0.058	3.839
2251.400	0.057	3.839
2251.600	0.058	3.839
2251.800	0.061	3.839
2252.000	0.058	3.839
2252.200	0.058	3.839
2252.400	0.059	3.839
2252.600	0.060	3.839
2252.800	0.057	3.839
2253.000	0.059	3.839
2253.200	0.059	3.839
2253.400	0.059	3.839
2253.600	0.058	3.839
2253.800	0.057	3.839
2254.000	0.058	3.839
2254.200	0.059	3.839
2254.400	0.058	3.839
2254.600	0.057	3.839
2254.800	0.059	3.839
2255.000	0.058	3.839
2255.200	0.056	3.839
2255.400	0.055	3.839
2255.600	0.057	3.839
2255.800	0.057	3.839
2256.000	0.057	3.839
2256.200	0.058	3.839
2256.400	0.057	3.839
2256.600	0.057	3.839
2256.800	0.057	3.839
2257.000	0.058	3.839
2257.200	0.056	3.839
2257.400	0.056	3.839
2257.600	0.057	3.839
2257.800	0.056	3.839
2258.000	0.058	3.839
2258.200	0.057	3.839
2258.400	0.058	3.839
2258.600	0.057	3.839
2258.800	0.058	3.839
2259.000	0.057	3.839
2259.200	0.058	3.839
2259.400	0.056	3.839
2259.600	0.057	3.839
2259.800	0.058	3.839
2260.000	0.058	3.839
2260.200	0.055	3.839
2260.400	0.055	3.839
2260.600	0.057	3.839
2260.800	0.054	3.839
2261.000	0.055	3.839
2261.200	0.056	3.839
2261.400	0.056	3.839
2261.600	0.057	3.839
2261.800	0.057	3.839
2262.000	0.056	3.839
2262.200	0.056	3.839
2262.400	0.058	3.839
2262.600	0.057	3.839
2262.800	0.058	3.839
2263.000	0.056	3.839
2263.200	0.056	3.839
2263.400	0.057	3.839
2263.600	0.056	3.839
2263.800	0.056	3.839
2264.000	0.057	3.839
2264.200	0.057	3.839
2264.400	0.058	3.839
2264.600	0.057	3.839
2264.800	0.057	3.839
2265.000	0.058	3.839
2265.200	0.056	3.839
2265.400	0.057	3.839
2265.600	0.056	3.839
2265.800	0.057	3.839
2266.000	0.057	3.839
2266.200	0.056	3.839
2266.400	0.057	3.839
2266.600	0.056	3.839
2266.800	0.056	3.839
2267.000	0.057	3.839
2267.200	0.055	3.839
2267.400	0.058	3.839
2267.600	0.057	3.839
2267.800	0.058	3.839
2268.000	0.057	3.839
2268.200	0.058	3.839
2268.400	0.059	3.839
2268.600	0.059	3.839
2268.800	0.058	3.839
2269.000	0.058	3.839
2269.200	0.057	3.839
2269.400	0.058	3.839
2269.600	0.057	3.839
2269.800	0.058	3.839
2270.000	0.058	3.839
2270.200	0.058	3.839
2270.400	0.057	3.839
2270.600	0.057	3.839
2270.800	0.055	3.839
2271.000	0.057	3.839
2271.200	0.058	3.839
2271.400	0.058	3.839
2271.600	0.057	3.839
2271.800	0.057	3.839
2272.000	0.056	3.839
2272.200	0.056	3.839
2272.400	0.058	3.839
2272.600	0.057	3.839
2272.800	0.060	3.839
2273.000	0.060	3.839
2273.200	0.060	3.839
2273.400	0.058	3.839
2273.600	0.058	3.839
2273.800	0.058	3.839
2274.000	0.059	3.839
2274.200	0.058	3.839
2274.400	0.057	3.839
2274.600	0.057	3.839
2274.800	0.060	3.839
2275.000	0.058	3.839
2275.200	0.057	3.839
2275.400	0.058	3.839
2275.600	0.058	3.839
2275.800	0.057	3.839
2276.000	0.057	3.839
2276.200	0.057	3.839
2276.400	0.056	3.839
2276.600	0.057	3.839
2276.800	0.056	3.839
2277.000	0.055	3.839
2277.200	0.055	3.839
2277.400	0.058	3.839
2277.600	0.057	3.839
2277.800	0.057	3.839
2278.000	0.058	3.839
2278.200	0.056	3.839
2278.400	0.056	3.839
2278.600	0.056	3.839
2278.800	0.058	3.839
2279.000	0.057	3.839
2279.200	0.056	3.839
2279.400	0.055	3.839
2279.600	0.056	3.839
2279.800	0.057	3.839
2280.000	0.058	3.839
2280.200	0.058	3.839
2280.400	0.059	3.839
2280.600	0.057	3.839
2280.800	0.058	3.839
2281.000	0.058	3.839
2281.200	0.056	3.839
2281.400	0.058	3.839
2281.600	0.057	3.839
2281.800	0.057	3.839
2282.000	0.056	3.839
2282.200	0.056	3.839
2282.400	0.057	3.839
2282.600	0.056	3.839
2282.800	0.057	3.839
2283.000	0.057	3.839
2283.200	0.056	3.839
2283.400	0.057	3.839
2283.600	0.057	3.839
2283.800	0.058	3.839
2284.000	0.057	3.839
2284.200	0.057	3.839
2284.400	0.056	3.839
2284.600	0.058	3.839
2284.800	0.056	3.839
2285.000	0.056	3.839
2285.200	0.057	3.839
2285.400	0.055	3.839
2285.600	0.057	3.839
2285.800	0.055	3.839
2286.000	0.057	3.839
2286.200	0.057	3.839
2286.400	0.058	3.839
2286.600	0.056	3.839
2286.800	0.057	3.839
2287.000	0.058	3.839
2287.200	0.055	3.839
2287.400	0.055	3.839
2287.600	0.058	3.839
2287.800	0.057	3.839
2288.000	0.055	3.839
2288.200	0.058	3.839
2288.400	0.057	3.839
2288.600	0.057	3.839
2288.800	0.054	3.839
2289.000	0.056	3.839
2289.200	0.055	3.839
2289.400	0.056	3.839
2289.600	0.055	3.839
2289.800	0.056	3.839
2290.000	0.055	3.839
2290.200	0.055	3.839
2290.400	0.056	3.839
2290.600	0.056	3.839
2290.800	0.057	3.839
2291.000	0.055	3.839
2291.200	0.057	3.839
2291.400	0.055	3.839
2291.600	0.056	3.839
2291.800	0.055	3.839
2292.000	0.056	3.839
2292.200	0.056	3.839
2292.400	0.057	3.839
2292.600	0.057	3.839
2292.800	0.057	3.839
2293.000	0.056	3.839
2293.200	0.056	3.839
2293.400	0.055	3.839
2293.600	0.057	3.839
2293.800	0.057	3.839
2294.000	0.057	3.839
2294.200	0.057	3.839
2294.400	0.056	3.839
2294.600	0.057	3.839
2294.800	0.057	3.839
2295.000	0.057	3.839
2295.200	0.057	3.839
2295.400	0.057	3.839
2295.600	0.056	3.839
2295.800	0.057	3.839
2296.000	0.057	3.839
2296.200	0.056	3.839
2296.400	0.055	3.839
2296.600	0.057	3.839
2296.800	0.056	3.839
2297.000	0.055	3.839
2297.200	0.054	3.839
2297.400	0.056	3.839
2297.600	0.055	3.839
2297.800	0.055	3.839
2298.000	0.053	3.839
2298.200	0.054	3.839
2298.400	0.056	3.839
2298.600	0.056	3.839
2298.800	0.056	3.839
2299.000	0.057	3.839
2299.200	0.056	3.839
2299.400	0.055	3.839
2299.600	0.055	3.839
2299.800	0.055	3.839
2300.000	0.055	3.839
2300.200	0.057	3.839
2300.400	0.056	3.839
2300.600	0.056	3.839
2300.800	0.057	3.839
2301.000	0.057	3.839
2301.200	0.056	3.839
2301.400	0.057	3.839
2301.600	0.056	3.839
2301.800	0.056	3.839
2302.000	0.056	3.839
2302.200	0.058	3.839
2302.400	0.057	3.839
2302.600	0.054	3.839
2302.800	0.056	3.839
2303.000	0.057	3.839
2303.200	0.056	3.839
2303.400	0.057	3.839
2303.600	0.058	3.839
2303.800	0.056	3.839
2304.000	0.056	3.839
2304.200	0.057	3.839
2304.400	0.056	3.839
2304.600	0.056	3.839
2304.800	0.057	3.839
2305.000	0.057	3.839
2305.200	0.056	3.839
2305.400	0.055	3.839
2305.600	0.056	3.839
2305.800	0.053	3.839
2306.000	0.055	3.839
2306.200	0.056	3.839
2306.400	0.055	3.839
2306.600	0.055	3.839
2306.800	0.057	3.839
2307.000	0.057	3.839
2307.200	0.056	3.839
2307.400	0.055	3.839
2307.600	0.055	3.839
2307.800	0.055	3.839
2308.000	0.056	3.839
2308.200	0.055	3.839
2308.400	0.054	3.839
2308.600	0.055	3.839
2308.800	0.058	3.839
2309.000	0.056	3.839
2309.200	0.055	3.839
2309.400	0.056	3.839
2309.600	0.055	3.839
2309.800	0.056	3.839
2310.000	0.056	3.839
2310.200	0.053	3.839
2310.400	0.056	3.839
2310.600	0.055	3.839
2310.800	0.056	3.839
2311.000	0.056	3.839
2311.200	0.056	3.839
2311.400	0.056	3.839
2311.600	0.055	3.839
2311.800	0.056	3.839
2312.000	0.056	3.839
2312.200	0.056	3.839
2312.400	0.056	3.839
2312.600	0.059	3.839
2312.800	0.056	3.839
2313.000	0.058	3.839
2313.200	0.059	3.839
2313.400	0.057	3.839
2313.600	0.056	3.839
2313.800	0.054	3.839
2314.000	0.057	3.839
2314.200	0.057	3.839
2314.400	0.056	3.839
2314.600	0.054	3.839
2314.800	0.057	3.839
2315.000	0.058	3.839
2315.200	0.056	3.839
2315.400	0.056	3.839
2315.600	0.057	3.839
2315.800	0.056	3.839
2316.000	0.057	3.839
2316.200	0.056	3.839
2316.400	0.056	3.839
2316.600	0.056	3.839
2316.800	0.056	3.839
2317.000	0.057	3.839
2317.200	0.058	3.839
2317.400	0.057	3.839
2317.600	0.056	3.839
2317.800	0.057	3.839
2318.000	0.056	3.839
2318.200	0.056	3.839
2318.400	0.056	3.839
2318.600	0.055	3.839
2318.800	0.056	3.839
2319.000	0.056	3.839
2319.200	0.055	3.839
2319.400	0.056	3.839
2319.600	0.056	3.839
2319.800	0.056	3.839
2320.000	0.055	3.839
2320.200	0.056	3.839
2320.400	0.055	3.839
2320.600	0.054	3.839
2320.800	0.055	3.839
2321.000	0.055	3.839
2321.200	0.054	3.839
2321.400	0.055	3.839
2321.600	0.054	3.839
2321.800	0.055	3.839
2322.000	0.056	3.839
2322.200	0.054	3.839
2322.400	0.056	3.839
2322.600	0.056	3.839
2322.800	0.056	3.839
2323.000	0.057	3.839
2323.200	0.056	3.839
2323.400	0.056	3.839
2323.600	0.056	3.839
2323.800	0.056	3.839
2324.000	0.054	3.839
2324.200	0.055	3.839
2324.400	0.055	3.839
2324.600	0.055	3.839
2324.800	0.056	3.839
2325.000	0.056	3.839
2325.200	0.055	3.839
2325.400	0.056	3.839
2325.600	0.055	3.839
2325.800	0.055	3.839
2326.000	0.054	3.839
2326.200	0.054	3.839
2326.400	0.055	3.839
2326.600	0.055	3.839
2326.800	0.056	3.839
2327.000	0.055	3.839
2327.200	0.055	3.839
2327.400	0.055	3.839
2327.600	0.055	3.839
2327.800	0.056	3.839
2328.000	0.054	3.839
2328.200	0.056	3.839
2328.400	0.055	3.839
2328.600	0.055	3.839
2328.800	0.054	3.839
2329.000	0.055	3.839
2329.200	0.056	3.839
2329.400	0.056	3.839
2329.600	0.056	3.839
2329.800	0.054	3.839
2330.000	0.056	3.839
2330.200	0.057	3.839
2330.400	0.055	3.839
2330.600	0.056	3.839
2330.800	0.055	3.839
2331.000	0.054	3.839
2331.200	0.056	3.839
2331.400	0.055	3.839
2331.600	0.055	3.839
2331.800	0.054	3.839
2332.000	0.054	3.839
2332.200	0.054	3.839
2332.400	0.055	3.839
2332.600	0.056	3.839
2332.800	0.055	3.839
2333.000	0.054	3.839
2333.200	0.055	3.839
2333.400	0.056	3.839
2333.600	0.055	3.839
2333.800	0.055	3.839
2334.000	0.054	3.839
2334.200	0.055	3.839
2334.400	0.054	3.839
2334.600	0.055	3.839
2334.800	0.055	3.839
2335.000	0.056	3.839
2335.200	0.055	3.839
2335.400	0.053	3.839
2335.600	0.056	3.839
2335.800	0.056	3.839
2336.000	0.054	3.839
2336.200	0.054	3.839
2336.400	0.055	3.839
2336.600	0.054	3.839
2336.800	0.055	3.839
2337.000	0.055	3.839
2337.200	0.054	3.839
2337.400	0.056	3.839
2337.600	0.055	3.839
2337.800	0.053	3.839
2338.000	0.054	3.839
2338.200	0.054	3.839
2338.400	0.055	3.839
2338.600	0.055	3.839
2338.800	0.054	3.839
2339.000	0.056	3.839
2339.200	0.056	3.839
2339.400	0.056	3.839
2339.600	0.055	3.839
2339.800	0.055	3.839
2340.000	0.056	3.839
2340.200	0.057	3.839
2340.400	0.055	3.839
2340.600	0.053	3.839
2340.800	0.053	3.839
2341.000	0.053	3.839
2341.200	0.052	3.839
2341.400	0.054	3.839
2341.600	0.054	3.839
2341.800	0.054	3.839
2342.000	0.054	3.839
2342.200	0.052	3.839
2342.400	0.053	3.839
2342.600	0.056	3.839
2342.800	0.054	3.839
2343.000	0.053	3.839
2343.200	0.052	3.839
2343.400	0.055	3.839
2343.600	0.054	3.839
2343.800	0.055	3.839
2344.000	0.054	3.839
2344.200	0.054	3.839
2344.400	0.055	3.839
2344.600	0.054	3.839
2344.800	0.055	3.839
2345.000	0.056	3.839
2345.200	0.055	3.839
2345.400	0.055	3.839
2345.600	0.055	3.839
2345.800	0.056	3.839
2346.000	0.056	3.839
2346.200	0.054	3.839
2346.400	0.057	3.839
2346.600	0.055	3.839
2346.800	0.057	3.839
2347.000	0.056	3.839
2347.200	0.055	3.839
2347.400	0.056	3.839
2347.600	0.058	3.839
2347.800	0.058	3.839
2348.000	0.057	3.839
2348.200	0.057	3.839
2348.400	0.055	3.839
2348.600	0.055	3.839
2348.800	0.056	3.839
2349.000	0.056	3.839
2349.200	0.056	3.839
2349.400	0.054	3.839
2349.600	0.056	3.839
2349.800	0.057	3.839
2350.000	0.057	3.839
2350.200	0.056	3.839
2350.400	0.057	3.839
2350.600	0.056	3.839
2350.800	0.057	3.839
2351.000	0.056	3.839
2351.200	0.055	3.839
2351.400	0.056	3.839
2351.600	0.056	3.839
2351.800	0.055	3.839
2352.000	0.055	3.839
2352.200	0.056	3.839
2352.400	0.056	3.839
2352.600	0.055	3.839
2352.800	0.056	3.839
2353.000	0.056	3.839
2353.200	0.054	3.839
2353.400	0.054	3.839
2353.600	0.056	3.839
2353.800	0.057	3.839
2354.000	0.056	3.839
2354.200	0.055	3.839
2354.400	0.054	3.839
2354.600	0.055	3.839
2354.800	0.055	3.839
2355.000	0.056	3.839
2355.200	0.055	3.839
2355.400	0.055	3.839
2355.600	0.055	3.839
2355.800	0.056	3.839
2356.000	0.055	3.839
2356.200	0.053	3.839
2356.400	0.056	3.839
2356.600	0.057	3.839
2356.800	0.056	3.839
2357.000	0.056	3.839
2357.200	0.055	3.839
2357.400	0.054	3.839
2357.600	0.056	3.839
2357.800	0.056	3.839
2358.000	0.054	3.839
2358.200	0.056	3.839
2358.400	0.055	3.839
2358.600	0.055	3.839
2358.800	0.055	3.839
2359.000	0.057	3.839
2359.200	0.056	3.839
2359.400	0.056	3.839
2359.600	0.056	3.839
2359.800	0.057	3.839
2360.000	0.055	3.839
2360.200	0.056	3.839
2360.400	0.056	3.839
2360.600	0.058	3.839
2360.800	0.056	3.839
2361.000	0.055	3.839
2361.200	0.056	3.839
2361.400	0.056	3.839
2361.600	0.056	3.839
2361.800	0.056	3.839
2362.000	0.056	3.839
2362.200	0.056	3.839
2362.400	0.056	3.839
2362.600	0.057	3.839
2362.800	0.054	3.839
2363.000	0.054	3.839
2363.200	0.055	3.839
2363.400	0.056	3.839
2363.600	0.057	3.839
2363.800	0.057	3.839
2364.000	0.058	3.839
2364.200	0.057	3.839
2364.400	0.057	3.839
2364.600	0.058	3.839
2364.800	0.058	3.839
2365.000	0.056	3.839
2365.200	0.056	3.839
2365.400	0.057	3.839
2365.600	0.058	3.839
2365.800	0.057	3.839
2366.000	0.057	3.839
2366.200	0.056	3.839
2366.400	0.055	3.839
2366.600	0.057	3.839
2366.800	0.057	3.839
2367.000	0.057	3.839
2367.200	0.055	3.839
2367.400	0.056	3.839
2367.600	0.058	3.839
2367.800	0.056	3.839
2368.000	0.056	3.839
2368.200	0.057	3.839
2368.400	0.056	3.839
2368.600	0.056	3.839
2368.800	0.056	3.839
2369.000	0.057	3.839
2369.200	0.058	3.839
2369.400	0.057	3.839
2369.600	0.057	3.839
2369.800	0.055	3.839
2370.000	0.057	3.839
2370.200	0.056	3.839
2370.400	0.056	3.839
2370.600	0.056	3.839
2370.800	0.055	3.839
2371.000	0.056	3.839
2371.200	0.057	3.839
2371.400	0.057	3.839
2371.600	0.055	3.839
2371.800	0.056	3.839
2372.000	0.055	3.839
2372.200	0.058	3.839
2372.400	0.057	3.839
2372.600	0.057	3.839
2372.800	0.056	3.839
2373.000	0.058	3.839
2373.200	0.058	3.839
2373.400	0.058	3.839
2373.600	0.057	3.839
2373.800	0.058	3.839
2374.000	0.057	3.839
2374.200	0.059	3.839
2374.400	0.059	3.839
2374.600	0.058	3.839
2374.800	0.056	3.839
2375.000	0.058	3.839
2375.200	0.055	3.839
2375.400	0.057	3.839
2375.600	0.056	3.839
2375.800	0.056	3.839
2376.000	0.056	3.839
2376.200	0.057	3.839
2376.400	0.059	3.839
2376.600	0.057	3.839
2376.800	0.058	3.839
2377.000	0.056	3.839
2377.200	0.057	3.839
2377.400	0.055	3.839
2377.600	0.055	3.839
2377.800	0.055	3.839
2378.000	0.054	3.839
2378.200	0.057	3.839
2378.400	0.054	3.839
2378.600	0.058	3.839
2378.800	0.058	3.839
2379.000	0.057	3.839
2379.200	0.057	3.839
2379.400	0.057	3.839
2379.600	0.057	3.839
2379.800	0.059	3.839
2380.000	0.057	3.839
2380.200	0.056	3.839
2380.400	0.057	3.839
2380.600	0.056	3.839
2380.800	0.056	3.839
2381.000	0.056	3.839
2381.200	0.057	3.839
2381.400	0.056	3.839
2381.600	0.056	3.839
2381.800	0.056	3.839
2382.000	0.056	3.839
2382.200	0.057	3.839
2382.400	0.057	3.839
2382.600	0.057	3.839
2382.800	0.056	3.839
2383.000	0.056	3.839
2383.200	0.056	3.839
2383.400	0.056	3.839
2383.600	0.056	3.839
2383.800	0.054	3.839
2384.000	0.056	3.839
2384.200	0.057	3.839
2384.400	0.058	3.839
2384.600	0.058	3.839
2384.800	0.056	3.839
2385.000	0.056	3.839
2385.200	0.057	3.839
2385.400	0.056	3.839
2385.600	0.057	3.839
2385.800	0.056	3.839
2386.000	0.055	3.839
2386.200	0.055	3.839
2386.400	0.055	3.839
2386.600	0.057	3.839
2386.800	0.057	3.839
2387.000	0.057	3.839
2387.200	0.056	3.839
2387.400	0.058	3.839
2387.600	0.056	3.839
2387.800	0.056	3.839
2388.000	0.058	3.839
2388.200	0.056	3.839
2388.400	0.056	3.839
2388.600	0.055	3.839
2388.800	0.054	3.839
2389.000	0.055	3.839
2389.200	0.055	3.839
2389.400	0.055	3.839
2389.600	0.056	3.839
2389.800	0.055	3.839
2390.000	0.053	3.839
2390.200	0.056	3.839
2390.400	0.055	3.839
2390.600	0.056	3.839
2390.800	0.056	3.839
2391.000	0.055	3.839
2391.200	0.054	3.839
2391.400	0.056	3.839
2391.600	0.055	3.839
2391.800	0.056	3.839
2392.000	0.055	3.839
2392.200	0.054	3.839
2392.400	0.056	3.839
2392.600	0.055	3.839
2392.800	0.056	3.839
2393.000	0.056	3.839
2393.200	0.056	3.839
2393.400	0.056	3.839
2393.600	0.055	3.839
2393.800	0.055	3.839
2394.000	0.054	3.839
2394.200	0.054	3.839
2394.400	0.054	3.839
2394.600	0.054	3.839
2394.800	0.055	3.839
2395.000	0.054	3.839
2395.200	0.055	3.839
2395.400	0.055	3.839
2395.600	0.055	3.839
2395.800	0.055	3.839
2396.000	0.054	3.839
2396.200	0.053	3.839
2396.400	0.055	3.839
2396.600	0.053	3.839
2396.800	0.055	3.839
2397.000	0.052	3.839
2397.200	0.053	3.839
2397.400	0.053	3.839
2397.600	0.053	3.839
2397.800	0.053	3.839
2398.000	0.054	3.839
2398.200	0.055	3.839
2398.400	0.053	3.839
2398.600	0.054	3.839
2398.800	0.053	3.839
2399.000	0.054	3.839
2399.200	0.053	3.839
2399.400	0.052	3.839
2399.600	0.053	3.839
2399.800	0.054	3.839
2400.000	0.053	3.839
2400.200	0.056	3.839
2400.400	0.056	3.839
2400.600	0.055	3.839
2400.800	0.055	3.839
2401.000	0.054	3.839
2401.200	0.053	3.839
2401.400	0.055	3.839
2401.600	0.053	3.839
2401.800	0.053	3.839
2402.000	0.054	3.839
2402.200	0.054	3.839
2402.400	0.052	3.839
2402.600	0.055	3.839
2402.800	0.056	3.839
2403.000	0.054	3.839
2403.200	0.054	3.839
2403.400	0.055	3.839
2403.600	0.056	3.839
2403.800	0.056	3.839
2404.000	0.055	3.839
2404.200	0.054	3.839
2404.400	0.054	3.839
2404.600	0.055	3.839
2404.800	0.056	3.839
2405.000	0.056	3.839
2405.200	0.054	3.839
2405.400	0.056	3.839
2405.600	0.053	3.839
2405.800	0.054	3.839
2406.000	0.056	3.839
2406.200	0.055	3.839
2406.400	0.053	3.839
2406.600	0.055	3.839
2406.800	0.053	3.839
2407.000	0.054	3.839
2407.200	0.053	3.839
2407.400	0.055	3.839
2407.600	0.054	3.839
2407.800	0.054	3.839
2408.000	0.054	3.839
2408.200	0.055	3.839
2408.400	0.056	3.839
2408.600	0.054	3.839
2408.800	0.056	3.839
2409.000	0.056	3.839
2409.200	0.055	3.839
2409.400	0.055	3.839
2409.600	0.053	3.839
2409.800	0.055	3.839
2410.000	0.055	3.839
2410.200	0.056	3.839
2410.400	0.055	3.839
2410.600	0.054	3.839
2410.800	0.054	3.839
2411.000	0.054	3.839
2411.200	0.054	3.839
2411.400	0.055	3.839
2411.600	0.055	3.839
2411.800	0.055	3.839
2412.000	0.054	3.839
2412.200	0.053	3.839
2412.400	0.052	3.839
2412.600	0.053	3.839
2412.800	0.055	3.839
2413.000	0.055	3.839
2413.200	0.054	3.839
2413.400	0.055	3.839
2413.600	0.055	3.839
2413.800	0.055	3.839
2414.000	0.056	3.839
2414.200	0.056	3.839
2414.400	0.053	3.839
2414.600	0.053	3.839
2414.800	0.053	3.839
2415.000	0.053	3.839
2415.200	0.055	3.839
2415.400	0.053	3.839
2415.600	0.055	3.839
2415.800	0.053	3.839
2416.000	0.054	3.839
2416.200	0.056	3.839
2416.400	0.054	3.839
2416.600	0.055	3.839
2416.800	0.056	3.839
2417.000	0.057	3.839
2417.200	0.056	3.839
2417.400	0.056	3.839
2417.600	0.056	3.839
2417.800	0.055	3.839
2418.000	0.056	3.839
2418.200	0.057	3.839
2418.400	0.055	3.839
2418.600	0.055	3.839
2418.800	0.054	3.839
2419.000	0.055	3.839
2419.200	0.056	3.839
2419.400	0.055	3.839
2419.600	0.055	3.839
2419.800	0.056	3.839
2420.000	0.055	3.839
2420.200	0.054	3.839
2420.400	0.056	3.839
2420.600	0.055	3.839
2420.800	0.056	3.839
2421.000	0.055	3.839
2421.200	0.055	3.839
2421.400	0.055	3.839
2421.600	0.055	3.839
2421.800	0.056	3.839
2422.000	0.054	3.839
2422.200	0.054	3.839
2422.400	0.053	3.839
2422.600	0.055	3.839
2422.800	0.053	3.839
2423.000	0.054	3.839
2423.200	0.054	3.839
2423.400	0.054	3.839
2423.600	0.055	3.839
2423.800	0.055	3.839
2424.000	0.054	3.839
2424.200	0.053	3.839
2424.400	0.055	3.839
2424.600	0.053	3.839
2424.800	0.053	3.839
2425.000	0.054	3.839
2425.200	0.056	3.839
2425.400	0.055	3.839
2425.600	0.055	3.839
2425.800	0.054	3.839
2426.000	0.054	3.839
2426.200	0.053	3.839
2426.400	0.056	3.839
2426.600	0.055	3.839
2426.800	0.056	3.839
2427.000	0.055	3.839
2427.200	0.056	3.839
2427.400	0.054	3.839
2427.600	0.057	3.839
2427.800	0.053	3.839
2428.000	0.055	3.839
2428.200	0.053	3.839
2428.400	0.054	3.839
2428.600	0.054	3.839
2428.800	0.053	3.839
2429.000	0.055	3.839
2429.200	0.053	3.839
2429.400	0.055	3.839
2429.600	0.054	3.839
2429.800	0.057	3.839
2430.000	0.055	3.839
2430.200	0.054	3.839
2430.400	0.055	3.839
2430.600	0.054	3.839
2430.800	0.055	3.839
2431.000	0.054	3.839
2431.200	0.055	3.839
2431.400	0.055	3.839
2431.600	0.054	3.839
2431.800	0.055	3.839
2432.000	0.055	3.839
2432.200	0.054	3.839
2432.400	0.054	3.839
2432.600	0.055	3.839
2432.800	0.057	3.839
2433.000	0.054	3.839
2433.200	0.056	3.839
2433.400	0.057	3.839
2433.600	0.057	3.839
2433.800	0.057	3.839
2434.000	0.056	3.839
2434.200	0.056	3.839
2434.400	0.056	3.839
2434.600	0.056	3.839
2434.800	0.054	3.839
2435.000	0.056	3.839
2435.200	0.056	3.839
2435.400	0.057	3.839
2435.600	0.056	3.839
2435.800	0.058	3.839
2436.000	0.056	3.839
2436.200	0.056	3.839
2436.400	0.057	3.839
2436.600	0.056	3.839
2436.800	0.055	3.839
2437.000	0.056	3.839
2437.200	0.057	3.839
2437.400	0.057	3.839
2437.600	0.056	3.839
2437.800	0.057	3.839
2438.000	0.057	3.839
2438.200	0.056	3.839
2438.400	0.057	3.839
2438.600	0.058	3.839
2438.800	0.058	3.839
2439.000	0.055	3.839
2439.200	0.056	3.839
2439.400	0.056	3.839
2439.600	0.056	3.839
2439.800	0.057	3.839
2440.000	0.056	3.839
2440.200	0.057	3.839
2440.400	0.054	3.839
2440.600	0.057	3.839
2440.800	0.056	3.839
2441.000	0.059	3.839
2441.200	0.057	3.839
2441.400	0.056	3.839
2441.600	0.056	3.839
2441.800	0.056	3.839
2442.000	0.056	3.839
2442.200	0.056	3.839
2442.400	0.056	3.839
2442.600	0.055	3.839
2442.800	0.054	3.839
2443.000	0.054	3.839
2443.200	0.056	3.839
2443.400	0.058	3.839
2443.600	0.057	3.839
2443.800	0.057	3.839
2444.000	0.059	3.839
2444.200	0.056	3.839
2444.400	0.056	3.839
2444.600	0.057	3.839
2444.800	0.056	3.839
2445.000	0.057	3.839
2445.200	0.057	3.839
2445.400	0.059	3.839
2445.600	0.057	3.839
2445.800	0.057	3.839
2446.000	0.058	3.839
2446.200	0.056	3.839
2446.400	0.056	3.839
2446.600	0.054	3.839
2446.800	0.056	3.839
2447.000	0.054	3.839
2447.200	0.058	3.839
2447.400	0.055	3.839
2447.600	0.054	3.839
2447.800	0.057	3.839
2448.000	0.057	3.839
2448.200	0.055	3.839
2448.400	0.055	3.839
2448.600	0.055	3.839
2448.800	0.053	3.839
2449.000	0.054	3.839
2449.200	0.056	3.839
2449.400	0.055	3.839
2449.600	0.055	3.839
2449.800	0.055	3.839
2450.000	0.056	3.839
2450.200	0.055	3.839
2450.400	0.053	3.839
2450.600	0.056	3.839
2450.800	0.055	3.839
2451.000	0.054	3.839
2451.200	0.055	3.839
2451.400	0.054	3.839
2451.600	0.054	3.839
2451.800	0.053	3.839
2452.000	0.055	3.839
2452.200	0.053	3.839
2452.400	0.054	3.839
2452.600	0.055	3.839
2452.800	0.054	3.839
2453.000	0.056	3.839
2453.200	0.056	3.839
2453.400	0.057	3.839
2453.600	0.054	3.839
2453.800	0.056	3.839
2454.000	0.054	3.839
2454.200	0.055	3.839
2454.400	0.054	3.839
2454.600	0.055	3.839
2454.800	0.054	3.839
2455.000	0.055	3.839
2455.200	0.054	3.839
2455.400	0.055	3.839
2455.600	0.055	3.839
2455.800	0.054	3.839
2456.000	0.056	3.839
2456.200	0.055	3.839
2456.400	0.054	3.839
2456.600	0.057	3.839
2456.800	0.055	3.839
2457.000	0.057	3.839
2457.200	0.058	3.839
2457.400	0.055	3.839
2457.600	0.058	3.839
2457.800	0.056	3.839
2458.000	0.056	3.839
2458.200	0.055	3.839
2458.400	0.056	3.839
2458.600	0.055	3.839
2458.800	0.056	3.839
2459.000	0.057	3.839
2459.200	0.055	3.839
2459.400	0.057	3.839
2459.600	0.055	3.839
2459.800	0.054	3.839
2460.000	0.056	3.839
2460.200	0.056	3.839
2460.400	0.055	3.839
2460.600	0.056	3.839
2460.800	0.056	3.839
2461.000	0.055	3.839
2461.200	0.056	3.839
2461.400	0.056	3.839
2461.600	0.058	3.839
2461.800	0.058	3.839
2462.000	0.056	3.839
2462.200	0.055	3.839
2462.400	0.054	3.839
2462.600	0.056	3.839
2462.800	0.056	3.839
2463.000	0.056	3.839
2463.200	0.053	3.839
2463.400	0.055	3.839
2463.600	0.057	3.839
2463.800	0.055	3.839
2464.000	0.056	3.839
2464.200	0.054	3.839
2464.400	0.056	3.839
2464.600	0.056	3.839
2464.800	0.057	3.839
2465.000	0.058	3.839
2465.200	0.055	3.839
2465.400	0.057	3.839
2465.600	0.057	3.839
2465.800	0.056	3.839
2466.000	0.056	3.839
2466.200	0.055	3.839
2466.400	0.056	3.839
2466.600	0.056	3.839
2466.800	0.058	3.839
2467.000	0.056	3.839
2467.200	0.057	3.839
2467.400	0.057	3.839
2467.600	0.054	3.839
2467.800	0.055	3.839
2468.000	0.055	3.839
2468.200	0.056	3.839
2468.400	0.056	3.839
2468.600	0.057	3.839
2468.800	0.056	3.839
2469.000	0.057	3.839
2469.200	0.055	3.839
2469.400	0.056	3.839
2469.600	0.056	3.839
2469.800	0.055	3.839
2470.000	0.057	3.839
2470.200	0.057	3.839
2470.400	0.058	3.839
2470.600	0.055	3.839
2470.800	0.058	3.839
2471.000	0.055	3.839
2471.200	0.057	3.839
2471.400	0.056	3.839
2471.600	0.056	3.839
2471.800	0.055	3.839
2472.000	0.057	3.839
2472.200	0.056	3.839
2472.400	0.057	3.839
2472.600	0.057	3.839
2472.800	0.058	3.839
2473.000	0.055	3.839
2473.200	0.056	3.839
2473.400	0.056	3.839
2473.600	0.056	3.839
2473.800	0.057	3.839
2474.000	0.056	3.839
2474.200	0.056	3.839
2474.400	0.056	3.839
2474.600	0.056	3.839
2474.800	0.058	3.839
2475.000	0.056	3.839
2475.200	0.058	3.839
2475.400	0.057	3.839
2475.600	0.057	3.839
2475.800	0.056	3.839
2476.000	0.058	3.839
2476.200	0.056	3.839
2476.400	0.057	3.839
2476.600	0.058	3.839
2476.800	0.060	3.839
2477.000	0.056	3.839
2477.200	0.057	3.839
2477.400	0.056	3.839
2477.600	0.057	3.839
2477.800	0.058	3.839
2478.000	0.057	3.839
2478.200	0.059	3.839
2478.400	0.057	3.839
2478.600	0.058	3.839
2478.800	0.056	3.839
2479.000	0.056	3.839
2479.200	0.056	3.839
2479.400	0.057	3.839
2479.600	0.055	3.839
2479.800	0.056	3.839
2480.000	0.056	3.839
2480.200	0.057	3.839
2480.400	0.056	3.839
2480.600	0.056	3.839
2480.800	0.057	3.839
2481.000	0.056	3.839
2481.200	0.059	3.839
2481.400	0.057	3.839
2481.600	0.056	3.839
2481.800	0.057	3.839
2482.000	0.057	3.839
2482.200	0.057	3.839
2482.400	0.058	3.839
2482.600	0.057	3.839
2482.800	0.057	3.839
2483.000	0.056	3.839
2483.200	0.058	3.839
2483.400	0.058	3.839
2483.600	0.058	3.839
2483.800	0.058	3.839
2484.000	0.057	3.839
2484.200	0.060	3.839
2484.400	0.058	3.839
2484.600	0.058	3.839
2484.800	0.057	3.839
2485.000	0.057	3.839
2485.200	0.057	3.839
2485.400	0.057	3.839
2485.600	0.057	3.839
2485.800	0.059	3.839
2486.000	0.056	3.839
2486.200	0.056	3.839
2486.400	0.057	3.839
2486.600	0.057	3.839
2486.800	0.056	3.839
2487.000	0.058	3.839
2487.200	0.056	3.839
2487.400	0.057	3.839
2487.600	0.058	3.839
2487.800	0.057	3.839
2488.000	0.058	3.839
2488.200	0.059	3.839
2488.400	0.058	3.839
2488.600	0.057	3.839
2488.800	0.058	3.839
2489.000	0.056	3.839
2489.200	0.055	3.839
2489.400	0.057	3.839
2489.600	0.057	3.839
2489.800	0.056	3.839
2490.000	0.057	3.839
2490.200	0.056	3.839
2490.400	0.057	3.839
2490.600	0.057	3.839
2490.800	0.057	3.839
2491.000	0.056	3.839
2491.200	0.057	3.839
2491.400	0.056	3.839
2491.600	0.057	3.839
2491.800	0.057	3.839
2492.000	0.058	3.839
2492.200	0.057	3.839
2492.400	0.057	3.839
2492.600	0.058	3.839
2492.800	0.059	3.839
2493.000	0.057	3.839
2493.200	0.057	3.839
2493.400	0.056	3.839
2493.600	0.057	3.839
2493.800	0.056	3.839
2494.000	0.055	3.839
2494.200	0.055	3.839
2494.400	0.055	3.839
2494.600	0.056	3.839
2494.800	0.057	3.839
2495.000	0.058	3.839
2495.200	0.057	3.839
2495.400	0.058	3.839
2495.600	0.056	3.839
2495.800	0.058	3.839
2496.000	0.059	3.839
2496.200	0.058	3.839
2496.400	0.058	3.839
2496.600	0.058	3.839
2496.800	0.058	3.839
2497.000	0.056	3.839
2497.200	0.058	3.839
2497.400	0.057	3.839
2497.600	0.058	3.839
2497.800	0.056	3.839
2498.000	0.057	3.839
2498.200	0.057	3.839
2498.400	0.057	3.839
2498.600	0.057	3.839
2498.800	0.057	3.839
2499.000	0.056	3.839
2499.200	0.058	3.839
2499.400	0.058	3.839
2499.600	0.056	3.839
2499.800	0.057	3.839
2500.000	0.056	3.839
2500.200	0.057	3.839
2500.400	0.057	3.839
2500.600	0.059	3.839
2500.800	0.058	3.839
2501.000	0.058	3.839
2501.200	0.058	3.839
2501.400	0.057	3.839
2501.600	0.058	3.839
2501.800	0.057	3.839
2502.000	0.058	3.839
2502.200	0.058	3.839
2502.400	0.058	3.839
2502.600	0.059	3.839
2502.800	0.057	3.839
2503.000	0.059	3.839
2503.200	0.057	3.839
2503.400	0.059	3.839
2503.600	0.057	3.839
2503.800	0.057	3.839
2504.000	0.057	3.839
2504.200	0.058	3.839
2504.400	0.059	3.839
2504.600	0.058	3.839
2504.800	0.060	3.839
2505.000	0.059	3.839
2505.200	0.058	3.839
2505.400	0.057	3.839
2505.600	0.058	3.839
2505.800	0.056	3.839
2506.000	0.060	3.839
2506.200	0.057	3.839
2506.400	0.058	3.839
2506.600	0.057	3.839
2506.800	0.056	3.839
2507.000	0.058	3.839
2507.200	0.059	3.839
2507.400	0.055	3.839
2507.600	0.058	3.839
2507.800	0.056	3.839
2508.000	0.057	3.839
2508.200	0.057	3.839
2508.400	0.056	3.838
2508.600	0.059	3.839
2508.800	0.057	3.839
2509.000	0.057	3.839
2509.200	0.058	3.839
2509.400	0.058	3.839
2509.600	0.058	3.839
2509.800	0.058	3.839
2510.000	0.057	3.839
2510.200	0.057	3.839
2510.400	0.057	3.839
2510.600	0.057	3.839
2510.800	0.056	3.839
2511.000	0.056	3.839
2511.200	0.057	3.839
2511.400	0.057	3.839
2511.600	0.058	3.839
2511.800	0.058	3.839
2512.000	0.060	3.839
2512.200	0.058	3.839
2512.400	0.057	3.839
2512.600	0.056	3.839
2512.800	0.057	3.839
2513.000	0.057	3.839
2513.200	0.057	3.839
2513.400	0.057	3.839
2513.600	0.057	3.839
2513.800	0.058	3.839
2514.000	0.059	3.839
2514.200	0.056	3.839
2514.400	0.058	3.839
2514.600	0.056	3.839
2514.800	0.055	3.839
2515.000	0.056	3.839
2515.200	0.056	3.839
2515.400	0.058	3.839
2515.600	0.055	3.839
2515.800	0.056	3.839
2516.000	0.056	3.839
2516.200	0.056	3.839
2516.400	0.057	3.838
2516.600	0.055	3.839
2516.800	0.055	3.839
2517.000	0.056	3.838
2517.200	0.056	3.838
2517.400	0.057	3.838
2517.600	0.056	3.838
2517.800	0.057	3.838
2518.000	0.055	3.839
2518.200	0.053	3.838
2518.400	0.056	3.839
2518.600	0.055	3.838
2518.800	0.056	3.839
2519.000	0.056	3.839
2519.200	0.055	3.838
2519.400	0.055	3.838
2519.600	0.056	3.839
2519.800	0.055	3.838
2520.000	0.055	3.838
2520.200	0.057	3.839
2520.400	0.055	3.838
2520.600	0.055	3.838
2520.800	0.053	3.838
2521.000	0.053	3.838
2521.200	0.054	3.838
2521.400	0.055	3.838
2521.600	0.055	3.838
2521.800	0.054	3.838
2522.000	0.055	3.838
2522.200	0.056	3.838
2522.400	0.055	3.838
2522.600	0.055	3.838
2522.800	0.055	3.838
2523.000	0.055	3.838
2523.200	0.054	3.838
2523.400	0.055	3.838
2523.600	0.054	3.838
2523.800	0.053	3.838
2524.000	0.053	3.839
2524.200	0.055	3.838
2524.400	0.054	3.838
2524.600	0.053	3.838
2524.800	0.053	3.838
2525.000	0.055	3.838
2525.200	0.054	3.838
2525.400	0.054	3.838
2525.600	0.053	3.838
2525.800	0.055	3.838
2526.000	0.054	3.838
2526.200	0.054	3.838
2526.400	0.053	3.838
2526.600	0.052	3.838
2526.800	0.054	3.838
2527.000	0.054	3.838
2527.200	0.054	3.839
2527.400	0.054	3.838
2527.600	0.052	3.838
2527.800	0.053	3.838
2528.000	0.053	3.838
2528.200	0.053	3.839
2528.400	0.053	3.838
2528.600	0.053	3.838
2528.800	0.053	3.839
2529.000	0.054	3.838
2529.200	0.053	3.838
2529.400	0.054	3.838
2529.600	0.054	3.838
2529.800	0.054	3.838
2530.000	0.055	3.838
2530.200	0.053	3.838
2530.400	0.053	3.838
2530.600	0.053	3.838
2530.800	0.053	3.838
2531.000	0.053	3.838
2531.200	0.055	3.838
2531.400	0.053	3.838
2531.600	0.053	3.838
2531.800	0.053	3.838
2532.000	0.054	3.838
2532.200	0.055	3.838
2532.400	0.054	3.838
2532.600	0.053	3.838
2532.800	0.053	3.838
2533.000	0.053	3.838
2533.200	0.054	3.838
2533.400	0.053	3.838
2533.600	0.054	3.838
2533.800	0.053	3.838
2534.000	0.053	3.838
2534.200	0.055	3.838
2534.400	0.054	3.838
2534.600	0.053	3.838
2534.800	0.053	3.838
2535.000	0.055	3.838
2535.200	0.055	3.838
2535.400	0.055	3.838
2535.600	0.054	3.838
2535.800	0.054	3.838
2536.000	0.054	3.838
2536.200	0.055	3.838
2536.400	0.056	3.838
2536.600	0.054	3.838
2536.800	0.052	3.838
2537.000	0.054	3.838
2537.200	0.055	3.838
2537.400	0.054	3.838
2537.600	0.057	3.838
2537.800	0.054	3.838
2538.000	0.055	3.838
2538.200	0.055	3.838
2538.400	0.055	3.838
2538.600	0.055	3.838
2538.800	0.055	3.838
2539.000	0.054	3.838
2539.200	0.053	3.838
2539.400	0.054	3.838
2539.600	0.055	3.838
2539.800	0.054	3.838
2540.000	0.054	3.838
2540.200	0.054	3.838
2540.400	0.053	3.838
2540.600	0.054	3.838
2540.800	0.054	3.838
2541.000	0.055	3.838
2541.200	0.053	3.838
2541.400	0.053	3.838
2541.600	0.054	3.838
2541.800	0.053	3.838
2542.000	0.053	3.838
2542.200	0.054	3.838
2542.400	0.054	3.838
2542.600	0.055	3.838
2542.800	0.056	3.838
2543.000	0.053	3.838
2543.200	0.055	3.838
2543.400	0.054	3.838
2543.600	0.055	3.838
2543.800	0.054	3.838
2544.000	0.055	3.838
2544.200	0.055	3.838
2544.400	0.055	3.838
2544.600	0.054	3.838
2544.800	0.054	3.838
2545.000	0.056	3.838
2545.200	0.056	3.838
2545.400	0.055	3.838
2545.600	0.053	3.838
2545.800	0.055	3.838
2546.000	0.057	3.838
2546.200	0.055	3.838
2546.400	0.055	3.838
2546.600	0.056	3.838
2546.800	0.055	3.838
2547.000	0.054	3.838
2547.200	0.055	3.838
2547.400	0.056	3.838
2547.600	0.055	3.838
2547.800	0.053	3.838
2548.000	0.053	3.838
2548.200	0.054	3.838
2548.400	0.056	3.838
2548.600	0.055	3.838
2548.800	0.053	3.838
2549.000	0.056	3.838
2549.200	0.055	3.838
2549.400	0.053	3.838
2549.600	0.054	3.838
2549.800	0.054	3.838
2550.000	0.054	3.838
2550.200	0.055	3.838
2550.400	0.055	3.838
2550.600	0.056	3.838
2550.800	0.055	3.838
2551.000	0.054	3.838
2551.200	0.054	3.838
2551.400	0.056	3.838
2551.600	0.055	3.838
2551.800	0.055	3.838
2552.000	0.055	3.838
2552.200	0.054	3.838
2552.400	0.055	3.838
2552.600	0.055	3.838
2552.800	0.055	3.838
2553.000	0.054	3.838
2553.200	0.054	3.838
2553.400	0.054	3.838
2553.600	0.055	3.838
2553.800	0.054	3.838
2554.000	0.054	3.838
2554.200	0.054	3.838
2554.400	0.054	3.838
2554.600	0.053	3.838
2554.800	0.052	3.838
2555.000	0.054	3.838
2555.200	0.054	3.838
2555.400	0.055	3.838
2555.600	0.054	3.838
2555.800	0.054	3.838
2556.000	0.054	3.838
2556.200	0.054	3.838
2556.400	0.055	3.838
2556.600	0.054	3.838
2556.800	0.054	3.838
2557.000	0.053	3.838
2557.200	0.054	3.838
2557.400	0.055	3.838
2557.600	0.055	3.838
2557.800	0.053	3.838
2558.000	0.055	3.838
2558.200	0.054	3.838
2558.400	0.056	3.838
2558.600	0.055	3.838
2558.800	0.055	3.838
2559.000	0.055	3.838
2559.200	0.054	3.838
2559.400	0.055	3.838
2559.600	0.057	3.838
2559.800	0.054	3.838
2560.000	0.054	3.838
2560.200	0.055	3.838
2560.400	0.055	3.838
2560.600	0.055	3.838
2560.800	0.054	3.838
2561.000	0.057	3.838
2561.200	0.057	3.838
2561.400	0.055	3.838
2561.600	0.056	3.838
2561.800	0.056	3.838
2562.000	0.055	3.838
2562.200	0.056	3.838
2562.400	0.055	3.838
2562.600	0.056	3.838
2562.800	0.054	3.838
2563.000	0.056	3.838
2563.200	0.055	3.838
2563.400	0.055	3.838
2563.600	0.054	3.838
2563.800	0.054	3.838
2564.000	0.054	3.838
2564.200	0.053	3.838
2564.400	0.052	3.838
2564.600	0.054	3.838
2564.800	0.052	3.838
2565.000	0.053	3.838
2565.200	0.054	3.838
2565.400	0.053	3.838
2565.600	0.055	3.838
2565.800	0.056	3.838
2566.000	0.055	3.838
2566.200	0.055	3.838
2566.400	0.055	3.838
2566.600	0.055	3.838
2566.800	0.055	3.838
2567.000	0.055	3.838
2567.200	0.054	3.838
2567.400	0.055	3.838
2567.600	0.054	3.838
2567.800	0.054	3.838
2568.000	0.054	3.838
2568.200	0.053	3.838
2568.400	0.055	3.838
2568.600	0.055	3.838
2568.800	0.054	3.838
2569.000	0.054	3.838
2569.200	0.054	3.838
2569.400	0.053	3.838
2569.600	0.053	3.838
2569.800	0.054	3.838
2570.000	0.054	3.838
2570.200	0.053	3.838
2570.400	0.051	3.838
2570.600	0.051	3.838
2570.800	0.052	3.838
2571.000	0.052	3.838
2571.200	0.052	3.838
2571.400	0.053	3.838
2571.600	0.053	3.838
2571.800	0.053	3.838
2572.000	0.053	3.838
2572.200	0.054	3.838
2572.400	0.054	3.838
2572.600	0.053	3.838
2572.800	0.054	3.838
2573.000	0.054	3.838
2573.200	0.053	3.838
2573.400	0.054	3.838
2573.600	0.053	3.838
2573.800	0.054	3.838
2574.000	0.054	3.838
2574.200	0.053	3.838
2574.400	0.053	3.838
2574.600	0.053	3.838
2574.800	0.053	3.838
2575.000	0.052	3.838
2575.200	0.052	3.838
2575.400	0.052	3.838
2575.600	0.052	3.838
2575.800	0.054	3.838
2576.000	0.054	3.838
2576.200	0.054	3.838
2576.400	0.053	3.838
2576.600	0.052	3.838
2576.800	0.052	3.838
2577.000	0.054	3.838
2577.200	0.054	3.838
2577.400	0.053	3.838
2577.600	0.053	3.838
2577.800	0.053	3.838
2578.000	0.054	3.838
2578.200	0.053	3.838
2578.400	0.053	3.838
2578.600	0.054	3.838
2578.800	0.055	3.838
2579.000	0.054	3.838
2579.200	0.053	3.838
2579.400	0.053	3.838
2579.600	0.054	3.838
2579.800	0.055	3.838
2580.000	0.054	3.838
2580.200	0.054	3.838
2580.400	0.054	3.838
2580.600	0.053	3.838
2580.800	0.053	3.838
2581.000	0.053	3.838
2581.200	0.053	3.838
2581.400	0.052	3.838
2581.600	0.052	3.838
2581.800	0.052	3.838
2582.000	0.051	3.838
2582.200	0.052	3.838
2582.400	0.054	3.838
2582.600	0.054	3.838
2582.800	0.053	3.838
2583.000	0.051	3.838
2583.200	0.052	3.838
2583.400	0.052	3.838
2583.600	0.053	3.838
2583.800	0.052	3.838
2584.000	0.053	3.838
2584.200	0.052	3.838
2584.400	0.053	3.838
2584.600	0.052	3.838
2584.800	0.051	3.838
2585.000	0.052	3.838
2585.200	0.051	3.838
2585.400	0.052	3.838
2585.600	0.051	3.838
2585.800	0.053	3.838
2586.000	0.051	3.838
2586.200	0.050	3.838
2586.400	0.052	3.838
2586.600	0.052	3.838
2586.800	0.053	3.838
2587.000	0.052	3.838
2587.200	0.051	3.838
2587.400	0.052	3.838
2587.600	0.053	3.838
2587.800	0.052	3.838
2588.000	0.053	3.838
2588.200	0.051	3.838
2588.400	0.052	3.838
2588.600	0.052	3.838
2588.800	0.052	3.838
2589.000	0.052	3.838
2589.200	0.051	3.838
2589.400	0.053	3.838
2589.600	0.053	3.838
2589.800	0.053	3.838
2590.000	0.052	3.838
2590.200	0.053	3.838
2590.400	0.052	3.838
2590.600	0.051	3.838
2590.800	0.053	3.838
2591.000	0.053	3.838
2591.200	0.051	3.838
2591.400	0.053	3.838
2591.600	0.052	3.838
2591.800	0.053	3.838
2592.000	0.053	3.838
2592.200	0.054	3.838
2592.400	0.052	3.838
2592.600	0.054	3.838
2592.800	0.054	3.838
2593.000	0.053	3.838
2593.200	0.053	3.838
2593.400	0.054	3.838
2593.600	0.054	3.838
2593.800	0.053	3.838
2594.000	0.054	3.838
2594.200	0.054	3.838
2594.400	0.054	3.838
2594.600	0.055	3.838
2594.800	0.054	3.838
2595.000	0.053	3.838
2595.200	0.054	3.838
2595.400	0.054	3.838
2595.600	0.055	3.838
2595.800	0.054	3.838
2596.000	0.054	3.838
2596.200	0.054	3.838
2596.400	0.053	3.838
2596.600	0.052	3.838
2596.800	0.053	3.838
2597.000	0.053	3.838
2597.200	0.053	3.838
2597.400	0.053	3.838
2597.600	0.053	3.838
2597.800	0.055	3.838
2598.000	0.051	3.838
2598.200	0.053	3.838
2598.400	0.052	3.838
2598.600	0.053	3.838
2598.800	0.053	3.838
2599.000	0.054	3.838
2599.200	0.053	3.838
2599.400	0.053	3.838
2599.600	0.052	3.838
2599.800	0.052	3.838
2600.000	0.053	3.838
2600.200	0.053	3.838
2600.400	0.055	3.838
2600.600	0.053	3.838
2600.800	0.053	3.838
2601.000	0.053	3.838
2601.200	0.053	3.838
2601.400	0.052	3.838
2601.600	0.053	3.838
2601.800	0.054	3.838
2602.000	0.053	3.838
2602.200	0.054	3.838
2602.400	0.053	3.838
2602.600	0.054	3.838
2602.800	0.053	3.838
2603.000	0.054	3.838
2603.200	0.054	3.838
2603.400	0.053	3.838
2603.600	0.054	3.838
2603.800	0.054	3.838
2604.000	0.052	3.838
2604.200	0.053	3.838
2604.400	0.052	3.838
2604.600	0.052	3.838
2604.800	0.052	3.838
2605.000	0.052	3.838
2605.200	0.053	3.838
2605.400	0.053	3.838
2605.600	0.053	3.838
2605.800	0.052	3.838
2606.000	0.054	3.838
2606.200	0.053	3.838
2606.400	0.051	3.838
2606.600	0.053	3.838
2606.800	0.052	3.838
2607.000	0.050	3.838
2607.200	0.052	3.838
2607.400	0.051	3.838
2607.600	0.050	3.838
2607.800	0.051	3.838
2608.000	0.051	3.838
2608.200	0.051	3.838
2608.400	0.050	3.838
2608.600	0.054	3.838
2608.800	0.054	3.838
2609.000	0.053	3.838
2609.200	0.051	3.838
2609.400	0.054	3.838
2609.600	0.055	3.838
2609.800	0.053	3.838
2610.000	0.054	3.838
2610.200	0.052	3.838
2610.400	0.051	3.838
2610.600	0.053	3.838
2610.800	0.051	3.838
2611.000	0.054	3.838
2611.200	0.053	3.838
2611.400	0.053	3.838
2611.600	0.052	3.838
2611.800	0.052	3.838
2612.000	0.054	3.838
2612.200	0.051	3.838
2612.400	0.052	3.838
2612.600	0.052	3.838
2612.800	0.052	3.838
2613.000	0.052	3.838
2613.200	0.052	3.838
2613.400	0.053	3.838
2613.600	0.052	3.838
2613.800	0.053	3.838
2614.000	0.052	3.838
2614.200	0.051	3.838
2614.400	0.053	3.838
2614.600	0.053	3.838
2614.800	0.053	3.838
2615.000	0.054	3.838
2615.200	0.052	3.838
2615.400	0.052	3.838
2615.600	0.052	3.838
2615.800	0.050	3.838
2616.000	0.052	3.838
2616.200	0.052	3.838
2616.400	0.054	3.838
2616.600	0.052	3.838
2616.800	0.054	3.838
2617.000	0.054	3.838
2617.200	0.052	3.838
2617.400	0.052	3.838
2617.600	0.053	3.838
2617.800	0.053	3.838
2618.000	0.053	3.838
2618.200	0.052	3.838
2618.400	0.053	3.838
2618.600	0.051	3.838
2618.800	0.052	3.838
2619.000	0.054	3.838
2619.200	0.054	3.838
2619.400	0.053	3.838
2619.600	0.052	3.838
2619.800	0.051	3.838
2620.000	0.053	3.838
2620.200	0.053	3.838
2620.400	0.054	3.838
2620.600	0.051	3.838
2620.800	0.051	3.838
2621.000	0.050	3.838
2621.200	0.052	3.838
2621.400	0.052	3.838
2621.600	0.050	3.838
2621.800	0.051	3.838
2622.000	0.054	3.838
2622.200	0.051	3.838
2622.400	0.052	3.838
2622.600	0.053	3.838
2622.800	0.052	3.838
2623.000	0.053	3.838
2623.200	0.053	3.838
2623.400	0.055	3.838
2623.600	0.053	3.838
2623.800	0.053	3.838
2624.000	0.053	3.838
2624.200	0.053	3.838
2624.400	0.053	3.838
2624.600	0.054	3.838
2624.800	0.053	3.838
2625.000	0.053	3.838
2625.200	0.053	3.838
2625.400	0.053	3.838
2625.600	0.054	3.838
2625.800	0.052	3.838
2626.000	0.053	3.838
2626.200	0.055	3.838
2626.400	0.054	3.838
2626.600	0.052	3.838
2626.800	0.053	3.838
2627.000	0.054	3.838
2627.200	0.055	3.838
2627.400	0.054	3.838
2627.600	0.054	3.838
2627.800	0.054	3.838
2628.000	0.053	3.838
2628.200	0.054	3.838
2628.400	0.053	3.838
2628.600	0.053	3.838
2628.800	0.053	3.838
2629.000	0.054	3.838
2629.200	0.053	3.838
2629.400	0.054	3.838
2629.600	0.055	3.838
2629.800	0.054	3.838
2630.000	0.052	3.838
2630.200	0.052	3.838
2630.400	0.053	3.838
2630.600	0.053	3.838
2630.800	0.055	3.838
2631.000	0.052	3.838
2631.200	0.052	3.838
2631.400	0.053	3.838
2631.600	0.053	3.838
2631.800	0.052	3.838
2632.000	0.053	3.838
2632.200	0.052	3.838
2632.400	0.051	3.838
2632.600	0.053	3.838
2632.800	0.053	3.838
2633.000	0.052	3.838
2633.200	0.054	3.838
2633.400	0.055	3.838
2633.600	0.052	3.838
2633.800	0.052	3.838
2634.000	0.052	3.838
2634.200	0.053	3.838
2634.400	0.052	3.838
2634.600	0.053	3.838
2634.800	0.052	3.838
2635.000	0.054	3.838
2635.200	0.052	3.838
2635.400	0.053	3.838
2635.600	0.052	3.838
2635.800	0.052	3.838
2636.000	0.052	3.838
2636.200	0.052	3.838
2636.400	0.053	3.838
2636.600	0.052	3.838
2636.800	0.051	3.838
2637.000	0.050	3.838
2637.200	0.053	3.838
2637.400	0.053	3.838
2637.600	0.050	3.838
2637.800	0.052	3.838
2638.000	0.052	3.838
2638.200	0.050	3.838
2638.400	0.050	3.838
2638.600	0.053	3.838
2638.800	0.051	3.838
2639.000	0.050	3.838
2639.200	0.052	3.838
2639.400	0.053	3.838
2639.600	0.052	3.838
2639.800	0.052	3.838
2640.000	0.051	3.838
2640.200	0.052	3.838
2640.400	0.051	3.838
2640.600	0.055	3.838
2640.800	0.050	3.838
2641.000	0.052	3.838
2641.200	0.051	3.838
2641.400	0.053	3.838
2641.600	0.051	3.838
2641.800	0.051	3.838
2642.000	0.053	3.838
2642.200	0.052	3.838
2642.400	0.050	3.838
2642.600	0.052	3.838
2642.800	0.054	3.838
2643.000	0.049	3.838
2643.200	0.054	3.838
2643.400	0.053	3.838
2643.600	0.052	3.838
2643.800	0.052	3.838
2644.000	0.051	3.838
2644.200	0.052	3.838
2644.400	0.054	3.838
2644.600	0.053	3.838
2644.800	0.053	3.838
2645.000	0.053	3.838
2645.200	0.053	3.838
2645.400	0.050	3.838
2645.600	0.052	3.838
2645.800	0.052	3.838
2646.000	0.052	3.838
2646.200	0.054	3.838
2646.400	0.053	3.838
2646.600	0.054	3.838
2646.800	0.050	3.838
2647.000	0.053	3.838
2647.200	0.055	3.838
2647.400	0.054	3.838
2647.600	0.053	3.838
2647.800	0.052	3.838
2648.000	0.051	3.838
2648.200	0.051	3.838
2648.400	0.052	3.838
2648.600	0.051	3.838
2648.800	0.052	3.838
2649.000	0.052	3.838
2649.200	0.053	3.838
2649.400	0.052	3.838
2649.600	0.052	3.838
2649.800	0.051	3.838
2650.000	0.052	3.838
2650.200	0.054	3.838
2650.400	0.052	3.838
2650.600	0.051	3.838
2650.800	0.052	3.838
2651.000	0.054	3.838
2651.200	0.052	3.838
2651.400	0.054	3.838
2651.600	0.053	3.838
2651.800	0.053	3.838
2652.000	0.051	3.838
2652.200	0.054	3.838
2652.400	0.052	3.838
2652.600	0.052	3.838
2652.800	0.053	3.838
2653.000	0.053	3.838
2653.200	0.054	3.838
2653.400	0.055	3.838
2653.600	0.054	3.838
2653.800	0.055	3.838
2654.000	0.053	3.838
2654.200	0.052	3.838
2654.400	0.052	3.838
2654.600	0.055	3.838
2654.800	0.055	3.838
2655.000	0.054	3.838
2655.200	0.053	3.838
2655.400	0.052	3.838
2655.600	0.053	3.838
2655.800	0.053	3.838
2656.000	0.052	3.838
2656.200	0.053	3.838
2656.400	0.053	3.838
2656.600	0.053	3.838
2656.800	0.052	3.838
2657.000	0.051	3.838
2657.200	0.054	3.838
2657.400	0.053	3.838
2657.600	0.053	3.838
2657.800	0.054	3.838
2658.000	0.053	3.838
2658.200	0.053	3.838
2658.400	0.053	3.838
2658.600	0.052	3.838
2658.800	0.055	3.838
2659.000	0.054	3.838
2659.200	0.052	3.838
2659.400	0.052	3.838
2659.600	0.053	3.838
2659.800	0.053	3.838
2660.000	0.053	3.838
2660.200	0.054	3.838
2660.400	0.053	3.838
2660.600	0.054	3.838
2660.800	0.054	3.838
2661.000	0.052	3.838
2661.200	0.053	3.838
2661.400	0.055	3.838
2661.600	0.055	3.838
2661.800	0.052	3.838
2662.000	0.053	3.838
2662.200	0.053	3.838
2662.400	0.053	3.838
2662.600	0.051	3.838
2662.800	0.054	3.838
2663.000	0.051	3.838
2663.200	0.053	3.838
2663.400	0.053	3.838
2663.600	0.052	3.838
2663.800	0.051	3.838
2664.000	0.053	3.838
2664.200	0.051	3.838
2664.400	0.051	3.838
2664.600	0.052	3.838
2664.800	0.051	3.838
2665.000	0.052	3.838
2665.200	0.052	3.838
2665.400	0.051	3.838
2665.600	0.051	3.838
2665.800	0.051	3.838
2666.000	0.051	3.838
2666.200	0.050	3.838
2666.400	0.052	3.838
2666.600	0.050	3.838
2666.800	0.050	3.838
2667.000	0.053	3.838
2667.200	0.053	3.838
2667.400	0.052	3.838
2667.600	0.052	3.838
2667.800	0.053	3.838
2668.000	0.054	3.838
2668.200	0.052	3.838
2668.400	0.052	3.838
2668.600	0.053	3.838
2668.800	0.052	3.838
2669.000	0.055	3.838
2669.200	0.054	3.838
2669.400	0.052	3.838
2669.600	0.052	3.838
2669.800	0.052	3.838
2670.000	0.054	3.838
2670.200	0.052	3.838
2670.400	0.054	3.838
2670.600	0.053	3.838
2670.800	0.054	3.838
2671.000	0.052	3.838
2671.200	0.052	3.838
2671.400	0.052	3.838
2671.600	0.051	3.838
2671.800	0.051	3.838
2672.000	0.053	3.838
2672.200	0.051	3.838
2672.400	0.052	3.838
2672.600	0.051	3.838
2672.800	0.052	3.838
2673.000	0.051	3.838
2673.200	0.053	3.838
2673.400	0.053	3.838
2673.600	0.051	3.838
2673.800	0.051	3.838
2674.000	0.051	3.838
2674.200	0.053	3.838
2674.400	0.053	3.838
2674.600	0.052	3.838
2674.800	0.052	3.838
2675.000	0.052	3.838
2675.200	0.051	3.838
2675.400	0.052	3.838
2675.600	0.051	3.838
2675.800	0.052	3.838
2676.000	0.052	3.838
2676.200	0.052	3.838
2676.400	0.053	3.838
2676.600	0.051	3.838
2676.800	0.052	3.838
2677.000	0.054	3.838
2677.200	0.052	3.838
2677.400	0.053	3.838
2677.600	0.053	3.838
2677.800	0.054	3.838
2678.000	0.053	3.838
2678.200	0.055	3.838
2678.400	0.054	3.838
2678.600	0.053	3.838
2678.800	0.054	3.838
2679.000	0.053	3.838
2679.200	0.053	3.838
2679.400	0.053	3.838
2679.600	0.053	3.838
2679.800	0.052	3.838
2680.000	0.052	3.838
2680.200	0.052	3.838
2680.400	0.052	3.838
2680.600	0.052	3.838
2680.800	0.052	3.838
2681.000	0.053	3.838
2681.200	0.051	3.838
2681.400	0.050	3.838
2681.600	0.051	3.838
2681.800	0.050	3.838
2682.000	0.052	3.838
2682.200	0.051	3.838
2682.400	0.051	3.838
2682.600	0.052	3.838
2682.800	0.051	3.838
2683.000	0.051	3.838
2683.200	0.049	3.838
2683.400	0.051	3.838
2683.600	0.051	3.838
2683.800	0.052	3.838
2684.000	0.052	3.838
2684.200	0.050	3.838
2684.400	0.051	3.838
2684.600	0.051	3.838
2684.800	0.052	3.838
2685.000	0.053	3.838
2685.200	0.051	3.838
2685.400	0.052	3.838
2685.600	0.051	3.838
2685.800	0.052	3.838
2686.000	0.053	3.838
2686.200	0.053	3.838
2686.400	0.051	3.838
2686.600	0.052	3.838
2686.800	0.051	3.838
2687.000	0.052	3.838
2687.200	0.053	3.838
2687.400	0.052	3.838
2687.600	0.053	3.838
2687.800	0.052	3.838
2688.000	0.053	3.838
2688.200	0.053	3.838
2688.400	0.052	3.838
2688.600	0.054	3.838
2688.800	0.052	3.838
2689.000	0.052	3.838
2689.200	0.052	3.838
2689.400	0.052	3.838
2689.600	0.049	3.838
2689.800	0.053	3.838
2690.000	0.054	3.838
2690.200	0.055	3.838
2690.400	0.052	3.838
2690.600	0.053	3.838
2690.800	0.053	3.838
2691.000	0.052	3.838
2691.200	0.052	3.838
2691.400	0.052	3.838
2691.600	0.052	3.838
2691.800	0.053	3.838
2692.000	0.053	3.838
2692.200	0.054	3.838
2692.400	0.052	3.838
2692.600	0.052	3.838
2692.800	0.053	3.838
2693.000	0.054	3.838
2693.200	0.053	3.838
2693.400	0.053	3.838
2693.600	0.051	3.838
2693.800	0.053	3.838
2694.000	0.053	3.838
2694.200	0.051	3.838
2694.400	0.053	3.838
2694.600	0.053	3.838
2694.800	0.052	3.838
2695.000	0.051	3.838
2695.200	0.052	3.838
2695.400	0.052	3.838
2695.600	0.053	3.838
2695.800	0.054	3.838
2696.000	0.053	3.838
2696.200	0.052	3.838
2696.400	0.053	3.838
2696.600	0.053	3.838
2696.800	0.053	3.838
2697.000	0.052	3.838
2697.200	0.052	3.838
2697.400	0.053	3.838
2697.600	0.053	3.838
2697.800	0.053	3.838
2698.000	0.053	3.838
2698.200	0.055	3.838
2698.400	0.053	3.838
2698.600	0.052	3.838
2698.800	0.053	3.838
2699.000	0.051	3.838
2699.200	0.053	3.838
2699.400	0.051	3.838
2699.600	0.054	3.838
2699.800	0.053	3.838
2700.000	0.054	3.838
2700.200	0.053	3.838
2700.400	0.053	3.838
2700.600	0.051	3.838
2700.800	0.051	3.838
2701.000	0.053	3.838
2701.200	0.053	3.838
2701.400	0.053	3.838
2701.600	0.051	3.838
2701.800	0.051	3.838
2702.000	0.052	3.838
2702.200	0.051	3.838
2702.400	0.051	3.838
2702.600	0.051	3.838
2702.800	0.051	3.838
2703.000	0.051	3.838
2703.200	0.050	3.838
2703.400	0.051	3.838
2703.600	0.052	3.838
2703.800	0.050	3.838
2704.000	0.050	3.838
2704.200	0.052	3.838
2704.400	0.049	3.838
2704.600	0.051	3.838
2704.800	0.051	3.838
2705.000	0.050	3.838
2705.200	0.051	3.838
2705.400	0.050	3.838
2705.600	0.050	3.838
2705.800	0.049	3.838
2706.000	0.049	3.838
2706.200	0.050	3.838
2706.400	0.049	3.838
2706.600	0.049	3.838
2706.800	0.051	3.838
2707.000	0.051	3.838
2707.200	0.050	3.838
2707.400	0.052	3.838
2707.600	0.050	3.838
2707.800	0.050	3.838
2708.000	0.051	3.838
2708.200	0.052	3.838
2708.400	0.050	3.838
2708.600	0.050	3.838
2708.800	0.050	3.838
2709.000	0.050	3.838
2709.200	0.049	3.838
2709.400	0.051	3.838
2709.600	0.049	3.838
2709.800	0.052	3.838
2710.000	0.049	3.838
2710.200	0.049	3.838
2710.400	0.050	3.838
2710.600	0.053	3.838
2710.800	0.051	3.838
2711.000	0.051	3.838
2711.200	0.051	3.838
2711.400	0.051	3.838
2711.600	0.050	3.838
2711.800	0.053	3.838
2712.000	0.052	3.838
2712.200	0.050	3.838
2712.400	0.049	3.838
2712.600	0.051	3.838
2712.800	0.051	3.838
2713.000	0.051	3.838
2713.200	0.051	3.838
2713.400	0.051	3.838
2713.600	0.050	3.838
2713.800	0.052	3.838
2714.000	0.050	3.838
2714.200	0.052	3.838
2714.400	0.051	3.838
2714.600	0.051	3.838
2714.800	0.051	3.838
2715.000	0.050	3.838
2715.200	0.050	3.838
2715.400	0.051	3.838
2715.600	0.050	3.838
2715.800	0.049	3.838
2716.000	0.052	3.838
2716.200	0.050	3.838
2716.400	0.048	3.838
2716.600	0.050	3.838
2716.800	0.051	3.838
2717.000	0.052	3.838
2717.200	0.052	3.838
2717.400	0.050	3.838
2717.600	0.049	3.838
2717.800	0.050	3.838
2718.000	0.051	3.838
2718.200	0.050	3.838
2718.400	0.049	3.838
2718.600	0.051	3.838
2718.800	0.048	3.838
2719.000	0.050	3.838
2719.200	0.050	3.838
2719.400	0.051	3.838
2719.600	0.051	3.838
2719.800	0.051	3.838
2720.000	0.052	3.838
2720.200	0.052	3.838
2720.400	0.050	3.838
2720.600	0.050	3.838
2720.800	0.051	3.838
2721.000	0.050	3.838
2721.200	0.050	3.838
2721.400	0.050	3.838
2721.600	0.050	3.838
2721.800	0.051	3.838
2722.000	0.051	3.838
2722.200	0.051	3.838
2722.400	0.050	3.838
2722.600	0.049	3.838
2722.800	0.049	3.838
2723.000	0.052	3.838
2723.200	0.052	3.838
2723.400	0.051	3.838
2723.600	0.051	3.838
2723.800	0.051	3.838
2724.000	0.050	3.838
2724.200	0.051	3.838
2724.400	0.051	3.838
2724.600	0.051	3.838
2724.800	0.050	3.838
2725.000	0.051	3.838
2725.200	0.050	3.838
2725.400	0.051	3.838
2725.600	0.051	3.838
2725.800	0.053	3.838
2726.000	0.051	3.838
2726.200	0.051	3.838
2726.400	0.051	3.838
2726.600	0.051	3.838
2726.800	0.052	3.838
2727.000	0.051	3.838
2727.200	0.051	3.838
2727.400	0.052	3.838
2727.600	0.051	3.838
2727.800	0.051	3.838
2728.000	0.051	3.838
2728.200	0.051	3.838
2728.400	0.051	3.838
2728.600	0.052	3.838
2728.800	0.052	3.838
2729.000	0.053	3.838
2729.200	0.053	3.838
2729.400	0.051	3.838
2729.600	0.052	3.838
2729.800	0.051	3.838
2730.000	0.049	3.838
2730.200	0.052	3.838
2730.400	0.051	3.838
2730.600	0.051	3.838
2730.800	0.053	3.838
2731.000	0.051	3.838
2731.200	0.051	3.838
2731.400	0.051	3.838
2731.600	0.050	3.838
2731.800	0.051	3.838
2732.000	0.052	3.838
2732.200	0.051	3.838
2732.400	0.050	3.838
2732.600	0.051	3.838
2732.800	0.053	3.838
2733.000	0.051	3.838
2733.200	0.052	3.838
2733.400	0.051	3.838
2733.600	0.051	3.838
2733.800	0.051	3.838
2734.000	0.051	3.838
2734.200	0.051	3.838
2734.400	0.050	3.838
2734.600	0.051	3.838
2734.800	0.052	3.838
2735.000	0.052	3.838
2735.200	0.051	3.838
2735.400	0.051	3.838
2735.600	0.050	3.838
2735.800	0.052	3.838
2736.000	0.053	3.838
2736.200	0.052	3.838
2736.400	0.051	3.838
2736.600	0.051	3.838
2736.800	0.052	3.838
2737.000	0.051	3.838
2737.200	0.052	3.838
2737.400	0.053	3.838
2737.600	0.053	3.838
2737.800	0.052	3.838
2738.000	0.054	3.838
2738.200	0.052	3.838
2738.400	0.052	3.838
2738.600	0.051	3.838
2738.800	0.051	3.838
2739.000	0.052	3.838
2739.200	0.051	3.838
2739.400	0.051	3.838
2739.600	0.052	3.838
2739.800	0.052	3.838
2740.000	0.053	3.838
2740.200	0.051	3.838
2740.400	0.050	3.838
2740.600	0.052	3.838
2740.800	0.054	3.838
2741.000	0.052	3.838
2741.200	0.052	3.838
2741.400	0.052	3.838
2741.600	0.051	3.838
2741.800	0.051	3.838
2742.000	0.052	3.838
2742.200	0.051	3.838
2742.400	0.052	3.838
2742.600	0.052	3.838
2742.800	0.053	3.838
2743.000	0.053	3.838
2743.200	0.054	3.838
2743.400	0.053	3.838
2743.600	0.053	3.838
2743.800	0.053	3.838
2744.000	0.053	3.838
2744.200	0.052	3.838
2744.400	0.053	3.838
2744.600	0.053	3.838
2744.800	0.052	3.838
2745.000	0.051	3.838
2745.200	0.052	3.838
2745.400	0.052	3.838
2745.600	0.053	3.838
2745.800	0.052	3.838
2746.000	0.053	3.838
2746.200	0.051	3.838
2746.400	0.052	3.838
2746.600	0.051	3.838
2746.800	0.051	3.838
2747.000	0.052	3.838
2747.200	0.052	3.838
2747.400	0.053	3.838
2747.600	0.051	3.838
2747.800	0.052	3.838
2748.000	0.052	3.838
2748.200	0.053	3.838
2748.400	0.052	3.838
2748.600	0.051	3.838
2748.800	0.053	3.838
2749.000	0.053	3.838
2749.200	0.051	3.838
2749.400	0.052	3.838
2749.600	0.053	3.838
2749.800	0.053	3.838
2750.000	0.051	3.838
2750.200	0.051	3.838
2750.400	0.051	3.838
2750.600	0.052	3.838
2750.800	0.053	3.838
2751.000	0.050	3.838
2751.200	0.052	3.838
2751.400	0.051	3.838
2751.600	0.051	3.838
2751.800	0.051	3.838
2752.000	0.051	3.838
2752.200	0.051	3.838
2752.400	0.051	3.838
2752.600	0.052	3.838
2752.800	0.053	3.838
2753.000	0.052	3.838
2753.200	0.049	3.838
2753.400	0.052	3.838
2753.600	0.050	3.838
2753.800	0.051	3.838
2754.000	0.051	3.838
2754.200	0.050	3.838
2754.400	0.051	3.838
2754.600	0.052	3.838
2754.800	0.050	3.838
2755.000	0.052	3.838
2755.200	0.051	3.838
2755.400	0.051	3.838
2755.600	0.051	3.838
2755.800	0.051	3.838
2756.000	0.054	3.838
2756.200	0.051	3.838
2756.400	0.050	3.838
2756.600	0.052	3.838
2756.800	0.051	3.838
2757.000	0.051	3.838
2757.200	0.052	3.838
2757.400	0.051	3.838
2757.600	0.049	3.838
2757.800	0.053	3.838
2758.000	0.051	3.838
2758.200	0.051	3.838
2758.400	0.050	3.838
2758.600	0.051	3.838
2758.800	0.051	3.838
2759.000	0.053	3.838
2759.200	0.051	3.838
2759.400	0.052	3.838
2759.600	0.051	3.838
2759.800	0.052	3.838
2760.000	0.051	3.838
2760.200	0.052	3.838
2760.400	0.051	3.838
2760.600	0.053	3.838
2760.800	0.052	3.838
2761.000	0.052	3.838
2761.200	0.052	3.838
2761.400	0.052	3.838
2761.600	0.051	3.838
2761.800	0.050	3.838
2762.000	0.052	3.838
2762.200	0.052	3.838
2762.400	0.051	3.838
2762.600	0.050	3.838
2762.800	0.051	3.838
2763.000	0.051	3.838
2763.200	0.052	3.838
2763.400	0.051	3.838
2763.600	0.051	3.838
2763.800	0.053	3.838
2764.000	0.051	3.838
2764.200	0.050	3.838
2764.400	0.051	3.838
2764.600	0.050	3.838
2764.800	0.050	3.838
2765.000	0.051	3.838
2765.200	0.051	3.838
2765.400	0.050	3.838
2765.600	0.052	3.838
2765.800	0.049	3.838
2766.000	0.052	3.838
2766.200	0.051	3.838
2766.400	0.050	3.838
2766.600	0.051	3.838
2766.800	0.051	3.838
2767.000	0.050	3.838
2767.200	0.052	3.838
2767.400	0.051	3.838
2767.600	0.049	3.838
2767.800	0.051	3.838
2768.000	0.050	3.838
2768.200	0.049	3.838
2768.400	0.049	3.838
2768.600	0.051	3.838
2768.800	0.051	3.838
2769.000	0.050	3.838
2769.200	0.051	3.838
2769.400	0.051	3.838
2769.600	0.052	3.838
2769.800	0.051	3.838
2770.000	0.049	3.838
2770.200	0.051	3.838
2770.400	0.050	3.838
2770.600	0.049	3.838
2770.800	0.049	3.838
2771.000	0.050	3.838
2771.200	0.050	3.838
2771.400	0.050	3.838
2771.600	0.048	3.838
2771.800	0.050	3.838
2772.000	0.050	3.838
2772.200	0.049	3.838
2772.400	0.051	3.838
2772.600	0.049	3.838
2772.800	0.050	3.838
2773.000	0.049	3.838
2773.200	0.052	3.838
2773.400	0.050	3.838
2773.600	0.051	3.838
2773.800	0.050	3.838
2774.000	0.050	3.838
2774.200	0.050	3.838
2774.400	0.050	3.838
2774.600	0.052	3.838
2774.800	0.051	3.838
2775.000	0.051	3.838
2775.200	0.054	3.838
2775.400	0.052	3.838
2775.600	0.053	3.838
2775.800	0.053	3.838
2776.000	0.051	3.838
2776.200	0.053	3.838
2776.400	0.052	3.838
2776.600	0.051	3.838
2776.800	0.051	3.838
2777.000	0.050	3.838
2777.200	0.050	3.838
2777.400	0.052	3.838
2777.600	0.053	3.838
2777.800	0.052	3.838
2778.000	0.051	3.838
2778.200	0.053	3.838
2778.400	0.054	3.838
2778.600	0.053	3.838
2778.800	0.052	3.838
2779.000	0.052	3.838
2779.200	0.051	3.838
2779.400	0.052	3.838
2779.600	0.052	3.838
2779.800	0.051	3.838
2780.000	0.051	3.838
2780.200	0.053	3.838
2780.400	0.051	3.838
2780.600	0.053	3.838
2780.800	0.052	3.838
2781.000	0.051	3.838
2781.200	0.053	3.838
2781.400	0.052	3.838
2781.600	0.055	3.838
2781.800	0.052	3.838
2782.000	0.053	3.838
2782.200	0.053	3.838
2782.400	0.053	3.838
2782.600	0.054	3.838
2782.800	0.051	3.838
2783.000	0.052	3.838
2783.200	0.051	3.838
2783.400	0.051	3.838
2783.600	0.051	3.838
2783.800	0.050	3.838
2784.000	0.051	3.838
2784.200	0.052	3.838
2784.400	0.050	3.838
2784.600	0.051	3.838
2784.800	0.051	3.838
2785.000	0.050	3.838
2785.200	0.051	3.838
2785.400	0.051	3.838
2785.600	0.051	3.838
2785.800	0.052	3.838
2786.000	0.052	3.838
2786.200	0.052	3.838
2786.400	0.052	3.838
2786.600	0.051	3.838
2786.800	0.050	3.838
2787.000	0.052	3.838
2787.200	0.052	3.838
2787.400	0.051	3.838
2787.600	0.050	3.838
2787.800	0.052	3.838
2788.000	0.051	3.838
2788.200	0.052	3.838
2788.400	0.052	3.838
2788.600	0.054	3.838
2788.800	0.052	3.838
2789.000	0.051	3.838
2789.200	0.052	3.838
2789.400	0.051	3.838
2789.600	0.052	3.838
2789.800	0.050	3.838
2790.000	0.052	3.838
2790.200	0.053	3.838
2790.400	0.052	3.838
2790.600	0.052	3.838
2790.800	0.052	3.838
2791.000	0.052	3.838
2791.200	0.053	3.838
2791.400	0.053	3.838
2791.600	0.052	3.838
2791.800	0.053	3.838
2792.000	0.054	3.838
2792.200	0.054	3.838
2792.400	0.054	3.838
2792.600	0.053	3.838
2792.800	0.054	3.838
2793.000	0.054	3.838
2793.200	0.054	3.838
2793.400	0.052	3.838
2793.600	0.053	3.838
2793.800	0.053	3.838
2794.000	0.051	3.838
2794.200	0.053	3.838
2794.400	0.054	3.838
2794.600	0.054	3.838
2794.800	0.052	3.838
2795.000	0.053	3.838
2795.200	0.053	3.838
2795.400	0.053	3.838
2795.600	0.054	3.838
2795.800	0.052	3.838
2796.000	0.053	3.838
2796.200	0.054	3.838
2796.400	0.054	3.838
2796.600	0.054	3.838
2796.800	0.054	3.838
2797.000	0.055	3.838
2797.200	0.055	3.838
2797.400	0.052	3.838
2797.600	0.053	3.838
2797.800	0.053	3.838
2798.000	0.052	3.838
2798.200	0.053	3.838
2798.400	0.053	3.838
2798.600	0.051	3.838
2798.800	0.054	3.838
2799.000	0.050	3.838
2799.200	0.052	3.838
2799.400	0.050	3.838
2799.600	0.052	3.838
2799.800	0.053	3.838
2800.000	0.052	3.838
2800.200	0.051	3.838
2800.400	0.053	3.838
2800.600	0.053	3.838
2800.800	0.052	3.838
2801.000	0.052	3.838
2801.200	0.052	3.838
2801.400	0.053	3.838
2801.600	0.051	3.838
2801.800	0.052	3.838
2802.000	0.051	3.838
2802.200	0.049	3.838
2802.400	0.053	3.838
2802.600	0.050	3.838
2802.800	0.052	3.838
2803.000	0.051	3.838
2803.200	0.051	3.838
2803.400	0.051	3.838
2803.600	0.051	3.838
2803.800	0.052	3.838
2804.000	0.052	3.838
2804.200	0.054	3.838
2804.400	0.054	3.838
2804.600	0.054	3.838
2804.800	0.052	3.838
2805.000	0.052	3.838
2805.200	0.052	3.838
2805.400	0.052	3.838
2805.600	0.052	3.838
2805.800	0.054	3.838
2806.000	0.053	3.838
2806.200	0.052	3.838
2806.400	0.054	3.838
2806.600	0.054	3.838
2806.800	0.051	3.838
2807.000	0.052	3.838
2807.200	0.051	3.838
2807.400	0.052	3.838
2807.600	0.053	3.838
2807.800	0.052	3.838
2808.000	0.052	3.838
2808.200	0.054	3.838
2808.400	0.052	3.838
2808.600	0.054	3.838
2808.800	0.053	3.838
2809.000	0.054	3.838
2809.200	0.052	3.838
2809.400	0.050	3.838
2809.600	0.053	3.838
2809.800	0.054	3.838
2810.000	0.053	3.838
2810.200	0.053	3.838
2810.400	0.053	3.838
2810.600	0.053	3.838
2810.800	0.055	3.838
2811.000	0.054	3.838
2811.200	0.052	3.838
2811.400	0.053	3.838
2811.600	0.053	3.838
2811.800	0.052	3.838
2812.000	0.053	3.838
2812.200	0.053	3.838
2812.400	0.053	3.838
2812.600	0.054	3.838
2812.800	0.052	3.838
2813.000	0.053	3.838
2813.200	0.052	3.838
2813.400	0.054	3.838
2813.600	0.053	3.838
2813.800	0.053	3.838
2814.000	0.054	3.838
2814.200	0.055	3.838
2814.400	0.053	3.838
2814.600	0.052	3.838
2814.800	0.053	3.838
2815.000	0.052	3.838
2815.200	0.053	3.838
2815.400	0.052	3.838
2815.600	0.052	3.838
2815.800	0.052	3.838
2816.000	0.053	3.838
2816.200	0.053	3.838
2816.400	0.054	3.838
2816.600	0.052	3.838
2816.800	0.053	3.838
2817.000	0.052	3.838
2817.200	0.053	3.838
2817.400	0.052	3.838
2817.600	0.053	3.838
2817.800	0.053	3.838
2818.000	0.052	3.838
2818.200	0.053	3.838
2818.400	0.051	3.838
2818.600	0.054	3.838
2818.800	0.052	3.838
2819.000	0.053	3.838
2819.200	0.050	3.838
2819.400	0.053	3.838
2819.600	0.053	3.838
2819.800	0.054	3.838
2820.000	0.054	3.838
2820.200	0.053	3.838
2820.400	0.054	3.838
2820.600	0.054	3.838
2820.800	0.053	3.838
2821.000	0.054	3.838
2821.200	0.055	3.838
2821.400	0.052	3.838
2821.600	0.052	3.838
2821.800	0.054	3.838
2822.000	0.053	3.838
2822.200	0.053	3.838
2822.400	0.053	3.838
2822.600	0.052	3.838
2822.800	0.051	3.838
2823.000	0.051	3.838
2823.200	0.051	3.838
2823.400	0.051	3.838
2823.600	0.052	3.838
2823.800	0.052	3.838
2824.000	0.051	3.838
2824.200	0.051	3.838
2824.400	0.053	3.838
2824.600	0.054	3.838
2824.800	0.053	3.838
2825.000	0.053	3.838
2825.200	0.052	3.838
2825.400	0.052	3.838
2825.600	0.053	3.838
2825.800	0.052	3.838
2826.000	0.053	3.838
2826.200	0.052	3.838
2826.400	0.054	3.838
2826.600	0.053	3.838
2826.800	0.054	3.838
2827.000	0.052	3.838
2827.200	0.053	3.838
2827.400	0.053	3.838
2827.600	0.053	3.838
2827.800	0.054	3.838
2828.000	0.052	3.838
2828.200	0.053	3.838
2828.400	0.052	3.838
2828.600	0.052	3.838
2828.800	0.051	3.838
2829.000	0.053	3.838
2829.200	0.053	3.838
2829.400	0.052	3.838
2829.600	0.054	3.838
2829.800	0.054	3.838
2830.000	0.054	3.838
2830.200	0.053	3.838
2830.400	0.055	3.838
2830.600	0.053	3.838
2830.800	0.052	3.838
2831.000	0.054	3.838
2831.200	0.053	3.838
2831.400	0.052	3.838
2831.600	0.053	3.838
2831.800	0.054	3.838
2832.000	0.052	3.838
2832.200	0.052	3.838
2832.400	0.054	3.838
2832.600	0.051	3.838
2832.800	0.052	3.838
2833.000	0.054	3.838
2833.200	0.053	3.838
2833.400	0.054	3.838
2833.600	0.056	3.838
2833.800	0.054	3.838
2834.000	0.054	3.838
2834.200	0.053	3.838
2834.400	0.055	3.838
2834.600	0.054	3.838
2834.800	0.054	3.838
2835.000	0.053	3.838
2835.200	0.054	3.838
2835.400	0.054	3.838
2835.600	0.051	3.838
2835.800	0.050	3.838
2836.000	0.052	3.838
2836.200	0.052	3.838
2836.400	0.055	3.838
2836.600	0.054	3.838
2836.800	0.051	3.838
2837.000	0.053	3.838
2837.200	0.053	3.838
2837.400	0.053	3.838
2837.600	0.054	3.838
2837.800	0.054	3.838
2838.000	0.054	3.838
2838.200	0.053	3.838
2838.400	0.053	3.838
2838.600	0.054	3.838
2838.800	0.052	3.838
2839.000	0.052	3.838
2839.200	0.052	3.838
2839.400	0.053	3.838
2839.600	0.052	3.838
2839.800	0.054	3.838
2840.000	0.052	3.838
2840.200	0.051	3.838
2840.400	0.052	3.838
2840.600	0.051	3.838
2840.800	0.053	3.838
2841.000	0.051	3.838
2841.200	0.051	3.838
2841.400	0.052	3.838
2841.600	0.053	3.838
2841.800	0.054	3.838
2842.000	0.054	3.838
2842.200	0.055	3.838
2842.400	0.051	3.838
2842.600	0.052	3.838
2842.800	0.052	3.838
2843.000	0.053	3.838
2843.200	0.051	3.838
2843.400	0.052	3.838
2843.600	0.050	3.838
2843.800	0.053	3.838
2844.000	0.053	3.838
2844.200	0.054	3.838
2844.400	0.052	3.838
2844.600	0.055	3.838
2844.800	0.052	3.838
2845.000	0.052	3.838
2845.200	0.053	3.838
2845.400	0.052	3.838
2845.600	0.053	3.838
2845.800	0.054	3.838
2846.000	0.053	3.838
2846.200	0.052	3.838
2846.400	0.053	3.838
2846.600	0.054	3.838
2846.800	0.054	3.838
2847.000	0.053	3.838
2847.200	0.055	3.838
2847.400	0.054	3.838
2847.600	0.053	3.838
2847.800	0.054	3.838
2848.000	0.054	3.838
2848.200	0.053	3.838
2848.400	0.053	3.838
2848.600	0.054	3.838
2848.800	0.052	3.838
2849.000	0.052	3.838
2849.200	0.053	3.838
2849.400	0.051	3.838
2849.600	0.054	3.838
2849.800	0.052	3.838
2850.000	0.055	3.838
2850.200	0.053	3.838
2850.400	0.055	3.838
2850.600	0.053	3.838
2850.800	0.056	3.838
2851.000	0.054	3.838
2851.200	0.052	3.838
2851.400	0.052	3.838
2851.600	0.053	3.838
2851.800	0.053	3.838
2852.000	0.054	3.838
2852.200	0.053	3.838
2852.400	0.056	3.838
2852.600	0.053	3.838
2852.800	0.054	3.838
2853.000	0.053	3.838
2853.200	0.054	3.838
2853.400	0.055	3.838
2853.600	0.054	3.838
2853.800	0.053	3.838
2854.000	0.052	3.838
2854.200	0.055	3.838
2854.400	0.053	3.838
2854.600	0.053	3.838
2854.800	0.053	3.838
2855.000	0.052	3.838
2855.200	0.052	3.838
2855.400	0.054	3.838
2855.600	0.052	3.838
2855.800	0.052	3.838
2856.000	0.051	3.838
2856.200	0.051	3.838
2856.400	0.052	3.838
2856.600	0.051	3.838
2856.800	0.052	3.838
2857.000	0.052	3.838
2857.200	0.050	3.838
2857.400	0.051	3.838
2857.600	0.051	3.838
2857.800	0.052	3.838
2858.000	0.050	3.838
2858.200	0.049	3.838
2858.400	0.050	3.838
2858.600	0.051	3.838
2858.800	0.050	3.838
2859.000	0.052	3.838
2859.200	0.054	3.838
2859.400	0.051	3.838
2859.600	0.053	3.838
2859.800	0.052	3.838
2860.000	0.052	3.838
2860.200	0.050	3.838
2860.400	0.051	3.838
2860.600	0.052	3.838
2860.800	0.055	3.838
2861.000	0.052	3.838
2861.200	0.051	3.838
2861.400	0.053	3.838
2861.600	0.051	3.838
2861.800	0.050	3.838
2862.000	0.053	3.838
2862.200	0.053	3.838
2862.400	0.053	3.838
2862.600	0.053	3.838
2862.800	0.052	3.838
2863.000	0.052	3.838
2863.200	0.052	3.838
2863.400	0.052	3.838
2863.600	0.051	3.838
2863.800	0.052	3.838
2864.000	0.051	3.838
2864.200	0.053	3.838
2864.400	0.053	3.838
2864.600	0.052	3.838
2864.800	0.054	3.838
2865.000	0.050	3.838
2865.200	0.052	3.838
2865.400	0.052	3.838
2865.600	0.052	3.838
2865.800	0.053	3.838
2866.000	0.052	3.838
2866.200	0.051	3.838
2866.400	0.051	3.838
2866.600	0.050	3.838
2866.800	0.052	3.838
2867.000	0.051	3.838
2867.200	0.051	3.838
2867.400	0.051	3.838
2867.600	0.050	3.838
2867.800	0.050	3.838
2868.000	0.051	3.838
2868.200	0.050	3.838
2868.400	0.051	3.838
2868.600	0.050	3.838
2868.800	0.051	3.838
2869.000	0.051	3.838
2869.200	0.051	3.838
2869.400	0.050	3.838
2869.600	0.050	3.838
2869.800	0.049	3.838
2870.000	0.051	3.838
2870.200	0.051	3.838
2870.400	0.050	3.838
2870.600	0.049	3.838
2870.800	0.051	3.838
2871.000	0.052	3.838
2871.200	0.049	3.838
2871.400	0.050	3.838
2871.600	0.050	3.838
2871.800	0.048	3.838
2872.000	0.051	3.838
2872.200	0.051	3.838
2872.400	0.051	3.838
2872.600	0.050	3.838
2872.800	0.051	3.838
2873.000	0.050	3.838
2873.200	0.051	3.838
2873.400	0.051	3.838
2873.600	0.049	3.838
2873.800	0.049	3.838
2874.000	0.050	3.838
2874.200	0.050	3.838
2874.400	0.051	3.838
2874.600	0.049	3.838
2874.800	0.051	3.838
2875.000	0.050	3.838
2875.200	0.049	3.838
2875.400	0.049	3.838
2875.600	0.048	3.838
2875.800	0.050	3.838
2876.000	0.050	3.838
2876.200	0.049	3.838
2876.400	0.048	3.838
2876.600	0.050	3.838
2876.800	0.049	3.838
2877.000	0.047	3.838
2877.200	0.050	3.838
2877.400	0.048	3.838
2877.600	0.049	3.838
2877.800	0.049	3.838
2878.000	0.049	3.838
2878.200	0.048	3.838
2878.400	0.050	3.838
2878.600	0.048	3.838
2878.800	0.048	3.838
2879.000	0.050	3.838
2879.200	0.050	3.838
2879.400	0.049	3.838
2879.600	0.049	3.838
2879.800	0.049	3.838
2880.000	0.051	3.838
2880.200	0.048	3.838
2880.400	0.047	3.838
2880.600	0.048	3.838
2880.800	0.048	3.838
2881.000	0.049	3.838
2881.200	0.049	3.838
2881.400	0.049	3.838
2881.600	0.050	3.838
2881.800	0.049	3.838
2882.000	0.050	3.838
2882.200	0.051	3.838
2882.400	0.048	3.838
2882.600	0.050	3.838
2882.800	0.050	3.838
2883.000	0.050	3.838
2883.200	0.051	3.838
2883.400	0.050	3.838
2883.600	0.050	3.838
2883.800	0.051	3.838
2884.000	0.050	3.838
2884.200	0.050	3.838
2884.400	0.051	3.838
2884.600	0.050	3.838
2884.800	0.050	3.838
2885.000	0.049	3.838
2885.200	0.052	3.838
2885.400	0.051	3.838
2885.600	0.050	3.838
2885.800	0.049	3.838
2886.000	0.049	3.838
2886.200	0.049	3.838
2886.400	0.050	3.838
2886.600	0.049	3.838
2886.800	0.049	3.838
2887.000	0.051	3.838
2887.200	0.050	3.838
2887.400	0.052	3.838
2887.600	0.051	3.838
2887.800	0.050	3.838
2888.000	0.051	3.838
2888.200	0.050	3.838
2888.400	0.050	3.838
2888.600	0.050	3.838
2888.800	0.052	3.838
2889.000	0.050	3.838
2889.200	0.053	3.838
2889.400	0.051	3.838
2889.600	0.050	3.838
2889.800	0.051	3.838
2890.000	0.050	3.838
2890.200	0.050	3.838
2890.400	0.050	3.838
2890.600	0.048	3.838
2890.800	0.049	3.838
2891.000	0.051	3.838
2891.200	0.051	3.838
2891.400	0.052	3.838
2891.600	0.050	3.838
2891.800	0.049	3.838
2892.000	0.051	3.838
2892.200	0.051	3.838
2892.400	0.051	3.838
2892.600	0.050	3.838
2892.800	0.051	3.838
2893.000	0.049	3.838
2893.200	0.052	3.838
2893.400	0.050	3.838
2893.600	0.050	3.838
2893.800	0.050	3.838
2894.000	0.050	3.838
2894.200	0.051	3.838
2894.400	0.051	3.838
2894.600	0.050	3.838
2894.800	0.050	3.838
2895.000	0.048	3.838
2895.200	0.051	3.838
2895.400	0.049	3.838
2895.600	0.048	3.838
2895.800	0.049	3.838
2896.000	0.051	3.838
2896.200	0.051	3.838
2896.400	0.050	3.838
2896.600	0.048	3.838
2896.800	0.050	3.838
2897.000	0.051	3.838
2897.200	0.051	3.838
2897.400	0.049	3.838
2897.600	0.050	3.838
2897.800	0.049	3.838
2898.000	0.047	3.838
2898.200	0.050	3.838
2898.400	0.048	3.838
2898.600	0.049	3.838
2898.800	0.049	3.838
2899.000	0.051	3.838
2899.200	0.051	3.838
2899.400	0.051	3.838
2899.600	0.049	3.838
2899.800	0.049	3.838
2900.000	0.050	3.838
2900.200	0.050	3.838
2900.400	0.050	3.838
2900.600	0.050	3.838
2900.800	0.050	3.838
2901.000	0.050	3.838
2901.200	0.049	3.838
2901.400	0.050	3.838
2901.600	0.050	3.838
2901.800	0.050	3.838
2902.000	0.050	3.838
2902.200	0.050	3.838
2902.400	0.050	3.838
2902.600	0.049	3.838
2902.800	0.050	3.838
2903.000	0.049	3.838
2903.200	0.049	3.838
2903.400	0.048	3.838
2903.600	0.051	3.838
2903.800	0.049	3.838
2904.000	0.049	3.838
2904.200	0.050	3.838
2904.400	0.049	3.838
2904.600	0.050	3.838
2904.800	0.050	3.838
2905.000	0.050	3.838
2905.200	0.050	3.838
2905.400	0.050	3.838
2905.600	0.051	3.838
2905.800	0.051	3.838
2906.000	0.048	3.838
2906.200	0.051	3.838
2906.400	0.051	3.838
2906.600	0.049	3.838
2906.800	0.049	3.838
2907.000	0.051	3.838
2907.200	0.049	3.838
2907.400	0.050	3.838
2907.600	0.050	3.838
2907.800	0.050	3.838
2908.000	0.049	3.838
2908.200	0.050	3.838
2908.400	0.049	3.838
2908.600	0.051	3.838
2908.800	0.051	3.838
2909.000	0.049	3.838
2909.200	0.049	3.838
2909.400	0.049	3.838
2909.600	0.051	3.838
2909.800	0.050	3.838
2910.000	0.050	3.838
2910.200	0.050	3.838
2910.400	0.050	3.838
2910.600	0.049	3.838
2910.800	0.048	3.838
2911.000	0.049	3.838
2911.200	0.051	3.838
2911.400	0.049	3.838
2911.600	0.051	3.838
2911.800	0.050	3.838
2912.000	0.050	3.838
2912.200	0.051	3.838
2912.400	0.051	3.838
2912.600	0.051	3.838
2912.800	0.050	3.838
2913.000	0.050	3.838
2913.200	0.049	3.838
2913.400	0.051	3.838
2913.600	0.052	3.838
2913.800	0.051	3.838
2914.000	0.052	3.838
2914.200	0.051	3.838
2914.400	0.051	3.838
2914.600	0.052	3.838
2914.800	0.050	3.838
2915.000	0.052	3.838
2915.200	0.050	3.838
2915.400	0.051	3.838
2915.600	0.052	3.838
2915.800	0.049	3.838
2916.000	0.051	3.838
2916.200	0.049	3.838
2916.400	0.052	3.838
2916.600	0.051	3.838
2916.800	0.050	3.838
2917.000	0.052	3.838
2917.200	0.053	3.838
2917.400	0.050	3.838
2917.600	0.052	3.838
2917.800	0.051	3.838
2918.000	0.053	3.838
2918.200	0.052	3.838
2918.400	0.052	3.838
2918.600	0.049	3.838
2918.800	0.051	3.838
2919.000	0.050	3.838
2919.200	0.052	3.838
2919.400	0.052	3.838
2919.600	0.051	3.838
2919.800	0.052	3.838
2920.000	0.051	3.838
2920.200	0.050	3.838
2920.400	0.051	3.838
2920.600	0.051	3.838
2920.800	0.051	3.838
2921.000	0.050	3.838
2921.200	0.051	3.838
2921.400	0.051	3.838
2921.600	0.050	3.838
2921.800	0.053	3.838
2922.000	0.049	3.838
2922.200	0.051	3.838
2922.400	0.050	3.838
2922.600	0.050	3.838
2922.800	0.049	3.838
2923.000	0.051	3.838
2923.200	0.050	3.838
2923.400	0.048	3.838
2923.600	0.049	3.838
2923.800	0.049	3.838
2924.000	0.049	3.838
2924.200	0.049	3.838
2924.400	0.049	3.838
2924.600	0.049	3.838
2924.800	0.050	3.838
2925.000	0.049	3.838
2925.200	0.052	3.838
2925.400	0.052	3.838
2925.600	0.052	3.838
2925.800	0.051	3.838
2926.000	0.053	3.838
2926.200	0.050	3.838
2926.400	0.053	3.838
2926.600	0.053	3.838
2926.800	0.050	3.838
2927.000	0.052	3.838
2927.200	0.051	3.838
2927.400	0.052	3.838
2927.600	0.052	3.838
2927.800	0.050	3.838
2928.000	0.052	3.838
2928.200	0.050	3.838
2928.400	0.052	3.838
2928.600	0.053	3.838
2928.800	0.053	3.838
2929.000	0.054	3.838
2929.200	0.052	3.838
2929.400	0.051	3.838
2929.600	0.051	3.838
2929.800	0.053	3.838
2930.000	0.053	3.838
2930.200	0.051	3.838
2930.400	0.055	3.838
2930.600	0.052	3.838
2930.800	0.053	3.838
2931.000	0.053	3.838
2931.200	0.049	3.838
2931.400	0.052	3.838
2931.600	0.052	3.838
2931.800	0.052	3.838
2932.000	0.051	3.838
2932.200	0.049	3.838
2932.400	0.050	3.838
2932.600	0.051	3.838
2932.800	0.050	3.838
2933.000	0.050	3.838
2933.200	0.051	3.838
2933.400	0.050	3.838
2933.600	0.051	3.838
2933.800	0.049	3.838
2934.000	0.050	3.838
2934.200	0.047	3.838
2934.400	0.048	3.838
2934.600	0.050	3.838
2934.800	0.052	3.838
2935.000	0.052	3.838
2935.200	0.053	3.838
2935.400	0.049	3.838
2935.600	0.048	3.838
2935.800	0.050	3.838
2936.000	0.049	3.838
2936.200	0.050	3.838
2936.400	0.052	3.838
2936.600	0.050	3.838
2936.800	0.049	3.838
2937.000	0.053	3.838
2937.200	0.050	3.838
2937.400	0.048	3.838
2937.600	0.048	3.838
2937.800	0.050	3.838
2938.000	0.050	3.838
2938.200	0.050	3.838
2938.400	0.050	3.838
2938.600	0.048	3.838
2938.800	0.051	3.838
2939.000	0.049	3.838
2939.200	0.050	3.838
2939.400	0.053	3.838
2939.600	0.051	3.838
2939.800	0.052	3.838
2940.000	0.049	3.838
2940.200	0.053	3.838
2940.400	0.051	3.838
2940.600	0.050	3.838
2940.800	0.052	3.838
2941.000	0.051	3.838
2941.200	0.052	3.838
2941.400	0.052	3.838
2941.600	0.052	3.838
2941.800	0.052	3.838
2942.000	0.051	3.838
2942.200	0.052	3.838
2942.400	0.053	3.838
2942.600	0.052	3.838
2942.800	0.052	3.838
2943.000	0.052	3.838
2943.200	0.053	3.838
2943.400	0.052	3.838
2943.600	0.052	3.838
2943.800	0.053	3.838
2944.000	0.054	3.838
2944.200	0.053	3.838
2944.400	0.052	3.838
2944.600	0.053	3.838
2944.800	0.053	3.838
2945.000	0.054	3.838
2945.200	0.051	3.838
2945.400	0.051	3.838
2945.600	0.051	3.838
2945.800	0.050	3.838
2946.000	0.052	3.838
2946.200	0.051	3.838
2946.400	0.052	3.838
2946.600	0.052	3.838
2946.800	0.052	3.838
2947.000	0.051	3.838
2947.200	0.052	3.838
2947.400	0.053	3.838
2947.600	0.052	3.838
2947.800	0.052	3.838
2948.000	0.052	3.838
2948.200	0.051	3.838
2948.400	0.052	3.838
2948.600	0.051	3.838
2948.800	0.051	3.838
2949.000	0.053	3.838
2949.200	0.051	3.838
2949.400	0.051	3.838
2949.600	0.050	3.838
2949.800	0.050	3.838
2950.000	0.050	3.838
2950.200	0.050	3.838
2950.400	0.050	3.838
2950.600	0.051	3.838
2950.800	0.050	3.838
2951.000	0.053	3.838
2951.200	0.052	3.838
2951.400	0.050	3.838
2951.600	0.051	3.838
2951.800	0.051	3.838
2952.000	0.052	3.838
2952.200	0.051	3.838
2952.400	0.052	3.838
2952.600	0.051	3.838
2952.800	0.051	3.838
2953.000	0.051	3.838
2953.200	0.050	3.838
2953.400	0.049	3.838
2953.600	0.051	3.838
2953.800	0.050	3.838
2954.000	0.050	3.838
2954.200	0.051	3.838
2954.400	0.049	3.838
2954.600	0.048	3.838
2954.800	0.050	3.838
2955.000	0.052	3.838
2955.200	0.049	3.838
2955.400	0.049	3.838
2955.600	0.050	3.838
2955.800	0.049	3.838
2956.000	0.050	3.838
2956.200	0.051	3.838
2956.400	0.051	3.838
2956.600	0.051	3.838
2956.800	0.050	3.838
2957.000	0.052	3.838
2957.200	0.050	3.838
2957.400	0.049	3.838
2957.600	0.051	3.838
2957.800	0.050	3.838
2958.000	0.050	3.838
2958.200	0.052	3.838
2958.400	0.052	3.838
2958.600	0.051	3.838
2958.800	0.052	3.838
2959.000	0.052	3.838
2959.200	0.051	3.838
2959.400	0.050	3.838
2959.600	0.051	3.838
2959.800	0.049	3.838
2960.000	0.047	3.838
2960.200	0.050	3.838
2960.400	0.049	3.838
2960.600	0.049	3.838
2960.800	0.050	3.838
2961.000	0.050	3.838
2961.200	0.051	3.838
2961.400	0.050	3.838
2961.600	0.050	3.838
2961.800	0.050	3.838
2962.000	0.051	3.838
2962.200	0.052	3.838
2962.400	0.050	3.838
2962.600	0.050	3.838
2962.800	0.050	3.838
2963.000	0.050	3.838
2963.200	0.050	3.838
2963.400	0.052	3.838
2963.600	0.050	3.838
2963.800	0.052	3.838
2964.000	0.051	3.838
2964.200	0.052	3.838
2964.400	0.050	3.838
2964.600	0.051	3.838
2964.800	0.052	3.838
2965.000	0.050	3.838
2965.200	0.050	3.838
2965.400	0.051	3.838
2965.600	0.048	3.838
2965.800	0.051	3.838
2966.000	0.049	3.838
2966.200	0.049	3.838
2966.400	0.051	3.838
2966.600	0.052	3.838
2966.800	0.054	3.838
2967.000	0.049	3.838
2967.200	0.053	3.838
2967.400	0.048	3.838
2967.600	0.051	3.838
2967.800	0.052	3.838
2968.000	0.050	3.838
2968.200	0.049	3.838
2968.400	0.051	3.838
2968.600	0.051	3.838
2968.800	0.051	3.838
2969.000	0.048	3.838
2969.200	0.052	3.838
2969.400	0.049	3.838
2969.600	0.049	3.838
2969.800	0.050	3.838
2970.000	0.050	3.838
2970.200	0.049	3.838
2970.400	0.049	3.838
2970.600	0.051	3.838
2970.800	0.048	3.838
2971.000	0.050	3.838
2971.200	0.049	3.838
2971.400	0.051	3.838
2971.600	0.051	3.838
2971.800	0.050	3.838
2972.000	0.050	3.838
2972.200	0.051	3.838
2972.400	0.050	3.838
2972.600	0.051	3.838
2972.800	0.051	3.838
2973.000	0.052	3.838
2973.200	0.048	3.838
2973.400	0.048	3.838
2973.600	0.050	3.838
2973.800	0.052	3.838
2974.000	0.050	3.838
2974.200	0.050	3.838
2974.400	0.049	3.838
2974.600	0.051	3.838
2974.800	0.048	3.838
2975.000	0.051	3.838
2975.200	0.049	3.838
2975.400	0.050	3.838
2975.600	0.050	3.838
2975.800	0.050	3.838
2976.000	0.051	3.838
2976.200	0.049	3.838
2976.400	0.048	3.838
2976.600	0.049	3.838
2976.800	0.050	3.838
2977.000	0.049	3.838
2977.200	0.049	3.838
2977.400	0.050	3.838
2977.600	0.049	3.838
2977.800	0.049	3.838
2978.000	0.051	3.838
2978.200	0.049	3.838
2978.400	0.048	3.838
2978.600	0.050	3.838
2978.800	0.048	3.838
2979.000	0.049	3.838
2979.200	0.050	3.838
2979.400	0.051	3.838
2979.600	0.048	3.838
2979.800	0.050	3.838
2980.000	0.050	3.838
2980.200	0.052	3.838
2980.400	0.051	3.838
2980.600	0.051	3.838
2980.800	0.049	3.838
2981.000	0.050	3.838
2981.200	0.049	3.838
2981.400	0.050	3.838
2981.600	0.049	3.838
2981.800	0.051	3.838
2982.000	0.049	3.838
2982.200	0.050	3.838
2982.400	0.050	3.838
2982.600	0.049	3.838
2982.800	0.051	3.838
2983.000	0.050	3.838
2983.200	0.049	3.838
2983.400	0.049	3.838
2983.600	0.050	3.838
2983.800	0.050	3.838
2984.000	0.049	3.838
2984.200	0.050	3.838
2984.400	0.050	3.838
2984.600	0.049	3.838
2984.800	0.051	3.838
2985.000	0.050	3.838
2985.200	0.051	3.838
2985.400	0.053	3.838
2985.600	0.050	3.838
2985.800	0.051	3.838
2986.000	0.051	3.838
2986.200	0.048	3.838
2986.400	0.049	3.838
2986.600	0.052	3.838
2986.800	0.051	3.838
2987.000	0.051	3.838
2987.200	0.051	3.838
2987.400	0.050	3.838
2987.600	0.050	3.838
2987.800	0.049	3.838
2988.000	0.049	3.838
2988.200	0.052	3.838
2988.400	0.052	3.838
2988.600	0.049	3.838
2988.800	0.052	3.838
2989.000	0.051	3.838
2989.200	0.052	3.838
2989.400	0.051	3.838
2989.600	0.050	3.838
2989.800	0.050	3.838
2990.000	0.050	3.838
2990.200	0.051	3.838
2990.400	0.048	3.838
2990.600	0.051	3.838
2990.800	0.050	3.838
2991.000	0.050	3.838
2991.200	0.051	3.838
2991.400	0.052	3.838
2991.600	0.050	3.838
2991.800	0.051	3.838
2992.000	0.052	3.838
2992.200	0.050	3.838
2992.400	0.050	3.838
2992.600	0.052	3.838
2992.800	0.052	3.838
2993.000	0.052	3.838
2993.200	0.051	3.838
2993.400	0.051	3.838
2993.600	0.051	3.838
2993.800	0.051	3.838
2994.000	0.051	3.838
2994.200	0.049	3.838
2994.400	0.050	3.838
2994.600	0.049	3.838
2994.800	0.052	3.838
2995.000	0.052	3.838
2995.200	0.051	3.838
2995.400	0.051	3.838
2995.600	0.049	3.838
2995.800	0.052	3.838
2996.000	0.052	3.838
2996.200	0.052	3.838
2996.400	0.050	3.838
2996.600	0.050	3.838
2996.800	0.050	3.838
2997.000	0.050	3.838
2997.200	0.051	3.838
2997.400	0.051	3.838
2997.600	0.050	3.838
2997.800	0.049	3.838
2998.000	0.050	3.838
2998.200	0.051	3.838
2998.400	0.051	3.838
2998.600	0.050	3.838
2998.800	0.051	3.838
2999.000	0.050	3.838
2999.200	0.050	3.838
2999.400	0.050	3.838
2999.600	0.049	3.838
2999.800	0.050	3.838
3000.000	0.049	3.838
3000.200	0.050	3.838
3000.400	0.051	3.838
3000.600	0.050	3.838
3000.800	0.052	3.838
3001.000	0.050	3.838
3001.200	0.052	3.838
3001.400	0.051	3.838
3001.600	0.050	3.838
3001.800	0.051	3.838
3002.000	0.053	3.838
3002.200	0.053	3.838
3002.400	0.053	3.838
3002.600	0.053	3.838
3002.800	0.053	3.838
3003.000	0.050	3.838
3003.200	0.049	3.838
3003.400	0.051	3.838
3003.600	0.053	3.838
3003.800	0.050	3.838
3004.000	0.051	3.838
3004.200	0.053	3.838
3004.400	0.052	3.838
3004.600	0.052	3.838
3004.800	0.051	3.838
3005.000	0.051	3.838
3005.200	0.050	3.838
3005.400	0.052	3.838
3005.600	0.050	3.838
3005.800	0.050	3.838
3006.000	0.051	3.838
3006.200	0.051	3.838
3006.400	0.049	3.838
3006.600	0.051	3.838
3006.800	0.050	3.838
3007.000	0.051	3.838
3007.200	0.052	3.838
3007.400	0.053	3.838
3007.600	0.051	3.838
3007.800	0.050	3.838
3008.000	0.049	3.838
3008.200	0.050	3.838
3008.400	0.052	3.838
3008.600	0.051	3.838
3008.800	0.051	3.838
3009.000	0.051	3.838
3009.200	0.052	3.838
3009.400	0.051	3.838
3009.600	0.051	3.838
3009.800	0.051	3.838
3010.000	0.051	3.838
3010.200	0.050	3.838
3010.400	0.051	3.838
3010.600	0.049	3.838
3010.800	0.050	3.838
3011.000	0.051	3.838
3011.200	0.050	3.838
3011.400	0.048	3.838
3011.600	0.050	3.838
3011.800	0.051	3.838
3012.000	0.051	3.838
3012.200	0.053	3.838
3012.400	0.049	3.838
3012.600	0.051	3.838
3012.800	0.050	3.838
3013.000	0.049	3.838
3013.200	0.052	3.838
3013.400	0.050	3.838
3013.600	0.052	3.838
3013.800	0.051	3.838
3014.000	0.052	3.838
3014.200	0.050	3.838
3014.400	0.050	3.838
3014.600	0.050	3.838
3014.800	0.050	3.838
3015.000	0.050	3.838
3015.200	0.051	3.838
3015.400	0.051	3.838
3015.600	0.052	3.838
3015.800	0.052	3.838
3016.000	0.051	3.838
3016.200	0.052	3.838
3016.400	0.051	3.838
3016.600	0.049	3.838
3016.800	0.051	3.838
3017.000	0.050	3.838
3017.200	0.052	3.838
3017.400	0.052	3.838
3017.600	0.051	3.838
3017.800	0.052	3.838
3018.000	0.051	3.838
3018.200	0.053	3.838
3018.400	0.051	3.838
3018.600	0.052	3.838
3018.800	0.050	3.838
3019.000	0.051	3.838
3019.200	0.050	3.838
3019.400	0.051	3.838
3019.600	0.049	3.838
3019.800	0.050	3.838
3020.000	0.051	3.838
3020.200	0.050	3.838
3020.400	0.050	3.838
3020.600	0.051	3.838
3020.800	0.051	3.838
3021.000	0.052	3.838
3021.200	0.051	3.838
3021.400	0.050	3.838
3021.600	0.051	3.838
3021.800	0.049	3.838
3022.000	0.051	3.838
3022.200	0.049	3.838
3022.400	0.050	3.838
3022.600	0.050	3.838
3022.800	0.052	3.838
3023.000	0.051	3.838
3023.200	0.050	3.838
3023.400	0.050	3.838
3023.600	0.051	3.838
3023.800	0.051	3.838
3024.000	0.051	3.838
3024.200	0.050	3.838
3024.400	0.053	3.838
3024.600	0.051	3.838
3024.800	0.050	3.838
3025.000	0.050	3.838
3025.200	0.051	3.838
3025.400	0.054	3.838
3025.600	0.052	3.838
3025.800	0.052	3.838
3026.000	0.050	3.838
3026.200	0.051	3.838
3026.400	0.053	3.838
3026.600	0.052	3.838
3026.800	0.053	3.838
3027.000	0.052	3.838
3027.200	0.052	3.838
3027.400	0.052	3.838
3027.600	0.054	3.838
3027.800	0.052	3.838
3028.000	0.053	3.838
3028.200	0.052	3.838
3028.400	0.051	3.838
3028.600	0.053	3.838
3028.800	0.053	3.838
3029.000	0.053	3.838
3029.200	0.053	3.838
3029.400	0.055	3.838
3029.600	0.054	3.838
3029.800	0.054	3.838
3030.000	0.054	3.838
3030.200	0.052	3.838
3030.400	0.053	3.838
3030.600	0.053	3.838
3030.800	0.052	3.838
3031.000	0.052	3.838
3031.200	0.051	3.838
3031.400	0.054	3.838
3031.600	0.053	3.838
3031.800	0.051	3.838
3032.000	0.053	3.838
3032.200	0.052	3.838
3032.400	0.054	3.838
3032.600	0.051	3.838
3032.800	0.053	3.838
3033.000	0.050	3.838
3033.200	0.050	3.838
3033.400	0.051	3.838
3033.600	0.052	3.838
3033.800	0.053	3.838
3034.000	0.052	3.838
3034.200	0.052	3.838
3034.400	0.049	3.838
3034.600	0.049	3.838
3034.800	0.051	3.838
3035.000	0.050	3.838
3035.200	0.051	3.838
3035.400	0.053	3.838
3035.600	0.051	3.838
3035.800	0.051	3.838
3036.000	0.051	3.838
3036.200	0.048	3.838
3036.400	0.051	3.838
3036.600	0.052	3.838
3036.800	0.050	3.838
3037.000	0.049	3.838
3037.200	0.049	3.838
3037.400	0.051	3.838
3037.600	0.051	3.838
3037.800	0.051	3.838
3038.000	0.051	3.838
3038.200	0.050	3.838
3038.400	0.053	3.838
3038.600	0.051	3.838
3038.800	0.050	3.838
3039.000	0.049	3.838
3039.200	0.050	3.838
3039.400	0.051	3.838
3039.600	0.051	3.838
3039.800	0.049	3.838
3040.000	0.049	3.838
3040.200	0.050	3.838
3040.400	0.050	3.838
3040.600	0.050	3.838
3040.800	0.051	3.838
3041.000	0.051	3.838
3041.200	0.050	3.838
3041.400	0.050	3.838
3041.600	0.052	3.838
3041.800	0.051	3.838
3042.000	0.052	3.838
3042.200	0.051	3.838
3042.400	0.051	3.838
3042.600	0.050	3.838
3042.800	0.049	3.838
3043.000	0.049	3.838
3043.200	0.051	3.838
3043.400	0.051	3.838
3043.600	0.047	3.838
3043.800	0.049	3.838
3044.000	0.051	3.838
3044.200	0.051	3.838
3044.400	0.048	3.838
3044.600	0.052	3.838
3044.800	0.050	3.838
3045.000	0.050	3.838
3045.200	0.050	3.838
3045.400	0.047	3.838
3045.600	0.049	3.838
3045.800	0.050	3.838
3046.000	0.050	3.838
3046.200	0.049	3.838
3046.400	0.050	3.838
3046.600	0.049	3.838
3046.800	0.049	3.838
3047.000	0.048	3.838
3047.200	0.047	3.838
3047.400	0.047	3.837
3047.600	0.048	3.837
3047.800	0.049	3.838
3048.000	0.049	3.838
3048.200	0.049	3.838
3048.400	0.050	3.838
3048.600	0.049	3.838
3048.800	0.049	3.838
3049.000	0.048	3.838
3049.200	0.048	3.838
3049.400	0.050	3.838
3049.600	0.048	3.838
3049.800	0.050	3.838
3050.000	0.048	3.838
3050.200	0.050	3.838
3050.400	0.051	3.838
3050.600	0.052	3.838
3050.800	0.050	3.838
3051.000	0.051	3.838
3051.200	0.052	3.838
3051.400	0.050	3.838
3051.600	0.050	3.838
3051.800	0.050	3.838
3052.000	0.049	3.838
3052.200	0.050	3.838
3052.400	0.050	3.838
3052.600	0.049	3.838
3052.800	0.047	3.838
3053.000	0.048	3.838
3053.200	0.050	3.838
3053.400	0.047	3.838
3053.600	0.050	3.838
3053.800	0.050	3.838
3054.000	0.049	3.838
3054.200	0.050	3.838
3054.400	0.049	3.838
3054.600	0.050	3.838
3054.800	0.049	3.838
3055.000	0.051	3.838
3055.200	0.049	3.838
3055.400	0.051	3.838
3055.600	0.050	3.838
3055.800	0.048	3.838
3056.000	0.046	3.838
3056.200	0.049	3.838
3056.400	0.049	3.838
3056.600	0.048	3.838
3056.800	0.048	3.838
3057.000	0.047	3.838
3057.200	0.050	3.838
3057.400	0.048	3.838
3057.600	0.047	3.838
3057.800	0.048	3.838
3058.000	0.047	3.838
3058.200	0.047	3.838
3058.400	0.049	3.838
3058.600	0.047	3.838
3058.800	0.048	3.838
3059.000	0.046	3.838
3059.200	0.049	3.838
3059.400	0.048	3.838
3059.600	0.049	3.838
3059.800	0.050	3.838
3060.000	0.048	3.838
3060.200	0.048	3.838
3060.400	0.047	3.838
3060.600	0.047	3.838
3060.800	0.048	3.838
3061.000	0.048	3.838
3061.200	0.048	3.838
3061.400	0.050	3.838
3061.600	0.050	3.838
3061.800	0.049	3.838
3062.000	0.048	3.838
3062.200	0.048	3.838
3062.400	0.047	3.838
3062.600	0.047	3.838
3062.800	0.050	3.838
3063.000	0.050	3.838
3063.200	0.049	3.838
3063.400	0.049	3.838
3063.600	0.049	3.838
3063.800	0.048	3.838
3064.000	0.051	3.838
3064.200	0.050	3.838
3064.400	0.049	3.838
3064.600	0.049	3.838
3064.800	0.047	3.838
3065.000	0.048	3.838
3065.200	0.049	3.838
3065.400	0.050	3.838
3065.600	0.049	3.838
3065.800	0.050	3.838
3066.000	0.051	3.838
3066.200	0.050	3.838
3066.400	0.050	3.838
3066.600	0.050	3.838
3066.800	0.049	3.838
3067.000	0.049	3.838
3067.200	0.048	3.838
3067.400	0.050	3.838
3067.600	0.049	3.838
3067.800	0.049	3.838
3068.000	0.049	3.838
3068.200	0.049	3.838
3068.400	0.050	3.838
3068.600	0.049	3.838
3068.800	0.048	3.838
3069.000	0.049	3.838
3069.200	0.048	3.838
3069.400	0.050	3.838
3069.600	0.049	3.838
3069.800	0.049	3.838
3070.000	0.049	3.838
3070.200	0.050	3.838
3070.400	0.050	3.838
3070.600	0.050	3.838
3070.800	0.050	3.838
3071.000	0.051	3.838
3071.200	0.050	3.838
3071.400	0.046	3.837
3071.600	0.050	3.838
3071.800	0.050	3.838
3072.000	0.049	3.838
3072.200	0.046	3.838
3072.400	0.049	3.838
3072.600	0.051	3.838
3072.800	0.051	3.838
3073.000	0.049	3.838
3073.200	0.048	3.837
3073.400	0.049	3.838
3073.600	0.049	3.838
3073.800	0.048	3.838
3074.000	0.049	3.838
3074.200	0.051	3.837
3074.400	0.050	3.837
3074.600	0.048	3.837
3074.800	0.049	3.837
3075.000	0.051	3.838
3075.200	0.049	3.837
3075.400	0.049	3.838
3075.600	0.049	3.838
3075.800	0.049	3.837
3076.000	0.049	3.838
3076.200	0.050	3.837
3076.400	0.050	3.838
3076.600	0.050	3.838
3076.800	0.050	3.838
3077.000	0.051	3.838
3077.200	0.050	3.838
3077.400	0.050	3.838
3077.600	0.050	3.838
3077.800	0.050	3.838
3078.000	0.052	3.838
3078.200	0.051	3.838
3078.400	0.051	3.838
3078.600	0.049	3.838
3078.800	0.052	3.838
3079.000	0.050	3.838
3079.200	0.052	3.838
3079.400	0.052	3.838
3079.600	0.050	3.838
3079.800	0.049	3.838
3080.000	0.050	3.838
3080.200	0.050	3.838
3080.400	0.050	3.838
3080.600	0.050	3.838
3080.800	0.049	3.838
3081.000	0.051	3.838
3081.200	0.049	3.838
3081.400	0.051	3.838
3081.600	0.050	3.838
3081.800	0.048	3.838
3082.000	0.049	3.838
3082.200	0.051	3.838
3082.400	0.052	3.838
3082.600	0.050	3.838
3082.800	0.050	3.838
3083.000	0.050	3.838
3083.200	0.049	3.838
3083.400	0.050	3.838
3083.600	0.050	3.837
3083.800	0.049	3.838
3084.000	0.052	3.838
3084.200	0.050	3.838
3084.400	0.049	3.838
3084.600	0.050	3.838
3084.800	0.048	3.838
3085.000	0.050	3.838
3085.200	0.048	3.838
3085.400	0.050	3.838
3085.600	0.049	3.838
3085.800	0.048	3.838
3086.000	0.049	3.838
3086.200	0.051	3.838
3086.400	0.050	3.838
3086.600	0.050	3.838
3086.800	0.050	3.838
3087.000	0.048	3.838
3087.200	0.048	3.838
3087.400	0.052	3.838
3087.600	0.050	3.838
3087.800	0.052	3.838
3088.000	0.052	3.838
3088.200	0.052	3.838
3088.400	0.049	3.838
3088.600	0.049	3.838
3088.800	0.051	3.838
3089.000	0.050	3.838
3089.200	0.050	3.837
3089.400	0.051	3.838
3089.600	0.049	3.838
3089.800	0.049	3.838
3090.000	0.051	3.838
3090.200	0.049	3.838
3090.400	0.051	3.838
3090.600	0.049	3.838
3090.800	0.050	3.838
3091.000	0.050	3.838
3091.200	0.050	3.838
3091.400	0.049	3.838
3091.600	0.050	3.837
3091.800	0.051	3.838
3092.000	0.049	3.837
3092.200	0.051	3.838
3092.400	0.051	3.838
3092.600	0.049	3.838
3092.800	0.051	3.838
3093.000	0.050	3.838
3093.200	0.049	3.838
3093.400	0.051	3.838
3093.600	0.051	3.838
3093.800	0.049	3.837
3094.000	0.049	3.838
3094.200	0.049	3.838
3094.400	0.050	3.837
3094.600	0.051	3.838
3094.800	0.050	3.838
3095.000	0.051	3.838
3095.200	0.050	3.838
3095.400	0.051	3.838
3095.600	0.051	3.838
3095.800	0.050	3.838
3096.000	0.051	3.838
3096.200	0.049	3.838
3096.400	0.053	3.838
3096.600	0.049	3.838
3096.800	0.048	3.838
3097.000	0.049	3.837
3097.200	0.051	3.838
3097.400	0.049	3.838
3097.600	0.053	3.838
3097.800	0.049	3.838
3098.000	0.048	3.838
3098.200	0.050	3.838
3098.400	0.049	3.838
3098.600	0.050	3.838
3098.800	0.050	3.838
3099.000	0.048	3.838
3099.200	0.050	3.838
3099.400	0.050	3.838
3099.600	0.050	3.838
3099.800	0.049	3.838
3100.000	0.051	3.837
3100.200	0.050	3.838
3100.400	0.051	3.838
3100.600	0.049	3.838
3100.800	0.051	3.838
3101.000	0.051	3.838
3101.200	0.050	3.838
3101.400	0.051	3.838
3101.600	0.050	3.838
3101.800	0.048	3.838
3102.000	0.049	3.837
3102.200	0.050	3.838
3102.400	0.048	3.838
3102.600	0.047	3.837
3102.800	0.047	3.838
3103.000	0.047	3.838
3103.200	0.051	3.838
3103.400	0.051	3.838
3103.600	0.046	3.837
3103.800	0.050	3.838
3104.000	0.050	3.838
3104.200	0.050	3.838
3104.400	0.048	3.838
3104.600	0.052	3.838
3104.800	0.051	3.838
3105.000	0.050	3.838
3105.200	0.051	3.838
3105.400	0.051	3.838
3105.600	0.050	3.838
3105.800	0.049	3.837
3106.000	0.050	3.838
3106.200	0.052	3.837
3106.400	0.051	3.838
3106.600	0.051	3.838
3106.800	0.050	3.838
3107.000	0.048	3.838
3107.200	0.051	3.838
3107.400	0.050	3.838
3107.600	0.049	3.838
3107.800	0.051	3.838
3108.000	0.051	3.838
3108.200	0.049	3.837
3108.400	0.050	3.838
3108.600	0.050	3.838
3108.800	0.050	3.838
3109.000	0.049	3.838
3109.200	0.049	3.837
3109.400	0.050	3.838
3109.600	0.050	3.838
3109.800	0.049	3.837
3110.000	0.050	3.838
3110.200	0.050	3.838
3110.400	0.050	3.838
3110.600	0.051	3.838
3110.800	0.051	3.838
3111.000	0.050	3.838
3111.200	0.052	3.838
3111.400	0.051	3.838
3111.600	0.049	3.838
3111.800	0.050	3.838
3112.000	0.050	3.838
3112.200	0.052	3.838
3112.400	0.051	3.838
3112.600	0.049	3.837
3112.800	0.049	3.837
3113.000	0.048	3.837
3113.200	0.050	3.838
3113.400	0.049	3.838
3113.600	0.050	3.837
3113.800	0.051	3.838
3114.000	0.050	3.837
3114.200	0.051	3.838
3114.400	0.050	3.838
3114.600	0.051	3.838
3114.800	0.050	3.838
3115.000	0.050	3.838
3115.200	0.050	3.838
3115.400	0.050	3.838
3115.600	0.050	3.838
3115.800	0.050	3.838
3116.000	0.050	3.837
3116.200	0.051	3.838
3116.400	0.048	3.837
3116.600	0.052	3.838
3116.800	0.049	3.837
3117.000	0.050	3.838
3117.200	0.051	3.838
3117.400	0.052	3.838
3117.600	0.051	3.837
3117.800	0.051	3.837
3118.000	0.054	3.838
3118.200	0.051	3.838
3118.400	0.052	3.837
3118.600	0.053	3.838
3118.800	0.050	3.837
3119.000	0.052	3.837
3119.200	0.051	3.837
3119.400	0.051	3.838
3119.600	0.052	3.838
3119.800	0.049	3.838
3120.000	0.052	3.838
3120.200	0.051	3.837
3120.400	0.051	3.837
3120.600	0.051	3.838
3120.800	0.049	3.837
3121.000	0.051	3.837
3121.200	0.052	3.838
3121.400	0.051	3.838
3121.600	0.054	3.838
3121.800	0.049	3.837
3122.000	0.050	3.838
3122.200	0.052	3.838
3122.400	0.051	3.837
3122.600	0.053	3.838
3122.800	0.052	3.838
3123.000	0.052	3.838
3123.200	0.051	3.838
3123.400	0.052	3.838
3123.600	0.052	3.838
3123.800	0.051	3.838
3124.000	0.051	3.838
3124.200	0.049	3.837
3124.400	0.052	3.838
3124.600	0.050	3.837
3124.800	0.053	3.838
3125.000	0.054	3.838
3125.200	0.052	3.838
3125.400	0.051	3.838
3125.600	0.051	3.838
3125.800	0.051	3.838
3126.000	0.053	3.838
3126.200	0.051	3.838
3126.400	0.050	3.838
3126.600	0.053	3.838
3126.800	0.052	3.838
3127.000	0.052	3.838
3127.200	0.051	3.838
3127.400	0.051	3.838
3127.600	0.052	3.838
3127.800	0.050	3.838
3128.000	0.050	3.838
3128.200	0.050	3.838
3128.400	0.050	3.837
3128.600	0.051	3.838
3128.800	0.051	3.838
3129.000	0.052	3.837
3129.200	0.051	3.838
3129.400	0.052	3.838
3129.600	0.053	3.838
3129.800	0.051	3.837
3130.000	0.050	3.838
3130.200	0.051	3.837
3130.400	0.050	3.837
3130.600	0.051	3.837
3130.800	0.051	3.838
3131.000	0.049	3.837
3131.200	0.052	3.838
3131.400	0.050	3.838
3131.600	0.050	3.838
3131.800	0.052	3.838
3132.000	0.050	3.837
3132.200	0.051	3.838
3132.400	0.051	3.838
3132.600	0.048	3.837
3132.800	0.051	3.837
3133.000	0.051	3.837
3133.200	0.052	3.838
3133.400	0.051	3.838
3133.600	0.051	3.838
3133.800	0.050	3.837
3134.000	0.050	3.837
3134.200	0.051	3.837
3134.400	0.050	3.837
3134.600	0.050	3.837
3134.800	0.050	3.837
3135.000	0.050	3.837
3135.200	0.051	3.837
3135.400	0.050	3.837
3135.600	0.049	3.837
3135.800	0.050	3.837
3136.000	0.049	3.837
3136.200	0.049	3.837
3136.400	0.049	3.837
3136.600	0.051	3.837
3136.800	0.051	3.837
3137.000	0.049	3.837
3137.200	0.051	3.837
3137.400	0.050	3.837
3137.600	0.050	3.837
3137.800	0.049	3.837
3138.000	0.049	3.837
3138.200	0.050	3.837
3138.400	0.047	3.837
3138.600	0.047	3.837
3138.800	0.049	3.837
3139.000	0.048	3.837
3139.200	0.050	3.837
3139.400	0.048	3.837
3139.600	0.049	3.837
3139.800	0.049	3.837
3140.000	0.049	3.837
3140.200	0.048	3.837
3140.400	0.050	3.837
3140.600	0.049	3.837
3140.800	0.050	3.837
3141.000	0.051	3.837
3141.200	0.051	3.837
3141.400	0.049	3.837
3141.600	0.050	3.837
3141.800	0.050	3.837
3142.000	0.050	3.837
3142.200	0.049	3.837
3142.400	0.049	3.837
3142.600	0.049	3.837
3142.800	0.049	3.837
3143.000	0.050	3.837
3143.200	0.049	3.837
3143.400	0.049	3.837
3143.600	0.049	3.837
3143.800	0.049	3.837
3144.000	0.048	3.837
3144.200	0.052	3.837
3144.400	0.050	3.837
3144.600	0.050	3.837
3144.800	0.049	3.837
3145.000	0.048	3.837
3145.200	0.050	3.837
3145.400	0.050	3.837
3145.600	0.047	3.837
3145.800	0.048	3.837
3146.000	0.047	3.837
3146.200	0.048	3.837
3146.400	0.049	3.837
3146.600	0.048	3.837
3146.800	0.047	3.837
3147.000	0.048	3.837
3147.200	0.048	3.837
3147.400	0.048	3.837
3147.600	0.047	3.837
3147.800	0.048	3.837
3148.000	0.048	3.837
3148.200	0.050	3.837
3148.400	0.051	3.837
3148.600	0.048	3.837
3148.800	0.048	3.837
3149.000	0.047	3.837
3149.200	0.048	3.837
3149.400	0.047	3.837
3149.600	0.048	3.837
3149.800	0.049	3.837
3150.000	0.049	3.837
3150.200	0.050	3.837
3150.400	0.049	3.837
3150.600	0.048	3.837
3150.800	0.051	3.837
3151.000	0.050	3.837
3151.200	0.050	3.837
3151.400	0.050	3.837
3151.600	0.048	3.837
3151.800	0.050	3.837
3152.000	0.048	3.837
3152.200	0.047	3.837
3152.400	0.049	3.837
3152.600	0.050	3.837
3152.800	0.049	3.837
3153.000	0.049	3.837
3153.200	0.049	3.837
3153.400	0.049	3.837
3153.600	0.050	3.837
3153.800	0.051	3.837
3154.000	0.048	3.837
3154.200	0.050	3.837
3154.400	0.051	3.837
3154.600	0.050	3.837
3154.800	0.049	3.837
3155.000	0.048	3.837
3155.200	0.050	3.837
3155.400	0.048	3.837
3155.600	0.049	3.837
3155.800	0.048	3.837
3156.000	0.049	3.837
3156.200	0.049	3.837
3156.400	0.049	3.837
3156.600	0.050	3.837
3156.800	0.050	3.837
3157.000	0.049	3.837
3157.200	0.048	3.837
3157.400	0.047	3.837
3157.600	0.050	3.837
3157.800	0.049	3.837
3158.000	0.051	3.837
3158.200	0.050	3.837
3158.400	0.047	3.837
3158.600	0.050	3.837
3158.800	0.049	3.837
3159.000	0.047	3.837
3159.200	0.047	3.837
3159.400	0.051	3.837
3159.600	0.050	3.837
3159.800	0.049	3.837
3160.000	0.050	3.837
3160.200	0.049	3.837
3160.400	0.050	3.837
3160.600	0.048	3.837
3160.800	0.051	3.837
3161.000	0.051	3.837
3161.200	0.048	3.837
3161.400	0.050	3.837
3161.600	0.046	3.837
3161.800	0.049	3.837
3162.000	0.047	3.837
3162.200	0.048	3.837
3162.400	0.047	3.837
3162.600	0.049	3.837
3162.800	0.048	3.837
3163.000	0.050	3.837
3163.200	0.049	3.837
3163.400	0.047	3.837
3163.600	0.048	3.837
3163.800	0.049	3.837
3164.000	0.049	3.837
3164.200	0.049	3.837
3164.400	0.050	3.837
3164.600	0.052	3.837
3164.800	0.050	3.837
3165.000	0.051	3.837
3165.200	0.050	3.837
3165.400	0.049	3.837
3165.600	0.050	3.837
3165.800	0.052	3.837
3166.000	0.051	3.837
3166.200	0.051	3.837
3166.400	0.049	3.837
3166.600	0.050	3.837
3166.800	0.049	3.837
3167.000	0.050	3.837
3167.200	0.049	3.837
3167.400	0.050	3.837
3167.600	0.048	3.837
3167.800	0.050	3.837
3168.000	0.046	3.837
3168.200	0.049	3.837
3168.400	0.050	3.837
3168.600	0.049	3.837
3168.800	0.051	3.837
3169.000	0.049	3.837
3169.200	0.049	3.837
3169.400	0.052	3.837
3169.600	0.050	3.837
3169.800	0.052	3.837
3170.000	0.050	3.837
3170.200	0.051	3.837
3170.400	0.051	3.837
3170.600	0.050	3.837
3170.800	0.049	3.837
3171.000	0.048	3.837
3171.200	0.049	3.837
3171.400	0.048	3.837
3171.600	0.051	3.837
3171.800	0.049	3.837
3172.000	0.049	3.837
3172.200	0.050	3.837
3172.400	0.050	3.837
3172.600	0.050	3.837
3172.800	0.050	3.837
3173.000	0.049	3.837
3173.200	0.050	3.837
3173.400	0.051	3.837
3173.600	0.052	3.837
3173.800	0.050	3.837
3174.000	0.048	3.837
3174.200	0.050	3.837
3174.400	0.051	3.837
3174.600	0.052	3.837
3174.800	0.051	3.837
3175.000	0.051	3.837
3175.200	0.050	3.837
3175.400	0.050	3.837
3175.600	0.050	3.837
3175.800	0.050	3.837
3176.000	0.051	3.837
3176.200	0.050	3.837
3176.400	0.051	3.837
3176.600	0.050	3.837
3176.800	0.051	3.837
3177.000	0.051	3.837
3177.200	0.051	3.837
3177.400	0.052	3.837
3177.600	0.051	3.837
3177.800	0.051	3.837
3178.000	0.047	3.837
3178.200	0.050	3.837
3178.400	0.052	3.837
3178.600	0.050	3.837
3178.800	0.050	3.837
3179.000	0.050	3.837
3179.200	0.049	3.837
3179.400	0.050	3.837
3179.600	0.050	3.837
3179.800	0.050	3.837
3180.000	0.048	3.837
3180.200	0.050	3.837
3180.400	0.050	3.837
3180.600	0.049	3.837
3180.800	0.049	3.837
3181.000	0.049	3.837
3181.200	0.051	3.837
3181.400	0.050	3.837
3181.600	0.048	3.837
3181.800	0.050	3.837
3182.000	0.047	3.837
3182.200	0.048	3.837
3182.400	0.048	3.837
3182.600	0.048	3.837
3182.800	0.048	3.837
3183.000	0.049	3.837
3183.200	0.050	3.837
3183.400	0.049	3.837
3183.600	0.049	3.837
3183.800	0.049	3.837
3184.000	0.048	3.837
3184.200	0.050	3.837
3184.400	0.051	3.837
3184.600	0.046	3.837
3184.800	0.048	3.837
3185.000	0.049	3.837
3185.200	0.050	3.837
3185.400	0.049	3.837
3185.600	0.050	3.837
3185.800	0.049	3.837
3186.000	0.050	3.837
3186.200	0.049	3.837
3186.400	0.048	3.837
3186.600	0.049	3.837
3186.800	0.049	3.837
3187.000	0.048	3.837
3187.200	0.049	3.837
3187.400	0.049	3.837
3187.600	0.048	3.837
3187.800	0.048	3.837
3188.000	0.047	3.837
3188.200	0.049	3.837
3188.400	0.049	3.837
3188.600	0.049	3.837
3188.800	0.049	3.837
3189.000	0.049	3.837
3189.200	0.049	3.837
3189.400	0.051	3.837
3189.600	0.049	3.837
3189.800	0.050	3.837
3190.000	0.050	3.837
3190.200	0.049	3.837
3190.400	0.050	3.837
3190.600	0.050	3.837
3190.800	0.050	3.837
3191.000	0.049	3.837
3191.200	0.048	3.837
3191.400	0.048	3.837
3191.600	0.048	3.837
3191.800	0.047	3.837
3192.000	0.050	3.837
3192.200	0.050	3.837
3192.400	0.049	3.837
3192.600	0.049	3.837
3192.800	0.050	3.837
3193.000	0.050	3.837
3193.200	0.051	3.837
3193.400	0.050	3.837
3193.600	0.049	3.837
3193.800	0.047	3.837
3194.000	0.048	3.837
3194.200	0.049	3.837
3194.400	0.048	3.837
3194.600	0.048	3.837
3194.800	0.050	3.837
3195.000	0.049	3.837
3195.200	0.048	3.837
3195.400	0.047	3.837
3195.600	0.051	3.837
3195.800	0.050	3.837
3196.000	0.049	3.837
3196.200	0.051	3.837
3196.400	0.052	3.837
3196.600	0.051	3.837
3196.800	0.050	3.837
3197.000	0.050	3.837
3197.200	0.048	3.837
3197.400	0.049	3.837
3197.600	0.051	3.837
3197.800	0.049	3.837
3198.000	0.049	3.837
3198.200	0.049	3.837
3198.400	0.048	3.837
3198.600	0.049	3.837
3198.800	0.050	3.837
3199.000	0.049	3.837
3199.200	0.050	3.837
3199.400	0.050	3.837
3199.600	0.049	3.837
3199.800	0.049	3.837
3200.000	0.050	3.837
3200.200	0.051	3.837
3200.400	0.048	3.837
3200.600	0.050	3.837
3200.800	0.048	3.837
3201.000	0.047	3.837
3201.200	0.047	3.837
3201.400	0.048	3.837
3201.600	0.049	3.837
3201.800	0.048	3.837
3202.000	0.047	3.837
3202.200	0.047	3.837
3202.400	0.047	3.837
3202.600	0.048	3.837
3202.800	0.050	3.837
3203.000	0.050	3.837
3203.200	0.049	3.837
3203.400	0.047	3.837
3203.600	0.050	3.837
3203.800	0.050	3.837
3204.000	0.047	3.837
3204.200	0.049	3.837
3204.400	0.047	3.837
3204.600	0.048	3.837
3204.800	0.048	3.837
3205.000	0.048	3.837
3205.200	0.048	3.837
3205.400	0.049	3.837
3205.600	0.050	3.837
3205.800	0.049	3.837
3206.000	0.050	3.837
3206.200	0.049	3.837
3206.400	0.047	3.837
3206.600	0.048	3.837
3206.800	0.048	3.837
3207.000	0.049	3.837
3207.200	0.050	3.837
3207.400	0.050	3.837
3207.600	0.049	3.837
3207.800	0.049	3.837
3208.000	0.048	3.837
3208.200	0.049	3.837
3208.400	0.049	3.837
3208.600	0.049	3.837
3208.800	0.049	3.837
3209.000	0.051	3.837
3209.200	0.051	3.837
3209.400	0.050	3.837
3209.600	0.051	3.837
3209.800	0.048	3.837
3210.000	0.050	3.837
3210.200	0.049	3.837
3210.400	0.050	3.837
3210.600	0.047	3.837
3210.800	0.049	3.837
3211.000	0.048	3.837
3211.200	0.049	3.837
3211.400	0.050	3.837
3211.600	0.050	3.837
3211.800	0.051	3.837
3212.000	0.049	3.837
3212.200	0.048	3.837
3212.400	0.049	3.837
3212.600	0.046	3.837
3212.800	0.050	3.837
3213.000	0.048	3.837
3213.200	0.048	3.837
3213.400	0.048	3.837
3213.600	0.046	3.837
3213.800	0.050	3.837
3214.000	0.048	3.837
3214.200	0.049	3.837
3214.400	0.048	3.837
3214.600	0.050	3.837
3214.800	0.049	3.837
3215.000	0.050	3.837
3215.200	0.051	3.837
3215.400	0.048	3.837
3215.600	0.049	3.837
3215.800	0.049	3.837
3216.000	0.048	3.837
3216.200	0.050	3.837
3216.400	0.051	3.837
3216.600	0.050	3.837
3216.800	0.048	3.837
3217.000	0.048	3.837
3217.200	0.049	3.837
3217.400	0.049	3.837
3217.600	0.050	3.837
3217.800	0.051	3.837
3218.000	0.048	3.837
3218.200	0.047	3.837
3218.400	0.050	3.837
3218.600	0.048	3.837
3218.800	0.047	3.837
3219.000	0.048	3.837
3219.200	0.047	3.837
3219.400	0.049	3.837
3219.600	0.050	3.837
3219.800	0.048	3.837
3220.000	0.050	3.837
3220.200	0.050	3.837
3220.400	0.050	3.837
3220.600	0.050	3.837
3220.800	0.048	3.837
3221.000	0.049	3.837
3221.200	0.051	3.837
3221.400	0.049	3.837
3221.600	0.051	3.837
3221.800	0.050	3.837
3222.000	0.050	3.837
3222.200	0.048	3.837
3222.400	0.050	3.837
3222.600	0.050	3.837
3222.800	0.048	3.837
3223.000	0.050	3.837
3223.200	0.049	3.837
3223.400	0.048	3.837
3223.600	0.048	3.837
3223.800	0.050	3.837
3224.000	0.050	3.837
3224.200	0.049	3.837
3224.400	0.049	3.837
3224.600	0.047	3.837
3224.800	0.048	3.837
3225.000	0.049	3.837
3225.200	0.046	3.837
3225.400	0.049	3.837
3225.600	0.049	3.837
3225.800	0.050	3.837
3226.000	0.051	3.837
3226.200	0.050	3.837
3226.400	0.049	3.837
3226.600	0.049	3.837
3226.800	0.050	3.837
3227.000	0.050	3.837
3227.200	0.049	3.837
3227.400	0.048	3.837
3227.600	0.051	3.837
3227.800	0.047	3.837
3228.000	0.048	3.837
3228.200	0.048	3.837
3228.400	0.049	3.837
3228.600	0.049	3.837
3228.800	0.050	3.837
3229.000	0.050	3.837
3229.200	0.050	3.837
3229.400	0.051	3.837
3229.600	0.049	3.837
3229.800	0.049	3.837
3230.000	0.049	3.837
3230.200	0.049	3.837
3230.400	0.049	3.837
3230.600	0.050	3.837
3230.800	0.048	3.837
3231.000	0.048	3.837
3231.200	0.047	3.837
3231.400	0.048	3.837
3231.600	0.048	3.837
3231.800	0.048	3.837
3232.000	0.050	3.837
3232.200	0.048	3.837
3232.400	0.049	3.837
3232.600	0.048	3.837
3232.800	0.049	3.837
3233.000	0.049	3.837
3233.200	0.049	3.837
3233.400	0.048	3.837
3233.600	0.048	3.837
3233.800	0.049	3.837
3234.000	0.048	3.837
3234.200	0.047	3.837
3234.400	0.048	3.837
3234.600	0.047	3.837
3234.800	0.047	3.837
3235.000	0.046	3.837
3235.200	0.047	3.837
3235.400	0.049	3.837
3235.600	0.048	3.837
3235.800	0.048	3.837
3236.000	0.049	3.837
3236.200	0.050	3.837
3236.400	0.049	3.837
3236.600	0.049	3.837
3236.800	0.051	3.837
3237.000	0.050	3.837
3237.200	0.049	3.837
3237.400	0.050	3.837
3237.600	0.048	3.837
3237.800	0.048	3.837
3238.000	0.049	3.837
3238.200	0.049	3.837
3238.400	0.049	3.837
3238.600	0.048	3.837
3238.800	0.050	3.837
3239.000	0.049	3.837
3239.200	0.048	3.837
3239.400	0.047	3.837
3239.600	0.051	3.837
3239.800	0.049	3.837
3240.000	0.049	3.837
3240.200	0.049	3.837
3240.400	0.049	3.837
3240.600	0.048	3.837
3240.800	0.048	3.837
3241.000	0.047	3.837
3241.200	0.047	3.837
3241.400	0.046	3.837
3241.600	0.047	3.837
3241.800	0.049	3.837
3242.000	0.049	3.837
3242.200	0.049	3.837
3242.400	0.048	3.837
3242.600	0.049	3.837
3242.800	0.049	3.837
3243.000	0.049	3.837
3243.200	0.049	3.837
3243.400	0.049	3.837
3243.600	0.049	3.837
3243.800	0.050	3.837
3244.000	0.048	3.837
3244.200	0.050	3.837
3244.400	0.050	3.837
3244.600	0.051	3.837
3244.800	0.049	3.837
3245.000	0.050	3.837
3245.200	0.050	3.837
3245.400	0.049	3.837
3245.600	0.050	3.837
3245.800	0.051	3.837
3246.000	0.050	3.837
3246.200	0.050	3.837
3246.400	0.051	3.837
3246.600	0.050	3.837
3246.800	0.050	3.837
3247.000	0.050	3.837
3247.200	0.050	3.837
3247.400	0.051	3.837
3247.600	0.052	3.837
3247.800	0.051	3.837
3248.000	0.050	3.837
3248.200	0.050	3.837
3248.400	0.049	3.837
3248.600	0.050	3.837
3248.800	0.051	3.837
3249.000	0.049	3.837
3249.200	0.053	3.837
3249.400	0.050	3.837
3249.600	0.051	3.837
3249.800	0.051	3.837
3250.000	0.051	3.837
3250.200	0.051	3.837
3250.400	0.050	3.837
3250.600	0.052	3.837
3250.800	0.051	3.837
3251.000	0.051	3.837
3251.200	0.049	3.837
3251.400	0.050	3.837
3251.600	0.051	3.837
3251.800	0.051	3.837
3252.000	0.050	3.837
3252.200	0.051	3.837
3252.400	0.051	3.837
3252.600	0.051	3.837
3252.800	0.051	3.837
3253.000	0.050	3.837
3253.200	0.050	3.837
3253.400	0.049	3.837
3253.600	0.051	3.837
3253.800	0.050	3.837
3254.000	0.051	3.837
3254.200	0.051	3.837
3254.400	0.050	3.837
3254.600	0.050	3.837
3254.800	0.051	3.837
3255.000	0.049	3.837
3255.200	0.049	3.837
3255.400	0.049	3.837
3255.600	0.050	3.837
3255.800	0.050	3.837
3256.000	0.049	3.837
3256.200	0.050	3.837
3256.400	0.049	3.837
3256.600	0.048	3.837
3256.800	0.051	3.837
3257.000	0.049	3.837
3257.200	0.049	3.837
3257.400	0.049	3.837
3257.600	0.050	3.837
3257.800	0.050	3.837
3258.000	0.049	3.837
3258.200	0.049	3.837
3258.400	0.049	3.837
3258.600	0.051	3.837
3258.800	0.052	3.837
3259.000	0.049	3.837
3259.200	0.050	3.837
3259.400	0.050	3.837
3259.600	0.051	3.837
3259.800	0.050	3.837
3260.000	0.051	3.837
3260.200	0.050	3.837
3260.400	0.051	3.837
3260.600	0.050	3.837
3260.800	0.051	3.837
3261.000	0.051	3.837
3261.200	0.051	3.837
3261.400	0.052	3.837
3261.600	0.050	3.837
3261.800	0.049	3.837
3262.000	0.051	3.837
3262.200	0.051	3.837
3262.400	0.050	3.837
3262.600	0.052	3.837
3262.800	0.049	3.837
3263.000	0.051	3.837
3263.200	0.051	3.837
3263.400	0.048	3.837
3263.600	0.051	3.837
3263.800	0.050	3.837
3264.000	0.048	3.837
3264.200	0.050	3.837
3264.400	0.049	3.837
3264.600	0.050	3.837
3264.800	0.051	3.837
3265.000	0.050	3.837
3265.200	0.049	3.837
3265.400	0.048	3.837
3265.600	0.050	3.837
3265.800	0.050	3.837
3266.000	0.048	3.837
3266.200	0.051	3.837
3266.400	0.049	3.837
3266.600	0.050	3.837
3266.800	0.050	3.837
3267.000	0.052	3.837
3267.200	0.048	3.837
3267.400	0.050	3.837
3267.600	0.049	3.837
3267.800	0.049	3.837
3268.000	0.047	3.837
3268.200	0.046	3.837
3268.400	0.045	3.837
3268.600	0.047	3.837
3268.800	0.047	3.837
3269.000	0.047	3.837
3269.200	0.049	3.837
3269.400	0.049	3.837
3269.600	0.048	3.837
3269.800	0.048	3.837
3270.000	0.049	3.837
3270.200	0.051	3.837
3270.400	0.047	3.837
3270.600	0.049	3.837
3270.800	0.050	3.837
3271.000	0.050	3.837
3271.200	0.052	3.837
3271.400	0.050	3.837
3271.600	0.048	3.837
3271.800	0.049	3.837
3272.000	0.046	3.837
3272.200	0.048	3.837
3272.400	0.048	3.837
3272.600	0.046	3.837
3272.800	0.049	3.837
3273.000	0.049	3.837
3273.200	0.049	3.837
3273.400	0.049	3.837
3273.600	0.047	3.837
3273.800	0.047	3.837
3274.000	0.049	3.837
3274.200	0.049	3.837
3274.400	0.051	3.837
3274.600	0.050	3.837
3274.800	0.050	3.837
3275.000	0.048	3.837
3275.200	0.049	3.837
3275.400	0.048	3.837
3275.600	0.047	3.837
3275.800	0.048	3.837
3276.000	0.048	3.837
3276.200	0.048	3.837
3276.400	0.048	3.837
3276.600	0.048	3.837
3276.800	0.049	3.837
3277.000	0.049	3.837
3277.200	0.048	3.837
3277.400	0.048	3.837
3277.600	0.047	3.837
3277.800	0.047	3.837
3278.000	0.046	3.837
3278.200	0.046	3.837
3278.400	0.047	3.837
3278.600	0.046	3.837
3278.800	0.047	3.837
3279.000	0.048	3.837
3279.200	0.048	3.837
3279.400	0.050	3.837
3279.600	0.049	3.837
3279.800	0.048	3.837
3280.000	0.051	3.837
3280.200	0.048	3.837
3280.400	0.048	3.837
3280.600	0.049	3.837
3280.800	0.049	3.837
3281.000	0.048	3.837
3281.200	0.048	3.837
3281.400	0.048	3.837
3281.600	0.048	3.837
3281.800	0.049	3.837
3282.000	0.050	3.837
3282.200	0.049	3.837
3282.400	0.048	3.837
3282.600	0.048	3.837
3282.800	0.049	3.837
3283.000	0.050	3.837
3283.200	0.049	3.837
3283.400	0.049	3.837
3283.600	0.050	3.837
3283.800	0.051	3.837
3284.000	0.050	3.837
3284.200	0.049	3.837
3284.400	0.051	3.837
3284.600	0.050	3.837
3284.800	0.050	3.837
3285.000	0.048	3.837
3285.200	0.051	3.837
3285.400	0.049	3.837
3285.600	0.048	3.837
3285.800	0.049	3.837
3286.000	0.049	3.837
3286.200	0.049	3.837
3286.400	0.049	3.837
3286.600	0.048	3.837
3286.800	0.049	3.837
3287.000	0.048	3.837
3287.200	0.049	3.837
3287.400	0.048	3.837
3287.600	0.049	3.837
3287.800	0.048	3.837
3288.000	0.049	3.837
3288.200	0.049	3.837
3288.400	0.047	3.837
3288.600	0.049	3.837
3288.800	0.048	3.837
3289.000	0.050	3.837
3289.200	0.047	3.837
3289.400	0.048	3.837
3289.600	0.045	3.837
3289.800	0.048	3.837
3290.000	0.047	3.837
3290.200	0.049	3.837
3290.400	0.048	3.837
3290.600	0.049	3.837
3290.800	0.048	3.837
3291.000	0.049	3.837
3291.200	0.049	3.837
3291.400	0.048	3.837
3291.600	0.046	3.837
3291.800	0.047	3.837
3292.000	0.046	3.837
3292.200	0.050	3.837
3292.400	0.048	3.837
3292.600	0.050	3.837
3292.800	0.050	3.837
3293.000	0.050	3.837
3293.200	0.050	3.837
3293.400	0.049	3.837
3293.600	0.050	3.837
3293.800	0.048	3.837
3294.000	0.048	3.837
3294.200	0.048	3.837
3294.400	0.050	3.837
3294.600	0.050	3.837
3294.800	0.048	3.837
3295.000	0.050	3.837
3295.200	0.049	3.837
3295.400	0.048	3.837
3295.600	0.048	3.837
3295.800	0.049	3.837
3296.000	0.048	3.837
3296.200	0.049	3.837
3296.400	0.048	3.837
3296.600	0.049	3.837
3296.800	0.050	3.837
3297.000	0.049	3.837
3297.200	0.050	3.837
3297.400	0.047	3.837
3297.600	0.048	3.837
3297.800	0.050	3.837
3298.000	0.049	3.837
3298.200	0.048	3.837
3298.400	0.048	3.837
3298.600	0.049	3.837
3298.800	0.049	3.837
3299.000	0.050	3.837
3299.200	0.050	3.837
3299.400	0.048	3.837
3299.600	0.049	3.837
3299.800	0.049	3.837
3300.000	0.049	3.837
3300.200	0.049	3.837
3300.400	0.048	3.837
3300.600	0.047	3.837
3300.800	0.047	3.837
3301.000	0.050	3.837
3301.200	0.047	3.837
3301.400	0.048	3.837
3301.600	0.048	3.837
3301.800	0.049	3.837
3302.000	0.048	3.837
3302.200	0.050	3.837
3302.400	0.048	3.837
3302.600	0.049	3.837
3302.800	0.047	3.837
3303.000	0.050	3.837
3303.200	0.049	3.837
3303.400	0.050	3.837
3303.600	0.049	3.837
3303.800	0.050	3.837
3304.000	0.050	3.837
3304.200	0.048	3.837
3304.400	0.049	3.837
3304.600	0.048	3.837
3304.800	0.047	3.837
3305.000	0.049	3.837
3305.200	0.048	3.837
3305.400	0.048	3.837
3305.600	0.049	3.837
3305.800	0.049	3.837
3306.000	0.048	3.837
3306.200	0.048	3.837
3306.400	0.048	3.837
3306.600	0.047	3.837
3306.800	0.049	3.837
3307.000	0.047	3.837
3307.200	0.048	3.837
3307.400	0.048	3.837
3307.600	0.049	3.837
3307.800	0.048	3.837
3308.000	0.047	3.837
3308.200	0.048	3.837
3308.400	0.047	3.837
3308.600	0.048	3.837
3308.800	0.049	3.837
3309.000	0.047	3.837
3309.200	0.049	3.837
3309.400	0.047	3.837
3309.600	0.049	3.837
3309.800	0.049	3.837
3310.000	0.049	3.837
3310.200	0.048	3.837
3310.400	0.048	3.837
3310.600	0.048	3.837
3310.800	0.049	3.837
3311.000	0.050	3.837
3311.200	0.049	3.837
3311.400	0.050	3.837
3311.600	0.051	3.837
3311.800	0.051	3.837
3312.000	0.048	3.837
3312.200	0.050	3.837
3312.400	0.049	3.837
3312.600	0.048	3.837
3312.800	0.049	3.837
3313.000	0.047	3.837
3313.200	0.047	3.837
3313.400	0.048	3.837
3313.600	0.049	3.837
3313.800	0.049	3.837
3314.000	0.048	3.837
3314.200	0.049	3.837
3314.400	0.049	3.837
3314.600	0.048	3.837
3314.800	0.048	3.837
3315.000	0.049	3.837
3315.200	0.049	3.837
3315.400	0.048	3.837
3315.600	0.049	3.837
3315.800	0.049	3.837
3316.000	0.050	3.837
3316.200	0.049	3.837
3316.400	0.049	3.837
3316.600	0.050	3.837
3316.800	0.050	3.837
3317.000	0.051	3.837
3317.200	0.049	3.837
3317.400	0.049	3.837
3317.600	0.048	3.837
3317.800	0.049	3.837
3318.000	0.050	3.837
3318.200	0.048	3.837
3318.400	0.048	3.837
3318.600	0.049	3.837
3318.800	0.051	3.837
3319.000	0.050	3.837
3319.200	0.050	3.837
3319.400	0.050	3.837
3319.600	0.049	3.837
3319.800	0.050	3.837
3320.000	0.049	3.837
3320.200	0.051	3.837
3320.400	0.049	3.837
3320.600	0.048	3.837
3320.800	0.050	3.837
3321.000	0.049	3.837
3321.200	0.049	3.837
3321.400	0.050	3.837
3321.600	0.049	3.837
3321.800	0.049	3.837
3322.000	0.049	3.837
3322.200	0.050	3.837
3322.400	0.050	3.837
3322.600	0.050	3.837
3322.800	0.050	3.837
3323.000	0.049	3.837
3323.200	0.049	3.837
3323.400	0.050	3.837
3323.600	0.049	3.837
3323.800	0.049	3.837
3324.000	0.050	3.837
3324.200	0.049	3.837
3324.400	0.051	3.837
3324.600	0.048	3.837
3324.800	0.050	3.837
3325.000	0.051	3.837
3325.200	0.051	3.837
3325.400	0.051	3.837
3325.600	0.049	3.837
3325.800	0.050	3.837
3326.000	0.051	3.837
3326.200	0.051	3.837
3326.400	0.051	3.837
3326.600	0.051	3.837
3326.800	0.051	3.837
3327.000	0.052	3.837
3327.200	0.050	3.837
3327.400	0.049	3.837
3327.600	0.048	3.837
3327.800	0.050	3.837
3328.000	0.051	3.837
3328.200	0.050	3.837
3328.400	0.049	3.837
3328.600	0.051	3.837
3328.800	0.050	3.837
3329.000	0.051	3.837
3329.200	0.051	3.837
3329.400	0.052	3.837
3329.600	0.052	3.837
3329.800	0.052	3.837
3330.000	0.050	3.837
3330.200	0.050	3.837
3330.400	0.051	3.837
3330.600	0.052	3.837
3330.800	0.049	3.837
3331.000	0.052	3.837
3331.200	0.052	3.837
3331.400	0.054	3.837
3331.600	0.051	3.837
3331.800	0.050	3.837
3332.000	0.053	3.837
3332.200	0.050	3.837
3332.400	0.049	3.837
3332.600	0.050	3.837
3332.800	0.051	3.837
3333.000	0.049	3.837
3333.200	0.050	3.837
3333.400	0.050	3.837
3333.600	0.049	3.837
3333.800	0.048	3.837
3334.000	0.049	3.837
3334.200	0.050	3.837
3334.400	0.050	3.837
3334.600	0.049	3.837
3334.800	0.048	3.837
3335.000	0.050	3.837
3335.200	0.050	3.837
3335.400	0.050	3.837
3335.600	0.050	3.837
3335.800	0.051	3.837
3336.000	0.049	3.837
3336.200	0.049	3.837
3336.400	0.050	3.837
3336.600	0.050	3.837
3336.800	0.049	3.837
3337.000	0.049	3.837
3337.200	0.049	3.837
3337.400	0.051	3.837
3337.600	0.047	3.837
3337.800	0.049	3.837
3338.000	0.049	3.837
3338.200	0.050	3.837
3338.400	0.050	3.837
3338.600	0.051	3.837
3338.800	0.051	3.837
3339.000	0.049	3.837
3339.200	0.050	3.837
3339.400	0.051	3.837
3339.600	0.050	3.837
3339.800	0.050	3.837
3340.000	0.051	3.837
3340.200	0.051	3.837
3340.400	0.050	3.837
3340.600	0.050	3.837
3340.800	0.051	3.837
3341.000	0.051	3.837
3341.200	0.052	3.837
3341.400	0.050	3.837
3341.600	0.048	3.837
3341.800	0.050	3.837
3342.000	0.050	3.837
3342.200	0.048	3.837
3342.400	0.050	3.837
3342.600	0.050	3.837
3342.800	0.050	3.837
3343.000	0.049	3.837
3343.200	0.050	3.837
3343.400	0.050	3.837
3343.600	0.050	3.837
3343.800	0.048	3.837
3344.000	0.050	3.837
3344.200	0.052	3.837
3344.400	0.050	3.837
3344.600	0.048	3.837
3344.800	0.048	3.837
3345.000	0.048	3.837
3345.200	0.048	3.837
3345.400	0.050	3.837
3345.600	0.050	3.837
3345.800	0.051	3.837
3346.000	0.048	3.837
3346.200	0.048	3.837
3346.400	0.047	3.837
3346.600	0.047	3.837
3346.800	0.048	3.837
3347.000	0.050	3.837
3347.200	0.050	3.837
3347.400	0.050	3.837
3347.600	0.048	3.837
3347.800	0.049	3.837
3348.000	0.049	3.837
3348.200	0.048	3.837
3348.400	0.047	3.837
3348.600	0.049	3.837
3348.800	0.050	3.837
3349.000	0.049	3.837
3349.200	0.050	3.837
3349.400	0.049	3.837
3349.600	0.049	3.837
3349.800	0.050	3.837
3350.000	0.049	3.837
3350.200	0.049	3.837
3350.400	0.050	3.837
3350.600	0.051	3.837
3350.800	0.049	3.837
3351.000	0.050	3.837
3351.200	0.049	3.837
3351.400	0.050	3.837
3351.600	0.048	3.837
3351.800	0.048	3.837
3352.000	0.049	3.837
3352.200	0.048	3.837
3352.400	0.049	3.837
3352.600	0.047	3.837
3352.800	0.049	3.837
3353.000	0.048	3.837
3353.200	0.050	3.837
3353.400	0.049	3.837
3353.600	0.048	3.837
3353.800	0.049	3.837
3354.000	0.050	3.837
3354.200	0.048	3.837
3354.400	0.050	3.837
3354.600	0.049	3.837
3354.800	0.050	3.837
3355.000	0.049	3.837
3355.200	0.049	3.837
3355.400	0.048	3.837
3355.600	0.049	3.837
3355.800	0.048	3.837
3356.000	0.049	3.837
3356.200	0.048	3.837
3356.400	0.050	3.837
3356.600	0.051	3.837
3356.800	0.049	3.837
3357.000	0.050	3.837
3357.200	0.051	3.837
3357.400	0.050	3.837
3357.600	0.050	3.837
3357.800	0.049	3.837
3358.000	0.048	3.837
3358.200	0.048	3.837
3358.400	0.048	3.837
3358.600	0.050	3.837
3358.800	0.049	3.837
3359.000	0.049	3.837
3359.200	0.048	3.837
3359.400	0.047	3.837
3359.600	0.049	3.837
3359.800	0.050	3.837
3360.000	0.050	3.837
3360.200	0.050	3.837
3360.400	0.050	3.837
3360.600	0.051	3.837
3360.800	0.051	3.837
3361.000	0.050	3.837
3361.200	0.051	3.837
3361.400	0.049	3.837
3361.600	0.050	3.837
3361.800	0.048	3.837
3362.000	0.048	3.837
3362.200	0.050	3.837
3362.400	0.049	3.837
3362.600	0.050	3.837
3362.800	0.050	3.837
3363.000	0.049	3.837
3363.200	0.049	3.837
3363.400	0.050	3.837
3363.600	0.050	3.837
3363.800	0.049	3.837
3364.000	0.049	3.837
3364.200	0.049	3.837
3364.400	0.048	3.837
3364.600	0.049	3.837
3364.800	0.051	3.837
3365.000	0.051	3.837
3365.200	0.050	3.837
3365.400	0.050	3.837
3365.600	0.050	3.837
3365.800	0.050	3.837
3366.000	0.050	3.837
3366.200	0.050	3.837
3366.400	0.050	3.837
3366.600	0.051	3.837
3366.800	0.051	3.837
3367.000	0.050	3.837
3367.200	0.052	3.837
3367.400	0.049	3.837
3367.600	0.051	3.837
3367.800	0.052	3.837
3368.000	0.051	3.837
3368.200	0.051	3.837
3368.400	0.051	3.837
3368.600	0.050	3.837
3368.800	0.050	3.837
3369.000	0.050	3.837
3369.200	0.050	3.837
3369.400	0.050	3.837
3369.600	0.051	3.837
3369.800	0.050	3.837
3370.000	0.049	3.837
3370.200	0.051	3.837
3370.400	0.051	3.837
3370.600	0.050	3.837
3370.800	0.049	3.837
3371.000	0.050	3.837
3371.200	0.050	3.837
3371.400	0.049	3.837
3371.600	0.051	3.837
3371.800	0.050	3.837
3372.000	0.051	3.837
3372.200	0.052	3.837
3372.400	0.051	3.837
3372.600	0.053	3.837
3372.800	0.051	3.837
3373.000	0.052	3.837
3373.200	0.051	3.837
3373.400	0.051	3.837
3373.600	0.052	3.837
3373.800	0.050	3.837
3374.000	0.050	3.837
3374.200	0.051	3.837
3374.400	0.051	3.837
3374.600	0.051	3.837
3374.800	0.051	3.837
3375.000	0.049	3.837
3375.200	0.050	3.837
3375.400	0.051	3.837
3375.600	0.050	3.837
3375.800	0.050	3.837
3376.000	0.051	3.837
3376.200	0.050	3.837
3376.400	0.049	3.837
3376.600	0.048	3.837
3376.800	0.050	3.837
3377.000	0.049	3.837
3377.200	0.051	3.837
3377.400	0.051	3.837
3377.600	0.050	3.837
3377.800	0.049	3.837
3378.000	0.047	3.837
3378.200	0.047	3.837
3378.400	0.051	3.837
3378.600	0.051	3.837
3378.800	0.051	3.837
3379.000	0.050	3.837
3379.200	0.049	3.837
3379.400	0.049	3.837
3379.600	0.049	3.837
3379.800	0.050	3.837
3380.000	0.049	3.837
3380.200	0.050	3.837
3380.400	0.050	3.837
3380.600	0.051	3.837
3380.800	0.051	3.837
3381.000	0.050	3.837
3381.200	0.050	3.837
3381.400	0.052	3.837
3381.600	0.049	3.837
3381.800	0.050	3.837
3382.000	0.050	3.837
3382.200	0.050	3.837
3382.400	0.050	3.837
3382.600	0.050	3.837
3382.800	0.049	3.837
3383.000	0.050	3.837
3383.200	0.051	3.837
3383.400	0.050	3.837
3383.600	0.049	3.837
3383.800	0.050	3.837
3384.000	0.049	3.837
3384.200	0.048	3.837
3384.400	0.050	3.837
3384.600	0.051	3.837
3384.800	0.049	3.837
3385.000	0.051	3.837
3385.200	0.050	3.837
3385.400	0.049	3.837
3385.600	0.050	3.837
3385.800	0.048	3.837
3386.000	0.048	3.837
3386.200	0.049	3.837
3386.400	0.049	3.837
3386.600	0.051	3.837
3386.800	0.050	3.837
3387.000	0.050	3.837
3387.200	0.050	3.837
3387.400	0.049	3.837
3387.600	0.049	3.837
3387.800	0.049	3.837
3388.000	0.049	3.837
3388.200	0.048	3.837
3388.400	0.050	3.837
3388.600	0.051	3.837
3388.800	0.050	3.837
3389.000	0.051	3.837
3389.200	0.049	3.837
3389.400	0.051	3.837
3389.600	0.050	3.837
3389.800	0.051	3.837
3390.000	0.052	3.837
3390.200	0.050	3.837
3390.400	0.051	3.837
3390.600	0.050	3.837
3390.800	0.049	3.837
3391.000	0.051	3.837
3391.200	0.049	3.837
3391.400	0.051	3.837
3391.600	0.051	3.837
3391.800	0.050	3.837
3392.000	0.050	3.837
3392.200	0.050	3.837
3392.400	0.050	3.837
3392.600	0.050	3.837
3392.800	0.050	3.837
3393.000	0.051	3.837
3393.200	0.051	3.837
3393.400	0.049	3.837
3393.600	0.052	3.837
3393.800	0.050	3.837
3394.000	0.049	3.837
3394.200	0.049	3.837
3394.400	0.050	3.837
3394.600	0.050	3.837
3394.800	0.049	3.837
3395.000	0.051	3.837
3395.200	0.051	3.837
3395.400	0.052	3.837
3395.600	0.052	3.837
3395.800	0.051	3.837
3396.000	0.048	3.837
3396.200	0.050	3.837
3396.400	0.049	3.837
3396.600	0.050	3.837
3396.800	0.051	3.837
3397.000	0.050	3.837
3397.200	0.049	3.837
3397.400	0.050	3.837
3397.600	0.051	3.837
3397.800	0.051	3.837
3398.000	0.050	3.837
3398.200	0.050	3.837
3398.400	0.052	3.837
3398.600	0.049	3.837
3398.800	0.050	3.837
3399.000	0.052	3.837
3399.200	0.052	3.837
3399.400	0.051	3.837
3399.600	0.050	3.837
3399.800	0.051	3.837
3400.000	0.051	3.837
3400.200	0.052	3.837
3400.400	0.051	3.837
3400.600	0.051	3.837
3400.800	0.049	3.837
3401.000	0.050	3.837
3401.200	0.050	3.837
3401.400	0.050	3.837
3401.600	0.049	3.837
3401.800	0.051	3.837
3402.000	0.050	3.837
3402.200	0.049	3.837
3402.400	0.051	3.837
3402.600	0.050	3.837
3402.800	0.051	3.837
3403.000	0.052	3.837
3403.200	0.050	3.837
3403.400	0.050	3.837
3403.600	0.050	3.837
3403.800	0.052	3.837
3404.000	0.052	3.837
3404.200	0.051	3.837
3404.400	0.050	3.837
3404.600	0.049	3.837
3404.800	0.048	3.837
3405.000	0.051	3.837
3405.200	0.050	3.837
3405.400	0.049	3.837
3405.600	0.052	3.837
3405.800	0.050	3.837
3406.000	0.050	3.837
3406.200	0.050	3.837
3406.400	0.052	3.837
3406.600	0.051	3.837
3406.800	0.052	3.837
3407.000	0.050	3.837
3407.200	0.051	3.837
3407.400	0.050	3.837
3407.600	0.051	3.837
3407.800	0.051	3.837
3408.000	0.051	3.837
3408.200	0.051	3.837
3408.400	0.050	3.837
3408.600	0.052	3.837
3408.800	0.052	3.837
3409.000	0.052	3.837
3409.200	0.052	3.837
3409.400	0.050	3.837
3409.600	0.049	3.837
3409.800	0.050	3.837
3410.000	0.052	3.837
3410.200	0.053	3.837
3410.400	0.050	3.837
3410.600	0.051	3.837
3410.800	0.050	3.837
3411.000	0.049	3.837
3411.200	0.048	3.837
3411.400	0.048	3.837
3411.600	0.050	3.837
3411.800	0.049	3.837
3412.000	0.051	3.837
3412.200	0.049	3.837
3412.400	0.049	3.837
3412.600	0.050	3.837
3412.800	0.049	3.837
3413.000	0.048	3.837
3413.200	0.049	3.837
3413.400	0.049	3.837
3413.600	0.047	3.837
3413.800	0.048	3.837
3414.000	0.049	3.837
3414.200	0.050	3.837
3414.400	0.049	3.837
3414.600	0.049	3.837
3414.800	0.050	3.837
3415.000	0.049	3.837
3415.200	0.049	3.837
3415.400	0.050	3.837
3415.600	0.047	3.837
3415.800	0.049	3.837
3416.000	0.051	3.837
3416.200	0.050	3.837
3416.400	0.049	3.837
3416.600	0.050	3.837
3416.800	0.050	3.837
3417.000	0.050	3.837
3417.200	0.050	3.837
3417.400	0.050	3.837
3417.600	0.049	3.837
3417.800	0.049	3.837
3418.000	0.052	3.837
3418.200	0.050	3.837
3418.400	0.051	3.837
3418.600	0.050	3.837
3418.800	0.050	3.837
3419.000	0.050	3.837
3419.200	0.050	3.837
3419.400	0.050	3.837
3419.600	0.051	3.837
3419.800	0.050	3.837
3420.000	0.051	3.837
3420.200	0.051	3.837
3420.400	0.050	3.837
3420.600	0.051	3.837
3420.800	0.051	3.837
3421.000	0.051	3.837
3421.200	0.050	3.837
3421.400	0.051	3.837
3421.600	0.050	3.837
3421.800	0.051	3.837
3422.000	0.051	3.837
3422.200	0.052	3.837
3422.400	0.051	3.837
3422.600	0.051	3.837
3422.800	0.051	3.837
3423.000	0.052	3.837
3423.200	0.051	3.837
3423.400	0.052	3.837
3423.600	0.049	3.837
3423.800	0.052	3.837
3424.000	0.050	3.837
3424.200	0.052	3.837
3424.400	0.050	3.837
3424.600	0.052	3.837
3424.800	0.051	3.837
3425.000	0.051	3.837
3425.200	0.050	3.837
3425.400	0.053	3.837
3425.600	0.050	3.837
3425.800	0.049	3.837
3426.000	0.051	3.837
3426.200	0.050	3.837
3426.400	0.051	3.837
3426.600	0.052	3.837
3426.800	0.050	3.837
3427.000	0.052	3.837
3427.200	0.050	3.837
3427.400	0.049	3.837
3427.600	0.051	3.837
3427.800	0.052	3.837
3428.000	0.050	3.837
3428.200	0.051	3.837
3428.400	0.053	3.837
3428.600	0.053	3.837
3428.800	0.052	3.837
3429.000	0.051	3.837
3429.200	0.050	3.837
3429.400	0.051	3.837
3429.600	0.053	3.837
3429.800	0.052	3.837
3430.000	0.051	3.837
3430.200	0.050	3.837
3430.400	0.053	3.837
3430.600	0.052	3.837
3430.800	0.052	3.837
3431.000	0.052	3.837
3431.200	0.051	3.837
3431.400	0.052	3.837
3431.600	0.051	3.837
3431.800	0.052	3.837
3432.000	0.053	3.837
3432.200	0.052	3.837
3432.400	0.053	3.837
3432.600	0.051	3.837
3432.800	0.051	3.837
3433.000	0.051	3.837
3433.200	0.051	3.837
3433.400	0.052	3.837
3433.600	0.053	3.837
3433.800	0.053	3.837
3434.000	0.052	3.837
3434.200	0.053	3.837
3434.400	0.054	3.837
3434.600	0.052	3.837
3434.800	0.052	3.837
3435.000	0.053	3.837
3435.200	0.051	3.837
3435.400	0.053	3.837
3435.600	0.051	3.837
3435.800	0.052	3.837
3436.000	0.053	3.837
3436.200	0.051	3.837
3436.400	0.052	3.837
3436.600	0.053	3.837
3436.800	0.054	3.837
3437.000	0.051	3.837
3437.200	0.050	3.837
3437.400	0.051	3.837
3437.600	0.050	3.837
3437.800	0.050	3.837
3438.000	0.051	3.837
3438.200	0.051	3.837
3438.400	0.051	3.837
3438.600	0.051	3.837
3438.800	0.051	3.837
3439.000	0.052	3.837
3439.200	0.053	3.837
3439.400	0.052	3.837
3439.600	0.051	3.837
3439.800	0.051	3.837
3440.000	0.053	3.837
3440.200	0.052	3.837
3440.400	0.052	3.837
3440.600	0.051	3.837
3440.800	0.051	3.837
3441.000	0.054	3.837
3441.200	0.053	3.837
3441.400	0.052	3.837
3441.600	0.052	3.837
3441.800	0.051	3.837
3442.000	0.052	3.837
3442.200	0.052	3.837
3442.400	0.054	3.837
3442.600	0.051	3.837
3442.800	0.052	3.837
3443.000	0.051	3.837
3443.200	0.051	3.837
3443.400	0.051	3.837
3443.600	0.052	3.837
3443.800	0.053	3.837
3444.000	0.051	3.837
3444.200	0.053	3.837
3444.400	0.052	3.837
3444.600	0.053	3.837
3444.800	0.053	3.837
3445.000	0.054	3.837
3445.200	0.055	3.837
3445.400	0.052	3.837
3445.600	0.054	3.837
3445.800	0.051	3.837
3446.000	0.052	3.837
3446.200	0.052	3.837
3446.400	0.053	3.837
3446.600	0.053	3.837
3446.800	0.052	3.837
3447.000	0.051	3.837
3447.200	0.052	3.837
3447.400	0.051	3.837
3447.600	0.053	3.837
3447.800	0.053	3.837
3448.000	0.052	3.837
3448.200	0.051	3.837
3448.400	0.050	3.837
3448.600	0.051	3.837
3448.800	0.052	3.837
3449.000	0.052	3.837
3449.200	0.052	3.837
3449.400	0.053	3.837
3449.600	0.053	3.837
3449.800	0.051	3.837
3450.000	0.050	3.837
3450.200	0.051	3.837
3450.400	0.050	3.837
3450.600	0.051	3.837
3450.800	0.052	3.837
3451.000	0.051	3.837
3451.200	0.051	3.837
3451.400	0.052	3.837
3451.600	0.053	3.837
3451.800	0.054	3.837
3452.000	0.054	3.837
3452.200	0.053	3.837
3452.400	0.054	3.837
3452.600	0.054	3.837
3452.800	0.053	3.837
3453.000	0.054	3.837
3453.200	0.052	3.837
3453.400	0.053	3.837
3453.600	0.054	3.837
3453.800	0.053	3.837
3454.000	0.051	3.837
3454.200	0.053	3.837
3454.400	0.052	3.837
3454.600	0.052	3.837
3454.800	0.052	3.837
3455.000	0.051	3.837
3455.200	0.054	3.837
3455.400	0.053	3.837
3455.600	0.050	3.837
3455.800	0.053	3.837
3456.000	0.054	3.837
3456.200	0.053	3.837
3456.400	0.054	3.837
3456.600	0.053	3.837
3456.800	0.053	3.837
3457.000	0.053	3.837
3457.200	0.053	3.837
3457.400	0.053	3.837
3457.600	0.052	3.837
3457.800	0.053	3.837
3458.000	0.053	3.837
3458.200	0.053	3.837
3458.400	0.052	3.837
3458.600	0.052	3.837
3458.800	0.051	3.837
3459.000	0.052	3.837
3459.200	0.054	3.837
3459.400	0.054	3.837
3459.600	0.053	3.837
3459.800	0.053	3.837
3460.000	0.053	3.837
3460.200	0.056	3.837
3460.400	0.053	3.837
3460.600	0.054	3.837
3460.800	0.054	3.837
3461.000	0.053	3.837
3461.200	0.054	3.837
3461.400	0.052	3.837
3461.600	0.053	3.837
3461.800	0.054	3.837
3462.000	0.053	3.837
3462.200	0.055	3.837
3462.400	0.055	3.837
3462.600	0.054	3.837
3462.800	0.054	3.837
3463.000	0.053	3.837
3463.200	0.056	3.837
3463.400	0.054	3.837
3463.600	0.054	3.837
3463.800	0.052	3.837
3464.000	0.056	3.837
3464.200	0.055	3.837
3464.400	0.055	3.837
3464.600	0.056	3.837
3464.800	0.053	3.837
3465.000	0.056	3.837
3465.200	0.053	3.837
3465.400	0.054	3.837
3465.600	0.053	3.837
3465.800	0.054	3.837
3466.000	0.053	3.837
3466.200	0.054	3.837
3466.400	0.054	3.837
3466.600	0.057	3.837
3466.800	0.054	3.837
3467.000	0.054	3.837
3467.200	0.053	3.837
3467.400	0.055	3.837
3467.600	0.054	3.837
3467.800	0.054	3.837
3468.000	0.053	3.837
3468.200	0.053	3.837
3468.400	0.053	3.837
3468.600	0.055	3.837
3468.800	0.056	3.837
3469.000	0.056	3.837
3469.200	0.053	3.837
3469.400	0.054	3.837
3469.600	0.054	3.837
3469.800	0.053	3.837
3470.000	0.054	3.837
3470.200	0.054	3.837
3470.400	0.055	3.837
3470.600	0.053	3.837
3470.800	0.052	3.837
3471.000	0.054	3.837
3471.200	0.054	3.837
3471.400	0.055	3.837
3471.600	0.054	3.837
3471.800	0.053	3.837
3472.000	0.055	3.837
3472.200	0.054	3.837
3472.400	0.054	3.837
3472.600	0.055	3.837
3472.800	0.054	3.837
3473.000	0.053	3.837
3473.200	0.053	3.837
3473.400	0.052	3.837
3473.600	0.052	3.837
3473.800	0.052	3.837
3474.000	0.051	3.837
3474.200	0.053	3.837
3474.400	0.053	3.837
3474.600	0.054	3.837
3474.800	0.051	3.837
3475.000	0.051	3.837
3475.200	0.051	3.837
3475.400	0.052	3.837
3475.600	0.052	3.837
3475.800	0.051	3.837
3476.000	0.052	3.837
3476.200	0.052	3.837
3476.400	0.051	3.837
3476.600	0.050	3.837
3476.800	0.053	3.837
3477.000	0.053	3.837
3477.200	0.054	3.837
3477.400	0.054	3.837
3477.600	0.052	3.837
3477.800	0.053	3.837
3478.000	0.053	3.837
3478.200	0.051	3.837
3478.400	0.053	3.837
3478.600	0.052	3.837
3478.800	0.052	3.837
3479.000	0.051	3.837
3479.200	0.052	3.837
3479.400	0.051	3.837
3479.600	0.053	3.837
3479.800	0.052	3.837
3480.000	0.054	3.837
3480.200	0.053	3.837
3480.400	0.053	3.837
3480.600	0.052	3.837
3480.800	0.052	3.837
3481.000	0.053	3.837
3481.200	0.052	3.837
3481.400	0.052	3.837
3481.600	0.052	3.837
3481.800	0.051	3.837
3482.000	0.051	3.837
3482.200	0.051	3.837
3482.400	0.052	3.837
3482.600	0.052	3.837
3482.800	0.052	3.837
3483.000	0.053	3.837
3483.200	0.051	3.837
3483.400	0.052	3.837
3483.600	0.051	3.837
3483.800	0.051	3.837
3484.000	0.053	3.837
3484.200	0.054	3.837
3484.400	0.052	3.837
3484.600	0.052	3.837
3484.800	0.051	3.837
3485.000	0.052	3.837
3485.200	0.051	3.837
3485.400	0.051	3.837
3485.600	0.053	3.837
3485.800	0.052	3.837
3486.000	0.053	3.837
3486.200	0.051	3.837
3486.400	0.053	3.837
3486.600	0.053	3.837
3486.800	0.051	3.837
3487.000	0.052	3.837
3487.200	0.051	3.837
3487.400	0.052	3.837
3487.600	0.052	3.837
3487.800	0.053	3.837
3488.000	0.051	3.837
3488.200	0.053	3.837
3488.400	0.053	3.837
3488.600	0.053	3.837
3488.800	0.051	3.837
3489.000	0.054	3.837
3489.200	0.054	3.837
3489.400	0.054	3.837
3489.600	0.052	3.837
3489.800	0.053	3.837
3490.000	0.053	3.837
3490.200	0.053	3.837
3490.400	0.053	3.837
3490.600	0.052	3.837
3490.800	0.054	3.837
3491.000	0.054	3.837
3491.200	0.053	3.837
3491.400	0.053	3.837
3491.600	0.052	3.837
3491.800	0.055	3.837
3492.000	0.054	3.837
3492.200	0.055	3.837
3492.400	0.056	3.837
3492.600	0.054	3.837
3492.800	0.055	3.837
3493.000	0.055	3.837
3493.200	0.054	3.837
3493.400	0.055	3.837
3493.600	0.057	3.837
3493.800	0.056	3.837
3494.000	0.054	3.837
3494.200	0.054	3.837
3494.400	0.055	3.837
3494.600	0.055	3.837
3494.800	0.055	3.837
3495.000	0.055	3.837
3495.200	0.053	3.837
3495.400	0.055	3.837
3495.600	0.056	3.837
3495.800	0.056	3.837
3496.000	0.054	3.837
3496.200	0.057	3.837
3496.400	0.056	3.837
3496.600	0.058	3.837
3496.800	0.056	3.838
3497.000	0.057	3.837
3497.200	0.056	3.837
3497.400	0.056	3.837
3497.600	0.056	3.837
3497.800	0.056	3.837
3498.000	0.056	3.837
3498.200	0.057	3.837
3498.400	0.055	3.837
3498.600	0.057	3.837
3498.800	0.057	3.837
3499.000	0.055	3.837
3499.200	0.054	3.837
3499.400	0.057	3.837
3499.600	0.057	3.837
3499.800	0.056	3.837
3500.000	0.056	3.837
3500.200	0.057	3.837
3500.400	0.056	3.837
3500.600	0.056	3.837
3500.800	0.057	3.837
3501.000	0.058	3.838
3501.200	0.057	3.837
3501.400	0.058	3.838
3501.600	0.058	3.838
3501.800	0.057	3.837
3502.000	0.056	3.837
3502.200	0.057	3.838
3502.400	0.056	3.837
3502.600	0.057	3.837
3502.800	0.058	3.838
3503.000	0.058	3.837
3503.200	0.058	3.837
3503.400	0.057	3.838
3503.600	0.057	3.837
3503.800	0.057	3.838
3504.000	0.057	3.838
3504.200	0.057	3.838
3504.400	0.056	3.837
3504.600	0.056	3.837
3504.800	0.059	3.838
3505.000	0.056	3.837
3505.200	0.057	3.837
3505.400	0.057	3.838
3505.600	0.055	3.837
3505.800	0.056	3.837
3506.000	0.057	3.838
3506.200	0.056	3.837
3506.400	0.057	3.837
3506.600	0.057	3.837
3506.800	0.057	3.838
3507.000	0.057	3.837
3507.200	0.056	3.837
3507.400	0.057	3.838
3507.600	0.056	3.837
3507.800	0.056	3.838
3508.000	0.056	3.837
3508.200	0.056	3.837
3508.400	0.056	3.837
3508.600	0.057	3.838
3508.800	0.056	3.838
3509.000	0.056	3.837
3509.200	0.056	3.837
3509.400	0.057	3.837
3509.600	0.057	3.838
3509.800	0.055	3.837
3510.000	0.057	3.837
3510.200	0.056	3.837
3510.400	0.056	3.837
3510.600	0.055	3.837
3510.800	0.055	3.837
3511.000	0.056	3.837
3511.200	0.058	3.837
3511.400	0.059	3.837
3511.600	0.058	3.837
3511.800	0.058	3.838
3512.000	0.057	3.838
3512.200	0.058	3.838
3512.400	0.058	3.838
3512.600	0.058	3.838
3512.800	0.057	3.838
3513.000	0.057	3.837
3513.200	0.056	3.837
3513.400	0.057	3.837
3513.600	0.057	3.838
3513.800	0.057	3.837
3514.000	0.056	3.838
3514.200	0.058	3.838
3514.400	0.057	3.838
3514.600	0.058	3.837
3514.800	0.057	3.838
3515.000	0.056	3.838
3515.200	0.056	3.838
3515.400	0.057	3.838
3515.600	0.057	3.838
3515.800	0.056	3.838
3516.000	0.056	3.838
3516.200	0.056	3.837
3516.400	0.056	3.838
3516.600	0.058	3.838
3516.800	0.056	3.838
3517.000	0.057	3.838
3517.200	0.057	3.838
3517.400	0.057	3.838
3517.600	0.058	3.838
3517.800	0.059	3.838
3518.000	0.057	3.838
3518.200	0.058	3.838
3518.400	0.056	3.838
3518.600	0.057	3.837
3518.800	0.056	3.838
3519.000	0.056	3.838
3519.200	0.057	3.838
3519.400	0.056	3.837
3519.600	0.057	3.838
3519.800	0.057	3.838
3520.000	0.058	3.838
3520.200	0.059	3.838
3520.400	0.058	3.838
3520.600	0.058	3.838
3520.800	0.059	3.837
3521.000	0.057	3.837
3521.200	0.059	3.837
3521.400	0.059	3.838
3521.600	0.060	3.838
3521.800	0.057	3.838
3522.000	0.057	3.837
3522.200	0.059	3.838
3522.400	0.059	3.838
3522.600	0.058	3.837
3522.800	0.058	3.838
3523.000	0.059	3.838
3523.200	0.057	3.837
3523.400	0.058	3.838
3523.600	0.056	3.837
3523.800	0.057	3.837
3524.000	0.059	3.837
3524.200	0.057	3.838
3524.400	0.058	3.838
3524.600	0.059	3.837
3524.800	0.058	3.837
3525.000	0.057	3.837
3525.200	0.059	3.837
3525.400	0.057	3.837
3525.600	0.058	3.837
3525.800	0.058	3.838
3526.000	0.059	3.838
3526.200	0.058	3.837
3526.400	0.060	3.838
3526.600	0.060	3.837
3526.800	0.060	3.837
3527.000	0.060	3.838
3527.200	0.059	3.838
3527.400	0.059	3.838
3527.600	0.059	3.837
3527.800	0.059	3.837
3528.000	0.059	3.838
3528.200	0.059	3.837
3528.400	0.061	3.838
3528.600	0.059	3.838
3528.800	0.060	3.838
3529.000	0.060	3.838
3529.200	0.060	3.838
3529.400	0.060	3.838
3529.600	0.059	3.837
3529.800	0.061	3.838
3530.000	0.061	3.837
3530.200	0.059	3.837
3530.400	0.061	3.838
3530.600	0.059	3.838
3530.800	0.059	3.837
3531.000	0.059	3.837
3531.200	0.058	3.837
3531.400	0.058	3.837
3531.600	0.059	3.837
3531.800	0.058	3.837
3532.000	0.058	3.838
3532.200	0.056	3.837
3532.400	0.058	3.838
3532.600	0.058	3.837
3532.800	0.059	3.838
3533.000	0.058	3.837
3533.200	0.058	3.837
3533.400	0.059	3.838
3533.600	0.057	3.837
3533.800	0.057	3.837
3534.000	0.057	3.837
3534.200	0.057	3.837
3534.400	0.057	3.837
3534.600	0.056	3.837
3534.800	0.057	3.837
3535.000	0.058	3.837
3535.200	0.058	3.837
3535.400	0.057	3.837
3535.600	0.057	3.837
3535.800	0.057	3.837
3536.000	0.056	3.837
3536.200	0.057	3.837
3536.400	0.058	3.837
3536.600	0.058	3.837
3536.800	0.056	3.837
3537.000	0.057	3.837
3537.200	0.056	3.837
3537.400	0.057	3.837
3537.600	0.058	3.837
3537.800	0.059	3.837
3538.000	0.058	3.837
3538.200	0.059	3.838
3538.400	0.058	3.838
3538.600	0.058	3.837
3538.800	0.058	3.837
3539.000	0.059	3.837
3539.200	0.058	3.838
3539.400	0.059	3.837
3539.600	0.058	3.837
3539.800	0.058	3.837
3540.000	0.057	3.837
3540.200	0.058	3.837
3540.400	0.058	3.838
3540.600	0.057	3.837
3540.800	0.058	3.837
3541.000	0.057	3.838
3541.200	0.057	3.837
3541.400	0.058	3.837
3541.600	0.057	3.837
3541.800	0.059	3.837
3542.000	0.057	3.838
3542.200	0.058	3.837
3542.400	0.059	3.837
3542.600	0.058	3.837
3542.800	0.056	3.837
3543.000	0.058	3.837
3543.200	0.058	3.837
3543.400	0.058	3.837
3543.600	0.057	3.837
3543.800	0.059	3.837
3544.000	0.058	3.837
3544.200	0.059	3.837
3544.400	0.059	3.837
3544.600	0.057	3.837
3544.800	0.057	3.837
3545.000	0.057	3.837
3545.200	0.057	3.837
3545.400	0.056	3.837
3545.600	0.057	3.837
3545.800	0.057	3.837
3546.000	0.058	3.837
3546.200	0.057	3.837
3546.400	0.057	3.837
3546.600	0.056	3.838
3546.800	0.057	3.837
3547.000	0.057	3.837
3547.200	0.058	3.837
3547.400	0.057	3.837
3547.600	0.058	3.837
3547.800	0.058	3.837
3548.000	0.057	3.837
3548.200	0.057	3.837
3548.400	0.056	3.837
3548.600	0.057	3.837
3548.800	0.057	3.837
3549.000	0.057	3.837
3549.200	0.057	3.837
3549.400	0.056	3.837
3549.600	0.058	3.837
3549.800	0.056	3.837
3550.000	0.058	3.837
3550.200	0.057	3.837
3550.400	0.057	3.837
3550.600	0.057	3.837
3550.800	0.057	3.837
3551.000	0.056	3.837
3551.200	0.057	3.837
3551.400	0.056	3.837
3551.600	0.057	3.837
3551.800	0.056	3.837
3552.000	0.058	3.837
3552.200	0.058	3.837
3552.400	0.056	3.837
3552.600	0.057	3.837
3552.800	0.058	3.837
3553.000	0.057	3.838
3553.200	0.057	3.838
3553.400	0.058	3.837
3553.600	0.059	3.837
3553.800	0.058	3.838
3554.000	0.057	3.837
3554.200	0.057	3.837
3554.400	0.060	3.838
3554.600	0.058	3.837
3554.800	0.059	3.837
3555.000	0.060	3.838
3555.200	0.059	3.838
3555.400	0.057	3.837
3555.600	0.057	3.837
3555.800	0.058	3.837
3556.000	0.060	3.837
3556.200	0.059	3.837
3556.400	0.056	3.837
3556.600	0.058	3.837
3556.800	0.059	3.837
3557.000	0.058	3.837
3557.200	0.059	3.838
3557.400	0.057	3.837
3557.600	0.059	3.837
3557.800	0.056	3.837
3558.000	0.059	3.837
3558.200	0.059	3.838
3558.400	0.058	3.838
3558.600	0.058	3.838
3558.800	0.059	3.837
3559.000	0.057	3.838
3559.200	0.058	3.837
3559.400	0.057	3.837
3559.600	0.057	3.837
3559.800	0.058	3.838
3560.000	0.057	3.838
3560.200	0.057	3.837
3560.400	0.057	3.838
3560.600	0.057	3.837
3560.800	0.058	3.838
3561.000	0.059	3.837
3561.200	0.058	3.837
3561.400	0.058	3.837
3561.600	0.059	3.838
3561.800	0.056	3.837
3562.000	0.058	3.838
3562.200	0.059	3.837
3562.400	0.058	3.838
3562.600	0.058	3.837
3562.800	0.057	3.837
3563.000	0.058	3.837
3563.200	0.057	3.837
3563.400	0.060	3.838
3563.600	0.058	3.838
3563.800	0.060	3.838
3564.000	0.059	3.837
3564.200	0.058	3.837
3564.400	0.058	3.838
3564.600	0.058	3.837
3564.800	0.057	3.837
3565.000	0.057	3.838
3565.200	0.059	3.838
3565.400	0.058	3.838
3565.600	0.058	3.837
3565.800	0.058	3.837
3566.000	0.056	3.837
3566.200	0.058	3.837
3566.400	0.058	3.838
3566.600	0.057	3.838
3566.800	0.058	3.837
3567.000	0.057	3.837
3567.200	0.058	3.838
3567.400	0.058	3.837
3567.600	0.057	3.837
3567.800	0.060	3.837
3568.000	0.056	3.838
3568.200	0.057	3.837
3568.400	0.059	3.837
3568.600	0.059	3.837
3568.800	0.059	3.838
3569.000	0.058	3.837
3569.200	0.058	3.837
3569.400	0.059	3.837
3569.600	0.058	3.838
3569.800	0.059	3.838
3570.000	0.058	3.837
3570.200	0.060	3.838
3570.400	0.060	3.838
3570.600	0.058	3.837
3570.800	0.057	3.838
3571.000	0.059	3.838
3571.200	0.057	3.838
3571.400	0.058	3.838
3571.600	0.056	3.838
3571.800	0.058	3.838
3572.000	0.058	3.838
3572.200	0.057	3.837
3572.400	0.058	3.837
3572.600	0.058	3.837
3572.800	0.060	3.838
3573.000	0.056	3.837
3573.200	0.058	3.837
3573.400	0.059	3.837
3573.600	0.055	3.837
3573.800	0.059	3.838
3574.000	0.059	3.838
3574.200	0.060	3.838
3574.400	0.060	3.837
3574.600	0.058	3.837
3574.800	0.057	3.837
3575.000	0.059	3.837
3575.200	0.058	3.837
3575.400	0.057	3.837
3575.600	0.058	3.837
3575.800	0.058	3.838
3576.000	0.059	3.837
3576.200	0.058	3.837
3576.400	0.058	3.838
3576.600	0.058	3.837
3576.800	0.059	3.837
3577.000	0.060	3.838
3577.200	0.059	3.837
3577.400	0.060	3.838
3577.600	0.058	3.837
3577.800	0.057	3.837
3578.000	0.059	3.837
3578.200	0.059	3.837
3578.400	0.058	3.837
3578.600	0.058	3.837
3578.800	0.057	3.837
3579.000	0.057	3.837
3579.200	0.058	3.837
3579.400	0.057	3.837
3579.600	0.057	3.837
3579.800	0.057	3.837
3580.000	0.058	3.837
3580.200	0.057	3.837
3580.400	0.058	3.837
3580.600	0.057	3.837
3580.800	0.057	3.837
3581.000	0.058	3.837
3581.200	0.058	3.837
3581.400	0.058	3.837
3581.600	0.057	3.837
3581.800	0.056	3.837
3582.000	0.058	3.837
3582.200	0.057	3.837
3582.400	0.058	3.837
3582.600	0.059	3.837
3582.800	0.055	3.837
3583.000	0.058	3.837
3583.200	0.057	3.837
3583.400	0.057	3.837
3583.600	0.057	3.837
3583.800	0.058	3.837
3584.000	0.059	3.837
3584.200	0.056	3.837
3584.400	0.056	3.837
3584.600	0.057	3.837
3584.800	0.056	3.837
3585.000	0.055	3.837
3585.200	0.057	3.837
3585.400	0.056	3.837
3585.600	0.057	3.837
3585.800	0.055	3.837
3586.000	0.056	3.837
3586.200	0.057	3.837
3586.400	0.058	3.837
3586.600	0.056	3.837
3586.800	0.057	3.837
3587.000	0.055	3.837
3587.200	0.056	3.837
3587.400	0.057	3.837
3587.600	0.058	3.837
3587.800	0.057	3.837
3588.000	0.057	3.837
3588.200	0.056	3.837
3588.400	0.056	3.837
3588.600	0.057	3.837
3588.800	0.056	3.837
3589.000	0.055	3.837
3589.200	0.056	3.837
3589.400	0.057	3.837
3589.600	0.058	3.837
3589.800	0.058	3.837
3590.000	0.055	3.837
3590.200	0.057	3.837
3590.400	0.058	3.837
3590.600	0.058	3.837
3590.800	0.059	3.837
3591.000	0.057	3.837
3591.200	0.057	3.837
3591.400	0.058	3.837
3591.600	0.058	3.837
3591.800	0.059	3.837
3592.000	0.057	3.837
3592.200	0.059	3.837
3592.400	0.057	3.837
3592.600	0.058	3.837
3592.800	0.058	3.837
3593.000	0.056	3.837
3593.200	0.058	3.837
3593.400	0.057	3.837
3593.600	0.057	3.837
3593.800	0.056	3.837
3594.000	0.056	3.837
3594.200	0.057	3.837
3594.400	0.057	3.837
3594.600	0.057	3.837
3594.800	0.058	3.837
3595.000	0.057	3.837
3595.200	0.057	3.837
3595.400	0.058	3.837
3595.600	0.058	3.837
3595.800	0.060	3.837
3596.000	0.058	3.837
3596.200	0.059	3.838
3596.400	0.058	3.837
3596.600	0.057	3.837
3596.800	0.059	3.837
3597.000	0.059	3.837
3597.200	0.058	3.837
3597.400	0.058	3.837
3597.600	0.059	3.837
3597.800	0.057	3.837
3598.000	0.059	3.837
3598.200	0.058	3.837
3598.400	0.058	3.837
3598.600	0.058	3.837
3598.800	0.059	3.837
3599.000	0.058	3.837
3599.200	0.060	3.837
3599.400	0.060	3.837
3599.600	0.060	3.837
3599.800	0.058	3.837
3600.000	0.059	3.837
